# Renewables.ninja Wind power (Point API) - 56.377, -3.583 - Version: 1.4 - License: https://creativecommons.org/licenses/by-nc/4.0/ - Reference: https://doi.org/10.1016/j.energy.2016.08.068,,,,,,,,,,,
# Units: time in UTC, electricity in kW,,,,,,,,,,,
"# {""units"": {""time"": ""UTC"""," ""electricity"": ""kW""}"," ""params"": {""lat"": ""56.377467201148704"""," ""lon"": ""-3.582998744929"""," ""date_from"": ""2019-01-01"""," ""date_to"": ""2019-12-31"""," ""dataset"": ""merra2"""," ""header"": ""true"""," ""local_time"": ""false"""," ""capacity"": ""200000"""," ""height"": ""80"""," ""turbine"": ""Vestas V90 2000"""," ""raw"": ""false""}}"
time,electricity,Capacity factor,,,,,,,,,,
01/01/2019 00:00,167994.09,84%,,,,,,,,,,
01/01/2019 01:00,155251.082,78%,,,,,,,,,,
01/01/2019 02:00,137370.517,69%,,,,,,,,,,
01/01/2019 03:00,116297.448,58%,,,,,,,,,,
01/01/2019 04:00,96290.183,48%,,,,,,,,,,
01/01/2019 05:00,84161.186,42%,,,,,,,,,,
01/01/2019 06:00,71208.165,36%,,,,,,,,,,
01/01/2019 07:00,68835.195,34%,,,,,,,,,,
01/01/2019 08:00,66317.502,33%,,,,,,,,,,
01/01/2019 09:00,64017.133,32%,,,,,,,,,,
01/01/2019 10:00,55564.036,28%,,,,,,,,,,
01/01/2019 11:00,44606.471,22%,,,,,,,,,,
01/01/2019 12:00,36585.991,18%,,,,,,,,,,
01/01/2019 13:00,41179.028,21%,,,,,,,,,,
01/01/2019 14:00,47853.871,24%,,,,,,,,,,
01/01/2019 15:00,51296.384,26%,,,,,,,,,,
01/01/2019 16:00,47131.691,24%,,,,,,,,,,
01/01/2019 17:00,41997.576,21%,,,,,,,,,,
01/01/2019 18:00,37832.84,19%,,,,,,,,,,
01/01/2019 19:00,34590.548,17%,,,,,,,,,,
01/01/2019 20:00,31905.094,16%,,,,,,,,,,
01/01/2019 21:00,30255.098,15%,,,,,,,,,,
01/01/2019 22:00,28019.821,14%,,,,,,,,,,
01/01/2019 23:00,25481.237,13%,,,,,,,,,,
02/01/2019 00:00,22890.008,11%,,,,,,,,,,
02/01/2019 01:00,20248.588,10%,,,,,,,,,,
02/01/2019 02:00,16865.401,8%,,,,,,,,,,
02/01/2019 03:00,13851.464,7%,,,,,,,,,,
02/01/2019 04:00,10810.143,5%,,,,,,,,,,
02/01/2019 05:00,7661.51,4%,,,,,,,,,,
02/01/2019 06:00,5144.926,3%,,,,,,,,,,
02/01/2019 07:00,3567.48,2%,,,,,,,,,,
02/01/2019 08:00,3191.502,2%,,,,,,,,,,
02/01/2019 09:00,4530.824,2%,,,,,,,,,,
02/01/2019 10:00,6482.963,3%,,,,,,,,,,
02/01/2019 11:00,7370.398,4%,,,,,,,,,,
02/01/2019 12:00,8412.982,4%,,,,,,,,,,
02/01/2019 13:00,8994.024,4%,,,,,,,,,,
02/01/2019 14:00,9549.98,5%,,,,,,,,,,
02/01/2019 15:00,9457.68,5%,,,,,,,,,,
02/01/2019 16:00,9035.078,5%,,,,,,,,,,
02/01/2019 17:00,9485.754,5%,,,,,,,,,,
02/01/2019 18:00,10694.579,5%,,,,,,,,,,
02/01/2019 19:00,11554.977,6%,,,,,,,,,,
02/01/2019 20:00,11424.786,6%,,,,,,,,,,
02/01/2019 21:00,11945.036,6%,,,,,,,,,,
02/01/2019 22:00,14356.258,7%,,,,,,,,,,
02/01/2019 23:00,17026.383,9%,,,,,,,,,,
03/01/2019 00:00,17341.749,9%,,,,,,,,,,
03/01/2019 01:00,15756.567,8%,,,,,,,,,,
03/01/2019 02:00,14045.362,7%,,,,,,,,,,
03/01/2019 03:00,14104.695,7%,,,,,,,,,,
03/01/2019 04:00,15281.104,8%,,,,,,,,,,
03/01/2019 05:00,17169.478,9%,,,,,,,,,,
03/01/2019 06:00,20454.925,10%,,,,,,,,,,
03/01/2019 07:00,25032.504,13%,,,,,,,,,,
03/01/2019 08:00,29578.216,15%,,,,,,,,,,
03/01/2019 09:00,31880.462,16%,,,,,,,,,,
03/01/2019 10:00,28293.151,14%,,,,,,,,,,
03/01/2019 11:00,21409.481,11%,,,,,,,,,,
03/01/2019 12:00,17050.555,9%,,,,,,,,,,
03/01/2019 13:00,18709.583,9%,,,,,,,,,,
03/01/2019 14:00,25490.809,13%,,,,,,,,,,
03/01/2019 15:00,33999.865,17%,,,,,,,,,,
03/01/2019 16:00,37863.18,19%,,,,,,,,,,
03/01/2019 17:00,41007.63,21%,,,,,,,,,,
03/01/2019 18:00,46989.518,23%,,,,,,,,,,
03/01/2019 19:00,51806.174,26%,,,,,,,,,,
03/01/2019 20:00,47206.579,24%,,,,,,,,,,
03/01/2019 21:00,38335.72,19%,,,,,,,,,,
03/01/2019 22:00,38905.127,19%,,,,,,,,,,
03/01/2019 23:00,42823.312,21%,,,,,,,,,,
04/01/2019 00:00,46245.713,23%,,,,,,,,,,
04/01/2019 01:00,46934.734,23%,,,,,,,,,,
04/01/2019 02:00,49451.472,25%,,,,,,,,,,
04/01/2019 03:00,53926.028,27%,,,,,,,,,,
04/01/2019 04:00,54883.645,27%,,,,,,,,,,
04/01/2019 05:00,55977.122,28%,,,,,,,,,,
04/01/2019 06:00,58374.438,29%,,,,,,,,,,
04/01/2019 07:00,62780.852,31%,,,,,,,,,,
04/01/2019 08:00,65738.231,33%,,,,,,,,,,
04/01/2019 09:00,66553.873,33%,,,,,,,,,,
04/01/2019 10:00,64013.478,32%,,,,,,,,,,
04/01/2019 11:00,62629.876,31%,,,,,,,,,,
04/01/2019 12:00,61848.879,31%,,,,,,,,,,
04/01/2019 13:00,65545.447,33%,,,,,,,,,,
04/01/2019 14:00,75803.144,38%,,,,,,,,,,
04/01/2019 15:00,82750.563,41%,,,,,,,,,,
04/01/2019 16:00,83101.163,42%,,,,,,,,,,
04/01/2019 17:00,77123.71,39%,,,,,,,,,,
04/01/2019 18:00,71553.05,36%,,,,,,,,,,
04/01/2019 19:00,67372.506,34%,,,,,,,,,,
04/01/2019 20:00,63940.063,32%,,,,,,,,,,
04/01/2019 21:00,63550.804,32%,,,,,,,,,,
04/01/2019 22:00,64527.819,32%,,,,,,,,,,
04/01/2019 23:00,65029.409,33%,,,,,,,,,,
05/01/2019 00:00,65035.196,33%,,,,,,,,,,
05/01/2019 01:00,64083.466,32%,,,,,,,,,,
05/01/2019 02:00,62238.04,31%,,,,,,,,,,
05/01/2019 03:00,58285.13,29%,,,,,,,,,,
05/01/2019 04:00,54033.831,27%,,,,,,,,,,
05/01/2019 05:00,51818.628,26%,,,,,,,,,,
05/01/2019 06:00,49737.309,25%,,,,,,,,,,
05/01/2019 07:00,45052.025,23%,,,,,,,,,,
05/01/2019 08:00,38906.323,19%,,,,,,,,,,
05/01/2019 09:00,35157.431,18%,,,,,,,,,,
05/01/2019 10:00,36853.339,18%,,,,,,,,,,
05/01/2019 11:00,39013.435,20%,,,,,,,,,,
05/01/2019 12:00,40168.769,20%,,,,,,,,,,
05/01/2019 13:00,41912.118,21%,,,,,,,,,,
05/01/2019 14:00,43871.698,22%,,,,,,,,,,
05/01/2019 15:00,44944.141,22%,,,,,,,,,,
05/01/2019 16:00,45579.526,23%,,,,,,,,,,
05/01/2019 17:00,44450.915,22%,,,,,,,,,,
05/01/2019 18:00,42305.045,21%,,,,,,,,,,
05/01/2019 19:00,39105.092,20%,,,,,,,,,,
05/01/2019 20:00,41817.518,21%,,,,,,,,,,
05/01/2019 21:00,50197.444,25%,,,,,,,,,,
05/01/2019 22:00,59992.343,30%,,,,,,,,,,
05/01/2019 23:00,68714.46,34%,,,,,,,,,,
06/01/2019 00:00,79744.415,40%,,,,,,,,,,
06/01/2019 01:00,86035.85,43%,,,,,,,,,,
06/01/2019 02:00,84126.065,42%,,,,,,,,,,
06/01/2019 03:00,83341.332,42%,,,,,,,,,,
06/01/2019 04:00,83951.024,42%,,,,,,,,,,
06/01/2019 05:00,78203.523,39%,,,,,,,,,,
06/01/2019 06:00,65773.914,33%,,,,,,,,,,
06/01/2019 07:00,56502.722,28%,,,,,,,,,,
06/01/2019 08:00,46142.198,23%,,,,,,,,,,
06/01/2019 09:00,34262.863,17%,,,,,,,,,,
06/01/2019 10:00,23307.374,12%,,,,,,,,,,
06/01/2019 11:00,14457.697,7%,,,,,,,,,,
06/01/2019 12:00,9620.939,5%,,,,,,,,,,
06/01/2019 13:00,8181.492,4%,,,,,,,,,,
06/01/2019 14:00,6063.262,3%,,,,,,,,,,
06/01/2019 15:00,2867.021,1%,,,,,,,,,,
06/01/2019 16:00,2331.594,1%,,,,,,,,,,
06/01/2019 17:00,4222.982,2%,,,,,,,,,,
06/01/2019 18:00,8367.567,4%,,,,,,,,,,
06/01/2019 19:00,16289.661,8%,,,,,,,,,,
06/01/2019 20:00,28431.747,14%,,,,,,,,,,
06/01/2019 21:00,43956.557,22%,,,,,,,,,,
06/01/2019 22:00,62240.789,31%,,,,,,,,,,
06/01/2019 23:00,86076.412,43%,,,,,,,,,,
07/01/2019 00:00,108536.529,54%,,,,,,,,,,
07/01/2019 01:00,120625.667,60%,,,,,,,,,,
07/01/2019 02:00,125916.681,63%,,,,,,,,,,
07/01/2019 03:00,149571.626,75%,,,,,,,,,,
07/01/2019 04:00,166199.877,83%,,,,,,,,,,
07/01/2019 05:00,174473.718,87%,,,,,,,,,,
07/01/2019 06:00,185803.686,93%,,,,,,,,,,
07/01/2019 07:00,193211.678,97%,,,,,,,,,,
07/01/2019 08:00,195188.252,98%,,,,,,,,,,
07/01/2019 09:00,195121.508,98%,,,,,,,,,,
07/01/2019 10:00,195682.511,98%,,,,,,,,,,
07/01/2019 11:00,195656.701,98%,,,,,,,,,,
07/01/2019 12:00,196734.977,98%,,,,,,,,,,
07/01/2019 13:00,197547.983,99%,,,,,,,,,,
07/01/2019 14:00,198022.107,99%,,,,,,,,,,
07/01/2019 15:00,198143.524,99%,,,,,,,,,,
07/01/2019 16:00,197988.981,99%,,,,,,,,,,
07/01/2019 17:00,197419.896,99%,,,,,,,,,,
07/01/2019 18:00,196672.732,98%,,,,,,,,,,
07/01/2019 19:00,195351.457,98%,,,,,,,,,,
07/01/2019 20:00,193647.432,97%,,,,,,,,,,
07/01/2019 21:00,191503.18,96%,,,,,,,,,,
07/01/2019 22:00,188646.638,94%,,,,,,,,,,
07/01/2019 23:00,183633.105,92%,,,,,,,,,,
08/01/2019 00:00,179154.501,90%,,,,,,,,,,
08/01/2019 01:00,174968.687,87%,,,,,,,,,,
08/01/2019 02:00,167903.211,84%,,,,,,,,,,
08/01/2019 03:00,157628.579,79%,,,,,,,,,,
08/01/2019 04:00,144588.728,72%,,,,,,,,,,
08/01/2019 05:00,128682.807,64%,,,,,,,,,,
08/01/2019 06:00,110910.672,55%,,,,,,,,,,
08/01/2019 07:00,105069.407,53%,,,,,,,,,,
08/01/2019 08:00,98219.097,49%,,,,,,,,,,
08/01/2019 09:00,92710.028,46%,,,,,,,,,,
08/01/2019 10:00,82792.15,41%,,,,,,,,,,
08/01/2019 11:00,74718.167,37%,,,,,,,,,,
08/01/2019 12:00,71521.554,36%,,,,,,,,,,
08/01/2019 13:00,73776.706,37%,,,,,,,,,,
08/01/2019 14:00,74710.594,37%,,,,,,,,,,
08/01/2019 15:00,78605.579,39%,,,,,,,,,,
08/01/2019 16:00,80720.902,40%,,,,,,,,,,
08/01/2019 17:00,78979.265,39%,,,,,,,,,,
08/01/2019 18:00,72324.606,36%,,,,,,,,,,
08/01/2019 19:00,67760.089,34%,,,,,,,,,,
08/01/2019 20:00,65727.113,33%,,,,,,,,,,
08/01/2019 21:00,62579.84,31%,,,,,,,,,,
08/01/2019 22:00,57781.704,29%,,,,,,,,,,
08/01/2019 23:00,50200.074,25%,,,,,,,,,,
09/01/2019 00:00,40967.765,20%,,,,,,,,,,
09/01/2019 01:00,37217.25,19%,,,,,,,,,,
09/01/2019 02:00,37729.214,19%,,,,,,,,,,
09/01/2019 03:00,36648.458,18%,,,,,,,,,,
09/01/2019 04:00,34252.29,17%,,,,,,,,,,
09/01/2019 05:00,32110.079,16%,,,,,,,,,,
09/01/2019 06:00,24721.494,12%,,,,,,,,,,
09/01/2019 07:00,19310.831,10%,,,,,,,,,,
09/01/2019 08:00,17563.605,9%,,,,,,,,,,
09/01/2019 09:00,12045.396,6%,,,,,,,,,,
09/01/2019 10:00,7156.146,4%,,,,,,,,,,
09/01/2019 11:00,5031.448,3%,,,,,,,,,,
09/01/2019 12:00,5306.799,3%,,,,,,,,,,
09/01/2019 13:00,9159.203,5%,,,,,,,,,,
09/01/2019 14:00,13794.625,7%,,,,,,,,,,
09/01/2019 15:00,20658.798,10%,,,,,,,,,,
09/01/2019 16:00,31242.723,16%,,,,,,,,,,
09/01/2019 17:00,44459.442,22%,,,,,,,,,,
09/01/2019 18:00,57106.716,29%,,,,,,,,,,
09/01/2019 19:00,58762.31,29%,,,,,,,,,,
09/01/2019 20:00,59802.481,30%,,,,,,,,,,
09/01/2019 21:00,67177.044,34%,,,,,,,,,,
09/01/2019 22:00,74717.705,37%,,,,,,,,,,
09/01/2019 23:00,81124.805,41%,,,,,,,,,,
10/01/2019 00:00,80514.411,40%,,,,,,,,,,
10/01/2019 01:00,84440.743,42%,,,,,,,,,,
10/01/2019 02:00,88300.496,44%,,,,,,,,,,
10/01/2019 03:00,81515.204,41%,,,,,,,,,,
10/01/2019 04:00,76402.717,38%,,,,,,,,,,
10/01/2019 05:00,74719.892,37%,,,,,,,,,,
10/01/2019 06:00,75080.44,38%,,,,,,,,,,
10/01/2019 07:00,74706.845,37%,,,,,,,,,,
10/01/2019 08:00,76706.335,38%,,,,,,,,,,
10/01/2019 09:00,74714.221,37%,,,,,,,,,,
10/01/2019 10:00,64520.767,32%,,,,,,,,,,
10/01/2019 11:00,56920.913,28%,,,,,,,,,,
10/01/2019 12:00,56096.538,28%,,,,,,,,,,
10/01/2019 13:00,53246.247,27%,,,,,,,,,,
10/01/2019 14:00,59175.171,30%,,,,,,,,,,
10/01/2019 15:00,68121.47,34%,,,,,,,,,,
10/01/2019 16:00,71007.015,36%,,,,,,,,,,
10/01/2019 17:00,73765.861,37%,,,,,,,,,,
10/01/2019 18:00,70169.238,35%,,,,,,,,,,
10/01/2019 19:00,67346.419,34%,,,,,,,,,,
10/01/2019 20:00,73805.219,37%,,,,,,,,,,
10/01/2019 21:00,79556.155,40%,,,,,,,,,,
10/01/2019 22:00,75076.04,38%,,,,,,,,,,
10/01/2019 23:00,75788.533,38%,,,,,,,,,,
11/01/2019 00:00,81940.42,41%,,,,,,,,,,
11/01/2019 01:00,88854.017,44%,,,,,,,,,,
11/01/2019 02:00,89265.654,45%,,,,,,,,,,
11/01/2019 03:00,85329.155,43%,,,,,,,,,,
11/01/2019 04:00,82442.453,41%,,,,,,,,,,
11/01/2019 05:00,77760.623,39%,,,,,,,,,,
11/01/2019 06:00,71598.823,36%,,,,,,,,,,
11/01/2019 07:00,64013.275,32%,,,,,,,,,,
11/01/2019 08:00,58272.205,29%,,,,,,,,,,
11/01/2019 09:00,57764.367,29%,,,,,,,,,,
11/01/2019 10:00,55426.947,28%,,,,,,,,,,
11/01/2019 11:00,51542.449,26%,,,,,,,,,,
11/01/2019 12:00,53923.75,27%,,,,,,,,,,
11/01/2019 13:00,54196.134,27%,,,,,,,,,,
11/01/2019 14:00,64104.765,32%,,,,,,,,,,
11/01/2019 15:00,80553.983,40%,,,,,,,,,,
11/01/2019 16:00,91882.283,46%,,,,,,,,,,
11/01/2019 17:00,89404.775,45%,,,,,,,,,,
11/01/2019 18:00,90782.062,45%,,,,,,,,,,
11/01/2019 19:00,100142.373,50%,,,,,,,,,,
11/01/2019 20:00,113157.627,57%,,,,,,,,,,
11/01/2019 21:00,119122.293,60%,,,,,,,,,,
11/01/2019 22:00,146775.757,73%,,,,,,,,,,
11/01/2019 23:00,170307.562,85%,,,,,,,,,,
12/01/2019 00:00,175479.99,88%,,,,,,,,,,
12/01/2019 01:00,180279.787,90%,,,,,,,,,,
12/01/2019 02:00,176286.646,88%,,,,,,,,,,
12/01/2019 03:00,175699.024,88%,,,,,,,,,,
12/01/2019 04:00,175000.01,88%,,,,,,,,,,
12/01/2019 05:00,169704.71,85%,,,,,,,,,,
12/01/2019 06:00,168377.23,84%,,,,,,,,,,
12/01/2019 07:00,170703.846,85%,,,,,,,,,,
12/01/2019 08:00,173555.669,87%,,,,,,,,,,
12/01/2019 09:00,175846.024,88%,,,,,,,,,,
12/01/2019 10:00,176420.205,88%,,,,,,,,,,
12/01/2019 11:00,175382.949,88%,,,,,,,,,,
12/01/2019 12:00,171157.498,86%,,,,,,,,,,
12/01/2019 13:00,170376.788,85%,,,,,,,,,,
12/01/2019 14:00,172766.621,86%,,,,,,,,,,
12/01/2019 15:00,172297.042,86%,,,,,,,,,,
12/01/2019 16:00,172915.93,86%,,,,,,,,,,
12/01/2019 17:00,172300.991,86%,,,,,,,,,,
12/01/2019 18:00,171995.436,86%,,,,,,,,,,
12/01/2019 19:00,173165.66,87%,,,,,,,,,,
12/01/2019 20:00,173517.692,87%,,,,,,,,,,
12/01/2019 21:00,177052.747,89%,,,,,,,,,,
12/01/2019 22:00,183986.083,92%,,,,,,,,,,
12/01/2019 23:00,188713.648,94%,,,,,,,,,,
13/01/2019 00:00,191598.948,96%,,,,,,,,,,
13/01/2019 01:00,193332.949,97%,,,,,,,,,,
13/01/2019 02:00,193677.756,97%,,,,,,,,,,
13/01/2019 03:00,192372.444,96%,,,,,,,,,,
13/01/2019 04:00,191053.076,96%,,,,,,,,,,
13/01/2019 05:00,191406.041,96%,,,,,,,,,,
13/01/2019 06:00,192764.003,96%,,,,,,,,,,
13/01/2019 07:00,194246.474,97%,,,,,,,,,,
13/01/2019 08:00,194496.433,97%,,,,,,,,,,
13/01/2019 09:00,192780.693,96%,,,,,,,,,,
13/01/2019 10:00,190497.099,95%,,,,,,,,,,
13/01/2019 11:00,188648.901,94%,,,,,,,,,,
13/01/2019 12:00,188122.686,94%,,,,,,,,,,
13/01/2019 13:00,187838.105,94%,,,,,,,,,,
13/01/2019 14:00,187070.733,94%,,,,,,,,,,
13/01/2019 15:00,185948.874,93%,,,,,,,,,,
13/01/2019 16:00,184613.219,92%,,,,,,,,,,
13/01/2019 17:00,181014.359,91%,,,,,,,,,,
13/01/2019 18:00,174190.905,87%,,,,,,,,,,
13/01/2019 19:00,163276.316,82%,,,,,,,,,,
13/01/2019 20:00,149116.173,75%,,,,,,,,,,
13/01/2019 21:00,133158.18,67%,,,,,,,,,,
13/01/2019 22:00,108385.115,54%,,,,,,,,,,
13/01/2019 23:00,84479.683,42%,,,,,,,,,,
14/01/2019 00:00,67659.487,34%,,,,,,,,,,
14/01/2019 01:00,54236.086,27%,,,,,,,,,,
14/01/2019 02:00,36866.227,18%,,,,,,,,,,
14/01/2019 03:00,24011.321,12%,,,,,,,,,,
14/01/2019 04:00,13854.659,7%,,,,,,,,,,
14/01/2019 05:00,5986.66,3%,,,,,,,,,,
14/01/2019 06:00,2125.533,1%,,,,,,,,,,
14/01/2019 07:00,1294.391,1%,,,,,,,,,,
14/01/2019 08:00,4407.638,2%,,,,,,,,,,
14/01/2019 09:00,14484.835,7%,,,,,,,,,,
14/01/2019 10:00,25370.968,13%,,,,,,,,,,
14/01/2019 11:00,37243.11,19%,,,,,,,,,,
14/01/2019 12:00,45732.011,23%,,,,,,,,,,
14/01/2019 13:00,62728.65,31%,,,,,,,,,,
14/01/2019 14:00,80167.776,40%,,,,,,,,,,
14/01/2019 15:00,86652.15,43%,,,,,,,,,,
14/01/2019 16:00,87655.778,44%,,,,,,,,,,
14/01/2019 17:00,87699.221,44%,,,,,,,,,,
14/01/2019 18:00,100297.57,50%,,,,,,,,,,
14/01/2019 19:00,119728.956,60%,,,,,,,,,,
14/01/2019 20:00,132206.905,66%,,,,,,,,,,
14/01/2019 21:00,140862.673,70%,,,,,,,,,,
14/01/2019 22:00,149209.206,75%,,,,,,,,,,
14/01/2019 23:00,157283.402,79%,,,,,,,,,,
15/01/2019 00:00,166926.946,83%,,,,,,,,,,
15/01/2019 01:00,171157.661,86%,,,,,,,,,,
15/01/2019 02:00,174239.283,87%,,,,,,,,,,
15/01/2019 03:00,175988.896,88%,,,,,,,,,,
15/01/2019 04:00,177257.474,89%,,,,,,,,,,
15/01/2019 05:00,174482.369,87%,,,,,,,,,,
15/01/2019 06:00,165749.776,83%,,,,,,,,,,
15/01/2019 07:00,156192.688,78%,,,,,,,,,,
15/01/2019 08:00,154133.402,77%,,,,,,,,,,
15/01/2019 09:00,158157.951,79%,,,,,,,,,,
15/01/2019 10:00,165795.592,83%,,,,,,,,,,
15/01/2019 11:00,171293.032,86%,,,,,,,,,,
15/01/2019 12:00,168476.593,84%,,,,,,,,,,
15/01/2019 13:00,162822.216,81%,,,,,,,,,,
15/01/2019 14:00,157791.399,79%,,,,,,,,,,
15/01/2019 15:00,162786.239,81%,,,,,,,,,,
15/01/2019 16:00,164142.86,82%,,,,,,,,,,
15/01/2019 17:00,162570.82,81%,,,,,,,,,,
15/01/2019 18:00,167848.735,84%,,,,,,,,,,
15/01/2019 19:00,172919.186,86%,,,,,,,,,,
15/01/2019 20:00,175195.245,88%,,,,,,,,,,
15/01/2019 21:00,176061.219,88%,,,,,,,,,,
15/01/2019 22:00,177459.175,89%,,,,,,,,,,
15/01/2019 23:00,177774.296,89%,,,,,,,,,,
16/01/2019 00:00,175500.142,88%,,,,,,,,,,
16/01/2019 01:00,170262.363,85%,,,,,,,,,,
16/01/2019 02:00,161860.717,81%,,,,,,,,,,
16/01/2019 03:00,146002.872,73%,,,,,,,,,,
16/01/2019 04:00,126088.605,63%,,,,,,,,,,
16/01/2019 05:00,106972.931,53%,,,,,,,,,,
16/01/2019 06:00,93186.883,47%,,,,,,,,,,
16/01/2019 07:00,105095.891,53%,,,,,,,,,,
16/01/2019 08:00,120318.332,60%,,,,,,,,,,
16/01/2019 09:00,127260.493,64%,,,,,,,,,,
16/01/2019 10:00,123063.159,62%,,,,,,,,,,
16/01/2019 11:00,116597.544,58%,,,,,,,,,,
16/01/2019 12:00,120608.112,60%,,,,,,,,,,
16/01/2019 13:00,121270.979,61%,,,,,,,,,,
16/01/2019 14:00,119366.366,60%,,,,,,,,,,
16/01/2019 15:00,120726.198,60%,,,,,,,,,,
16/01/2019 16:00,122044.912,61%,,,,,,,,,,
16/01/2019 17:00,109945.437,55%,,,,,,,,,,
16/01/2019 18:00,102339.423,51%,,,,,,,,,,
16/01/2019 19:00,113158.932,57%,,,,,,,,,,
16/01/2019 20:00,141618.228,71%,,,,,,,,,,
16/01/2019 21:00,151333.939,76%,,,,,,,,,,
16/01/2019 22:00,145690.346,73%,,,,,,,,,,
16/01/2019 23:00,141446.081,71%,,,,,,,,,,
17/01/2019 00:00,135447.609,68%,,,,,,,,,,
17/01/2019 01:00,135251.941,68%,,,,,,,,,,
17/01/2019 02:00,135184.965,68%,,,,,,,,,,
17/01/2019 03:00,137109.039,69%,,,,,,,,,,
17/01/2019 04:00,139521.849,70%,,,,,,,,,,
17/01/2019 05:00,138273.778,69%,,,,,,,,,,
17/01/2019 06:00,134345.526,67%,,,,,,,,,,
17/01/2019 07:00,127362.792,64%,,,,,,,,,,
17/01/2019 08:00,118260.949,59%,,,,,,,,,,
17/01/2019 09:00,106167.039,53%,,,,,,,,,,
17/01/2019 10:00,88946.723,44%,,,,,,,,,,
17/01/2019 11:00,75251.262,38%,,,,,,,,,,
17/01/2019 12:00,64800.056,32%,,,,,,,,,,
17/01/2019 13:00,53834.042,27%,,,,,,,,,,
17/01/2019 14:00,47249.128,24%,,,,,,,,,,
17/01/2019 15:00,46590.035,23%,,,,,,,,,,
17/01/2019 16:00,41183.61,21%,,,,,,,,,,
17/01/2019 17:00,30145.258,15%,,,,,,,,,,
17/01/2019 18:00,20252.389,10%,,,,,,,,,,
17/01/2019 19:00,11948.245,6%,,,,,,,,,,
17/01/2019 20:00,5456.277,3%,,,,,,,,,,
17/01/2019 21:00,1356.403,1%,,,,,,,,,,
17/01/2019 22:00,1041.076,1%,,,,,,,,,,
17/01/2019 23:00,5044.97,3%,,,,,,,,,,
18/01/2019 00:00,12952.866,6%,,,,,,,,,,
18/01/2019 01:00,20245.902,10%,,,,,,,,,,
18/01/2019 02:00,26524.167,13%,,,,,,,,,,
18/01/2019 03:00,26201.698,13%,,,,,,,,,,
18/01/2019 04:00,23727.197,12%,,,,,,,,,,
18/01/2019 05:00,22780.577,11%,,,,,,,,,,
18/01/2019 06:00,24329.672,12%,,,,,,,,,,
18/01/2019 07:00,28040.256,14%,,,,,,,,,,
18/01/2019 08:00,33090.472,17%,,,,,,,,,,
18/01/2019 09:00,37629.589,19%,,,,,,,,,,
18/01/2019 10:00,37724.546,19%,,,,,,,,,,
18/01/2019 11:00,41136.914,21%,,,,,,,,,,
18/01/2019 12:00,46780.067,23%,,,,,,,,,,
18/01/2019 13:00,47160.067,24%,,,,,,,,,,
18/01/2019 14:00,49053.106,25%,,,,,,,,,,
18/01/2019 15:00,59222.803,30%,,,,,,,,,,
18/01/2019 16:00,68652.05,34%,,,,,,,,,,
18/01/2019 17:00,71005.398,36%,,,,,,,,,,
18/01/2019 18:00,72792.57,36%,,,,,,,,,,
18/01/2019 19:00,71526.618,36%,,,,,,,,,,
18/01/2019 20:00,65154.078,33%,,,,,,,,,,
18/01/2019 21:00,60237.705,30%,,,,,,,,,,
18/01/2019 22:00,52273.132,26%,,,,,,,,,,
18/01/2019 23:00,43330.385,22%,,,,,,,,,,
19/01/2019 00:00,33895.31,17%,,,,,,,,,,
19/01/2019 01:00,25479.58,13%,,,,,,,,,,
19/01/2019 02:00,18254.358,9%,,,,,,,,,,
19/01/2019 03:00,12348.469,6%,,,,,,,,,,
19/01/2019 04:00,8834.001,4%,,,,,,,,,,
19/01/2019 05:00,7642.714,4%,,,,,,,,,,
19/01/2019 06:00,7606.629,4%,,,,,,,,,,
19/01/2019 07:00,8223.749,4%,,,,,,,,,,
19/01/2019 08:00,9009.776,5%,,,,,,,,,,
19/01/2019 09:00,9078.827,5%,,,,,,,,,,
19/01/2019 10:00,7889.81,4%,,,,,,,,,,
19/01/2019 11:00,7076.701,4%,,,,,,,,,,
19/01/2019 12:00,6386.739,3%,,,,,,,,,,
19/01/2019 13:00,5368.234,3%,,,,,,,,,,
19/01/2019 14:00,5065.973,3%,,,,,,,,,,
19/01/2019 15:00,5482.129,3%,,,,,,,,,,
19/01/2019 16:00,5055.764,3%,,,,,,,,,,
19/01/2019 17:00,3987.653,2%,,,,,,,,,,
19/01/2019 18:00,2857.435,1%,,,,,,,,,,
19/01/2019 19:00,2047.376,1%,,,,,,,,,,
19/01/2019 20:00,1437.949,1%,,,,,,,,,,
19/01/2019 21:00,1100.6,1%,,,,,,,,,,
19/01/2019 22:00,1331.657,1%,,,,,,,,,,
19/01/2019 23:00,2398.638,1%,,,,,,,,,,
20/01/2019 00:00,4371.477,2%,,,,,,,,,,
20/01/2019 01:00,7253.237,4%,,,,,,,,,,
20/01/2019 02:00,10267.422,5%,,,,,,,,,,
20/01/2019 03:00,12724.965,6%,,,,,,,,,,
20/01/2019 04:00,15269.867,8%,,,,,,,,,,
20/01/2019 05:00,18565.115,9%,,,,,,,,,,
20/01/2019 06:00,22707.701,11%,,,,,,,,,,
20/01/2019 07:00,27330.996,14%,,,,,,,,,,
20/01/2019 08:00,31648.908,16%,,,,,,,,,,
20/01/2019 09:00,36497.165,18%,,,,,,,,,,
20/01/2019 10:00,49386.031,25%,,,,,,,,,,
20/01/2019 11:00,53353.999,27%,,,,,,,,,,
20/01/2019 12:00,72579.459,36%,,,,,,,,,,
20/01/2019 13:00,78722.843,39%,,,,,,,,,,
20/01/2019 14:00,69610.13,35%,,,,,,,,,,
20/01/2019 15:00,65803.425,33%,,,,,,,,,,
20/01/2019 16:00,65541.606,33%,,,,,,,,,,
20/01/2019 17:00,58866.567,29%,,,,,,,,,,
20/01/2019 18:00,53208.201,27%,,,,,,,,,,
20/01/2019 19:00,51571.683,26%,,,,,,,,,,
20/01/2019 20:00,48319.626,24%,,,,,,,,,,
20/01/2019 21:00,43626.069,22%,,,,,,,,,,
20/01/2019 22:00,40175.378,20%,,,,,,,,,,
20/01/2019 23:00,40191.662,20%,,,,,,,,,,
21/01/2019 00:00,40655.493,20%,,,,,,,,,,
21/01/2019 01:00,38759.529,19%,,,,,,,,,,
21/01/2019 02:00,37000.712,19%,,,,,,,,,,
21/01/2019 03:00,36921.424,18%,,,,,,,,,,
21/01/2019 04:00,40069.401,20%,,,,,,,,,,
21/01/2019 05:00,48143.773,24%,,,,,,,,,,
21/01/2019 06:00,58265.535,29%,,,,,,,,,,
21/01/2019 07:00,64008.131,32%,,,,,,,,,,
21/01/2019 08:00,66219.411,33%,,,,,,,,,,
21/01/2019 09:00,69393.001,35%,,,,,,,,,,
21/01/2019 10:00,71729.285,36%,,,,,,,,,,
21/01/2019 11:00,82934.331,41%,,,,,,,,,,
21/01/2019 12:00,87080.833,44%,,,,,,,,,,
21/01/2019 13:00,91883.501,46%,,,,,,,,,,
21/01/2019 14:00,114640.629,57%,,,,,,,,,,
21/01/2019 15:00,129605.479,65%,,,,,,,,,,
21/01/2019 16:00,136437.674,68%,,,,,,,,,,
21/01/2019 17:00,139081.259,70%,,,,,,,,,,
21/01/2019 18:00,138943.545,69%,,,,,,,,,,
21/01/2019 19:00,122045.058,61%,,,,,,,,,,
21/01/2019 20:00,88853.332,44%,,,,,,,,,,
21/01/2019 21:00,63054.994,32%,,,,,,,,,,
21/01/2019 22:00,53923.659,27%,,,,,,,,,,
21/01/2019 23:00,49052.786,25%,,,,,,,,,,
22/01/2019 00:00,50226.739,25%,,,,,,,,,,
22/01/2019 01:00,59226.527,30%,,,,,,,,,,
22/01/2019 02:00,61519.583,31%,,,,,,,,,,
22/01/2019 03:00,62491.152,31%,,,,,,,,,,
22/01/2019 04:00,65554.382,33%,,,,,,,,,,
22/01/2019 05:00,65028.499,33%,,,,,,,,,,
22/01/2019 06:00,61834.517,31%,,,,,,,,,,
22/01/2019 07:00,64007.96,32%,,,,,,,,,,
22/01/2019 08:00,64008.873,32%,,,,,,,,,,
22/01/2019 09:00,53924.861,27%,,,,,,,,,,
22/01/2019 10:00,36952.781,18%,,,,,,,,,,
22/01/2019 11:00,31530.68,16%,,,,,,,,,,
22/01/2019 12:00,40734.158,20%,,,,,,,,,,
22/01/2019 13:00,40907.757,20%,,,,,,,,,,
22/01/2019 14:00,45893.744,23%,,,,,,,,,,
22/01/2019 15:00,52425.662,26%,,,,,,,,,,
22/01/2019 16:00,51953.152,26%,,,,,,,,,,
22/01/2019 17:00,44155.224,22%,,,,,,,,,,
22/01/2019 18:00,37199.689,19%,,,,,,,,,,
22/01/2019 19:00,32433.872,16%,,,,,,,,,,
22/01/2019 20:00,26935.253,13%,,,,,,,,,,
22/01/2019 21:00,26516.737,13%,,,,,,,,,,
22/01/2019 22:00,29106.207,15%,,,,,,,,,,
22/01/2019 23:00,32152.622,16%,,,,,,,,,,
23/01/2019 00:00,37162.915,19%,,,,,,,,,,
23/01/2019 01:00,41924.017,21%,,,,,,,,,,
23/01/2019 02:00,43968.227,22%,,,,,,,,,,
23/01/2019 03:00,44473.214,22%,,,,,,,,,,
23/01/2019 04:00,43215.319,22%,,,,,,,,,,
23/01/2019 05:00,41811.955,21%,,,,,,,,,,
23/01/2019 06:00,40173.767,20%,,,,,,,,,,
23/01/2019 07:00,35118.832,18%,,,,,,,,,,
23/01/2019 08:00,32032.297,16%,,,,,,,,,,
23/01/2019 09:00,26667.801,13%,,,,,,,,,,
23/01/2019 10:00,17942.595,9%,,,,,,,,,,
23/01/2019 11:00,14011.157,7%,,,,,,,,,,
23/01/2019 12:00,14591.504,7%,,,,,,,,,,
23/01/2019 13:00,15245.902,8%,,,,,,,,,,
23/01/2019 14:00,17149.702,9%,,,,,,,,,,
23/01/2019 15:00,21354.858,11%,,,,,,,,,,
23/01/2019 16:00,24090.089,12%,,,,,,,,,,
23/01/2019 17:00,27354.668,14%,,,,,,,,,,
23/01/2019 18:00,30571.416,15%,,,,,,,,,,
23/01/2019 19:00,34600.017,17%,,,,,,,,,,
23/01/2019 20:00,39265.261,20%,,,,,,,,,,
23/01/2019 21:00,39745.539,20%,,,,,,,,,,
23/01/2019 22:00,36196.583,18%,,,,,,,,,,
23/01/2019 23:00,32785.731,16%,,,,,,,,,,
24/01/2019 00:00,35770.589,18%,,,,,,,,,,
24/01/2019 01:00,43532.795,22%,,,,,,,,,,
24/01/2019 02:00,45640.382,23%,,,,,,,,,,
24/01/2019 03:00,44178.396,22%,,,,,,,,,,
24/01/2019 04:00,43972.671,22%,,,,,,,,,,
24/01/2019 05:00,42518.525,21%,,,,,,,,,,
24/01/2019 06:00,38763.655,19%,,,,,,,,,,
24/01/2019 07:00,34455.548,17%,,,,,,,,,,
24/01/2019 08:00,30474.518,15%,,,,,,,,,,
24/01/2019 09:00,25939.129,13%,,,,,,,,,,
24/01/2019 10:00,13584.13,7%,,,,,,,,,,
24/01/2019 11:00,6961.951,3%,,,,,,,,,,
24/01/2019 12:00,6076.461,3%,,,,,,,,,,
24/01/2019 13:00,7167.658,4%,,,,,,,,,,
24/01/2019 14:00,8259.974,4%,,,,,,,,,,
24/01/2019 15:00,10719.097,5%,,,,,,,,,,
24/01/2019 16:00,12442.015,6%,,,,,,,,,,
24/01/2019 17:00,16605.012,8%,,,,,,,,,,
24/01/2019 18:00,23272.939,12%,,,,,,,,,,
24/01/2019 19:00,31663.669,16%,,,,,,,,,,
24/01/2019 20:00,42555.387,21%,,,,,,,,,,
24/01/2019 21:00,51165.593,26%,,,,,,,,,,
24/01/2019 22:00,55623.947,28%,,,,,,,,,,
24/01/2019 23:00,58359.359,29%,,,,,,,,,,
25/01/2019 00:00,76211.132,38%,,,,,,,,,,
25/01/2019 01:00,106972.415,53%,,,,,,,,,,
25/01/2019 02:00,119895.234,60%,,,,,,,,,,
25/01/2019 03:00,128164.735,64%,,,,,,,,,,
25/01/2019 04:00,133421.436,67%,,,,,,,,,,
25/01/2019 05:00,145317.075,73%,,,,,,,,,,
25/01/2019 06:00,150165.99,75%,,,,,,,,,,
25/01/2019 07:00,145878.422,73%,,,,,,,,,,
25/01/2019 08:00,134345.49,67%,,,,,,,,,,
25/01/2019 09:00,117907.42,59%,,,,,,,,,,
25/01/2019 10:00,112610.961,56%,,,,,,,,,,
25/01/2019 11:00,96840.815,48%,,,,,,,,,,
25/01/2019 12:00,91332.683,46%,,,,,,,,,,
25/01/2019 13:00,105069.362,53%,,,,,,,,,,
25/01/2019 14:00,114754.215,57%,,,,,,,,,,
25/01/2019 15:00,129700.737,65%,,,,,,,,,,
25/01/2019 16:00,133156.942,67%,,,,,,,,,,
25/01/2019 17:00,129327.759,65%,,,,,,,,,,
25/01/2019 18:00,105055.959,53%,,,,,,,,,,
25/01/2019 19:00,105698.69,53%,,,,,,,,,,
25/01/2019 20:00,131087.217,66%,,,,,,,,,,
25/01/2019 21:00,128001.748,64%,,,,,,,,,,
25/01/2019 22:00,109378.509,55%,,,,,,,,,,
25/01/2019 23:00,95514.902,48%,,,,,,,,,,
26/01/2019 00:00,109634.854,55%,,,,,,,,,,
26/01/2019 01:00,102612.114,51%,,,,,,,,,,
26/01/2019 02:00,113240.927,57%,,,,,,,,,,
26/01/2019 03:00,125309.036,63%,,,,,,,,,,
26/01/2019 04:00,128815.536,64%,,,,,,,,,,
26/01/2019 05:00,130175.262,65%,,,,,,,,,,
26/01/2019 06:00,132680.952,66%,,,,,,,,,,
26/01/2019 07:00,137080.267,69%,,,,,,,,,,
26/01/2019 08:00,153222.77,77%,,,,,,,,,,
26/01/2019 09:00,154742.54,77%,,,,,,,,,,
26/01/2019 10:00,155899.143,78%,,,,,,,,,,
26/01/2019 11:00,146206.597,73%,,,,,,,,,,
26/01/2019 12:00,134187.651,67%,,,,,,,,,,
26/01/2019 13:00,114445.652,57%,,,,,,,,,,
26/01/2019 14:00,96291.286,48%,,,,,,,,,,
26/01/2019 15:00,72326.967,36%,,,,,,,,,,
26/01/2019 16:00,60992.497,30%,,,,,,,,,,
26/01/2019 17:00,66834.883,33%,,,,,,,,,,
26/01/2019 18:00,88851.823,44%,,,,,,,,,,
26/01/2019 19:00,137348.479,69%,,,,,,,,,,
26/01/2019 20:00,178908.286,89%,,,,,,,,,,
26/01/2019 21:00,184699.519,92%,,,,,,,,,,
26/01/2019 22:00,182946.372,91%,,,,,,,,,,
26/01/2019 23:00,179477.169,90%,,,,,,,,,,
27/01/2019 00:00,176296.625,88%,,,,,,,,,,
27/01/2019 01:00,175845.585,88%,,,,,,,,,,
27/01/2019 02:00,179489.1,90%,,,,,,,,,,
27/01/2019 03:00,183883.896,92%,,,,,,,,,,
27/01/2019 04:00,188243.136,94%,,,,,,,,,,
27/01/2019 05:00,191597.191,96%,,,,,,,,,,
27/01/2019 06:00,193648.559,97%,,,,,,,,,,
27/01/2019 07:00,194195.952,97%,,,,,,,,,,
27/01/2019 08:00,193978.154,97%,,,,,,,,,,
27/01/2019 09:00,192826.224,96%,,,,,,,,,,
27/01/2019 10:00,190616.243,95%,,,,,,,,,,
27/01/2019 11:00,187561.319,94%,,,,,,,,,,
27/01/2019 12:00,184253.406,92%,,,,,,,,,,
27/01/2019 13:00,180935.235,90%,,,,,,,,,,
27/01/2019 14:00,177264.58,89%,,,,,,,,,,
27/01/2019 15:00,172055.676,86%,,,,,,,,,,
27/01/2019 16:00,164525.199,82%,,,,,,,,,,
27/01/2019 17:00,155873.993,78%,,,,,,,,,,
27/01/2019 18:00,145349.169,73%,,,,,,,,,,
27/01/2019 19:00,134806.514,67%,,,,,,,,,,
27/01/2019 20:00,123722.646,62%,,,,,,,,,,
27/01/2019 21:00,117121.261,59%,,,,,,,,,,
27/01/2019 22:00,110482.848,55%,,,,,,,,,,
27/01/2019 23:00,103705.102,52%,,,,,,,,,,
28/01/2019 00:00,100970.381,50%,,,,,,,,,,
28/01/2019 01:00,93527.56,47%,,,,,,,,,,
28/01/2019 02:00,88936.243,44%,,,,,,,,,,
28/01/2019 03:00,85664.057,43%,,,,,,,,,,
28/01/2019 04:00,80255.971,40%,,,,,,,,,,
28/01/2019 05:00,75252.886,38%,,,,,,,,,,
28/01/2019 06:00,75783.956,38%,,,,,,,,,,
28/01/2019 07:00,75246.624,38%,,,,,,,,,,
28/01/2019 08:00,69474.699,35%,,,,,,,,,,
28/01/2019 09:00,55964.493,28%,,,,,,,,,,
28/01/2019 10:00,40485.002,20%,,,,,,,,,,
28/01/2019 11:00,34065.627,17%,,,,,,,,,,
28/01/2019 12:00,37710.796,19%,,,,,,,,,,
28/01/2019 13:00,43026.849,22%,,,,,,,,,,
28/01/2019 14:00,53656.273,27%,,,,,,,,,,
28/01/2019 15:00,69360.519,35%,,,,,,,,,,
28/01/2019 16:00,82001.635,41%,,,,,,,,,,
28/01/2019 17:00,86826.882,43%,,,,,,,,,,
28/01/2019 18:00,99028.1,50%,,,,,,,,,,
28/01/2019 19:00,86073.062,43%,,,,,,,,,,
28/01/2019 20:00,81314.294,41%,,,,,,,,,,
28/01/2019 21:00,89692.056,45%,,,,,,,,,,
28/01/2019 22:00,80681.71,40%,,,,,,,,,,
28/01/2019 23:00,80617.53,40%,,,,,,,,,,
29/01/2019 00:00,75974.182,38%,,,,,,,,,,
29/01/2019 01:00,73867.75,37%,,,,,,,,,,
29/01/2019 02:00,72162.459,36%,,,,,,,,,,
29/01/2019 03:00,64503.913,32%,,,,,,,,,,
29/01/2019 04:00,61353.642,31%,,,,,,,,,,
29/01/2019 05:00,55973.996,28%,,,,,,,,,,
29/01/2019 06:00,48375.892,24%,,,,,,,,,,
29/01/2019 07:00,41942.718,21%,,,,,,,,,,
29/01/2019 08:00,38634.569,19%,,,,,,,,,,
29/01/2019 09:00,34092.604,17%,,,,,,,,,,
29/01/2019 10:00,29442.843,15%,,,,,,,,,,
29/01/2019 11:00,29811.831,15%,,,,,,,,,,
29/01/2019 12:00,34337.507,17%,,,,,,,,,,
29/01/2019 13:00,40044.333,20%,,,,,,,,,,
29/01/2019 14:00,44950.453,22%,,,,,,,,,,
29/01/2019 15:00,53926.384,27%,,,,,,,,,,
29/01/2019 16:00,63094.894,32%,,,,,,,,,,
29/01/2019 17:00,64008.205,32%,,,,,,,,,,
29/01/2019 18:00,57583.381,29%,,,,,,,,,,
29/01/2019 19:00,51911.84,26%,,,,,,,,,,
29/01/2019 20:00,49805.347,25%,,,,,,,,,,
29/01/2019 21:00,48303.628,24%,,,,,,,,,,
29/01/2019 22:00,46979.974,23%,,,,,,,,,,
29/01/2019 23:00,46137.352,23%,,,,,,,,,,
30/01/2019 00:00,45658.356,23%,,,,,,,,,,
30/01/2019 01:00,44362.897,22%,,,,,,,,,,
30/01/2019 02:00,40164.467,20%,,,,,,,,,,
30/01/2019 03:00,36573.155,18%,,,,,,,,,,
30/01/2019 04:00,33488.245,17%,,,,,,,,,,
30/01/2019 05:00,31868.725,16%,,,,,,,,,,
30/01/2019 06:00,31861.428,16%,,,,,,,,,,
30/01/2019 07:00,33157.125,17%,,,,,,,,,,
30/01/2019 08:00,35197.646,18%,,,,,,,,,,
30/01/2019 09:00,32395.823,16%,,,,,,,,,,
30/01/2019 10:00,25104.091,13%,,,,,,,,,,
30/01/2019 11:00,27569.301,14%,,,,,,,,,,
30/01/2019 12:00,30791.414,15%,,,,,,,,,,
30/01/2019 13:00,26849.926,13%,,,,,,,,,,
30/01/2019 14:00,24737.3,12%,,,,,,,,,,
30/01/2019 15:00,31592.673,16%,,,,,,,,,,
30/01/2019 16:00,40168.119,20%,,,,,,,,,,
30/01/2019 17:00,42637.539,21%,,,,,,,,,,
30/01/2019 18:00,42166.099,21%,,,,,,,,,,
30/01/2019 19:00,40172.191,20%,,,,,,,,,,
30/01/2019 20:00,38333.491,19%,,,,,,,,,,
30/01/2019 21:00,34186.177,17%,,,,,,,,,,
30/01/2019 22:00,27903.278,14%,,,,,,,,,,
30/01/2019 23:00,23380.662,12%,,,,,,,,,,
31/01/2019 00:00,22064.677,11%,,,,,,,,,,
31/01/2019 01:00,20696.359,10%,,,,,,,,,,
31/01/2019 02:00,17531.772,9%,,,,,,,,,,
31/01/2019 03:00,11538.049,6%,,,,,,,,,,
31/01/2019 04:00,5971.083,3%,,,,,,,,,,
31/01/2019 05:00,4218.31,2%,,,,,,,,,,
31/01/2019 06:00,4009.248,2%,,,,,,,,,,
31/01/2019 07:00,4289.822,2%,,,,,,,,,,
31/01/2019 08:00,4277.164,2%,,,,,,,,,,
31/01/2019 09:00,5395.326,3%,,,,,,,,,,
31/01/2019 10:00,6486.642,3%,,,,,,,,,,
31/01/2019 11:00,8265.749,4%,,,,,,,,,,
31/01/2019 12:00,11123.594,6%,,,,,,,,,,
31/01/2019 13:00,14692.752,7%,,,,,,,,,,
31/01/2019 14:00,16472.664,8%,,,,,,,,,,
31/01/2019 15:00,19978.203,10%,,,,,,,,,,
31/01/2019 16:00,26451.236,13%,,,,,,,,,,
31/01/2019 17:00,28991.583,14%,,,,,,,,,,
31/01/2019 18:00,29687.895,15%,,,,,,,,,,
31/01/2019 19:00,30379.136,15%,,,,,,,,,,
31/01/2019 20:00,30474.11,15%,,,,,,,,,,
31/01/2019 21:00,30988.642,15%,,,,,,,,,,
31/01/2019 22:00,33883.484,17%,,,,,,,,,,
31/01/2019 23:00,35774.883,18%,,,,,,,,,,
01/02/2019 00:00,35549.86,18%,,,,,,,,,,
01/02/2019 01:00,35105.236,18%,,,,,,,,,,
01/02/2019 02:00,35177.115,18%,,,,,,,,,,
01/02/2019 03:00,35772.973,18%,,,,,,,,,,
01/02/2019 04:00,39211.544,20%,,,,,,,,,,
01/02/2019 05:00,43647.241,22%,,,,,,,,,,
01/02/2019 06:00,46141.418,23%,,,,,,,,,,
01/02/2019 07:00,49526.63,25%,,,,,,,,,,
01/02/2019 08:00,52744.488,26%,,,,,,,,,,
01/02/2019 09:00,54401.872,27%,,,,,,,,,,
01/02/2019 10:00,44852.75,22%,,,,,,,,,,
01/02/2019 11:00,39090.35,20%,,,,,,,,,,
01/02/2019 12:00,45045.865,23%,,,,,,,,,,
01/02/2019 13:00,48099.548,24%,,,,,,,,,,
01/02/2019 14:00,47905.264,24%,,,,,,,,,,
01/02/2019 15:00,52785.454,26%,,,,,,,,,,
01/02/2019 16:00,60971.071,30%,,,,,,,,,,
01/02/2019 17:00,64518.342,32%,,,,,,,,,,
01/02/2019 18:00,70506.069,35%,,,,,,,,,,
01/02/2019 19:00,94315.24,47%,,,,,,,,,,
01/02/2019 20:00,110464.657,55%,,,,,,,,,,
01/02/2019 21:00,121393.855,61%,,,,,,,,,,
01/02/2019 22:00,113389.932,57%,,,,,,,,,,
01/02/2019 23:00,105069.822,53%,,,,,,,,,,
02/02/2019 00:00,90780.387,45%,,,,,,,,,,
02/02/2019 01:00,89902.472,45%,,,,,,,,,,
02/02/2019 02:00,94235.878,47%,,,,,,,,,,
02/02/2019 03:00,100143.48,50%,,,,,,,,,,
02/02/2019 04:00,104147.63,52%,,,,,,,,,,
02/02/2019 05:00,104171.253,52%,,,,,,,,,,
02/02/2019 06:00,101414.843,51%,,,,,,,,,,
02/02/2019 07:00,97196.579,49%,,,,,,,,,,
02/02/2019 08:00,91879.958,46%,,,,,,,,,,
02/02/2019 09:00,75246.682,38%,,,,,,,,,,
02/02/2019 10:00,55596.293,28%,,,,,,,,,,
02/02/2019 11:00,52864.039,26%,,,,,,,,,,
02/02/2019 12:00,62614.471,31%,,,,,,,,,,
02/02/2019 13:00,61417.7,31%,,,,,,,,,,
02/02/2019 14:00,44607.595,22%,,,,,,,,,,
02/02/2019 15:00,35743.727,18%,,,,,,,,,,
02/02/2019 16:00,36747.177,18%,,,,,,,,,,
02/02/2019 17:00,41530.015,21%,,,,,,,,,,
02/02/2019 18:00,43962.719,22%,,,,,,,,,,
02/02/2019 19:00,42614.57,21%,,,,,,,,,,
02/02/2019 20:00,39226,20%,,,,,,,,,,
02/02/2019 21:00,35197.086,18%,,,,,,,,,,
02/02/2019 22:00,32196.273,16%,,,,,,,,,,
02/02/2019 23:00,33924.115,17%,,,,,,,,,,
03/02/2019 00:00,41494.648,21%,,,,,,,,,,
03/02/2019 01:00,52777.43,26%,,,,,,,,,,
03/02/2019 02:00,62522.354,31%,,,,,,,,,,
03/02/2019 03:00,75179.173,38%,,,,,,,,,,
03/02/2019 04:00,92383.797,46%,,,,,,,,,,
03/02/2019 05:00,93842.641,47%,,,,,,,,,,
03/02/2019 06:00,81757.524,41%,,,,,,,,,,
03/02/2019 07:00,81770.865,41%,,,,,,,,,,
03/02/2019 08:00,88635.732,44%,,,,,,,,,,
03/02/2019 09:00,91330.589,46%,,,,,,,,,,
03/02/2019 10:00,127087.251,64%,,,,,,,,,,
03/02/2019 11:00,123404.781,62%,,,,,,,,,,
03/02/2019 12:00,110482.909,55%,,,,,,,,,,
03/02/2019 13:00,93973.781,47%,,,,,,,,,,
03/02/2019 14:00,83911.902,42%,,,,,,,,,,
03/02/2019 15:00,84458.575,42%,,,,,,,,,,
03/02/2019 16:00,83915.58,42%,,,,,,,,,,
03/02/2019 17:00,77125.05,39%,,,,,,,,,,
03/02/2019 18:00,74356.075,37%,,,,,,,,,,
03/02/2019 19:00,68744.445,34%,,,,,,,,,,
03/02/2019 20:00,63501.15,32%,,,,,,,,,,
03/02/2019 21:00,48939.91,24%,,,,,,,,,,
03/02/2019 22:00,33002.424,17%,,,,,,,,,,
03/02/2019 23:00,36503.645,18%,,,,,,,,,,
04/02/2019 00:00,55724.055,28%,,,,,,,,,,
04/02/2019 01:00,72853.537,36%,,,,,,,,,,
04/02/2019 02:00,140841.262,70%,,,,,,,,,,
04/02/2019 03:00,158693.304,79%,,,,,,,,,,
04/02/2019 04:00,144995.172,72%,,,,,,,,,,
04/02/2019 05:00,130705.828,65%,,,,,,,,,,
04/02/2019 06:00,123882.63,62%,,,,,,,,,,
04/02/2019 07:00,130502.153,65%,,,,,,,,,,
04/02/2019 08:00,140311.052,70%,,,,,,,,,,
04/02/2019 09:00,124977.99,62%,,,,,,,,,,
04/02/2019 10:00,107813.207,54%,,,,,,,,,,
04/02/2019 11:00,116596.925,58%,,,,,,,,,,
04/02/2019 12:00,125449.792,63%,,,,,,,,,,
04/02/2019 13:00,129534.184,65%,,,,,,,,,,
04/02/2019 14:00,128725.748,64%,,,,,,,,,,
04/02/2019 15:00,119728.102,60%,,,,,,,,,,
04/02/2019 16:00,110483.181,55%,,,,,,,,,,
04/02/2019 17:00,93803.655,47%,,,,,,,,,,
04/02/2019 18:00,86083.556,43%,,,,,,,,,,
04/02/2019 19:00,79146.993,40%,,,,,,,,,,
04/02/2019 20:00,71871.239,36%,,,,,,,,,,
04/02/2019 21:00,68650.793,34%,,,,,,,,,,
04/02/2019 22:00,68650.55,34%,,,,,,,,,,
04/02/2019 23:00,64150.541,32%,,,,,,,,,,
05/02/2019 00:00,52981.721,26%,,,,,,,,,,
05/02/2019 01:00,42521.399,21%,,,,,,,,,,
05/02/2019 02:00,34638.786,17%,,,,,,,,,,
05/02/2019 03:00,26087.344,13%,,,,,,,,,,
05/02/2019 04:00,17486.745,9%,,,,,,,,,,
05/02/2019 05:00,10207.414,5%,,,,,,,,,,
05/02/2019 06:00,4804.095,2%,,,,,,,,,,
05/02/2019 07:00,2166.345,1%,,,,,,,,,,
05/02/2019 08:00,5157.876,3%,,,,,,,,,,
05/02/2019 09:00,11419.206,6%,,,,,,,,,,
05/02/2019 10:00,16594.883,8%,,,,,,,,,,
05/02/2019 11:00,27734.416,14%,,,,,,,,,,
05/02/2019 12:00,45220.694,23%,,,,,,,,,,
05/02/2019 13:00,55958.816,28%,,,,,,,,,,
05/02/2019 14:00,68644.332,34%,,,,,,,,,,
05/02/2019 15:00,97106.876,49%,,,,,,,,,,
05/02/2019 16:00,115364.952,58%,,,,,,,,,,
05/02/2019 17:00,114826.708,57%,,,,,,,,,,
05/02/2019 18:00,96843.489,48%,,,,,,,,,,
05/02/2019 19:00,112596.931,56%,,,,,,,,,,
05/02/2019 20:00,103705.915,52%,,,,,,,,,,
05/02/2019 21:00,113544.181,57%,,,,,,,,,,
05/02/2019 22:00,121435.26,61%,,,,,,,,,,
05/02/2019 23:00,124314.815,62%,,,,,,,,,,
06/02/2019 00:00,114750.492,57%,,,,,,,,,,
06/02/2019 01:00,96844.01,48%,,,,,,,,,,
06/02/2019 02:00,88851.743,44%,,,,,,,,,,
06/02/2019 03:00,77986.078,39%,,,,,,,,,,
06/02/2019 04:00,73693.297,37%,,,,,,,,,,
06/02/2019 05:00,67344.239,34%,,,,,,,,,,
06/02/2019 06:00,62991.503,31%,,,,,,,,,,
06/02/2019 07:00,62184.616,31%,,,,,,,,,,
06/02/2019 08:00,60969.193,30%,,,,,,,,,,
06/02/2019 09:00,66547.433,33%,,,,,,,,,,
06/02/2019 10:00,63006.041,32%,,,,,,,,,,
06/02/2019 11:00,66319.317,33%,,,,,,,,,,
06/02/2019 12:00,78203.299,39%,,,,,,,,,,
06/02/2019 13:00,93979.169,47%,,,,,,,,,,
06/02/2019 14:00,110344.668,55%,,,,,,,,,,
06/02/2019 15:00,119103.428,60%,,,,,,,,,,
06/02/2019 16:00,130971.37,65%,,,,,,,,,,
06/02/2019 17:00,135768.06,68%,,,,,,,,,,
06/02/2019 18:00,126031.222,63%,,,,,,,,,,
06/02/2019 19:00,103340.428,52%,,,,,,,,,,
06/02/2019 20:00,82546.881,41%,,,,,,,,,,
06/02/2019 21:00,62810.47,31%,,,,,,,,,,
06/02/2019 22:00,44108.128,22%,,,,,,,,,,
06/02/2019 23:00,29642.874,15%,,,,,,,,,,
07/02/2019 00:00,22766.97,11%,,,,,,,,,,
07/02/2019 01:00,18904.351,9%,,,,,,,,,,
07/02/2019 02:00,20250.274,10%,,,,,,,,,,
07/02/2019 03:00,22571.478,11%,,,,,,,,,,
07/02/2019 04:00,26485.83,13%,,,,,,,,,,
07/02/2019 05:00,26388.415,13%,,,,,,,,,,
07/02/2019 06:00,18534.771,9%,,,,,,,,,,
07/02/2019 07:00,7082.236,4%,,,,,,,,,,
07/02/2019 08:00,2957.778,1%,,,,,,,,,,
07/02/2019 09:00,10609.773,5%,,,,,,,,,,
07/02/2019 10:00,25996.153,13%,,,,,,,,,,
07/02/2019 11:00,39339.608,20%,,,,,,,,,,
07/02/2019 12:00,53933.694,27%,,,,,,,,,,
07/02/2019 13:00,74718.438,37%,,,,,,,,,,
07/02/2019 14:00,86734.022,43%,,,,,,,,,,
07/02/2019 15:00,94613.463,47%,,,,,,,,,,
07/02/2019 16:00,103706.115,52%,,,,,,,,,,
07/02/2019 17:00,105391.719,53%,,,,,,,,,,
07/02/2019 18:00,102612.103,51%,,,,,,,,,,
07/02/2019 19:00,97314.378,49%,,,,,,,,,,
07/02/2019 20:00,100142.651,50%,,,,,,,,,,
07/02/2019 21:00,89399.909,45%,,,,,,,,,,
07/02/2019 22:00,82806.823,41%,,,,,,,,,,
07/02/2019 23:00,78209.626,39%,,,,,,,,,,
08/02/2019 00:00,66835.619,33%,,,,,,,,,,
08/02/2019 01:00,56986.735,28%,,,,,,,,,,
08/02/2019 02:00,65989.214,33%,,,,,,,,,,
08/02/2019 03:00,80892.032,40%,,,,,,,,,,
08/02/2019 04:00,97669.501,49%,,,,,,,,,,
08/02/2019 05:00,109262.466,55%,,,,,,,,,,
08/02/2019 06:00,119837.31,60%,,,,,,,,,,
08/02/2019 07:00,132207.556,66%,,,,,,,,,,
08/02/2019 08:00,156244.636,78%,,,,,,,,,,
08/02/2019 09:00,167277.949,84%,,,,,,,,,,
08/02/2019 10:00,184347.523,92%,,,,,,,,,,
08/02/2019 11:00,184606.595,92%,,,,,,,,,,
08/02/2019 12:00,191087.397,96%,,,,,,,,,,
08/02/2019 13:00,195045.329,98%,,,,,,,,,,
08/02/2019 14:00,196253.533,98%,,,,,,,,,,
08/02/2019 15:00,197590.038,99%,,,,,,,,,,
08/02/2019 16:00,197156.141,99%,,,,,,,,,,
08/02/2019 17:00,196847.39,98%,,,,,,,,,,
08/02/2019 18:00,197459.787,99%,,,,,,,,,,
08/02/2019 19:00,197468.403,99%,,,,,,,,,,
08/02/2019 20:00,196484.225,98%,,,,,,,,,,
08/02/2019 21:00,194710.584,97%,,,,,,,,,,
08/02/2019 22:00,193166.968,97%,,,,,,,,,,
08/02/2019 23:00,191598.231,96%,,,,,,,,,,
09/02/2019 00:00,188252.028,94%,,,,,,,,,,
09/02/2019 01:00,173224.875,87%,,,,,,,,,,
09/02/2019 02:00,129412.996,65%,,,,,,,,,,
09/02/2019 03:00,120665.176,60%,,,,,,,,,,
09/02/2019 04:00,147905.814,74%,,,,,,,,,,
09/02/2019 05:00,171154.127,86%,,,,,,,,,,
09/02/2019 06:00,186709.999,93%,,,,,,,,,,
09/02/2019 07:00,193820.297,97%,,,,,,,,,,
09/02/2019 08:00,197175.178,99%,,,,,,,,,,
09/02/2019 09:00,197780.778,99%,,,,,,,,,,
09/02/2019 10:00,197936.562,99%,,,,,,,,,,
09/02/2019 11:00,197758.837,99%,,,,,,,,,,
09/02/2019 12:00,197362.002,99%,,,,,,,,,,
09/02/2019 13:00,196786.514,98%,,,,,,,,,,
09/02/2019 14:00,194388.793,97%,,,,,,,,,,
09/02/2019 15:00,190382.932,95%,,,,,,,,,,
09/02/2019 16:00,183644.327,92%,,,,,,,,,,
09/02/2019 17:00,175707.932,88%,,,,,,,,,,
09/02/2019 18:00,167497.553,84%,,,,,,,,,,
09/02/2019 19:00,155475.751,78%,,,,,,,,,,
09/02/2019 20:00,136439.669,68%,,,,,,,,,,
09/02/2019 21:00,123065.979,62%,,,,,,,,,,
09/02/2019 22:00,114144.349,57%,,,,,,,,,,
09/02/2019 23:00,105735.809,53%,,,,,,,,,,
10/02/2019 00:00,96752.963,48%,,,,,,,,,,
10/02/2019 01:00,87376.461,44%,,,,,,,,,,
10/02/2019 02:00,77661.777,39%,,,,,,,,,,
10/02/2019 03:00,68870.747,34%,,,,,,,,,,
10/02/2019 04:00,62521.897,31%,,,,,,,,,,
10/02/2019 05:00,62847.236,31%,,,,,,,,,,
10/02/2019 06:00,62656.66,31%,,,,,,,,,,
10/02/2019 07:00,59995.547,30%,,,,,,,,,,
10/02/2019 08:00,55710.322,28%,,,,,,,,,,
10/02/2019 09:00,48141.033,24%,,,,,,,,,,
10/02/2019 10:00,40438.769,20%,,,,,,,,,,
10/02/2019 11:00,63290.129,32%,,,,,,,,,,
10/02/2019 12:00,74105.152,37%,,,,,,,,,,
10/02/2019 13:00,66834.435,33%,,,,,,,,,,
10/02/2019 14:00,50431.037,25%,,,,,,,,,,
10/02/2019 15:00,42427.879,21%,,,,,,,,,,
10/02/2019 16:00,45478.767,23%,,,,,,,,,,
10/02/2019 17:00,49249.267,25%,,,,,,,,,,
10/02/2019 18:00,55826.009,28%,,,,,,,,,,
10/02/2019 19:00,67363.199,34%,,,,,,,,,,
10/02/2019 20:00,80429.488,40%,,,,,,,,,,
10/02/2019 21:00,90771.806,45%,,,,,,,,,,
10/02/2019 22:00,96292.212,48%,,,,,,,,,,
10/02/2019 23:00,101079.478,51%,,,,,,,,,,
11/02/2019 00:00,98139.766,49%,,,,,,,,,,
11/02/2019 01:00,89486.198,45%,,,,,,,,,,
11/02/2019 02:00,75403.413,38%,,,,,,,,,,
11/02/2019 03:00,65036.465,33%,,,,,,,,,,
11/02/2019 04:00,56131.243,28%,,,,,,,,,,
11/02/2019 05:00,50270.143,25%,,,,,,,,,,
11/02/2019 06:00,42654.437,21%,,,,,,,,,,
11/02/2019 07:00,32758.643,16%,,,,,,,,,,
11/02/2019 08:00,23350.841,12%,,,,,,,,,,
11/02/2019 09:00,12343.161,6%,,,,,,,,,,
11/02/2019 10:00,3820.958,2%,,,,,,,,,,
11/02/2019 11:00,7037.258,4%,,,,,,,,,,
11/02/2019 12:00,21864.964,11%,,,,,,,,,,
11/02/2019 13:00,33188.058,17%,,,,,,,,,,
11/02/2019 14:00,34160.357,17%,,,,,,,,,,
11/02/2019 15:00,34120.8,17%,,,,,,,,,,
11/02/2019 16:00,38699.473,19%,,,,,,,,,,
11/02/2019 17:00,41972.836,21%,,,,,,,,,,
11/02/2019 18:00,45277.951,23%,,,,,,,,,,
11/02/2019 19:00,56323.773,28%,,,,,,,,,,
11/02/2019 20:00,68175.452,34%,,,,,,,,,,
11/02/2019 21:00,72326.607,36%,,,,,,,,,,
11/02/2019 22:00,72142.814,36%,,,,,,,,,,
11/02/2019 23:00,72848.332,36%,,,,,,,,,,
12/02/2019 00:00,71721.344,36%,,,,,,,,,,
12/02/2019 01:00,87648.447,44%,,,,,,,,,,
12/02/2019 02:00,93382.962,47%,,,,,,,,,,
12/02/2019 03:00,95540.611,48%,,,,,,,,,,
12/02/2019 04:00,115113.271,58%,,,,,,,,,,
12/02/2019 05:00,129743.913,65%,,,,,,,,,,
12/02/2019 06:00,145304.406,73%,,,,,,,,,,
12/02/2019 07:00,149569.633,75%,,,,,,,,,,
12/02/2019 08:00,146015.795,73%,,,,,,,,,,
12/02/2019 09:00,159076.399,80%,,,,,,,,,,
12/02/2019 10:00,167127.332,84%,,,,,,,,,,
12/02/2019 11:00,176357.197,88%,,,,,,,,,,
12/02/2019 12:00,179946.152,90%,,,,,,,,,,
12/02/2019 13:00,173405.624,87%,,,,,,,,,,
12/02/2019 14:00,171738.985,86%,,,,,,,,,,
12/02/2019 15:00,170704.407,85%,,,,,,,,,,
12/02/2019 16:00,165781.902,83%,,,,,,,,,,
12/02/2019 17:00,161709.873,81%,,,,,,,,,,
12/02/2019 18:00,149571.177,75%,,,,,,,,,,
12/02/2019 19:00,135399.323,68%,,,,,,,,,,
12/02/2019 20:00,117870.089,59%,,,,,,,,,,
12/02/2019 21:00,105081.005,53%,,,,,,,,,,
12/02/2019 22:00,95212.242,48%,,,,,,,,,,
12/02/2019 23:00,86377.564,43%,,,,,,,,,,
13/02/2019 00:00,72847.866,36%,,,,,,,,,,
13/02/2019 01:00,63469.626,32%,,,,,,,,,,
13/02/2019 02:00,82275.026,41%,,,,,,,,,,
13/02/2019 03:00,127928.083,64%,,,,,,,,,,
13/02/2019 04:00,143566.354,72%,,,,,,,,,,
13/02/2019 05:00,137179.657,69%,,,,,,,,,,
13/02/2019 06:00,144423.048,72%,,,,,,,,,,
13/02/2019 07:00,153820.581,77%,,,,,,,,,,
13/02/2019 08:00,154602.959,77%,,,,,,,,,,
13/02/2019 09:00,151739.859,76%,,,,,,,,,,
13/02/2019 10:00,151310.908,76%,,,,,,,,,,
13/02/2019 11:00,155034.916,78%,,,,,,,,,,
13/02/2019 12:00,155300.648,78%,,,,,,,,,,
13/02/2019 13:00,153074.263,77%,,,,,,,,,,
13/02/2019 14:00,150543.7,75%,,,,,,,,,,
13/02/2019 15:00,144848.177,72%,,,,,,,,,,
13/02/2019 16:00,140353.031,70%,,,,,,,,,,
13/02/2019 17:00,140065.649,70%,,,,,,,,,,
13/02/2019 18:00,143994.397,72%,,,,,,,,,,
13/02/2019 19:00,150880.744,75%,,,,,,,,,,
13/02/2019 20:00,155372.72,78%,,,,,,,,,,
13/02/2019 21:00,158796.25,79%,,,,,,,,,,
13/02/2019 22:00,159845.985,80%,,,,,,,,,,
13/02/2019 23:00,155248.925,78%,,,,,,,,,,
14/02/2019 00:00,145551.598,73%,,,,,,,,,,
14/02/2019 01:00,138317.503,69%,,,,,,,,,,
14/02/2019 02:00,140063.548,70%,,,,,,,,,,
14/02/2019 03:00,137195.585,69%,,,,,,,,,,
14/02/2019 04:00,132207.301,66%,,,,,,,,,,
14/02/2019 05:00,128963.769,64%,,,,,,,,,,
14/02/2019 06:00,127585.595,64%,,,,,,,,,,
14/02/2019 07:00,119726.404,60%,,,,,,,,,,
14/02/2019 08:00,104523.528,52%,,,,,,,,,,
14/02/2019 09:00,83662.265,42%,,,,,,,,,,
14/02/2019 10:00,72324.831,36%,,,,,,,,,,
14/02/2019 11:00,84373.997,42%,,,,,,,,,,
14/02/2019 12:00,87394.478,44%,,,,,,,,,,
14/02/2019 13:00,87761.493,44%,,,,,,,,,,
14/02/2019 14:00,84689.384,42%,,,,,,,,,,
14/02/2019 15:00,78382.948,39%,,,,,,,,,,
14/02/2019 16:00,72259.232,36%,,,,,,,,,,
14/02/2019 17:00,78210.324,39%,,,,,,,,,,
14/02/2019 18:00,79020.703,40%,,,,,,,,,,
14/02/2019 19:00,73244.182,37%,,,,,,,,,,
14/02/2019 20:00,69767.627,35%,,,,,,,,,,
14/02/2019 21:00,66837.555,33%,,,,,,,,,,
14/02/2019 22:00,66831.937,33%,,,,,,,,,,
14/02/2019 23:00,70394.123,35%,,,,,,,,,,
15/02/2019 00:00,71534.456,36%,,,,,,,,,,
15/02/2019 01:00,72225.532,36%,,,,,,,,,,
15/02/2019 02:00,70664.131,35%,,,,,,,,,,
15/02/2019 03:00,68643.115,34%,,,,,,,,,,
15/02/2019 04:00,64014.978,32%,,,,,,,,,,
15/02/2019 05:00,58756.752,29%,,,,,,,,,,
15/02/2019 06:00,55728.297,28%,,,,,,,,,,
15/02/2019 07:00,60651.914,30%,,,,,,,,,,
15/02/2019 08:00,72707.108,36%,,,,,,,,,,
15/02/2019 09:00,73882.248,37%,,,,,,,,,,
15/02/2019 10:00,79002.951,40%,,,,,,,,,,
15/02/2019 11:00,101198.075,51%,,,,,,,,,,
15/02/2019 12:00,116320.251,58%,,,,,,,,,,
15/02/2019 13:00,129399.5,65%,,,,,,,,,,
15/02/2019 14:00,135475.918,68%,,,,,,,,,,
15/02/2019 15:00,139404.026,70%,,,,,,,,,,
15/02/2019 16:00,140696.023,70%,,,,,,,,,,
15/02/2019 17:00,124843.645,62%,,,,,,,,,,
15/02/2019 18:00,114500.295,57%,,,,,,,,,,
15/02/2019 19:00,113158.995,57%,,,,,,,,,,
15/02/2019 20:00,135628.703,68%,,,,,,,,,,
15/02/2019 21:00,145352.016,73%,,,,,,,,,,
15/02/2019 22:00,150175.299,75%,,,,,,,,,,
15/02/2019 23:00,151707.852,76%,,,,,,,,,,
16/02/2019 00:00,149976.923,75%,,,,,,,,,,
16/02/2019 01:00,148827.812,74%,,,,,,,,,,
16/02/2019 02:00,139305.681,70%,,,,,,,,,,
16/02/2019 03:00,132574.888,66%,,,,,,,,,,
16/02/2019 04:00,117905.705,59%,,,,,,,,,,
16/02/2019 05:00,111889.443,56%,,,,,,,,,,
16/02/2019 06:00,115543.333,58%,,,,,,,,,,
16/02/2019 07:00,116217.335,58%,,,,,,,,,,
16/02/2019 08:00,119909.168,60%,,,,,,,,,,
16/02/2019 09:00,107514.94,54%,,,,,,,,,,
16/02/2019 10:00,107390.408,54%,,,,,,,,,,
16/02/2019 11:00,114848.04,57%,,,,,,,,,,
16/02/2019 12:00,117906.419,59%,,,,,,,,,,
16/02/2019 13:00,113596.055,57%,,,,,,,,,,
16/02/2019 14:00,101556.899,51%,,,,,,,,,,
16/02/2019 15:00,95700.18,48%,,,,,,,,,,
16/02/2019 16:00,101223.224,51%,,,,,,,,,,
16/02/2019 17:00,105118.881,53%,,,,,,,,,,
16/02/2019 18:00,103159.293,52%,,,,,,,,,,
16/02/2019 19:00,101449.988,51%,,,,,,,,,,
16/02/2019 20:00,91494.553,46%,,,,,,,,,,
16/02/2019 21:00,105068.922,53%,,,,,,,,,,
16/02/2019 22:00,118430.992,59%,,,,,,,,,,
16/02/2019 23:00,140738.274,70%,,,,,,,,,,
17/02/2019 00:00,153645.755,77%,,,,,,,,,,
17/02/2019 01:00,162768.202,81%,,,,,,,,,,
17/02/2019 02:00,166300.996,83%,,,,,,,,,,
17/02/2019 03:00,164941.674,82%,,,,,,,,,,
17/02/2019 04:00,162438.573,81%,,,,,,,,,,
17/02/2019 05:00,154829.173,77%,,,,,,,,,,
17/02/2019 06:00,145246.08,73%,,,,,,,,,,
17/02/2019 07:00,136518.805,68%,,,,,,,,,,
17/02/2019 08:00,127088.656,64%,,,,,,,,,,
17/02/2019 09:00,122556.725,61%,,,,,,,,,,
17/02/2019 10:00,127138.213,64%,,,,,,,,,,
17/02/2019 11:00,136465.693,68%,,,,,,,,,,
17/02/2019 12:00,148095.602,74%,,,,,,,,,,
17/02/2019 13:00,159031.003,80%,,,,,,,,,,
17/02/2019 14:00,155783.413,78%,,,,,,,,,,
17/02/2019 15:00,153637.157,77%,,,,,,,,,,
17/02/2019 16:00,150887.839,75%,,,,,,,,,,
17/02/2019 17:00,146502.108,73%,,,,,,,,,,
17/02/2019 18:00,150328.948,75%,,,,,,,,,,
17/02/2019 19:00,157254.829,79%,,,,,,,,,,
17/02/2019 20:00,164315.875,82%,,,,,,,,,,
17/02/2019 21:00,173173.032,87%,,,,,,,,,,
17/02/2019 22:00,176485.235,88%,,,,,,,,,,
17/02/2019 23:00,175149.891,88%,,,,,,,,,,
18/02/2019 00:00,172437.338,86%,,,,,,,,,,
18/02/2019 01:00,169915.148,85%,,,,,,,,,,
18/02/2019 02:00,169381.652,85%,,,,,,,,,,
18/02/2019 03:00,167538.256,84%,,,,,,,,,,
18/02/2019 04:00,165875.86,83%,,,,,,,,,,
18/02/2019 05:00,166724.765,83%,,,,,,,,,,
18/02/2019 06:00,165920.615,83%,,,,,,,,,,
18/02/2019 07:00,165773.116,83%,,,,,,,,,,
18/02/2019 08:00,165350.877,83%,,,,,,,,,,
18/02/2019 09:00,168310.221,84%,,,,,,,,,,
18/02/2019 10:00,178279.504,89%,,,,,,,,,,
18/02/2019 11:00,182298.415,91%,,,,,,,,,,
18/02/2019 12:00,182063.172,91%,,,,,,,,,,
18/02/2019 13:00,176059.998,88%,,,,,,,,,,
18/02/2019 14:00,168142.947,84%,,,,,,,,,,
18/02/2019 15:00,162138.265,81%,,,,,,,,,,
18/02/2019 16:00,154870.919,77%,,,,,,,,,,
18/02/2019 17:00,148639.823,74%,,,,,,,,,,
18/02/2019 18:00,139395.36,70%,,,,,,,,,,
18/02/2019 19:00,133670.508,67%,,,,,,,,,,
18/02/2019 20:00,129163.277,65%,,,,,,,,,,
18/02/2019 21:00,126523.04,63%,,,,,,,,,,
18/02/2019 22:00,119044.481,60%,,,,,,,,,,
18/02/2019 23:00,116788.451,58%,,,,,,,,,,
19/02/2019 00:00,113157.648,57%,,,,,,,,,,
19/02/2019 01:00,113691.346,57%,,,,,,,,,,
19/02/2019 02:00,106639.953,53%,,,,,,,,,,
19/02/2019 03:00,104546.686,52%,,,,,,,,,,
19/02/2019 04:00,104392.718,52%,,,,,,,,,,
19/02/2019 05:00,99593.599,50%,,,,,,,,,,
19/02/2019 06:00,90839.402,45%,,,,,,,,,,
19/02/2019 07:00,81457.069,41%,,,,,,,,,,
19/02/2019 08:00,72328.482,36%,,,,,,,,,,
19/02/2019 09:00,57682.59,29%,,,,,,,,,,
19/02/2019 10:00,64476.14,32%,,,,,,,,,,
19/02/2019 11:00,69428.301,35%,,,,,,,,,,
19/02/2019 12:00,62769.014,31%,,,,,,,,,,
19/02/2019 13:00,58541.604,29%,,,,,,,,,,
19/02/2019 14:00,48808.465,24%,,,,,,,,,,
19/02/2019 15:00,41446.051,21%,,,,,,,,,,
19/02/2019 16:00,40742.349,20%,,,,,,,,,,
19/02/2019 17:00,42416.71,21%,,,,,,,,,,
19/02/2019 18:00,53926.416,27%,,,,,,,,,,
19/02/2019 19:00,64013.347,32%,,,,,,,,,,
19/02/2019 20:00,71006.473,36%,,,,,,,,,,
19/02/2019 21:00,77126.992,39%,,,,,,,,,,
19/02/2019 22:00,83354.053,42%,,,,,,,,,,
19/02/2019 23:00,87012.512,44%,,,,,,,,,,
20/02/2019 00:00,88602.669,44%,,,,,,,,,,
20/02/2019 01:00,91880.049,46%,,,,,,,,,,
20/02/2019 02:00,98768.528,49%,,,,,,,,,,
20/02/2019 03:00,110483.423,55%,,,,,,,,,,
20/02/2019 04:00,117122.888,59%,,,,,,,,,,
20/02/2019 05:00,127830.596,64%,,,,,,,,,,
20/02/2019 06:00,113158.919,57%,,,,,,,,,,
20/02/2019 07:00,129299.599,65%,,,,,,,,,,
20/02/2019 08:00,135922.251,68%,,,,,,,,,,
20/02/2019 09:00,144166.973,72%,,,,,,,,,,
20/02/2019 10:00,159747.927,80%,,,,,,,,,,
20/02/2019 11:00,168755.343,84%,,,,,,,,,,
20/02/2019 12:00,171424.499,86%,,,,,,,,,,
20/02/2019 13:00,168061.949,84%,,,,,,,,,,
20/02/2019 14:00,158811.046,79%,,,,,,,,,,
20/02/2019 15:00,149460.676,75%,,,,,,,,,,
20/02/2019 16:00,139212.708,70%,,,,,,,,,,
20/02/2019 17:00,131719.888,66%,,,,,,,,,,
20/02/2019 18:00,128902.503,64%,,,,,,,,,,
20/02/2019 19:00,115628.774,58%,,,,,,,,,,
20/02/2019 20:00,105068.814,53%,,,,,,,,,,
20/02/2019 21:00,96843.302,48%,,,,,,,,,,
20/02/2019 22:00,97667.617,49%,,,,,,,,,,
20/02/2019 23:00,99023.645,50%,,,,,,,,,,
21/02/2019 00:00,97431.553,49%,,,,,,,,,,
21/02/2019 01:00,89427.576,45%,,,,,,,,,,
21/02/2019 02:00,90711.225,45%,,,,,,,,,,
21/02/2019 03:00,80141.531,40%,,,,,,,,,,
21/02/2019 04:00,72857.496,36%,,,,,,,,,,
21/02/2019 05:00,76951.652,38%,,,,,,,,,,
21/02/2019 06:00,74766.942,37%,,,,,,,,,,
21/02/2019 07:00,71008.807,36%,,,,,,,,,,
21/02/2019 08:00,68526.394,34%,,,,,,,,,,
21/02/2019 09:00,65548.748,33%,,,,,,,,,,
21/02/2019 10:00,75248.601,38%,,,,,,,,,,
21/02/2019 11:00,97547.944,49%,,,,,,,,,,
21/02/2019 12:00,98384.863,49%,,,,,,,,,,
21/02/2019 13:00,95998.701,48%,,,,,,,,,,
21/02/2019 14:00,89945.348,45%,,,,,,,,,,
21/02/2019 15:00,75864.255,38%,,,,,,,,,,
21/02/2019 16:00,70475.394,35%,,,,,,,,,,
21/02/2019 17:00,73384.887,37%,,,,,,,,,,
21/02/2019 18:00,76801.364,38%,,,,,,,,,,
21/02/2019 19:00,82617.919,41%,,,,,,,,,,
21/02/2019 20:00,92887.268,46%,,,,,,,,,,
21/02/2019 21:00,105069.627,53%,,,,,,,,,,
21/02/2019 22:00,113691.339,57%,,,,,,,,,,
21/02/2019 23:00,117096.064,59%,,,,,,,,,,
22/02/2019 00:00,117122.681,59%,,,,,,,,,,
22/02/2019 01:00,117788.211,59%,,,,,,,,,,
22/02/2019 02:00,116072.892,58%,,,,,,,,,,
22/02/2019 03:00,116070.684,58%,,,,,,,,,,
22/02/2019 04:00,121373.029,61%,,,,,,,,,,
22/02/2019 05:00,129167.219,65%,,,,,,,,,,
22/02/2019 06:00,135483.606,68%,,,,,,,,,,
22/02/2019 07:00,151563.435,76%,,,,,,,,,,
22/02/2019 08:00,145282.476,73%,,,,,,,,,,
22/02/2019 09:00,134815.222,67%,,,,,,,,,,
22/02/2019 10:00,113158.088,57%,,,,,,,,,,
22/02/2019 11:00,94453.832,47%,,,,,,,,,,
22/02/2019 12:00,96292.343,48%,,,,,,,,,,
22/02/2019 13:00,112124.539,56%,,,,,,,,,,
22/02/2019 14:00,116596.356,58%,,,,,,,,,,
22/02/2019 15:00,107928.923,54%,,,,,,,,,,
22/02/2019 16:00,98218.331,49%,,,,,,,,,,
22/02/2019 17:00,95742.837,48%,,,,,,,,,,
22/02/2019 18:00,102064.828,51%,,,,,,,,,,
22/02/2019 19:00,103159.241,52%,,,,,,,,,,
22/02/2019 20:00,99595.714,50%,,,,,,,,,,
22/02/2019 21:00,96502.514,48%,,,,,,,,,,
22/02/2019 22:00,89403.584,45%,,,,,,,,,,
22/02/2019 23:00,84460.938,42%,,,,,,,,,,
23/02/2019 00:00,81686.727,41%,,,,,,,,,,
23/02/2019 01:00,75732.159,38%,,,,,,,,,,
23/02/2019 02:00,75531.76,38%,,,,,,,,,,
23/02/2019 03:00,78027.069,39%,,,,,,,,,,
23/02/2019 04:00,79399.319,40%,,,,,,,,,,
23/02/2019 05:00,80100.886,40%,,,,,,,,,,
23/02/2019 06:00,82559.864,41%,,,,,,,,,,
23/02/2019 07:00,87730.325,44%,,,,,,,,,,
23/02/2019 08:00,86377.785,43%,,,,,,,,,,
23/02/2019 09:00,82243.465,41%,,,,,,,,,,
23/02/2019 10:00,81999.438,41%,,,,,,,,,,
23/02/2019 11:00,85934.76,43%,,,,,,,,,,
23/02/2019 12:00,100914.759,50%,,,,,,,,,,
23/02/2019 13:00,115783.896,58%,,,,,,,,,,
23/02/2019 14:00,129862.849,65%,,,,,,,,,,
23/02/2019 15:00,125201.079,63%,,,,,,,,,,
23/02/2019 16:00,110467.533,55%,,,,,,,,,,
23/02/2019 17:00,106429.669,53%,,,,,,,,,,
23/02/2019 18:00,92821.061,46%,,,,,,,,,,
23/02/2019 19:00,84981.169,42%,,,,,,,,,,
23/02/2019 20:00,77857.315,39%,,,,,,,,,,
23/02/2019 21:00,66832.704,33%,,,,,,,,,,
23/02/2019 22:00,54402.201,27%,,,,,,,,,,
23/02/2019 23:00,37363.316,19%,,,,,,,,,,
24/02/2019 00:00,26804.113,13%,,,,,,,,,,
24/02/2019 01:00,18826.775,9%,,,,,,,,,,
24/02/2019 02:00,14923.979,7%,,,,,,,,,,
24/02/2019 03:00,10714.303,5%,,,,,,,,,,
24/02/2019 04:00,4512.175,2%,,,,,,,,,,
24/02/2019 05:00,879.143,0%,,,,,,,,,,
24/02/2019 06:00,3997.292,2%,,,,,,,,,,
24/02/2019 07:00,15111.023,8%,,,,,,,,,,
24/02/2019 08:00,21686.33,11%,,,,,,,,,,
24/02/2019 09:00,21872.435,11%,,,,,,,,,,
24/02/2019 10:00,21266.233,11%,,,,,,,,,,
24/02/2019 11:00,25437.142,13%,,,,,,,,,,
24/02/2019 12:00,31601.22,16%,,,,,,,,,,
24/02/2019 13:00,36256.038,18%,,,,,,,,,,
24/02/2019 14:00,37011.303,19%,,,,,,,,,,
24/02/2019 15:00,35444.882,18%,,,,,,,,,,
24/02/2019 16:00,35775.818,18%,,,,,,,,,,
24/02/2019 17:00,41631.833,21%,,,,,,,,,,
24/02/2019 18:00,49766.519,25%,,,,,,,,,,
24/02/2019 19:00,56483.721,28%,,,,,,,,,,
24/02/2019 20:00,56416.524,28%,,,,,,,,,,
24/02/2019 21:00,54874.571,27%,,,,,,,,,,
24/02/2019 22:00,51353.109,26%,,,,,,,,,,
24/02/2019 23:00,49558.453,25%,,,,,,,,,,
25/02/2019 00:00,49107.129,25%,,,,,,,,,,
25/02/2019 01:00,45545.64,23%,,,,,,,,,,
25/02/2019 02:00,41664.156,21%,,,,,,,,,,
25/02/2019 03:00,38345.606,19%,,,,,,,,,,
25/02/2019 04:00,32015.533,16%,,,,,,,,,,
25/02/2019 05:00,26222.262,13%,,,,,,,,,,
25/02/2019 06:00,21852.453,11%,,,,,,,,,,
25/02/2019 07:00,17235.259,9%,,,,,,,,,,
25/02/2019 08:00,12048.941,6%,,,,,,,,,,
25/02/2019 09:00,8088.113,4%,,,,,,,,,,
25/02/2019 10:00,5588.803,3%,,,,,,,,,,
25/02/2019 11:00,6120.259,3%,,,,,,,,,,
25/02/2019 12:00,10050.653,5%,,,,,,,,,,
25/02/2019 13:00,10523.327,5%,,,,,,,,,,
25/02/2019 14:00,9330.716,5%,,,,,,,,,,
25/02/2019 15:00,10056.62,5%,,,,,,,,,,
25/02/2019 16:00,16330.779,8%,,,,,,,,,,
25/02/2019 17:00,27397.299,14%,,,,,,,,,,
25/02/2019 18:00,39025.563,20%,,,,,,,,,,
25/02/2019 19:00,46147.212,23%,,,,,,,,,,
25/02/2019 20:00,51814.203,26%,,,,,,,,,,
25/02/2019 21:00,61731.341,31%,,,,,,,,,,
25/02/2019 22:00,74719.286,37%,,,,,,,,,,
25/02/2019 23:00,87914.102,44%,,,,,,,,,,
26/02/2019 00:00,95742.516,48%,,,,,,,,,,
26/02/2019 01:00,96842.14,48%,,,,,,,,,,
26/02/2019 02:00,96158.845,48%,,,,,,,,,,
26/02/2019 03:00,94368.083,47%,,,,,,,,,,
26/02/2019 04:00,90196.92,45%,,,,,,,,,,
26/02/2019 05:00,82903.7,41%,,,,,,,,,,
26/02/2019 06:00,72325.979,36%,,,,,,,,,,
26/02/2019 07:00,59990.225,30%,,,,,,,,,,
26/02/2019 08:00,46144.21,23%,,,,,,,,,,
26/02/2019 09:00,30658.977,15%,,,,,,,,,,
26/02/2019 10:00,21497.828,11%,,,,,,,,,,
26/02/2019 11:00,17687.753,9%,,,,,,,,,,
26/02/2019 12:00,13398.39,7%,,,,,,,,,,
26/02/2019 13:00,9661.116,5%,,,,,,,,,,
26/02/2019 14:00,6230.8,3%,,,,,,,,,,
26/02/2019 15:00,4251.28,2%,,,,,,,,,,
26/02/2019 16:00,4044.888,2%,,,,,,,,,,
26/02/2019 17:00,5036.005,3%,,,,,,,,,,
26/02/2019 18:00,6859.849,3%,,,,,,,,,,
26/02/2019 19:00,9181.364,5%,,,,,,,,,,
26/02/2019 20:00,12217.93,6%,,,,,,,,,,
26/02/2019 21:00,14946.977,7%,,,,,,,,,,
26/02/2019 22:00,16670.645,8%,,,,,,,,,,
26/02/2019 23:00,19382.447,10%,,,,,,,,,,
27/02/2019 00:00,24925.246,12%,,,,,,,,,,
27/02/2019 01:00,31642.256,16%,,,,,,,,,,
27/02/2019 02:00,38561.726,19%,,,,,,,,,,
27/02/2019 03:00,45296.794,23%,,,,,,,,,,
27/02/2019 04:00,49738.847,25%,,,,,,,,,,
27/02/2019 05:00,50627.719,25%,,,,,,,,,,
27/02/2019 06:00,50195.578,25%,,,,,,,,,,
27/02/2019 07:00,48603.212,24%,,,,,,,,,,
27/02/2019 08:00,43892.489,22%,,,,,,,,,,
27/02/2019 09:00,34559.894,17%,,,,,,,,,,
27/02/2019 10:00,29428.674,15%,,,,,,,,,,
27/02/2019 11:00,35773.036,18%,,,,,,,,,,
27/02/2019 12:00,40723.281,20%,,,,,,,,,,
27/02/2019 13:00,46434.729,23%,,,,,,,,,,
27/02/2019 14:00,43860.093,22%,,,,,,,,,,
27/02/2019 15:00,36879.218,18%,,,,,,,,,,
27/02/2019 16:00,35569.343,18%,,,,,,,,,,
27/02/2019 17:00,35787.63,18%,,,,,,,,,,
27/02/2019 18:00,32380.865,16%,,,,,,,,,,
27/02/2019 19:00,28121.72,14%,,,,,,,,,,
27/02/2019 20:00,22788.54,11%,,,,,,,,,,
27/02/2019 21:00,17218.314,9%,,,,,,,,,,
27/02/2019 22:00,13991.416,7%,,,,,,,,,,
27/02/2019 23:00,16494.642,8%,,,,,,,,,,
28/02/2019 00:00,23994.38,12%,,,,,,,,,,
28/02/2019 01:00,34469.742,17%,,,,,,,,,,
28/02/2019 02:00,43427.029,22%,,,,,,,,,,
28/02/2019 03:00,48942.931,24%,,,,,,,,,,
28/02/2019 04:00,51754.954,26%,,,,,,,,,,
28/02/2019 05:00,45488.391,23%,,,,,,,,,,
28/02/2019 06:00,37482.117,19%,,,,,,,,,,
28/02/2019 07:00,36755.954,18%,,,,,,,,,,
28/02/2019 08:00,32833.072,16%,,,,,,,,,,
28/02/2019 09:00,24618.655,12%,,,,,,,,,,
28/02/2019 10:00,24877.128,12%,,,,,,,,,,
28/02/2019 11:00,22250.387,11%,,,,,,,,,,
28/02/2019 12:00,18690.599,9%,,,,,,,,,,
28/02/2019 13:00,15371.418,8%,,,,,,,,,,
28/02/2019 14:00,12344.269,6%,,,,,,,,,,
28/02/2019 15:00,9575.972,5%,,,,,,,,,,
28/02/2019 16:00,6916.953,3%,,,,,,,,,,
28/02/2019 17:00,4752.465,2%,,,,,,,,,,
28/02/2019 18:00,2220.828,1%,,,,,,,,,,
28/02/2019 19:00,1384.431,1%,,,,,,,,,,
28/02/2019 20:00,1818.395,1%,,,,,,,,,,
28/02/2019 21:00,1752.374,1%,,,,,,,,,,
28/02/2019 22:00,1149.424,1%,,,,,,,,,,
28/02/2019 23:00,910.353,0%,,,,,,,,,,
01/03/2019 00:00,1459.67,1%,,,,,,,,,,
01/03/2019 01:00,3818.518,2%,,,,,,,,,,
01/03/2019 02:00,7913.011,4%,,,,,,,,,,
01/03/2019 03:00,10564.575,5%,,,,,,,,,,
01/03/2019 04:00,9781.22,5%,,,,,,,,,,
01/03/2019 05:00,6254.556,3%,,,,,,,,,,
01/03/2019 06:00,2564.675,1%,,,,,,,,,,
01/03/2019 07:00,1542.459,1%,,,,,,,,,,
01/03/2019 08:00,2935.09,1%,,,,,,,,,,
01/03/2019 09:00,6641.258,3%,,,,,,,,,,
01/03/2019 10:00,11019.43,6%,,,,,,,,,,
01/03/2019 11:00,14037.115,7%,,,,,,,,,,
01/03/2019 12:00,18203.922,9%,,,,,,,,,,
01/03/2019 13:00,21680.44,11%,,,,,,,,,,
01/03/2019 14:00,24524.432,12%,,,,,,,,,,
01/03/2019 15:00,23300.402,12%,,,,,,,,,,
01/03/2019 16:00,26993.77,13%,,,,,,,,,,
01/03/2019 17:00,44614.195,22%,,,,,,,,,,
01/03/2019 18:00,54649.664,27%,,,,,,,,,,
01/03/2019 19:00,54876.356,27%,,,,,,,,,,
01/03/2019 20:00,56943.991,28%,,,,,,,,,,
01/03/2019 21:00,61408.885,31%,,,,,,,,,,
01/03/2019 22:00,61535.691,31%,,,,,,,,,,
01/03/2019 23:00,51311.173,26%,,,,,,,,,,
02/03/2019 00:00,48525.599,24%,,,,,,,,,,
02/03/2019 01:00,48425.307,24%,,,,,,,,,,
02/03/2019 02:00,48761.069,24%,,,,,,,,,,
02/03/2019 03:00,53742.425,27%,,,,,,,,,,
02/03/2019 04:00,58262.796,29%,,,,,,,,,,
02/03/2019 05:00,63496.345,32%,,,,,,,,,,
02/03/2019 06:00,41756.553,21%,,,,,,,,,,
02/03/2019 07:00,35558.668,18%,,,,,,,,,,
02/03/2019 08:00,32503.199,16%,,,,,,,,,,
02/03/2019 09:00,37536.02,19%,,,,,,,,,,
02/03/2019 10:00,58916.28,29%,,,,,,,,,,
02/03/2019 11:00,96841.291,48%,,,,,,,,,,
02/03/2019 12:00,146248.353,73%,,,,,,,,,,
02/03/2019 13:00,175001.929,88%,,,,,,,,,,
02/03/2019 14:00,186056.767,93%,,,,,,,,,,
02/03/2019 15:00,189858.135,95%,,,,,,,,,,
02/03/2019 16:00,184463.413,92%,,,,,,,,,,
02/03/2019 17:00,178157.062,89%,,,,,,,,,,
02/03/2019 18:00,182497.69,91%,,,,,,,,,,
02/03/2019 19:00,181049.311,91%,,,,,,,,,,
02/03/2019 20:00,185146.627,93%,,,,,,,,,,
02/03/2019 21:00,190960.28,95%,,,,,,,,,,
02/03/2019 22:00,194688.852,97%,,,,,,,,,,
02/03/2019 23:00,196593.742,98%,,,,,,,,,,
03/03/2019 00:00,197502.173,99%,,,,,,,,,,
03/03/2019 01:00,197862.322,99%,,,,,,,,,,
03/03/2019 02:00,198002.161,99%,,,,,,,,,,
03/03/2019 03:00,197991.628,99%,,,,,,,,,,
03/03/2019 04:00,197748.104,99%,,,,,,,,,,
03/03/2019 05:00,196983.642,98%,,,,,,,,,,
03/03/2019 06:00,195713.136,98%,,,,,,,,,,
03/03/2019 07:00,193663.236,97%,,,,,,,,,,
03/03/2019 08:00,192778.703,96%,,,,,,,,,,
03/03/2019 09:00,191410.973,96%,,,,,,,,,,
03/03/2019 10:00,189576.384,95%,,,,,,,,,,
03/03/2019 11:00,188137.465,94%,,,,,,,,,,
03/03/2019 12:00,181129.13,91%,,,,,,,,,,
03/03/2019 13:00,165324.271,83%,,,,,,,,,,
03/03/2019 14:00,132172.267,66%,,,,,,,,,,
03/03/2019 15:00,84187.54,42%,,,,,,,,,,
03/03/2019 16:00,55603.451,28%,,,,,,,,,,
03/03/2019 17:00,43944.221,22%,,,,,,,,,,
03/03/2019 18:00,33987.976,17%,,,,,,,,,,
03/03/2019 19:00,21475.913,11%,,,,,,,,,,
03/03/2019 20:00,15279.487,8%,,,,,,,,,,
03/03/2019 21:00,23543.321,12%,,,,,,,,,,
03/03/2019 22:00,42537.912,21%,,,,,,,,,,
03/03/2019 23:00,63212.907,32%,,,,,,,,,,
04/03/2019 00:00,89097.693,45%,,,,,,,,,,
04/03/2019 01:00,99447.447,50%,,,,,,,,,,
04/03/2019 02:00,96842.242,48%,,,,,,,,,,
04/03/2019 03:00,88899.097,44%,,,,,,,,,,
04/03/2019 04:00,87248.875,44%,,,,,,,,,,
04/03/2019 05:00,87583.918,44%,,,,,,,,,,
04/03/2019 06:00,91880.651,46%,,,,,,,,,,
04/03/2019 07:00,96840.932,48%,,,,,,,,,,
04/03/2019 08:00,97500.126,49%,,,,,,,,,,
04/03/2019 09:00,96291.64,48%,,,,,,,,,,
04/03/2019 10:00,117910.358,59%,,,,,,,,,,
04/03/2019 11:00,140064.684,70%,,,,,,,,,,
04/03/2019 12:00,147346.14,74%,,,,,,,,,,
04/03/2019 13:00,147354.213,74%,,,,,,,,,,
04/03/2019 14:00,141820.019,71%,,,,,,,,,,
04/03/2019 15:00,129945.576,65%,,,,,,,,,,
04/03/2019 16:00,118619.852,59%,,,,,,,,,,
04/03/2019 17:00,112785.675,56%,,,,,,,,,,
04/03/2019 18:00,106037.733,53%,,,,,,,,,,
04/03/2019 19:00,99085.315,50%,,,,,,,,,,
04/03/2019 20:00,94291.086,47%,,,,,,,,,,
04/03/2019 21:00,89757.205,45%,,,,,,,,,,
04/03/2019 22:00,82644.976,41%,,,,,,,,,,
04/03/2019 23:00,74346.595,37%,,,,,,,,,,
05/03/2019 00:00,62340.646,31%,,,,,,,,,,
05/03/2019 01:00,55138.816,28%,,,,,,,,,,
05/03/2019 02:00,46166.117,23%,,,,,,,,,,
05/03/2019 03:00,36521.3,18%,,,,,,,,,,
05/03/2019 04:00,28806.027,14%,,,,,,,,,,
05/03/2019 05:00,24696.783,12%,,,,,,,,,,
05/03/2019 06:00,22155.985,11%,,,,,,,,,,
05/03/2019 07:00,19229.143,10%,,,,,,,,,,
05/03/2019 08:00,14899.197,7%,,,,,,,,,,
05/03/2019 09:00,12614.883,6%,,,,,,,,,,
05/03/2019 10:00,12535.607,6%,,,,,,,,,,
05/03/2019 11:00,12961.145,6%,,,,,,,,,,
05/03/2019 12:00,16817.785,8%,,,,,,,,,,
05/03/2019 13:00,18049.488,9%,,,,,,,,,,
05/03/2019 14:00,14059.811,7%,,,,,,,,,,
05/03/2019 15:00,8530.659,4%,,,,,,,,,,
05/03/2019 16:00,8009.588,4%,,,,,,,,,,
05/03/2019 17:00,9412.356,5%,,,,,,,,,,
05/03/2019 18:00,9185.175,5%,,,,,,,,,,
05/03/2019 19:00,8233.406,4%,,,,,,,,,,
05/03/2019 20:00,10359.5,5%,,,,,,,,,,
05/03/2019 21:00,16462.717,8%,,,,,,,,,,
05/03/2019 22:00,24155.161,12%,,,,,,,,,,
05/03/2019 23:00,32472.422,16%,,,,,,,,,,
06/03/2019 00:00,43443.769,22%,,,,,,,,,,
06/03/2019 01:00,56370.093,28%,,,,,,,,,,
06/03/2019 02:00,72322.056,36%,,,,,,,,,,
06/03/2019 03:00,90064.942,45%,,,,,,,,,,
06/03/2019 04:00,110483.232,55%,,,,,,,,,,
06/03/2019 05:00,126234.825,63%,,,,,,,,,,
06/03/2019 06:00,140344.237,70%,,,,,,,,,,
06/03/2019 07:00,146140.006,73%,,,,,,,,,,
06/03/2019 08:00,145772.704,73%,,,,,,,,,,
06/03/2019 09:00,141615.737,71%,,,,,,,,,,
06/03/2019 10:00,122044.009,61%,,,,,,,,,,
06/03/2019 11:00,88302.69,44%,,,,,,,,,,
06/03/2019 12:00,58472.666,29%,,,,,,,,,,
06/03/2019 13:00,38746.942,19%,,,,,,,,,,
06/03/2019 14:00,26190.898,13%,,,,,,,,,,
06/03/2019 15:00,19676.261,10%,,,,,,,,,,
06/03/2019 16:00,20810.158,10%,,,,,,,,,,
06/03/2019 17:00,31257.648,16%,,,,,,,,,,
06/03/2019 18:00,40616.576,20%,,,,,,,,,,
06/03/2019 19:00,41210.212,21%,,,,,,,,,,
06/03/2019 20:00,37154.351,19%,,,,,,,,,,
06/03/2019 21:00,32443.911,16%,,,,,,,,,,
06/03/2019 22:00,29012.103,15%,,,,,,,,,,
06/03/2019 23:00,26367.817,13%,,,,,,,,,,
07/03/2019 00:00,22355.01,11%,,,,,,,,,,
07/03/2019 01:00,18626.941,9%,,,,,,,,,,
07/03/2019 02:00,20150.404,10%,,,,,,,,,,
07/03/2019 03:00,28805.304,14%,,,,,,,,,,
07/03/2019 04:00,51815.723,26%,,,,,,,,,,
07/03/2019 05:00,77815.666,39%,,,,,,,,,,
07/03/2019 06:00,100193.054,50%,,,,,,,,,,
07/03/2019 07:00,111463.387,56%,,,,,,,,,,
07/03/2019 08:00,125460.101,63%,,,,,,,,,,
07/03/2019 09:00,142145.42,71%,,,,,,,,,,
07/03/2019 10:00,164249.108,82%,,,,,,,,,,
07/03/2019 11:00,174852.664,87%,,,,,,,,,,
07/03/2019 12:00,178724.073,89%,,,,,,,,,,
07/03/2019 13:00,180565.238,90%,,,,,,,,,,
07/03/2019 14:00,179625.77,90%,,,,,,,,,,
07/03/2019 15:00,173477.001,87%,,,,,,,,,,
07/03/2019 16:00,166193.415,83%,,,,,,,,,,
07/03/2019 17:00,160259.821,80%,,,,,,,,,,
07/03/2019 18:00,151722.663,76%,,,,,,,,,,
07/03/2019 19:00,137869.033,69%,,,,,,,,,,
07/03/2019 20:00,117836.354,59%,,,,,,,,,,
07/03/2019 21:00,100098.188,50%,,,,,,,,,,
07/03/2019 22:00,80782.71,40%,,,,,,,,,,
07/03/2019 23:00,69324.82,35%,,,,,,,,,,
08/03/2019 00:00,59990.532,30%,,,,,,,,,,
08/03/2019 01:00,54485.623,27%,,,,,,,,,,
08/03/2019 02:00,40545.332,20%,,,,,,,,,,
08/03/2019 03:00,30917.266,15%,,,,,,,,,,
08/03/2019 04:00,34671.495,17%,,,,,,,,,,
08/03/2019 05:00,29620.853,15%,,,,,,,,,,
08/03/2019 06:00,27547.263,14%,,,,,,,,,,
08/03/2019 07:00,33341.475,17%,,,,,,,,,,
08/03/2019 08:00,38923.967,19%,,,,,,,,,,
08/03/2019 09:00,51056.495,26%,,,,,,,,,,
08/03/2019 10:00,72501.151,36%,,,,,,,,,,
08/03/2019 11:00,95740.781,48%,,,,,,,,,,
08/03/2019 12:00,117026.525,59%,,,,,,,,,,
08/03/2019 13:00,120246.69,60%,,,,,,,,,,
08/03/2019 14:00,118830.471,59%,,,,,,,,,,
08/03/2019 15:00,121334.12,61%,,,,,,,,,,
08/03/2019 16:00,110942.83,55%,,,,,,,,,,
08/03/2019 17:00,105755.042,53%,,,,,,,,,,
08/03/2019 18:00,116878.937,58%,,,,,,,,,,
08/03/2019 19:00,170178.292,85%,,,,,,,,,,
08/03/2019 20:00,188573.693,94%,,,,,,,,,,
08/03/2019 21:00,189406.172,95%,,,,,,,,,,
08/03/2019 22:00,189862.552,95%,,,,,,,,,,
08/03/2019 23:00,190062.363,95%,,,,,,,,,,
09/03/2019 00:00,188617.987,94%,,,,,,,,,,
09/03/2019 01:00,186135.272,93%,,,,,,,,,,
09/03/2019 02:00,182881.297,91%,,,,,,,,,,
09/03/2019 03:00,180466.331,90%,,,,,,,,,,
09/03/2019 04:00,178511.017,89%,,,,,,,,,,
09/03/2019 05:00,172293.93,86%,,,,,,,,,,
09/03/2019 06:00,161025.565,81%,,,,,,,,,,
09/03/2019 07:00,142049.116,71%,,,,,,,,,,
09/03/2019 08:00,117368.4,59%,,,,,,,,,,
09/03/2019 09:00,128812.461,64%,,,,,,,,,,
09/03/2019 10:00,142201.48,71%,,,,,,,,,,
09/03/2019 11:00,145013.021,73%,,,,,,,,,,
09/03/2019 12:00,157641.034,79%,,,,,,,,,,
09/03/2019 13:00,172929.377,86%,,,,,,,,,,
09/03/2019 14:00,181124.272,91%,,,,,,,,,,
09/03/2019 15:00,180036.703,90%,,,,,,,,,,
09/03/2019 16:00,175992.263,88%,,,,,,,,,,
09/03/2019 17:00,162757.757,81%,,,,,,,,,,
09/03/2019 18:00,145216.741,73%,,,,,,,,,,
09/03/2019 19:00,118610.515,59%,,,,,,,,,,
09/03/2019 20:00,102064.275,51%,,,,,,,,,,
09/03/2019 21:00,94410.977,47%,,,,,,,,,,
09/03/2019 22:00,78439.618,39%,,,,,,,,,,
09/03/2019 23:00,69845.752,35%,,,,,,,,,,
10/03/2019 00:00,59108.917,30%,,,,,,,,,,
10/03/2019 01:00,50721.618,25%,,,,,,,,,,
10/03/2019 02:00,36978.155,18%,,,,,,,,,,
10/03/2019 03:00,24368.808,12%,,,,,,,,,,
10/03/2019 04:00,17616.469,9%,,,,,,,,,,
10/03/2019 05:00,16960.97,8%,,,,,,,,,,
10/03/2019 06:00,23176.321,12%,,,,,,,,,,
10/03/2019 07:00,30401.373,15%,,,,,,,,,,
10/03/2019 08:00,41061.679,21%,,,,,,,,,,
10/03/2019 09:00,74508.458,37%,,,,,,,,,,
10/03/2019 10:00,118531.469,59%,,,,,,,,,,
10/03/2019 11:00,151212.659,76%,,,,,,,,,,
10/03/2019 12:00,166187.463,83%,,,,,,,,,,
10/03/2019 13:00,178043.776,89%,,,,,,,,,,
10/03/2019 14:00,181029.363,91%,,,,,,,,,,
10/03/2019 15:00,183317.415,92%,,,,,,,,,,
10/03/2019 16:00,184801.081,92%,,,,,,,,,,
10/03/2019 17:00,184855.786,92%,,,,,,,,,,
10/03/2019 18:00,183995.358,92%,,,,,,,,,,
10/03/2019 19:00,182735.616,91%,,,,,,,,,,
10/03/2019 20:00,180983.134,90%,,,,,,,,,,
10/03/2019 21:00,180661.47,90%,,,,,,,,,,
10/03/2019 22:00,178187.395,89%,,,,,,,,,,
10/03/2019 23:00,173366.999,87%,,,,,,,,,,
11/03/2019 00:00,170904.125,85%,,,,,,,,,,
11/03/2019 01:00,170406.539,85%,,,,,,,,,,
11/03/2019 02:00,169785.227,85%,,,,,,,,,,
11/03/2019 03:00,167785.715,84%,,,,,,,,,,
11/03/2019 04:00,162959.448,81%,,,,,,,,,,
11/03/2019 05:00,158583.055,79%,,,,,,,,,,
11/03/2019 06:00,157289.299,79%,,,,,,,,,,
11/03/2019 07:00,146635.762,73%,,,,,,,,,,
11/03/2019 08:00,118649.255,59%,,,,,,,,,,
11/03/2019 09:00,120319.539,60%,,,,,,,,,,
11/03/2019 10:00,135508.732,68%,,,,,,,,,,
11/03/2019 11:00,129265.029,65%,,,,,,,,,,
11/03/2019 12:00,116049.256,58%,,,,,,,,,,
11/03/2019 13:00,101082.148,51%,,,,,,,,,,
11/03/2019 14:00,98718.012,49%,,,,,,,,,,
11/03/2019 15:00,91883.113,46%,,,,,,,,,,
11/03/2019 16:00,90390.291,45%,,,,,,,,,,
11/03/2019 17:00,94635.896,47%,,,,,,,,,,
11/03/2019 18:00,121166.904,61%,,,,,,,,,,
11/03/2019 19:00,155458.286,78%,,,,,,,,,,
11/03/2019 20:00,173666.112,87%,,,,,,,,,,
11/03/2019 21:00,185139.953,93%,,,,,,,,,,
11/03/2019 22:00,191407.237,96%,,,,,,,,,,
11/03/2019 23:00,192691.856,96%,,,,,,,,,,
12/03/2019 00:00,181761.167,91%,,,,,,,,,,
12/03/2019 01:00,166879.655,83%,,,,,,,,,,
12/03/2019 02:00,162587.319,81%,,,,,,,,,,
12/03/2019 03:00,162406.795,81%,,,,,,,,,,
12/03/2019 04:00,153174.323,77%,,,,,,,,,,
12/03/2019 05:00,150407.105,75%,,,,,,,,,,
12/03/2019 06:00,147758.235,74%,,,,,,,,,,
12/03/2019 07:00,143570.093,72%,,,,,,,,,,
12/03/2019 08:00,139369.073,70%,,,,,,,,,,
12/03/2019 09:00,143569.053,72%,,,,,,,,,,
12/03/2019 10:00,158906.374,79%,,,,,,,,,,
12/03/2019 11:00,172061.391,86%,,,,,,,,,,
12/03/2019 12:00,181068.308,91%,,,,,,,,,,
12/03/2019 13:00,189127.805,95%,,,,,,,,,,
12/03/2019 14:00,194215.942,97%,,,,,,,,,,
12/03/2019 15:00,196258.873,98%,,,,,,,,,,
12/03/2019 16:00,197264.367,99%,,,,,,,,,,
12/03/2019 17:00,197595.437,99%,,,,,,,,,,
12/03/2019 18:00,196225.237,98%,,,,,,,,,,
12/03/2019 19:00,193829.314,97%,,,,,,,,,,
12/03/2019 20:00,193145.759,97%,,,,,,,,,,
12/03/2019 21:00,193133.247,97%,,,,,,,,,,
12/03/2019 22:00,193958.302,97%,,,,,,,,,,
12/03/2019 23:00,194594.534,97%,,,,,,,,,,
13/03/2019 00:00,195577.121,98%,,,,,,,,,,
13/03/2019 01:00,197403.264,99%,,,,,,,,,,
13/03/2019 02:00,198254.33,99%,,,,,,,,,,
13/03/2019 03:00,198140.713,99%,,,,,,,,,,
13/03/2019 04:00,198253.673,99%,,,,,,,,,,
13/03/2019 05:00,197778.936,99%,,,,,,,,,,
13/03/2019 06:00,195622.389,98%,,,,,,,,,,
13/03/2019 07:00,192053.314,96%,,,,,,,,,,
13/03/2019 08:00,188449.783,94%,,,,,,,,,,
13/03/2019 09:00,185477.728,93%,,,,,,,,,,
13/03/2019 10:00,184231.273,92%,,,,,,,,,,
13/03/2019 11:00,184375.926,92%,,,,,,,,,,
13/03/2019 12:00,183883.624,92%,,,,,,,,,,
13/03/2019 13:00,181556.733,91%,,,,,,,,,,
13/03/2019 14:00,180179.866,90%,,,,,,,,,,
13/03/2019 15:00,165822.234,83%,,,,,,,,,,
13/03/2019 16:00,155311.277,78%,,,,,,,,,,
13/03/2019 17:00,149895.825,75%,,,,,,,,,,
13/03/2019 18:00,138944.791,69%,,,,,,,,,,
13/03/2019 19:00,132684.404,66%,,,,,,,,,,
13/03/2019 20:00,142896.54,71%,,,,,,,,,,
13/03/2019 21:00,160223.96,80%,,,,,,,,,,
13/03/2019 22:00,173996.506,87%,,,,,,,,,,
13/03/2019 23:00,173679.548,87%,,,,,,,,,,
14/03/2019 00:00,170205.296,85%,,,,,,,,,,
14/03/2019 01:00,170186.955,85%,,,,,,,,,,
14/03/2019 02:00,165748.524,83%,,,,,,,,,,
14/03/2019 03:00,159349.973,80%,,,,,,,,,,
14/03/2019 04:00,152864.923,76%,,,,,,,,,,
14/03/2019 05:00,159345.092,80%,,,,,,,,,,
14/03/2019 06:00,174465.111,87%,,,,,,,,,,
14/03/2019 07:00,173754.371,87%,,,,,,,,,,
14/03/2019 08:00,170586.939,85%,,,,,,,,,,
14/03/2019 09:00,174771.642,87%,,,,,,,,,,
14/03/2019 10:00,179573.076,90%,,,,,,,,,,
14/03/2019 11:00,179995.382,90%,,,,,,,,,,
14/03/2019 12:00,182228.562,91%,,,,,,,,,,
14/03/2019 13:00,183736.42,92%,,,,,,,,,,
14/03/2019 14:00,181273.566,91%,,,,,,,,,,
14/03/2019 15:00,172401.386,86%,,,,,,,,,,
14/03/2019 16:00,155565.35,78%,,,,,,,,,,
14/03/2019 17:00,146173.589,73%,,,,,,,,,,
14/03/2019 18:00,135570.634,68%,,,,,,,,,,
14/03/2019 19:00,119999.238,60%,,,,,,,,,,
14/03/2019 20:00,109487.019,55%,,,,,,,,,,
14/03/2019 21:00,97317.82,49%,,,,,,,,,,
14/03/2019 22:00,82791.565,41%,,,,,,,,,,
14/03/2019 23:00,83084.789,42%,,,,,,,,,,
15/03/2019 00:00,90804.67,45%,,,,,,,,,,
15/03/2019 01:00,111837.905,56%,,,,,,,,,,
15/03/2019 02:00,132335.893,66%,,,,,,,,,,
15/03/2019 03:00,151944.585,76%,,,,,,,,,,
15/03/2019 04:00,169205.777,85%,,,,,,,,,,
15/03/2019 05:00,180951.738,90%,,,,,,,,,,
15/03/2019 06:00,184732.034,92%,,,,,,,,,,
15/03/2019 07:00,183679.962,92%,,,,,,,,,,
15/03/2019 08:00,184964.633,92%,,,,,,,,,,
15/03/2019 09:00,190119.101,95%,,,,,,,,,,
15/03/2019 10:00,192384.967,96%,,,,,,,,,,
15/03/2019 11:00,193136.637,97%,,,,,,,,,,
15/03/2019 12:00,192817.861,96%,,,,,,,,,,
15/03/2019 13:00,192574.941,96%,,,,,,,,,,
15/03/2019 14:00,191089.59,96%,,,,,,,,,,
15/03/2019 15:00,186934.413,93%,,,,,,,,,,
15/03/2019 16:00,181762.948,91%,,,,,,,,,,
15/03/2019 17:00,176022.249,88%,,,,,,,,,,
15/03/2019 18:00,166433.843,83%,,,,,,,,,,
15/03/2019 19:00,152689.299,76%,,,,,,,,,,
15/03/2019 20:00,141686.45,71%,,,,,,,,,,
15/03/2019 21:00,128524.321,64%,,,,,,,,,,
15/03/2019 22:00,109945.455,55%,,,,,,,,,,
15/03/2019 23:00,93893.223,47%,,,,,,,,,,
16/03/2019 00:00,81043.727,41%,,,,,,,,,,
16/03/2019 01:00,69354.012,35%,,,,,,,,,,
16/03/2019 02:00,58495.341,29%,,,,,,,,,,
16/03/2019 03:00,42759.992,21%,,,,,,,,,,
16/03/2019 04:00,30916.262,15%,,,,,,,,,,
16/03/2019 05:00,21126.306,11%,,,,,,,,,,
16/03/2019 06:00,18040.617,9%,,,,,,,,,,
16/03/2019 07:00,22469.152,11%,,,,,,,,,,
16/03/2019 08:00,40651.067,20%,,,,,,,,,,
16/03/2019 09:00,64016.344,32%,,,,,,,,,,
16/03/2019 10:00,78932.19,39%,,,,,,,,,,
16/03/2019 11:00,68898.284,34%,,,,,,,,,,
16/03/2019 12:00,49733.313,25%,,,,,,,,,,
16/03/2019 13:00,43850.169,22%,,,,,,,,,,
16/03/2019 14:00,46530.301,23%,,,,,,,,,,
16/03/2019 15:00,52984.422,26%,,,,,,,,,,
16/03/2019 16:00,61988.269,31%,,,,,,,,,,
16/03/2019 17:00,81025.48,41%,,,,,,,,,,
16/03/2019 18:00,94434.027,47%,,,,,,,,,,
16/03/2019 19:00,104546.842,52%,,,,,,,,,,
16/03/2019 20:00,107514.905,54%,,,,,,,,,,
16/03/2019 21:00,105510.559,53%,,,,,,,,,,
16/03/2019 22:00,112514.787,56%,,,,,,,,,,
16/03/2019 23:00,119621.39,60%,,,,,,,,,,
17/03/2019 00:00,142317.555,71%,,,,,,,,,,
17/03/2019 01:00,149572.771,75%,,,,,,,,,,
17/03/2019 02:00,161526.656,81%,,,,,,,,,,
17/03/2019 03:00,165745.474,83%,,,,,,,,,,
17/03/2019 04:00,166332.691,83%,,,,,,,,,,
17/03/2019 05:00,163645.704,82%,,,,,,,,,,
17/03/2019 06:00,157277.584,79%,,,,,,,,,,
17/03/2019 07:00,145612.165,73%,,,,,,,,,,
17/03/2019 08:00,132830.229,66%,,,,,,,,,,
17/03/2019 09:00,134251.891,67%,,,,,,,,,,
17/03/2019 10:00,139402.693,70%,,,,,,,,,,
17/03/2019 11:00,147353.923,74%,,,,,,,,,,
17/03/2019 12:00,153076.067,77%,,,,,,,,,,
17/03/2019 13:00,154604.651,77%,,,,,,,,,,
17/03/2019 14:00,152698.181,76%,,,,,,,,,,
17/03/2019 15:00,145421.697,73%,,,,,,,,,,
17/03/2019 16:00,135635.285,68%,,,,,,,,,,
17/03/2019 17:00,130216.42,65%,,,,,,,,,,
17/03/2019 18:00,124161.748,62%,,,,,,,,,,
17/03/2019 19:00,105069.142,53%,,,,,,,,,,
17/03/2019 20:00,87357.724,44%,,,,,,,,,,
17/03/2019 21:00,88856.555,44%,,,,,,,,,,
17/03/2019 22:00,90776.867,45%,,,,,,,,,,
17/03/2019 23:00,87856.725,44%,,,,,,,,,,
18/03/2019 00:00,80779.846,40%,,,,,,,,,,
18/03/2019 01:00,71027.298,36%,,,,,,,,,,
18/03/2019 02:00,62130.503,31%,,,,,,,,,,
18/03/2019 03:00,51146.549,26%,,,,,,,,,,
18/03/2019 04:00,39012.515,20%,,,,,,,,,,
18/03/2019 05:00,32024.016,16%,,,,,,,,,,
18/03/2019 06:00,29377.505,15%,,,,,,,,,,
18/03/2019 07:00,28463.468,14%,,,,,,,,,,
18/03/2019 08:00,24228.724,12%,,,,,,,,,,
18/03/2019 09:00,20564.449,10%,,,,,,,,,,
18/03/2019 10:00,20456.969,10%,,,,,,,,,,
18/03/2019 11:00,20075.65,10%,,,,,,,,,,
18/03/2019 12:00,20489.138,10%,,,,,,,,,,
18/03/2019 13:00,18687.34,9%,,,,,,,,,,
18/03/2019 14:00,16336.333,8%,,,,,,,,,,
18/03/2019 15:00,15284.649,8%,,,,,,,,,,
18/03/2019 16:00,13879.873,7%,,,,,,,,,,
18/03/2019 17:00,16404.79,8%,,,,,,,,,,
18/03/2019 18:00,20817.545,10%,,,,,,,,,,
18/03/2019 19:00,23651.682,12%,,,,,,,,,,
18/03/2019 20:00,25192.016,13%,,,,,,,,,,
18/03/2019 21:00,27562.588,14%,,,,,,,,,,
18/03/2019 22:00,33605.126,17%,,,,,,,,,,
18/03/2019 23:00,38330.72,19%,,,,,,,,,,
19/03/2019 00:00,40540.042,20%,,,,,,,,,,
19/03/2019 01:00,40168.605,20%,,,,,,,,,,
19/03/2019 02:00,42144.206,21%,,,,,,,,,,
19/03/2019 03:00,47477.522,24%,,,,,,,,,,
19/03/2019 04:00,52918.398,26%,,,,,,,,,,
19/03/2019 05:00,58267.056,29%,,,,,,,,,,
19/03/2019 06:00,64834.853,32%,,,,,,,,,,
19/03/2019 07:00,68295.158,34%,,,,,,,,,,
19/03/2019 08:00,62483.293,31%,,,,,,,,,,
19/03/2019 09:00,93960.429,47%,,,,,,,,,,
19/03/2019 10:00,117418.728,59%,,,,,,,,,,
19/03/2019 11:00,124593,62%,,,,,,,,,,
19/03/2019 12:00,123982.134,62%,,,,,,,,,,
19/03/2019 13:00,117121.091,59%,,,,,,,,,,
19/03/2019 14:00,108867.2,54%,,,,,,,,,,
19/03/2019 15:00,95742.55,48%,,,,,,,,,,
19/03/2019 16:00,108198.934,54%,,,,,,,,,,
19/03/2019 17:00,129389.331,65%,,,,,,,,,,
19/03/2019 18:00,126754.822,63%,,,,,,,,,,
19/03/2019 19:00,121754.438,61%,,,,,,,,,,
19/03/2019 20:00,107486.634,54%,,,,,,,,,,
19/03/2019 21:00,112823.658,56%,,,,,,,,,,
19/03/2019 22:00,113928.623,57%,,,,,,,,,,
19/03/2019 23:00,111771.691,56%,,,,,,,,,,
20/03/2019 00:00,104319.379,52%,,,,,,,,,,
20/03/2019 01:00,98768.416,49%,,,,,,,,,,
20/03/2019 02:00,89446.21,45%,,,,,,,,,,
20/03/2019 03:00,83948.144,42%,,,,,,,,,,
20/03/2019 04:00,77734.87,39%,,,,,,,,,,
20/03/2019 05:00,77126.49,39%,,,,,,,,,,
20/03/2019 06:00,70476.428,35%,,,,,,,,,,
20/03/2019 07:00,50552.539,25%,,,,,,,,,,
20/03/2019 08:00,38797.15,19%,,,,,,,,,,
20/03/2019 09:00,46896.047,23%,,,,,,,,,,
20/03/2019 10:00,63405.347,32%,,,,,,,,,,
20/03/2019 11:00,81187.636,41%,,,,,,,,,,
20/03/2019 12:00,100866.695,50%,,,,,,,,,,
20/03/2019 13:00,115259.114,58%,,,,,,,,,,
20/03/2019 14:00,126484.258,63%,,,,,,,,,,
20/03/2019 15:00,129140.44,65%,,,,,,,,,,
20/03/2019 16:00,133009.368,67%,,,,,,,,,,
20/03/2019 17:00,144848.561,72%,,,,,,,,,,
20/03/2019 18:00,155349.011,78%,,,,,,,,,,
20/03/2019 19:00,158320.781,79%,,,,,,,,,,
20/03/2019 20:00,161210.527,81%,,,,,,,,,,
20/03/2019 21:00,170311.684,85%,,,,,,,,,,
20/03/2019 22:00,173249.518,87%,,,,,,,,,,
20/03/2019 23:00,170397.628,85%,,,,,,,,,,
21/03/2019 00:00,165740.02,83%,,,,,,,,,,
21/03/2019 01:00,160047.902,80%,,,,,,,,,,
21/03/2019 02:00,154386.873,77%,,,,,,,,,,
21/03/2019 03:00,151981.55,76%,,,,,,,,,,
21/03/2019 04:00,147752.644,74%,,,,,,,,,,
21/03/2019 05:00,140923.111,70%,,,,,,,,,,
21/03/2019 06:00,118724.544,59%,,,,,,,,,,
21/03/2019 07:00,91827.1,46%,,,,,,,,,,
21/03/2019 08:00,75451.69,38%,,,,,,,,,,
21/03/2019 09:00,62126.559,31%,,,,,,,,,,
21/03/2019 10:00,53612.648,27%,,,,,,,,,,
21/03/2019 11:00,45784.233,23%,,,,,,,,,,
21/03/2019 12:00,36859.783,18%,,,,,,,,,,
21/03/2019 13:00,27661.866,14%,,,,,,,,,,
21/03/2019 14:00,20441.144,10%,,,,,,,,,,
21/03/2019 15:00,21502.201,11%,,,,,,,,,,
21/03/2019 16:00,32987.566,16%,,,,,,,,,,
21/03/2019 17:00,49738.65,25%,,,,,,,,,,
21/03/2019 18:00,66036.768,33%,,,,,,,,,,
21/03/2019 19:00,72702.231,36%,,,,,,,,,,
21/03/2019 20:00,83714.374,42%,,,,,,,,,,
21/03/2019 21:00,89952.335,45%,,,,,,,,,,
21/03/2019 22:00,78687.206,39%,,,,,,,,,,
21/03/2019 23:00,80794.919,40%,,,,,,,,,,
22/03/2019 00:00,89401.099,45%,,,,,,,,,,
22/03/2019 01:00,102611.419,51%,,,,,,,,,,
22/03/2019 02:00,116302.342,58%,,,,,,,,,,
22/03/2019 03:00,132065.043,66%,,,,,,,,,,
22/03/2019 04:00,138044.925,69%,,,,,,,,,,
22/03/2019 05:00,161862.982,81%,,,,,,,,,,
22/03/2019 06:00,165752.437,83%,,,,,,,,,,
22/03/2019 07:00,173171.014,87%,,,,,,,,,,
22/03/2019 08:00,185283.42,93%,,,,,,,,,,
22/03/2019 09:00,187820.276,94%,,,,,,,,,,
22/03/2019 10:00,187949.208,94%,,,,,,,,,,
22/03/2019 11:00,183399.302,92%,,,,,,,,,,
22/03/2019 12:00,179571.472,90%,,,,,,,,,,
22/03/2019 13:00,175839.459,88%,,,,,,,,,,
22/03/2019 14:00,175839.018,88%,,,,,,,,,,
22/03/2019 15:00,177827.933,89%,,,,,,,,,,
22/03/2019 16:00,176652.88,88%,,,,,,,,,,
22/03/2019 17:00,171421.476,86%,,,,,,,,,,
22/03/2019 18:00,168282.529,84%,,,,,,,,,,
22/03/2019 19:00,166655.363,83%,,,,,,,,,,
22/03/2019 20:00,165147.579,83%,,,,,,,,,,
22/03/2019 21:00,166188.158,83%,,,,,,,,,,
22/03/2019 22:00,169040.807,85%,,,,,,,,,,
22/03/2019 23:00,167096.419,84%,,,,,,,,,,
23/03/2019 00:00,164526.574,82%,,,,,,,,,,
23/03/2019 01:00,165804.945,83%,,,,,,,,,,
23/03/2019 02:00,166538.024,83%,,,,,,,,,,
23/03/2019 03:00,164575.369,82%,,,,,,,,,,
23/03/2019 04:00,160357.551,80%,,,,,,,,,,
23/03/2019 05:00,154910.384,77%,,,,,,,,,,
23/03/2019 06:00,145207.726,73%,,,,,,,,,,
23/03/2019 07:00,126810.311,63%,,,,,,,,,,
23/03/2019 08:00,116699.929,58%,,,,,,,,,,
23/03/2019 09:00,130641.968,65%,,,,,,,,,,
23/03/2019 10:00,132184.838,66%,,,,,,,,,,
23/03/2019 11:00,123573.723,62%,,,,,,,,,,
23/03/2019 12:00,113273.864,57%,,,,,,,,,,
23/03/2019 13:00,105394.678,53%,,,,,,,,,,
23/03/2019 14:00,104514.474,52%,,,,,,,,,,
23/03/2019 15:00,106259.371,53%,,,,,,,,,,
23/03/2019 16:00,89401.949,45%,,,,,,,,,,
23/03/2019 17:00,77171.278,39%,,,,,,,,,,
23/03/2019 18:00,78856.827,39%,,,,,,,,,,
23/03/2019 19:00,73380.585,37%,,,,,,,,,,
23/03/2019 20:00,72975.266,36%,,,,,,,,,,
23/03/2019 21:00,81913.073,41%,,,,,,,,,,
23/03/2019 22:00,89588.969,45%,,,,,,,,,,
23/03/2019 23:00,100144.779,50%,,,,,,,,,,
24/03/2019 00:00,113690.631,57%,,,,,,,,,,
24/03/2019 01:00,117619.534,59%,,,,,,,,,,
24/03/2019 02:00,123572.718,62%,,,,,,,,,,
24/03/2019 03:00,127273.346,64%,,,,,,,,,,
24/03/2019 04:00,134812.904,67%,,,,,,,,,,
24/03/2019 05:00,141391.609,71%,,,,,,,,,,
24/03/2019 06:00,146867.956,73%,,,,,,,,,,
24/03/2019 07:00,161982.695,81%,,,,,,,,,,
24/03/2019 08:00,173585.659,87%,,,,,,,,,,
24/03/2019 09:00,180526.481,90%,,,,,,,,,,
24/03/2019 10:00,186939.01,93%,,,,,,,,,,
24/03/2019 11:00,189553.156,95%,,,,,,,,,,
24/03/2019 12:00,191404.531,96%,,,,,,,,,,
24/03/2019 13:00,193131.431,97%,,,,,,,,,,
24/03/2019 14:00,192997.935,96%,,,,,,,,,,
24/03/2019 15:00,189626.506,95%,,,,,,,,,,
24/03/2019 16:00,185803.398,93%,,,,,,,,,,
24/03/2019 17:00,183202.611,92%,,,,,,,,,,
24/03/2019 18:00,181152.168,91%,,,,,,,,,,
24/03/2019 19:00,177692.101,89%,,,,,,,,,,
24/03/2019 20:00,173384.245,87%,,,,,,,,,,
24/03/2019 21:00,168132.663,84%,,,,,,,,,,
24/03/2019 22:00,165737.184,83%,,,,,,,,,,
24/03/2019 23:00,163605.285,82%,,,,,,,,,,
25/03/2019 00:00,159795.568,80%,,,,,,,,,,
25/03/2019 01:00,152304.992,76%,,,,,,,,,,
25/03/2019 02:00,138021.348,69%,,,,,,,,,,
25/03/2019 03:00,112208.899,56%,,,,,,,,,,
25/03/2019 04:00,113618.301,57%,,,,,,,,,,
25/03/2019 05:00,119682.815,60%,,,,,,,,,,
25/03/2019 06:00,113198.827,57%,,,,,,,,,,
25/03/2019 07:00,92706.128,46%,,,,,,,,,,
25/03/2019 08:00,81347.853,41%,,,,,,,,,,
25/03/2019 09:00,68226.522,34%,,,,,,,,,,
25/03/2019 10:00,49716.623,25%,,,,,,,,,,
25/03/2019 11:00,40202.606,20%,,,,,,,,,,
25/03/2019 12:00,41959.051,21%,,,,,,,,,,
25/03/2019 13:00,49950.658,25%,,,,,,,,,,
25/03/2019 14:00,56876.7,28%,,,,,,,,,,
25/03/2019 15:00,60994.616,30%,,,,,,,,,,
25/03/2019 16:00,50364.434,25%,,,,,,,,,,
25/03/2019 17:00,37891.732,19%,,,,,,,,,,
25/03/2019 18:00,36062.208,18%,,,,,,,,,,
25/03/2019 19:00,41172.172,21%,,,,,,,,,,
25/03/2019 20:00,50691.834,25%,,,,,,,,,,
25/03/2019 21:00,59585.477,30%,,,,,,,,,,
25/03/2019 22:00,67285.322,34%,,,,,,,,,,
25/03/2019 23:00,72862.856,36%,,,,,,,,,,
26/03/2019 00:00,76347.086,38%,,,,,,,,,,
26/03/2019 01:00,82005.594,41%,,,,,,,,,,
26/03/2019 02:00,90303.031,45%,,,,,,,,,,
26/03/2019 03:00,93085.501,47%,,,,,,,,,,
26/03/2019 04:00,97712.63,49%,,,,,,,,,,
26/03/2019 05:00,99594.332,50%,,,,,,,,,,
26/03/2019 06:00,97747.36,49%,,,,,,,,,,
26/03/2019 07:00,90778.237,45%,,,,,,,,,,
26/03/2019 08:00,102610.422,51%,,,,,,,,,,
26/03/2019 09:00,122559.117,61%,,,,,,,,,,
26/03/2019 10:00,129568.674,65%,,,,,,,,,,
26/03/2019 11:00,136034.887,68%,,,,,,,,,,
26/03/2019 12:00,141567.737,71%,,,,,,,,,,
26/03/2019 13:00,144002.668,72%,,,,,,,,,,
26/03/2019 14:00,144850.445,72%,,,,,,,,,,
26/03/2019 15:00,142679.709,71%,,,,,,,,,,
26/03/2019 16:00,130304.687,65%,,,,,,,,,,
26/03/2019 17:00,114970.939,57%,,,,,,,,,,
26/03/2019 18:00,112445.196,56%,,,,,,,,,,
26/03/2019 19:00,106429.557,53%,,,,,,,,,,
26/03/2019 20:00,98800.309,49%,,,,,,,,,,
26/03/2019 21:00,100948.021,50%,,,,,,,,,,
26/03/2019 22:00,103254.409,52%,,,,,,,,,,
26/03/2019 23:00,105458.589,53%,,,,,,,,,,
27/03/2019 00:00,100910.575,50%,,,,,,,,,,
27/03/2019 01:00,99130.509,50%,,,,,,,,,,
27/03/2019 02:00,94381.842,47%,,,,,,,,,,
27/03/2019 03:00,99690.014,50%,,,,,,,,,,
27/03/2019 04:00,102063.752,51%,,,,,,,,,,
27/03/2019 05:00,100832.073,50%,,,,,,,,,,
27/03/2019 06:00,100745.256,50%,,,,,,,,,,
27/03/2019 07:00,93741.884,47%,,,,,,,,,,
27/03/2019 08:00,95191.634,48%,,,,,,,,,,
27/03/2019 09:00,112330.179,56%,,,,,,,,,,
27/03/2019 10:00,120940.334,60%,,,,,,,,,,
27/03/2019 11:00,125021.228,63%,,,,,,,,,,
27/03/2019 12:00,127104.246,64%,,,,,,,,,,
27/03/2019 13:00,128578.118,64%,,,,,,,,,,
27/03/2019 14:00,128816.217,64%,,,,,,,,,,
27/03/2019 15:00,119538.875,60%,,,,,,,,,,
27/03/2019 16:00,103705.755,52%,,,,,,,,,,
27/03/2019 17:00,90780.433,45%,,,,,,,,,,
27/03/2019 18:00,96282.85,48%,,,,,,,,,,
27/03/2019 19:00,92710.233,46%,,,,,,,,,,
27/03/2019 20:00,92125.416,46%,,,,,,,,,,
27/03/2019 21:00,97670.267,49%,,,,,,,,,,
27/03/2019 22:00,98411.135,49%,,,,,,,,,,
27/03/2019 23:00,94004.651,47%,,,,,,,,,,
28/03/2019 00:00,93470.405,47%,,,,,,,,,,
28/03/2019 01:00,86737.921,43%,,,,,,,,,,
28/03/2019 02:00,83161.429,42%,,,,,,,,,,
28/03/2019 03:00,82543.798,41%,,,,,,,,,,
28/03/2019 04:00,82687.096,41%,,,,,,,,,,
28/03/2019 05:00,83902.37,42%,,,,,,,,,,
28/03/2019 06:00,82674.908,41%,,,,,,,,,,
28/03/2019 07:00,75982.156,38%,,,,,,,,,,
28/03/2019 08:00,89693.422,45%,,,,,,,,,,
28/03/2019 09:00,111462.953,56%,,,,,,,,,,
28/03/2019 10:00,114222.181,57%,,,,,,,,,,
28/03/2019 11:00,118236.624,59%,,,,,,,,,,
28/03/2019 12:00,126591.359,63%,,,,,,,,,,
28/03/2019 13:00,135892.271,68%,,,,,,,,,,
28/03/2019 14:00,143003.325,72%,,,,,,,,,,
28/03/2019 15:00,144846.38,72%,,,,,,,,,,
28/03/2019 16:00,135214.68,68%,,,,,,,,,,
28/03/2019 17:00,129666.117,65%,,,,,,,,,,
28/03/2019 18:00,135092.19,68%,,,,,,,,,,
28/03/2019 19:00,132438.167,66%,,,,,,,,,,
28/03/2019 20:00,124958.363,62%,,,,,,,,,,
28/03/2019 21:00,120526.857,60%,,,,,,,,,,
28/03/2019 22:00,113460.184,57%,,,,,,,,,,
28/03/2019 23:00,113131.241,57%,,,,,,,,,,
29/03/2019 00:00,105586.36,53%,,,,,,,,,,
29/03/2019 01:00,117973.332,59%,,,,,,,,,,
29/03/2019 02:00,128831.859,64%,,,,,,,,,,
29/03/2019 03:00,139088.787,70%,,,,,,,,,,
29/03/2019 04:00,134700.744,67%,,,,,,,,,,
29/03/2019 05:00,137990.752,69%,,,,,,,,,,
29/03/2019 06:00,134345.385,67%,,,,,,,,,,
29/03/2019 07:00,127952.574,64%,,,,,,,,,,
29/03/2019 08:00,123571.804,62%,,,,,,,,,,
29/03/2019 09:00,126739.483,63%,,,,,,,,,,
29/03/2019 10:00,129373.949,65%,,,,,,,,,,
29/03/2019 11:00,130654.015,65%,,,,,,,,,,
29/03/2019 12:00,129106.36,65%,,,,,,,,,,
29/03/2019 13:00,128083.528,64%,,,,,,,,,,
29/03/2019 14:00,124094.773,62%,,,,,,,,,,
29/03/2019 15:00,109203.647,55%,,,,,,,,,,
29/03/2019 16:00,89292.839,45%,,,,,,,,,,
29/03/2019 17:00,75498.64,38%,,,,,,,,,,
29/03/2019 18:00,78715.376,39%,,,,,,,,,,
29/03/2019 19:00,83199.517,42%,,,,,,,,,,
29/03/2019 20:00,83428.143,42%,,,,,,,,,,
29/03/2019 21:00,81897.814,41%,,,,,,,,,,
29/03/2019 22:00,79556.644,40%,,,,,,,,,,
29/03/2019 23:00,80096.986,40%,,,,,,,,,,
30/03/2019 00:00,79559.144,40%,,,,,,,,,,
30/03/2019 01:00,70029.442,35%,,,,,,,,,,
30/03/2019 02:00,58819.376,29%,,,,,,,,,,
30/03/2019 03:00,56713.729,28%,,,,,,,,,,
30/03/2019 04:00,58994.837,29%,,,,,,,,,,
30/03/2019 05:00,51805.85,26%,,,,,,,,,,
30/03/2019 06:00,44948.423,22%,,,,,,,,,,
30/03/2019 07:00,41283.156,21%,,,,,,,,,,
30/03/2019 08:00,47969.942,24%,,,,,,,,,,
30/03/2019 09:00,56137.689,28%,,,,,,,,,,
30/03/2019 10:00,62653.476,31%,,,,,,,,,,
30/03/2019 11:00,68175.573,34%,,,,,,,,,,
30/03/2019 12:00,73382.691,37%,,,,,,,,,,
30/03/2019 13:00,75508.736,38%,,,,,,,,,,
30/03/2019 14:00,76921.68,38%,,,,,,,,,,
30/03/2019 15:00,76426.07,38%,,,,,,,,,,
30/03/2019 16:00,72465.723,36%,,,,,,,,,,
30/03/2019 17:00,62754.525,31%,,,,,,,,,,
30/03/2019 18:00,58811.799,29%,,,,,,,,,,
30/03/2019 19:00,51818.932,26%,,,,,,,,,,
30/03/2019 20:00,42791.47,21%,,,,,,,,,,
30/03/2019 21:00,36139.342,18%,,,,,,,,,,
30/03/2019 22:00,30503.459,15%,,,,,,,,,,
30/03/2019 23:00,26440.323,13%,,,,,,,,,,
31/03/2019 00:00,23811.984,12%,,,,,,,,,,
31/03/2019 01:00,22041.532,11%,,,,,,,,,,
31/03/2019 02:00,20251.841,10%,,,,,,,,,,
31/03/2019 03:00,19979.248,10%,,,,,,,,,,
31/03/2019 04:00,18960.298,9%,,,,,,,,,,
31/03/2019 05:00,17307.334,9%,,,,,,,,,,
31/03/2019 06:00,15419.131,8%,,,,,,,,,,
31/03/2019 07:00,9087.899,5%,,,,,,,,,,
31/03/2019 08:00,4018.568,2%,,,,,,,,,,
31/03/2019 09:00,2063.537,1%,,,,,,,,,,
31/03/2019 10:00,2156.217,1%,,,,,,,,,,
31/03/2019 11:00,2941.144,1%,,,,,,,,,,
31/03/2019 12:00,4356.453,2%,,,,,,,,,,
31/03/2019 13:00,5993.149,3%,,,,,,,,,,
31/03/2019 14:00,7526.246,4%,,,,,,,,,,
31/03/2019 15:00,9430.215,5%,,,,,,,,,,
31/03/2019 16:00,13515.104,7%,,,,,,,,,,
31/03/2019 17:00,22477.588,11%,,,,,,,,,,
31/03/2019 18:00,39917.201,20%,,,,,,,,,,
31/03/2019 19:00,53804.79,27%,,,,,,,,,,
31/03/2019 20:00,56496.634,28%,,,,,,,,,,
31/03/2019 21:00,51691.013,26%,,,,,,,,,,
31/03/2019 22:00,46852.09,23%,,,,,,,,,,
31/03/2019 23:00,43688.346,22%,,,,,,,,,,
01/04/2019 00:00,40690.083,20%,,,,,,,,,,
01/04/2019 01:00,39261.028,20%,,,,,,,,,,
01/04/2019 02:00,40785.298,20%,,,,,,,,,,
01/04/2019 03:00,42075.296,21%,,,,,,,,,,
01/04/2019 04:00,44613.102,22%,,,,,,,,,,
01/04/2019 05:00,43297.126,22%,,,,,,,,,,
01/04/2019 06:00,40279.377,20%,,,,,,,,,,
01/04/2019 07:00,42775.964,21%,,,,,,,,,,
01/04/2019 08:00,52746.091,26%,,,,,,,,,,
01/04/2019 09:00,70707.899,35%,,,,,,,,,,
01/04/2019 10:00,80990.824,40%,,,,,,,,,,
01/04/2019 11:00,86632.404,43%,,,,,,,,,,
01/04/2019 12:00,94111.374,47%,,,,,,,,,,
01/04/2019 13:00,101840.423,51%,,,,,,,,,,
01/04/2019 14:00,105682.49,53%,,,,,,,,,,
01/04/2019 15:00,101453.072,51%,,,,,,,,,,
01/04/2019 16:00,92798.41,46%,,,,,,,,,,
01/04/2019 17:00,90235.358,45%,,,,,,,,,,
01/04/2019 18:00,88849.026,44%,,,,,,,,,,
01/04/2019 19:00,82549.664,41%,,,,,,,,,,
01/04/2019 20:00,71007.373,36%,,,,,,,,,,
01/04/2019 21:00,65030.323,33%,,,,,,,,,,
01/04/2019 22:00,51410.452,26%,,,,,,,,,,
01/04/2019 23:00,42714.912,21%,,,,,,,,,,
02/04/2019 00:00,34238.721,17%,,,,,,,,,,
02/04/2019 01:00,26103.047,13%,,,,,,,,,,
02/04/2019 02:00,24205.76,12%,,,,,,,,,,
02/04/2019 03:00,29198.424,15%,,,,,,,,,,
02/04/2019 04:00,35874.731,18%,,,,,,,,,,
02/04/2019 05:00,39321.677,20%,,,,,,,,,,
02/04/2019 06:00,36385.389,18%,,,,,,,,,,
02/04/2019 07:00,28795.444,14%,,,,,,,,,,
02/04/2019 08:00,31260.512,16%,,,,,,,,,,
02/04/2019 09:00,26603.008,13%,,,,,,,,,,
02/04/2019 10:00,17349.175,9%,,,,,,,,,,
02/04/2019 11:00,10376.029,5%,,,,,,,,,,
02/04/2019 12:00,7351.552,4%,,,,,,,,,,
02/04/2019 13:00,8024.049,4%,,,,,,,,,,
02/04/2019 14:00,11451.398,6%,,,,,,,,,,
02/04/2019 15:00,17679.537,9%,,,,,,,,,,
02/04/2019 16:00,26572.122,13%,,,,,,,,,,
02/04/2019 17:00,33894.915,17%,,,,,,,,,,
02/04/2019 18:00,47277.753,24%,,,,,,,,,,
02/04/2019 19:00,60409.186,30%,,,,,,,,,,
02/04/2019 20:00,78894.773,39%,,,,,,,,,,
02/04/2019 21:00,100033.597,50%,,,,,,,,,,
02/04/2019 22:00,121509.286,61%,,,,,,,,,,
02/04/2019 23:00,140336.396,70%,,,,,,,,,,
03/04/2019 00:00,153145.436,77%,,,,,,,,,,
03/04/2019 01:00,162592.083,81%,,,,,,,,,,
03/04/2019 02:00,178056.729,89%,,,,,,,,,,
03/04/2019 03:00,180155.104,90%,,,,,,,,,,
03/04/2019 04:00,178227.227,89%,,,,,,,,,,
03/04/2019 05:00,177261.558,89%,,,,,,,,,,
03/04/2019 06:00,174957.775,87%,,,,,,,,,,
03/04/2019 07:00,168926.67,84%,,,,,,,,,,
03/04/2019 08:00,154727.542,77%,,,,,,,,,,
03/04/2019 09:00,145318.378,73%,,,,,,,,,,
03/04/2019 10:00,132688.012,66%,,,,,,,,,,
03/04/2019 11:00,127476.111,64%,,,,,,,,,,
03/04/2019 12:00,121475.711,61%,,,,,,,,,,
03/04/2019 13:00,117147.097,59%,,,,,,,,,,
03/04/2019 14:00,116597.293,58%,,,,,,,,,,
03/04/2019 15:00,121767.613,61%,,,,,,,,,,
03/04/2019 16:00,123837.221,62%,,,,,,,,,,
03/04/2019 17:00,114827.036,57%,,,,,,,,,,
03/04/2019 18:00,105378.272,53%,,,,,,,,,,
03/04/2019 19:00,104524.152,52%,,,,,,,,,,
03/04/2019 20:00,104331.19,52%,,,,,,,,,,
03/04/2019 21:00,107007.468,54%,,,,,,,,,,
03/04/2019 22:00,118415.975,59%,,,,,,,,,,
03/04/2019 23:00,127218.005,64%,,,,,,,,,,
04/04/2019 00:00,127403.43,64%,,,,,,,,,,
04/04/2019 01:00,113762.559,57%,,,,,,,,,,
04/04/2019 02:00,105068.964,53%,,,,,,,,,,
04/04/2019 03:00,103868.415,52%,,,,,,,,,,
04/04/2019 04:00,89399.664,45%,,,,,,,,,,
04/04/2019 05:00,72319.505,36%,,,,,,,,,,
04/04/2019 06:00,57870.003,29%,,,,,,,,,,
04/04/2019 07:00,48169.919,24%,,,,,,,,,,
04/04/2019 08:00,53531.565,27%,,,,,,,,,,
04/04/2019 09:00,71055.433,36%,,,,,,,,,,
04/04/2019 10:00,87338.071,44%,,,,,,,,,,
04/04/2019 11:00,101247.188,51%,,,,,,,,,,
04/04/2019 12:00,117921.061,59%,,,,,,,,,,
04/04/2019 13:00,133926.337,67%,,,,,,,,,,
04/04/2019 14:00,142094.188,71%,,,,,,,,,,
04/04/2019 15:00,143628.839,72%,,,,,,,,,,
04/04/2019 16:00,149563.874,75%,,,,,,,,,,
04/04/2019 17:00,151081.807,76%,,,,,,,,,,
04/04/2019 18:00,149967.09,75%,,,,,,,,,,
04/04/2019 19:00,147346.932,74%,,,,,,,,,,
04/04/2019 20:00,141480.993,71%,,,,,,,,,,
04/04/2019 21:00,144725.152,72%,,,,,,,,,,
04/04/2019 22:00,146296.357,73%,,,,,,,,,,
04/04/2019 23:00,141026.568,71%,,,,,,,,,,
05/04/2019 00:00,136566.701,68%,,,,,,,,,,
05/04/2019 01:00,133161.929,67%,,,,,,,,,,
05/04/2019 02:00,133961.643,67%,,,,,,,,,,
05/04/2019 03:00,133918.633,67%,,,,,,,,,,
05/04/2019 04:00,129266.988,65%,,,,,,,,,,
05/04/2019 05:00,123057.479,62%,,,,,,,,,,
05/04/2019 06:00,113158.944,57%,,,,,,,,,,
05/04/2019 07:00,108094.392,54%,,,,,,,,,,
05/04/2019 08:00,117717.929,59%,,,,,,,,,,
05/04/2019 09:00,127640.383,64%,,,,,,,,,,
05/04/2019 10:00,139393.993,70%,,,,,,,,,,
05/04/2019 11:00,146545.486,73%,,,,,,,,,,
05/04/2019 12:00,148728.168,74%,,,,,,,,,,
05/04/2019 13:00,145905.837,73%,,,,,,,,,,
05/04/2019 14:00,138496.211,69%,,,,,,,,,,
05/04/2019 15:00,126458.065,63%,,,,,,,,,,
05/04/2019 16:00,109945.404,55%,,,,,,,,,,
05/04/2019 17:00,86771.587,43%,,,,,,,,,,
05/04/2019 18:00,75781.966,38%,,,,,,,,,,
05/04/2019 19:00,78206.709,39%,,,,,,,,,,
05/04/2019 20:00,68650.752,34%,,,,,,,,,,
05/04/2019 21:00,53348.672,27%,,,,,,,,,,
05/04/2019 22:00,37341.517,19%,,,,,,,,,,
05/04/2019 23:00,32749.016,16%,,,,,,,,,,
06/04/2019 00:00,29748.195,15%,,,,,,,,,,
06/04/2019 01:00,28890.609,14%,,,,,,,,,,
06/04/2019 02:00,33091.33,17%,,,,,,,,,,
06/04/2019 03:00,38425.536,19%,,,,,,,,,,
06/04/2019 04:00,46691.676,23%,,,,,,,,,,
06/04/2019 05:00,55595.752,28%,,,,,,,,,,
06/04/2019 06:00,59158.464,30%,,,,,,,,,,
06/04/2019 07:00,51377.447,26%,,,,,,,,,,
06/04/2019 08:00,44178.067,22%,,,,,,,,,,
06/04/2019 09:00,52829.66,26%,,,,,,,,,,
06/04/2019 10:00,59156.689,30%,,,,,,,,,,
06/04/2019 11:00,64518.703,32%,,,,,,,,,,
06/04/2019 12:00,75786.795,38%,,,,,,,,,,
06/04/2019 13:00,83977.455,42%,,,,,,,,,,
06/04/2019 14:00,84947.759,42%,,,,,,,,,,
06/04/2019 15:00,84461.196,42%,,,,,,,,,,
06/04/2019 16:00,82571.532,41%,,,,,,,,,,
06/04/2019 17:00,82928.59,41%,,,,,,,,,,
06/04/2019 18:00,97437.914,49%,,,,,,,,,,
06/04/2019 19:00,106972.785,53%,,,,,,,,,,
06/04/2019 20:00,105783.555,53%,,,,,,,,,,
06/04/2019 21:00,101513.773,51%,,,,,,,,,,
06/04/2019 22:00,96547.951,48%,,,,,,,,,,
06/04/2019 23:00,91997.116,46%,,,,,,,,,,
07/04/2019 00:00,91883.653,46%,,,,,,,,,,
07/04/2019 01:00,89368.247,45%,,,,,,,,,,
07/04/2019 02:00,82637.171,41%,,,,,,,,,,
07/04/2019 03:00,78208.72,39%,,,,,,,,,,
07/04/2019 04:00,77128.888,39%,,,,,,,,,,
07/04/2019 05:00,80571.376,40%,,,,,,,,,,
07/04/2019 06:00,86937.009,43%,,,,,,,,,,
07/04/2019 07:00,96201.24,48%,,,,,,,,,,
07/04/2019 08:00,105494.257,53%,,,,,,,,,,
07/04/2019 09:00,110371.943,55%,,,,,,,,,,
07/04/2019 10:00,109479.154,55%,,,,,,,,,,
07/04/2019 11:00,105860.022,53%,,,,,,,,,,
07/04/2019 12:00,102612.049,51%,,,,,,,,,,
07/04/2019 13:00,101168.845,51%,,,,,,,,,,
07/04/2019 14:00,100288.587,50%,,,,,,,,,,
07/04/2019 15:00,98769.444,49%,,,,,,,,,,
07/04/2019 16:00,95741.394,48%,,,,,,,,,,
07/04/2019 17:00,89838.794,45%,,,,,,,,,,
07/04/2019 18:00,91329.545,46%,,,,,,,,,,
07/04/2019 19:00,90024.679,45%,,,,,,,,,,
07/04/2019 20:00,90778.058,45%,,,,,,,,,,
07/04/2019 21:00,88298.293,44%,,,,,,,,,,
07/04/2019 22:00,88984.958,44%,,,,,,,,,,
07/04/2019 23:00,91329.111,46%,,,,,,,,,,
08/04/2019 00:00,91929.998,46%,,,,,,,,,,
08/04/2019 01:00,91879.027,46%,,,,,,,,,,
08/04/2019 02:00,92930.357,46%,,,,,,,,,,
08/04/2019 03:00,90845.511,45%,,,,,,,,,,
08/04/2019 04:00,88854.104,44%,,,,,,,,,,
08/04/2019 05:00,85128.987,43%,,,,,,,,,,
08/04/2019 06:00,75591.611,38%,,,,,,,,,,
08/04/2019 07:00,76520.847,38%,,,,,,,,,,
08/04/2019 08:00,76431.518,38%,,,,,,,,,,
08/04/2019 09:00,73789.542,37%,,,,,,,,,,
08/04/2019 10:00,71052.553,36%,,,,,,,,,,
08/04/2019 11:00,69722.533,35%,,,,,,,,,,
08/04/2019 12:00,68652.88,34%,,,,,,,,,,
08/04/2019 13:00,68792.225,34%,,,,,,,,,,
08/04/2019 14:00,70478.156,35%,,,,,,,,,,
08/04/2019 15:00,72066.771,36%,,,,,,,,,,
08/04/2019 16:00,72857.192,36%,,,,,,,,,,
08/04/2019 17:00,68999.82,34%,,,,,,,,,,
08/04/2019 18:00,61922.713,31%,,,,,,,,,,
08/04/2019 19:00,66837.474,33%,,,,,,,,,,
08/04/2019 20:00,72319.403,36%,,,,,,,,,,
08/04/2019 21:00,72987.45,36%,,,,,,,,,,
08/04/2019 22:00,74300.49,37%,,,,,,,,,,
08/04/2019 23:00,72400.933,36%,,,,,,,,,,
09/04/2019 00:00,74404.599,37%,,,,,,,,,,
09/04/2019 01:00,76148.6,38%,,,,,,,,,,
09/04/2019 02:00,80095.373,40%,,,,,,,,,,
09/04/2019 03:00,84457.17,42%,,,,,,,,,,
09/04/2019 04:00,84458.879,42%,,,,,,,,,,
09/04/2019 05:00,82551.403,41%,,,,,,,,,,
09/04/2019 06:00,74402.079,37%,,,,,,,,,,
09/04/2019 07:00,74711.262,37%,,,,,,,,,,
09/04/2019 08:00,73408.995,37%,,,,,,,,,,
09/04/2019 09:00,71593.693,36%,,,,,,,,,,
09/04/2019 10:00,69858.6,35%,,,,,,,,,,
09/04/2019 11:00,68983.765,34%,,,,,,,,,,
09/04/2019 12:00,68315.319,34%,,,,,,,,,,
09/04/2019 13:00,66098.431,33%,,,,,,,,,,
09/04/2019 14:00,62477.835,31%,,,,,,,,,,
09/04/2019 15:00,58485.007,29%,,,,,,,,,,
09/04/2019 16:00,53738.98,27%,,,,,,,,,,
09/04/2019 17:00,44687.399,22%,,,,,,,,,,
09/04/2019 18:00,36722.993,18%,,,,,,,,,,
09/04/2019 19:00,35176.309,18%,,,,,,,,,,
09/04/2019 20:00,29791.204,15%,,,,,,,,,,
09/04/2019 21:00,22471.527,11%,,,,,,,,,,
09/04/2019 22:00,14770.687,7%,,,,,,,,,,
09/04/2019 23:00,8690.966,4%,,,,,,,,,,
10/04/2019 00:00,4554.223,2%,,,,,,,,,,
10/04/2019 01:00,2163.647,1%,,,,,,,,,,
10/04/2019 02:00,1025.626,1%,,,,,,,,,,
10/04/2019 03:00,1269.243,1%,,,,,,,,,,
10/04/2019 04:00,1799.338,1%,,,,,,,,,,
10/04/2019 05:00,2528.181,1%,,,,,,,,,,
10/04/2019 06:00,2708.516,1%,,,,,,,,,,
10/04/2019 07:00,1990.202,1%,,,,,,,,,,
10/04/2019 08:00,1821.833,1%,,,,,,,,,,
10/04/2019 09:00,1680.039,1%,,,,,,,,,,
10/04/2019 10:00,936.832,0%,,,,,,,,,,
10/04/2019 11:00,1172.992,1%,,,,,,,,,,
10/04/2019 12:00,2413.527,1%,,,,,,,,,,
10/04/2019 13:00,4252.913,2%,,,,,,,,,,
10/04/2019 14:00,5035.6,3%,,,,,,,,,,
10/04/2019 15:00,5040.434,3%,,,,,,,,,,
10/04/2019 16:00,4670.295,2%,,,,,,,,,,
10/04/2019 17:00,6499.807,3%,,,,,,,,,,
10/04/2019 18:00,12532.488,6%,,,,,,,,,,
10/04/2019 19:00,19287.734,10%,,,,,,,,,,
10/04/2019 20:00,23716.465,12%,,,,,,,,,,
10/04/2019 21:00,25059.735,13%,,,,,,,,,,
10/04/2019 22:00,24002.061,12%,,,,,,,,,,
10/04/2019 23:00,22810.514,11%,,,,,,,,,,
11/04/2019 00:00,20170.446,10%,,,,,,,,,,
11/04/2019 01:00,17726.949,9%,,,,,,,,,,
11/04/2019 02:00,16547.744,8%,,,,,,,,,,
11/04/2019 03:00,15727.947,8%,,,,,,,,,,
11/04/2019 04:00,15472.146,8%,,,,,,,,,,
11/04/2019 05:00,15662.712,8%,,,,,,,,,,
11/04/2019 06:00,14538.833,7%,,,,,,,,,,
11/04/2019 07:00,10717.999,5%,,,,,,,,,,
11/04/2019 08:00,9345.673,5%,,,,,,,,,,
11/04/2019 09:00,5254.384,3%,,,,,,,,,,
11/04/2019 10:00,4511.249,2%,,,,,,,,,,
11/04/2019 11:00,7267.388,4%,,,,,,,,,,
11/04/2019 12:00,9781.005,5%,,,,,,,,,,
11/04/2019 13:00,11098.413,6%,,,,,,,,,,
11/04/2019 14:00,11038.876,6%,,,,,,,,,,
11/04/2019 15:00,10657.515,5%,,,,,,,,,,
11/04/2019 16:00,9963.527,5%,,,,,,,,,,
11/04/2019 17:00,9841.412,5%,,,,,,,,,,
11/04/2019 18:00,10870.386,5%,,,,,,,,,,
11/04/2019 19:00,11448.406,6%,,,,,,,,,,
11/04/2019 20:00,10814.589,5%,,,,,,,,,,
11/04/2019 21:00,10844.056,5%,,,,,,,,,,
11/04/2019 22:00,11502.472,6%,,,,,,,,,,
11/04/2019 23:00,11561.255,6%,,,,,,,,,,
12/04/2019 00:00,10391.971,5%,,,,,,,,,,
12/04/2019 01:00,7771.533,4%,,,,,,,,,,
12/04/2019 02:00,4897.097,2%,,,,,,,,,,
12/04/2019 03:00,2167.436,1%,,,,,,,,,,
12/04/2019 04:00,885.583,0%,,,,,,,,,,
12/04/2019 05:00,1621.712,1%,,,,,,,,,,
12/04/2019 06:00,4248.61,2%,,,,,,,,,,
12/04/2019 07:00,8029.761,4%,,,,,,,,,,
12/04/2019 08:00,18367.945,9%,,,,,,,,,,
12/04/2019 09:00,28808.62,14%,,,,,,,,,,
12/04/2019 10:00,38126.838,19%,,,,,,,,,,
12/04/2019 11:00,43227.383,22%,,,,,,,,,,
12/04/2019 12:00,45264.304,23%,,,,,,,,,,
12/04/2019 13:00,50925.406,25%,,,,,,,,,,
12/04/2019 14:00,62654.449,31%,,,,,,,,,,
12/04/2019 15:00,77440.803,39%,,,,,,,,,,
12/04/2019 16:00,89692.056,45%,,,,,,,,,,
12/04/2019 17:00,91522.042,46%,,,,,,,,,,
12/04/2019 18:00,86873.777,43%,,,,,,,,,,
12/04/2019 19:00,94468.261,47%,,,,,,,,,,
12/04/2019 20:00,97669.116,49%,,,,,,,,,,
12/04/2019 21:00,87718.392,44%,,,,,,,,,,
12/04/2019 22:00,79242.589,40%,,,,,,,,,,
12/04/2019 23:00,71729.359,36%,,,,,,,,,,
13/04/2019 00:00,61061.844,31%,,,,,,,,,,
13/04/2019 01:00,57106.565,29%,,,,,,,,,,
13/04/2019 02:00,60415.217,30%,,,,,,,,,,
13/04/2019 03:00,64900.19,32%,,,,,,,,,,
13/04/2019 04:00,68409.405,34%,,,,,,,,,,
13/04/2019 05:00,71008.84,36%,,,,,,,,,,
13/04/2019 06:00,67748.79,34%,,,,,,,,,,
13/04/2019 07:00,86614.23,43%,,,,,,,,,,
13/04/2019 08:00,113157.666,57%,,,,,,,,,,
13/04/2019 09:00,121303.604,61%,,,,,,,,,,
13/04/2019 10:00,122244.828,61%,,,,,,,,,,
13/04/2019 11:00,123787.339,62%,,,,,,,,,,
13/04/2019 12:00,126092.305,63%,,,,,,,,,,
13/04/2019 13:00,129669.442,65%,,,,,,,,,,
13/04/2019 14:00,130560.615,65%,,,,,,,,,,
13/04/2019 15:00,130216.211,65%,,,,,,,,,,
13/04/2019 16:00,129037.826,65%,,,,,,,,,,
13/04/2019 17:00,121278.13,61%,,,,,,,,,,
13/04/2019 18:00,110483.108,55%,,,,,,,,,,
13/04/2019 19:00,101873.216,51%,,,,,,,,,,
13/04/2019 20:00,101021.017,51%,,,,,,,,,,
13/04/2019 21:00,102145.309,51%,,,,,,,,,,
13/04/2019 22:00,97668.416,49%,,,,,,,,,,
13/04/2019 23:00,90386.109,45%,,,,,,,,,,
14/04/2019 00:00,82765.457,41%,,,,,,,,,,
14/04/2019 01:00,76125.691,38%,,,,,,,,,,
14/04/2019 02:00,73386.791,37%,,,,,,,,,,
14/04/2019 03:00,71527.563,36%,,,,,,,,,,
14/04/2019 04:00,76560.684,38%,,,,,,,,,,
14/04/2019 05:00,83200.167,42%,,,,,,,,,,
14/04/2019 06:00,86788.689,43%,,,,,,,,,,
14/04/2019 07:00,95616.119,48%,,,,,,,,,,
14/04/2019 08:00,112463.3,56%,,,,,,,,,,
14/04/2019 09:00,111799.1,56%,,,,,,,,,,
14/04/2019 10:00,114221.237,57%,,,,,,,,,,
14/04/2019 11:00,119672.444,60%,,,,,,,,,,
14/04/2019 12:00,123396.553,62%,,,,,,,,,,
14/04/2019 13:00,124488.071,62%,,,,,,,,,,
14/04/2019 14:00,124626.406,62%,,,,,,,,,,
14/04/2019 15:00,123066.155,62%,,,,,,,,,,
14/04/2019 16:00,116070.963,58%,,,,,,,,,,
14/04/2019 17:00,103956.364,52%,,,,,,,,,,
14/04/2019 18:00,93104.715,47%,,,,,,,,,,
14/04/2019 19:00,89400.753,45%,,,,,,,,,,
14/04/2019 20:00,87130.495,44%,,,,,,,,,,
14/04/2019 21:00,87179.529,44%,,,,,,,,,,
14/04/2019 22:00,86028.968,43%,,,,,,,,,,
14/04/2019 23:00,83221.215,42%,,,,,,,,,,
15/04/2019 00:00,86684.615,43%,,,,,,,,,,
15/04/2019 01:00,91100.986,46%,,,,,,,,,,
15/04/2019 02:00,90174.398,45%,,,,,,,,,,
15/04/2019 03:00,90478.903,45%,,,,,,,,,,
15/04/2019 04:00,92705.934,46%,,,,,,,,,,
15/04/2019 05:00,91647.108,46%,,,,,,,,,,
15/04/2019 06:00,98337.009,49%,,,,,,,,,,
15/04/2019 07:00,125874.647,63%,,,,,,,,,,
15/04/2019 08:00,143198.078,72%,,,,,,,,,,
15/04/2019 09:00,154377.224,77%,,,,,,,,,,
15/04/2019 10:00,164080.223,82%,,,,,,,,,,
15/04/2019 11:00,169784.677,85%,,,,,,,,,,
15/04/2019 12:00,172046.155,86%,,,,,,,,,,
15/04/2019 13:00,173235.047,87%,,,,,,,,,,
15/04/2019 14:00,174149.564,87%,,,,,,,,,,
15/04/2019 15:00,174724.254,87%,,,,,,,,,,
15/04/2019 16:00,171769.978,86%,,,,,,,,,,
15/04/2019 17:00,161683.133,81%,,,,,,,,,,
15/04/2019 18:00,154397.496,77%,,,,,,,,,,
15/04/2019 19:00,153020.473,77%,,,,,,,,,,
15/04/2019 20:00,150103.673,75%,,,,,,,,,,
15/04/2019 21:00,144855.886,72%,,,,,,,,,,
15/04/2019 22:00,138022.017,69%,,,,,,,,,,
15/04/2019 23:00,127065.831,64%,,,,,,,,,,
16/04/2019 00:00,116071.406,58%,,,,,,,,,,
16/04/2019 01:00,106343.883,53%,,,,,,,,,,
16/04/2019 02:00,97667.136,49%,,,,,,,,,,
16/04/2019 03:00,93304.253,47%,,,,,,,,,,
16/04/2019 04:00,90481.708,45%,,,,,,,,,,
16/04/2019 05:00,81635.226,41%,,,,,,,,,,
16/04/2019 06:00,67024.616,34%,,,,,,,,,,
16/04/2019 07:00,78849.748,39%,,,,,,,,,,
16/04/2019 08:00,84329.954,42%,,,,,,,,,,
16/04/2019 09:00,90307.603,45%,,,,,,,,,,
16/04/2019 10:00,97122.373,49%,,,,,,,,,,
16/04/2019 11:00,102434.503,51%,,,,,,,,,,
16/04/2019 12:00,104524.553,52%,,,,,,,,,,
16/04/2019 13:00,103705.409,52%,,,,,,,,,,
16/04/2019 14:00,100143.044,50%,,,,,,,,,,
16/04/2019 15:00,93462.225,47%,,,,,,,,,,
16/04/2019 16:00,86375.689,43%,,,,,,,,,,
16/04/2019 17:00,79826.029,40%,,,,,,,,,,
16/04/2019 18:00,85008.112,43%,,,,,,,,,,
16/04/2019 19:00,86380.503,43%,,,,,,,,,,
16/04/2019 20:00,84459.949,42%,,,,,,,,,,
16/04/2019 21:00,81455.384,41%,,,,,,,,,,
16/04/2019 22:00,78250.068,39%,,,,,,,,,,
16/04/2019 23:00,75030.698,38%,,,,,,,,,,
17/04/2019 00:00,71233.443,36%,,,,,,,,,,
17/04/2019 01:00,68132.362,34%,,,,,,,,,,
17/04/2019 02:00,67578.343,34%,,,,,,,,,,
17/04/2019 03:00,69815.69,35%,,,,,,,,,,
17/04/2019 04:00,69102.051,35%,,,,,,,,,,
17/04/2019 05:00,64009.741,32%,,,,,,,,,,
17/04/2019 06:00,53014.035,27%,,,,,,,,,,
17/04/2019 07:00,52782.069,26%,,,,,,,,,,
17/04/2019 08:00,50676.039,25%,,,,,,,,,,
17/04/2019 09:00,53354.134,27%,,,,,,,,,,
17/04/2019 10:00,57388.041,29%,,,,,,,,,,
17/04/2019 11:00,59152.483,30%,,,,,,,,,,
17/04/2019 12:00,59989.847,30%,,,,,,,,,,
17/04/2019 13:00,58764.909,29%,,,,,,,,,,
17/04/2019 14:00,55945.048,28%,,,,,,,,,,
17/04/2019 15:00,52851.287,26%,,,,,,,,,,
17/04/2019 16:00,51583.877,26%,,,,,,,,,,
17/04/2019 17:00,49242.017,25%,,,,,,,,,,
17/04/2019 18:00,48453.293,24%,,,,,,,,,,
17/04/2019 19:00,54408.643,27%,,,,,,,,,,
17/04/2019 20:00,55927.098,28%,,,,,,,,,,
17/04/2019 21:00,50591.561,25%,,,,,,,,,,
17/04/2019 22:00,41316.102,21%,,,,,,,,,,
17/04/2019 23:00,33625.754,17%,,,,,,,,,,
18/04/2019 00:00,27955.385,14%,,,,,,,,,,
18/04/2019 01:00,24603.351,12%,,,,,,,,,,
18/04/2019 02:00,22539.836,11%,,,,,,,,,,
18/04/2019 03:00,24285.448,12%,,,,,,,,,,
18/04/2019 04:00,26679.833,13%,,,,,,,,,,
18/04/2019 05:00,29746.355,15%,,,,,,,,,,
18/04/2019 06:00,32440.943,16%,,,,,,,,,,
18/04/2019 07:00,36213.504,18%,,,,,,,,,,
18/04/2019 08:00,42109.756,21%,,,,,,,,,,
18/04/2019 09:00,46792.664,23%,,,,,,,,,,
18/04/2019 10:00,52282.566,26%,,,,,,,,,,
18/04/2019 11:00,57411.972,29%,,,,,,,,,,
18/04/2019 12:00,63170.379,32%,,,,,,,,,,
18/04/2019 13:00,71314.917,36%,,,,,,,,,,
18/04/2019 14:00,71871.437,36%,,,,,,,,,,
18/04/2019 15:00,70479.59,35%,,,,,,,,,,
18/04/2019 16:00,62706.504,31%,,,,,,,,,,
18/04/2019 17:00,53854.735,27%,,,,,,,,,,
18/04/2019 18:00,51531.289,26%,,,,,,,,,,
18/04/2019 19:00,52176.215,26%,,,,,,,,,,
18/04/2019 20:00,45700.893,23%,,,,,,,,,,
18/04/2019 21:00,39828.609,20%,,,,,,,,,,
18/04/2019 22:00,35771.495,18%,,,,,,,,,,
18/04/2019 23:00,34192.752,17%,,,,,,,,,,
19/04/2019 00:00,32334.021,16%,,,,,,,,,,
19/04/2019 01:00,29162.78,15%,,,,,,,,,,
19/04/2019 02:00,24864.532,12%,,,,,,,,,,
19/04/2019 03:00,20041.897,10%,,,,,,,,,,
19/04/2019 04:00,15280.193,8%,,,,,,,,,,
19/04/2019 05:00,12216.77,6%,,,,,,,,,,
19/04/2019 06:00,10013.229,5%,,,,,,,,,,
19/04/2019 07:00,8589.868,4%,,,,,,,,,,
19/04/2019 08:00,9259.735,5%,,,,,,,,,,
19/04/2019 09:00,14079.885,7%,,,,,,,,,,
19/04/2019 10:00,29842.59,15%,,,,,,,,,,
19/04/2019 11:00,43408.572,22%,,,,,,,,,,
19/04/2019 12:00,51815.283,26%,,,,,,,,,,
19/04/2019 13:00,56358.287,28%,,,,,,,,,,
19/04/2019 14:00,56075.147,28%,,,,,,,,,,
19/04/2019 15:00,52753.778,26%,,,,,,,,,,
19/04/2019 16:00,43964.97,22%,,,,,,,,,,
19/04/2019 17:00,34099.973,17%,,,,,,,,,,
19/04/2019 18:00,33677.218,17%,,,,,,,,,,
19/04/2019 19:00,30681.11,15%,,,,,,,,,,
19/04/2019 20:00,26923.299,13%,,,,,,,,,,
19/04/2019 21:00,26596.473,13%,,,,,,,,,,
19/04/2019 22:00,29058.214,15%,,,,,,,,,,
19/04/2019 23:00,33626.712,17%,,,,,,,,,,
20/04/2019 00:00,40340.495,20%,,,,,,,,,,
20/04/2019 01:00,46186.737,23%,,,,,,,,,,
20/04/2019 02:00,49529.962,25%,,,,,,,,,,
20/04/2019 03:00,50132.015,25%,,,,,,,,,,
20/04/2019 04:00,49052.749,25%,,,,,,,,,,
20/04/2019 05:00,42417.647,21%,,,,,,,,,,
20/04/2019 06:00,32066.357,16%,,,,,,,,,,
20/04/2019 07:00,21119.721,11%,,,,,,,,,,
20/04/2019 08:00,14765.81,7%,,,,,,,,,,
20/04/2019 09:00,19495.948,10%,,,,,,,,,,
20/04/2019 10:00,26636.614,13%,,,,,,,,,,
20/04/2019 11:00,29143.409,15%,,,,,,,,,,
20/04/2019 12:00,28676.813,14%,,,,,,,,,,
20/04/2019 13:00,27279.275,14%,,,,,,,,,,
20/04/2019 14:00,26570.164,13%,,,,,,,,,,
20/04/2019 15:00,25870.661,13%,,,,,,,,,,
20/04/2019 16:00,24652.582,12%,,,,,,,,,,
20/04/2019 17:00,23543.354,12%,,,,,,,,,,
20/04/2019 18:00,23541.904,12%,,,,,,,,,,
20/04/2019 19:00,22305.938,11%,,,,,,,,,,
20/04/2019 20:00,20212.098,10%,,,,,,,,,,
20/04/2019 21:00,16395.225,8%,,,,,,,,,,
20/04/2019 22:00,13555.419,7%,,,,,,,,,,
20/04/2019 23:00,15983.62,8%,,,,,,,,,,
21/04/2019 00:00,24777.437,12%,,,,,,,,,,
21/04/2019 01:00,35556.698,18%,,,,,,,,,,
21/04/2019 02:00,43966.441,22%,,,,,,,,,,
21/04/2019 03:00,48146.611,24%,,,,,,,,,,
21/04/2019 04:00,47927.926,24%,,,,,,,,,,
21/04/2019 05:00,47116.701,24%,,,,,,,,,,
21/04/2019 06:00,43234.421,22%,,,,,,,,,,
21/04/2019 07:00,29380.333,15%,,,,,,,,,,
21/04/2019 08:00,21719.289,11%,,,,,,,,,,
21/04/2019 09:00,30995.467,15%,,,,,,,,,,
21/04/2019 10:00,58270.932,29%,,,,,,,,,,
21/04/2019 11:00,73186.29,37%,,,,,,,,,,
21/04/2019 12:00,83109.553,42%,,,,,,,,,,
21/04/2019 13:00,91342.882,46%,,,,,,,,,,
21/04/2019 14:00,96818.17,48%,,,,,,,,,,
21/04/2019 15:00,95742.546,48%,,,,,,,,,,
21/04/2019 16:00,88298.791,44%,,,,,,,,,,
21/04/2019 17:00,80630.448,40%,,,,,,,,,,
21/04/2019 18:00,81998.552,41%,,,,,,,,,,
21/04/2019 19:00,88773.943,44%,,,,,,,,,,
21/04/2019 20:00,91901.015,46%,,,,,,,,,,
21/04/2019 21:00,93260.626,47%,,,,,,,,,,
21/04/2019 22:00,92709.422,46%,,,,,,,,,,
21/04/2019 23:00,89895.459,45%,,,,,,,,,,
22/04/2019 00:00,85006.34,43%,,,,,,,,,,
22/04/2019 01:00,77779.729,39%,,,,,,,,,,
22/04/2019 02:00,69170.695,35%,,,,,,,,,,
22/04/2019 03:00,55039.935,28%,,,,,,,,,,
22/04/2019 04:00,42093.366,21%,,,,,,,,,,
22/04/2019 05:00,34772.89,17%,,,,,,,,,,
22/04/2019 06:00,28438.366,14%,,,,,,,,,,
22/04/2019 07:00,18711.86,9%,,,,,,,,,,
22/04/2019 08:00,20683.031,10%,,,,,,,,,,
22/04/2019 09:00,52665.912,26%,,,,,,,,,,
22/04/2019 10:00,79393.102,40%,,,,,,,,,,
22/04/2019 11:00,97283.664,49%,,,,,,,,,,
22/04/2019 12:00,102064.794,51%,,,,,,,,,,
22/04/2019 13:00,98305.263,49%,,,,,,,,,,
22/04/2019 14:00,92019.309,46%,,,,,,,,,,
22/04/2019 15:00,86827.248,43%,,,,,,,,,,
22/04/2019 16:00,81148.845,41%,,,,,,,,,,
22/04/2019 17:00,75250.371,38%,,,,,,,,,,
22/04/2019 18:00,75037.572,38%,,,,,,,,,,
22/04/2019 19:00,77665.292,39%,,,,,,,,,,
22/04/2019 20:00,72854.431,36%,,,,,,,,,,
22/04/2019 21:00,68271.454,34%,,,,,,,,,,
22/04/2019 22:00,65353.857,33%,,,,,,,,,,
22/04/2019 23:00,64007.845,32%,,,,,,,,,,
23/04/2019 00:00,61836.635,31%,,,,,,,,,,
23/04/2019 01:00,56857.3,28%,,,,,,,,,,
23/04/2019 02:00,51087.777,26%,,,,,,,,,,
23/04/2019 03:00,45478.229,23%,,,,,,,,,,
23/04/2019 04:00,45838.49,23%,,,,,,,,,,
23/04/2019 05:00,46390.768,23%,,,,,,,,,,
23/04/2019 06:00,49395.009,25%,,,,,,,,,,
23/04/2019 07:00,61391.788,31%,,,,,,,,,,
23/04/2019 08:00,78423.9,39%,,,,,,,,,,
23/04/2019 09:00,93501.691,47%,,,,,,,,,,
23/04/2019 10:00,111288.417,56%,,,,,,,,,,
23/04/2019 11:00,118479.666,59%,,,,,,,,,,
23/04/2019 12:00,120869.496,60%,,,,,,,,,,
23/04/2019 13:00,119045.372,60%,,,,,,,,,,
23/04/2019 14:00,118278.21,59%,,,,,,,,,,
23/04/2019 15:00,118984.989,59%,,,,,,,,,,
23/04/2019 16:00,118795.881,59%,,,,,,,,,,
23/04/2019 17:00,114278.733,57%,,,,,,,,,,
23/04/2019 18:00,107590.741,54%,,,,,,,,,,
23/04/2019 19:00,106096.353,53%,,,,,,,,,,
23/04/2019 20:00,101546.957,51%,,,,,,,,,,
23/04/2019 21:00,100630.365,50%,,,,,,,,,,
23/04/2019 22:00,93344.127,47%,,,,,,,,,,
23/04/2019 23:00,87598.303,44%,,,,,,,,,,
24/04/2019 00:00,81252.432,41%,,,,,,,,,,
24/04/2019 01:00,81859.476,41%,,,,,,,,,,
24/04/2019 02:00,84461.928,42%,,,,,,,,,,
24/04/2019 03:00,86101.102,43%,,,,,,,,,,
24/04/2019 04:00,94140.969,47%,,,,,,,,,,
24/04/2019 05:00,101244.288,51%,,,,,,,,,,
24/04/2019 06:00,104380.205,52%,,,,,,,,,,
24/04/2019 07:00,120303.312,60%,,,,,,,,,,
24/04/2019 08:00,133066.167,67%,,,,,,,,,,
24/04/2019 09:00,140611.785,70%,,,,,,,,,,
24/04/2019 10:00,146210.802,73%,,,,,,,,,,
24/04/2019 11:00,149833.694,75%,,,,,,,,,,
24/04/2019 12:00,152639.83,76%,,,,,,,,,,
24/04/2019 13:00,151682.086,76%,,,,,,,,,,
24/04/2019 14:00,147985.899,74%,,,,,,,,,,
24/04/2019 15:00,142050.207,71%,,,,,,,,,,
24/04/2019 16:00,135448.986,68%,,,,,,,,,,
24/04/2019 17:00,129726.034,65%,,,,,,,,,,
24/04/2019 18:00,121962.814,61%,,,,,,,,,,
24/04/2019 19:00,113318.56,57%,,,,,,,,,,
24/04/2019 20:00,110483.128,55%,,,,,,,,,,
24/04/2019 21:00,105376.689,53%,,,,,,,,,,
24/04/2019 22:00,88304.791,44%,,,,,,,,,,
24/04/2019 23:00,65281.611,33%,,,,,,,,,,
25/04/2019 00:00,44209.963,22%,,,,,,,,,,
25/04/2019 01:00,29497.158,15%,,,,,,,,,,
25/04/2019 02:00,22275.045,11%,,,,,,,,,,
25/04/2019 03:00,23539.352,12%,,,,,,,,,,
25/04/2019 04:00,27712.791,14%,,,,,,,,,,
25/04/2019 05:00,33357.311,17%,,,,,,,,,,
25/04/2019 06:00,32744.406,16%,,,,,,,,,,
25/04/2019 07:00,27709.628,14%,,,,,,,,,,
25/04/2019 08:00,30209.002,15%,,,,,,,,,,
25/04/2019 09:00,46151.736,23%,,,,,,,,,,
25/04/2019 10:00,66987.961,33%,,,,,,,,,,
25/04/2019 11:00,83653.558,42%,,,,,,,,,,
25/04/2019 12:00,104675.82,52%,,,,,,,,,,
25/04/2019 13:00,117395.585,59%,,,,,,,,,,
25/04/2019 14:00,115544.554,58%,,,,,,,,,,
25/04/2019 15:00,107100.285,54%,,,,,,,,,,
25/04/2019 16:00,93735.032,47%,,,,,,,,,,
25/04/2019 17:00,75245.638,38%,,,,,,,,,,
25/04/2019 18:00,62317.78,31%,,,,,,,,,,
25/04/2019 19:00,57125.773,29%,,,,,,,,,,
25/04/2019 20:00,55499.995,28%,,,,,,,,,,
25/04/2019 21:00,52279.892,26%,,,,,,,,,,
25/04/2019 22:00,47085.211,24%,,,,,,,,,,
25/04/2019 23:00,41073.216,21%,,,,,,,,,,
26/04/2019 00:00,36404.435,18%,,,,,,,,,,
26/04/2019 01:00,28804.257,14%,,,,,,,,,,
26/04/2019 02:00,24314.288,12%,,,,,,,,,,
26/04/2019 03:00,23648.015,12%,,,,,,,,,,
26/04/2019 04:00,24666.433,12%,,,,,,,,,,
26/04/2019 05:00,27201.279,14%,,,,,,,,,,
26/04/2019 06:00,41392.009,21%,,,,,,,,,,
26/04/2019 07:00,64832.094,32%,,,,,,,,,,
26/04/2019 08:00,82544.179,41%,,,,,,,,,,
26/04/2019 09:00,96843.835,48%,,,,,,,,,,
26/04/2019 10:00,108791.068,54%,,,,,,,,,,
26/04/2019 11:00,127157.528,64%,,,,,,,,,,
26/04/2019 12:00,140245.755,70%,,,,,,,,,,
26/04/2019 13:00,148164.792,74%,,,,,,,,,,
26/04/2019 14:00,151498.224,76%,,,,,,,,,,
26/04/2019 15:00,148659.105,74%,,,,,,,,,,
26/04/2019 16:00,131443.386,66%,,,,,,,,,,
26/04/2019 17:00,103534.763,52%,,,,,,,,,,
26/04/2019 18:00,83914.435,42%,,,,,,,,,,
26/04/2019 19:00,81506.361,41%,,,,,,,,,,
26/04/2019 20:00,86074.227,43%,,,,,,,,,,
26/04/2019 21:00,73378.71,37%,,,,,,,,,,
26/04/2019 22:00,68122.933,34%,,,,,,,,,,
26/04/2019 23:00,73867.383,37%,,,,,,,,,,
27/04/2019 00:00,71532.427,36%,,,,,,,,,,
27/04/2019 01:00,66837.302,33%,,,,,,,,,,
27/04/2019 02:00,57429.586,29%,,,,,,,,,,
27/04/2019 03:00,49537.129,25%,,,,,,,,,,
27/04/2019 04:00,40109.94,20%,,,,,,,,,,
27/04/2019 05:00,31706.727,16%,,,,,,,,,,
27/04/2019 06:00,22465.336,11%,,,,,,,,,,
27/04/2019 07:00,17099.99,9%,,,,,,,,,,
27/04/2019 08:00,17509.564,9%,,,,,,,,,,
27/04/2019 09:00,17903.437,9%,,,,,,,,,,
27/04/2019 10:00,16448.995,8%,,,,,,,,,,
27/04/2019 11:00,12868.142,6%,,,,,,,,,,
27/04/2019 12:00,11846.322,6%,,,,,,,,,,
27/04/2019 13:00,13351.381,7%,,,,,,,,,,
27/04/2019 14:00,15723.488,8%,,,,,,,,,,
27/04/2019 15:00,19843.277,10%,,,,,,,,,,
27/04/2019 16:00,23641.93,12%,,,,,,,,,,
27/04/2019 17:00,22715.535,11%,,,,,,,,,,
27/04/2019 18:00,19806.781,10%,,,,,,,,,,
27/04/2019 19:00,20272.072,10%,,,,,,,,,,
27/04/2019 20:00,17997.987,9%,,,,,,,,,,
27/04/2019 21:00,13585.592,7%,,,,,,,,,,
27/04/2019 22:00,11707.196,6%,,,,,,,,,,
27/04/2019 23:00,13341.545,7%,,,,,,,,,,
28/04/2019 00:00,18461.824,9%,,,,,,,,,,
28/04/2019 01:00,19104.703,10%,,,,,,,,,,
28/04/2019 02:00,18556.212,9%,,,,,,,,,,
28/04/2019 03:00,15863.92,8%,,,,,,,,,,
28/04/2019 04:00,9435.475,5%,,,,,,,,,,
28/04/2019 05:00,5484.126,3%,,,,,,,,,,
28/04/2019 06:00,2764.69,1%,,,,,,,,,,
28/04/2019 07:00,1509.557,1%,,,,,,,,,,
28/04/2019 08:00,2326.177,1%,,,,,,,,,,
28/04/2019 09:00,4030.994,2%,,,,,,,,,,
28/04/2019 10:00,4226.231,2%,,,,,,,,,,
28/04/2019 11:00,4438.502,2%,,,,,,,,,,
28/04/2019 12:00,5659.458,3%,,,,,,,,,,
28/04/2019 13:00,7038.63,4%,,,,,,,,,,
28/04/2019 14:00,8427.339,4%,,,,,,,,,,
28/04/2019 15:00,8452.767,4%,,,,,,,,,,
28/04/2019 16:00,8139.555,4%,,,,,,,,,,
28/04/2019 17:00,8825.932,4%,,,,,,,,,,
28/04/2019 18:00,11479.084,6%,,,,,,,,,,
28/04/2019 19:00,15888.537,8%,,,,,,,,,,
28/04/2019 20:00,18555.11,9%,,,,,,,,,,
28/04/2019 21:00,18433.612,9%,,,,,,,,,,
28/04/2019 22:00,16487.059,8%,,,,,,,,,,
28/04/2019 23:00,15028.977,8%,,,,,,,,,,
29/04/2019 00:00,13781.831,7%,,,,,,,,,,
29/04/2019 01:00,12217.595,6%,,,,,,,,,,
29/04/2019 02:00,10593.69,5%,,,,,,,,,,
29/04/2019 03:00,8371.515,4%,,,,,,,,,,
29/04/2019 04:00,7403.298,4%,,,,,,,,,,
29/04/2019 05:00,6813.39,3%,,,,,,,,,,
29/04/2019 06:00,5987.04,3%,,,,,,,,,,
29/04/2019 07:00,6341.033,3%,,,,,,,,,,
29/04/2019 08:00,8634.778,4%,,,,,,,,,,
29/04/2019 09:00,13014.17,7%,,,,,,,,,,
29/04/2019 10:00,18524.642,9%,,,,,,,,,,
29/04/2019 11:00,22738.854,11%,,,,,,,,,,
29/04/2019 12:00,26591.731,13%,,,,,,,,,,
29/04/2019 13:00,28623.588,14%,,,,,,,,,,
29/04/2019 14:00,29319.698,15%,,,,,,,,,,
29/04/2019 15:00,29072.991,15%,,,,,,,,,,
29/04/2019 16:00,28023.669,14%,,,,,,,,,,
29/04/2019 17:00,27810.162,14%,,,,,,,,,,
29/04/2019 18:00,30293.597,15%,,,,,,,,,,
29/04/2019 19:00,37631.894,19%,,,,,,,,,,
29/04/2019 20:00,38366.179,19%,,,,,,,,,,
29/04/2019 21:00,30919.981,15%,,,,,,,,,,
29/04/2019 22:00,24577.358,12%,,,,,,,,,,
29/04/2019 23:00,19769.695,10%,,,,,,,,,,
30/04/2019 00:00,15451.02,8%,,,,,,,,,,
30/04/2019 01:00,13396.466,7%,,,,,,,,,,
30/04/2019 02:00,11923.674,6%,,,,,,,,,,
30/04/2019 03:00,9417.703,5%,,,,,,,,,,
30/04/2019 04:00,6382.389,3%,,,,,,,,,,
30/04/2019 05:00,4836.322,2%,,,,,,,,,,
30/04/2019 06:00,4007.906,2%,,,,,,,,,,
30/04/2019 07:00,5005.952,3%,,,,,,,,,,
30/04/2019 08:00,9167.638,5%,,,,,,,,,,
30/04/2019 09:00,20246.118,10%,,,,,,,,,,
30/04/2019 10:00,28424.26,14%,,,,,,,,,,
30/04/2019 11:00,30838.498,15%,,,,,,,,,,
30/04/2019 12:00,31725.745,16%,,,,,,,,,,
30/04/2019 13:00,32077.775,16%,,,,,,,,,,
30/04/2019 14:00,31655.311,16%,,,,,,,,,,
30/04/2019 15:00,28796.457,14%,,,,,,,,,,
30/04/2019 16:00,24289.968,12%,,,,,,,,,,
30/04/2019 17:00,18966.224,9%,,,,,,,,,,
30/04/2019 18:00,13707.52,7%,,,,,,,,,,
30/04/2019 19:00,11649.317,6%,,,,,,,,,,
30/04/2019 20:00,9339.856,5%,,,,,,,,,,
30/04/2019 21:00,8079.049,4%,,,,,,,,,,
30/04/2019 22:00,6056.038,3%,,,,,,,,,,
30/04/2019 23:00,4456.854,2%,,,,,,,,,,
01/05/2019 00:00,3904.178,2%,,,,,,,,,,
01/05/2019 01:00,4621.338,2%,,,,,,,,,,
01/05/2019 02:00,5603.345,3%,,,,,,,,,,
01/05/2019 03:00,6955.046,3%,,,,,,,,,,
01/05/2019 04:00,8155.967,4%,,,,,,,,,,
01/05/2019 05:00,8366.05,4%,,,,,,,,,,
01/05/2019 06:00,7055.081,4%,,,,,,,,,,
01/05/2019 07:00,7887.877,4%,,,,,,,,,,
01/05/2019 08:00,8153.684,4%,,,,,,,,,,
01/05/2019 09:00,6747.049,3%,,,,,,,,,,
01/05/2019 10:00,6755.652,3%,,,,,,,,,,
01/05/2019 11:00,7435.439,4%,,,,,,,,,,
01/05/2019 12:00,8056.128,4%,,,,,,,,,,
01/05/2019 13:00,9383.686,5%,,,,,,,,,,
01/05/2019 14:00,11600.059,6%,,,,,,,,,,
01/05/2019 15:00,14320.8,7%,,,,,,,,,,
01/05/2019 16:00,18544.317,9%,,,,,,,,,,
01/05/2019 17:00,23315.241,12%,,,,,,,,,,
01/05/2019 18:00,30556.624,15%,,,,,,,,,,
01/05/2019 19:00,45995.155,23%,,,,,,,,,,
01/05/2019 20:00,61886.329,31%,,,,,,,,,,
01/05/2019 21:00,66156.525,33%,,,,,,,,,,
01/05/2019 22:00,64114.466,32%,,,,,,,,,,
01/05/2019 23:00,59668.574,30%,,,,,,,,,,
02/05/2019 00:00,54399.948,27%,,,,,,,,,,
02/05/2019 01:00,52450.721,26%,,,,,,,,,,
02/05/2019 02:00,53923.913,27%,,,,,,,,,,
02/05/2019 03:00,55052.423,28%,,,,,,,,,,
02/05/2019 04:00,53924.331,27%,,,,,,,,,,
02/05/2019 05:00,45044.973,23%,,,,,,,,,,
02/05/2019 06:00,30386.291,15%,,,,,,,,,,
02/05/2019 07:00,33172.515,17%,,,,,,,,,,
02/05/2019 08:00,33367.505,17%,,,,,,,,,,
02/05/2019 09:00,27243.792,14%,,,,,,,,,,
02/05/2019 10:00,22570.738,11%,,,,,,,,,,
02/05/2019 11:00,22827.579,11%,,,,,,,,,,
02/05/2019 12:00,25935.43,13%,,,,,,,,,,
02/05/2019 13:00,30968.747,15%,,,,,,,,,,
02/05/2019 14:00,39148.632,20%,,,,,,,,,,
02/05/2019 15:00,49868.057,25%,,,,,,,,,,
02/05/2019 16:00,61020.813,31%,,,,,,,,,,
02/05/2019 17:00,69137.516,35%,,,,,,,,,,
02/05/2019 18:00,63404.635,32%,,,,,,,,,,
02/05/2019 19:00,49424.979,25%,,,,,,,,,,
02/05/2019 20:00,40665.156,20%,,,,,,,,,,
02/05/2019 21:00,31694.981,16%,,,,,,,,,,
02/05/2019 22:00,25186.013,13%,,,,,,,,,,
02/05/2019 23:00,23562.158,12%,,,,,,,,,,
03/05/2019 00:00,25273.249,13%,,,,,,,,,,
03/05/2019 01:00,28425.201,14%,,,,,,,,,,
03/05/2019 02:00,30917.389,15%,,,,,,,,,,
03/05/2019 03:00,30494.877,15%,,,,,,,,,,
03/05/2019 04:00,30827.385,15%,,,,,,,,,,
03/05/2019 05:00,31483.677,16%,,,,,,,,,,
03/05/2019 06:00,31912.182,16%,,,,,,,,,,
03/05/2019 07:00,46562.09,23%,,,,,,,,,,
03/05/2019 08:00,56039.04,28%,,,,,,,,,,
03/05/2019 09:00,63249.3,32%,,,,,,,,,,
03/05/2019 10:00,71719.839,36%,,,,,,,,,,
03/05/2019 11:00,82000.047,41%,,,,,,,,,,
03/05/2019 12:00,91962.066,46%,,,,,,,,,,
03/05/2019 13:00,100300.922,50%,,,,,,,,,,
03/05/2019 14:00,105206.973,53%,,,,,,,,,,
03/05/2019 15:00,106429.462,53%,,,,,,,,,,
03/05/2019 16:00,102610.407,51%,,,,,,,,,,
03/05/2019 17:00,95741.622,48%,,,,,,,,,,
03/05/2019 18:00,84460.241,42%,,,,,,,,,,
03/05/2019 19:00,78373.811,39%,,,,,,,,,,
03/05/2019 20:00,82114.74,41%,,,,,,,,,,
03/05/2019 21:00,85006.266,43%,,,,,,,,,,
03/05/2019 22:00,85376.826,43%,,,,,,,,,,
03/05/2019 23:00,86224.083,43%,,,,,,,,,,
04/05/2019 00:00,82692.703,41%,,,,,,,,,,
04/05/2019 01:00,89818.637,45%,,,,,,,,,,
04/05/2019 02:00,93261.33,47%,,,,,,,,,,
04/05/2019 03:00,95938.367,48%,,,,,,,,,,
04/05/2019 04:00,97787.513,49%,,,,,,,,,,
04/05/2019 05:00,89547.104,45%,,,,,,,,,,
04/05/2019 06:00,88077.508,44%,,,,,,,,,,
04/05/2019 07:00,123717.523,62%,,,,,,,,,,
04/05/2019 08:00,127558.072,64%,,,,,,,,,,
04/05/2019 09:00,123063.88,62%,,,,,,,,,,
04/05/2019 10:00,113690.263,57%,,,,,,,,,,
04/05/2019 11:00,102064.749,51%,,,,,,,,,,
04/05/2019 12:00,90820.788,45%,,,,,,,,,,
04/05/2019 13:00,80948.613,40%,,,,,,,,,,
04/05/2019 14:00,73841.85,37%,,,,,,,,,,
04/05/2019 15:00,70476.332,35%,,,,,,,,,,
04/05/2019 16:00,65594.314,33%,,,,,,,,,,
04/05/2019 17:00,57786.666,29%,,,,,,,,,,
04/05/2019 18:00,48149.81,24%,,,,,,,,,,
04/05/2019 19:00,46160.594,23%,,,,,,,,,,
04/05/2019 20:00,43451.327,22%,,,,,,,,,,
04/05/2019 21:00,37104.433,19%,,,,,,,,,,
04/05/2019 22:00,34634.641,17%,,,,,,,,,,
04/05/2019 23:00,35542.71,18%,,,,,,,,,,
05/05/2019 00:00,38206.974,19%,,,,,,,,,,
05/05/2019 01:00,41400.133,21%,,,,,,,,,,
05/05/2019 02:00,43877.121,22%,,,,,,,,,,
05/05/2019 03:00,44063.048,22%,,,,,,,,,,
05/05/2019 04:00,46859.641,23%,,,,,,,,,,
05/05/2019 05:00,46587.956,23%,,,,,,,,,,
05/05/2019 06:00,38130.176,19%,,,,,,,,,,
05/05/2019 07:00,56434.569,28%,,,,,,,,,,
05/05/2019 08:00,68553.179,34%,,,,,,,,,,
05/05/2019 09:00,72307.291,36%,,,,,,,,,,
05/05/2019 10:00,73840.962,37%,,,,,,,,,,
05/05/2019 11:00,73965.445,37%,,,,,,,,,,
05/05/2019 12:00,74333.522,37%,,,,,,,,,,
05/05/2019 13:00,77663.059,39%,,,,,,,,,,
05/05/2019 14:00,83188.044,42%,,,,,,,,,,
05/05/2019 15:00,88854.77,44%,,,,,,,,,,
05/05/2019 16:00,92250.805,46%,,,,,,,,,,
05/05/2019 17:00,88852.673,44%,,,,,,,,,,
05/05/2019 18:00,76378.214,38%,,,,,,,,,,
05/05/2019 19:00,73386.665,37%,,,,,,,,,,
05/05/2019 20:00,75239.613,38%,,,,,,,,,,
05/05/2019 21:00,69240.784,35%,,,,,,,,,,
05/05/2019 22:00,58970.274,29%,,,,,,,,,,
05/05/2019 23:00,49676.043,25%,,,,,,,,,,
06/05/2019 00:00,42856.198,21%,,,,,,,,,,
06/05/2019 01:00,42194.713,21%,,,,,,,,,,
06/05/2019 02:00,42423.558,21%,,,,,,,,,,
06/05/2019 03:00,37063.078,19%,,,,,,,,,,
06/05/2019 04:00,33262.089,17%,,,,,,,,,,
06/05/2019 05:00,28972.374,14%,,,,,,,,,,
06/05/2019 06:00,24772.917,12%,,,,,,,,,,
06/05/2019 07:00,28802.949,14%,,,,,,,,,,
06/05/2019 08:00,26879.259,13%,,,,,,,,,,
06/05/2019 09:00,21519.41,11%,,,,,,,,,,
06/05/2019 10:00,16296.006,8%,,,,,,,,,,
06/05/2019 11:00,10949.647,5%,,,,,,,,,,
06/05/2019 12:00,7078.08,4%,,,,,,,,,,
06/05/2019 13:00,4568.237,2%,,,,,,,,,,
06/05/2019 14:00,2962.643,1%,,,,,,,,,,
06/05/2019 15:00,2291.077,1%,,,,,,,,,,
06/05/2019 16:00,2477.962,1%,,,,,,,,,,
06/05/2019 17:00,3394.963,2%,,,,,,,,,,
06/05/2019 18:00,5480.678,3%,,,,,,,,,,
06/05/2019 19:00,8555.64,4%,,,,,,,,,,
06/05/2019 20:00,11664.313,6%,,,,,,,,,,
06/05/2019 21:00,12966.123,6%,,,,,,,,,,
06/05/2019 22:00,13446.044,7%,,,,,,,,,,
06/05/2019 23:00,13391.334,7%,,,,,,,,,,
07/05/2019 00:00,12964.555,6%,,,,,,,,,,
07/05/2019 01:00,12217.969,6%,,,,,,,,,,
07/05/2019 02:00,11022.912,6%,,,,,,,,,,
07/05/2019 03:00,10215.504,5%,,,,,,,,,,
07/05/2019 04:00,9350.431,5%,,,,,,,,,,
07/05/2019 05:00,9146.457,5%,,,,,,,,,,
07/05/2019 06:00,8852.537,4%,,,,,,,,,,
07/05/2019 07:00,12178.496,6%,,,,,,,,,,
07/05/2019 08:00,16526.086,8%,,,,,,,,,,
07/05/2019 09:00,20053.861,10%,,,,,,,,,,
07/05/2019 10:00,25106.166,13%,,,,,,,,,,
07/05/2019 11:00,30371.3,15%,,,,,,,,,,
07/05/2019 12:00,34625.594,17%,,,,,,,,,,
07/05/2019 13:00,37021.272,19%,,,,,,,,,,
07/05/2019 14:00,37595.314,19%,,,,,,,,,,
07/05/2019 15:00,37427.825,19%,,,,,,,,,,
07/05/2019 16:00,37921.5,19%,,,,,,,,,,
07/05/2019 17:00,38542.295,19%,,,,,,,,,,
07/05/2019 18:00,40363.532,20%,,,,,,,,,,
07/05/2019 19:00,45479.039,23%,,,,,,,,,,
07/05/2019 20:00,54058.923,27%,,,,,,,,,,
07/05/2019 21:00,55879.362,28%,,,,,,,,,,
07/05/2019 22:00,53222.232,27%,,,,,,,,,,
07/05/2019 23:00,49484.204,25%,,,,,,,,,,
08/05/2019 00:00,46585.547,23%,,,,,,,,,,
08/05/2019 01:00,45838.856,23%,,,,,,,,,,
08/05/2019 02:00,46858.792,23%,,,,,,,,,,
08/05/2019 03:00,47213.134,24%,,,,,,,,,,
08/05/2019 04:00,52302.581,26%,,,,,,,,,,
08/05/2019 05:00,50976.306,25%,,,,,,,,,,
08/05/2019 06:00,56002.301,28%,,,,,,,,,,
08/05/2019 07:00,67725.176,34%,,,,,,,,,,
08/05/2019 08:00,82931.741,41%,,,,,,,,,,
08/05/2019 09:00,96875.856,48%,,,,,,,,,,
08/05/2019 10:00,113158.552,57%,,,,,,,,,,
08/05/2019 11:00,125890.222,63%,,,,,,,,,,
08/05/2019 12:00,131989.386,66%,,,,,,,,,,
08/05/2019 13:00,134340.183,67%,,,,,,,,,,
08/05/2019 14:00,135735.02,68%,,,,,,,,,,
08/05/2019 15:00,135585.462,68%,,,,,,,,,,
08/05/2019 16:00,133646.315,67%,,,,,,,,,,
08/05/2019 17:00,127765.447,64%,,,,,,,,,,
08/05/2019 18:00,116998.931,58%,,,,,,,,,,
08/05/2019 19:00,113047.475,57%,,,,,,,,,,
08/05/2019 20:00,115543.59,58%,,,,,,,,,,
08/05/2019 21:00,114436.926,57%,,,,,,,,,,
08/05/2019 22:00,110483.268,55%,,,,,,,,,,
08/05/2019 23:00,106429.824,53%,,,,,,,,,,
09/05/2019 00:00,100960.442,50%,,,,,,,,,,
09/05/2019 01:00,95740.248,48%,,,,,,,,,,
09/05/2019 02:00,90123.472,45%,,,,,,,,,,
09/05/2019 03:00,83916.044,42%,,,,,,,,,,
09/05/2019 04:00,79714.083,40%,,,,,,,,,,
09/05/2019 05:00,71530.014,36%,,,,,,,,,,
09/05/2019 06:00,59995.176,30%,,,,,,,,,,
09/05/2019 07:00,83909.234,42%,,,,,,,,,,
09/05/2019 08:00,90780.826,45%,,,,,,,,,,
09/05/2019 09:00,77570.685,39%,,,,,,,,,,
09/05/2019 10:00,59453.672,30%,,,,,,,,,,
09/05/2019 11:00,44018.995,22%,,,,,,,,,,
09/05/2019 12:00,32084.859,16%,,,,,,,,,,
09/05/2019 13:00,23423.28,12%,,,,,,,,,,
09/05/2019 14:00,17675.263,9%,,,,,,,,,,
09/05/2019 15:00,14178.386,7%,,,,,,,,,,
09/05/2019 16:00,11560.731,6%,,,,,,,,,,
09/05/2019 17:00,9263.698,5%,,,,,,,,,,
09/05/2019 18:00,7638.599,4%,,,,,,,,,,
09/05/2019 19:00,7036.305,4%,,,,,,,,,,
09/05/2019 20:00,7266.671,4%,,,,,,,,,,
09/05/2019 21:00,8148.107,4%,,,,,,,,,,
09/05/2019 22:00,8379.767,4%,,,,,,,,,,
09/05/2019 23:00,7865.79,4%,,,,,,,,,,
10/05/2019 00:00,7045.089,4%,,,,,,,,,,
10/05/2019 01:00,5872.857,3%,,,,,,,,,,
10/05/2019 02:00,4780.171,2%,,,,,,,,,,
10/05/2019 03:00,3923.129,2%,,,,,,,,,,
10/05/2019 04:00,4016.088,2%,,,,,,,,,,
10/05/2019 05:00,4462.517,2%,,,,,,,,,,
10/05/2019 06:00,3941.242,2%,,,,,,,,,,
10/05/2019 07:00,3460.334,2%,,,,,,,,,,
10/05/2019 08:00,3398.07,2%,,,,,,,,,,
10/05/2019 09:00,4177.408,2%,,,,,,,,,,
10/05/2019 10:00,5535.221,3%,,,,,,,,,,
10/05/2019 11:00,7141.935,4%,,,,,,,,,,
10/05/2019 12:00,8263.569,4%,,,,,,,,,,
10/05/2019 13:00,8407.628,4%,,,,,,,,,,
10/05/2019 14:00,7884.376,4%,,,,,,,,,,
10/05/2019 15:00,6736.031,3%,,,,,,,,,,
10/05/2019 16:00,4847.825,2%,,,,,,,,,,
10/05/2019 17:00,3447.438,2%,,,,,,,,,,
10/05/2019 18:00,3030.885,2%,,,,,,,,,,
10/05/2019 19:00,3709.925,2%,,,,,,,,,,
10/05/2019 20:00,4844.272,2%,,,,,,,,,,
10/05/2019 21:00,5154.184,3%,,,,,,,,,,
10/05/2019 22:00,4554.765,2%,,,,,,,,,,
10/05/2019 23:00,3309.778,2%,,,,,,,,,,
11/05/2019 00:00,2167.009,1%,,,,,,,,,,
11/05/2019 01:00,2423.724,1%,,,,,,,,,,
11/05/2019 02:00,5501.489,3%,,,,,,,,,,
11/05/2019 03:00,11655.22,6%,,,,,,,,,,
11/05/2019 04:00,20245.972,10%,,,,,,,,,,
11/05/2019 05:00,25593.407,13%,,,,,,,,,,
11/05/2019 06:00,25700.442,13%,,,,,,,,,,
11/05/2019 07:00,29352.521,15%,,,,,,,,,,
11/05/2019 08:00,30069.625,15%,,,,,,,,,,
11/05/2019 09:00,26116.759,13%,,,,,,,,,,
11/05/2019 10:00,21482.536,11%,,,,,,,,,,
11/05/2019 11:00,19681.448,10%,,,,,,,,,,
11/05/2019 12:00,19977.493,10%,,,,,,,,,,
11/05/2019 13:00,21413.814,11%,,,,,,,,,,
11/05/2019 14:00,24033.066,12%,,,,,,,,,,
11/05/2019 15:00,27683.887,14%,,,,,,,,,,
11/05/2019 16:00,29870.644,15%,,,,,,,,,,
11/05/2019 17:00,30762.842,15%,,,,,,,,,,
11/05/2019 18:00,27651.134,14%,,,,,,,,,,
11/05/2019 19:00,26679.524,13%,,,,,,,,,,
11/05/2019 20:00,24392.721,12%,,,,,,,,,,
11/05/2019 21:00,22039.421,11%,,,,,,,,,,
11/05/2019 22:00,20250.153,10%,,,,,,,,,,
11/05/2019 23:00,18563.679,9%,,,,,,,,,,
12/05/2019 00:00,19188.215,10%,,,,,,,,,,
12/05/2019 01:00,19664.75,10%,,,,,,,,,,
12/05/2019 02:00,18621.441,9%,,,,,,,,,,
12/05/2019 03:00,17144.421,9%,,,,,,,,,,
12/05/2019 04:00,14281.497,7%,,,,,,,,,,
12/05/2019 05:00,10082.248,5%,,,,,,,,,,
12/05/2019 06:00,4849.587,2%,,,,,,,,,,
12/05/2019 07:00,3525.179,2%,,,,,,,,,,
12/05/2019 08:00,5811.676,3%,,,,,,,,,,
12/05/2019 09:00,9054.164,5%,,,,,,,,,,
12/05/2019 10:00,11895.035,6%,,,,,,,,,,
12/05/2019 11:00,14319.213,7%,,,,,,,,,,
12/05/2019 12:00,16550.988,8%,,,,,,,,,,
12/05/2019 13:00,19143.314,10%,,,,,,,,,,
12/05/2019 14:00,21106.411,11%,,,,,,,,,,
12/05/2019 15:00,20047.77,10%,,,,,,,,,,
12/05/2019 16:00,18558.022,9%,,,,,,,,,,
12/05/2019 17:00,17911.625,9%,,,,,,,,,,
12/05/2019 18:00,17734.415,9%,,,,,,,,,,
12/05/2019 19:00,17185.919,9%,,,,,,,,,,
12/05/2019 20:00,16564.862,8%,,,,,,,,,,
12/05/2019 21:00,16320.598,8%,,,,,,,,,,
12/05/2019 22:00,17173.72,9%,,,,,,,,,,
12/05/2019 23:00,19154.442,10%,,,,,,,,,,
13/05/2019 00:00,20449.671,10%,,,,,,,,,,
13/05/2019 01:00,19249.852,10%,,,,,,,,,,
13/05/2019 02:00,17185.189,9%,,,,,,,,,,
13/05/2019 03:00,15399.28,8%,,,,,,,,,,
13/05/2019 04:00,15189.378,8%,,,,,,,,,,
13/05/2019 05:00,15774.229,8%,,,,,,,,,,
13/05/2019 06:00,12214.097,6%,,,,,,,,,,
13/05/2019 07:00,14622.012,7%,,,,,,,,,,
13/05/2019 08:00,23832.03,12%,,,,,,,,,,
13/05/2019 09:00,23603.108,12%,,,,,,,,,,
13/05/2019 10:00,28855.08,14%,,,,,,,,,,
13/05/2019 11:00,36219.607,18%,,,,,,,,,,
13/05/2019 12:00,39498.889,20%,,,,,,,,,,
13/05/2019 13:00,38985.257,19%,,,,,,,,,,
13/05/2019 14:00,39215.962,20%,,,,,,,,,,
13/05/2019 15:00,45484.431,23%,,,,,,,,,,
13/05/2019 16:00,49525.377,25%,,,,,,,,,,
13/05/2019 17:00,46521.259,23%,,,,,,,,,,
13/05/2019 18:00,44614.146,22%,,,,,,,,,,
13/05/2019 19:00,46589.37,23%,,,,,,,,,,
13/05/2019 20:00,47617.112,24%,,,,,,,,,,
13/05/2019 21:00,46318.169,23%,,,,,,,,,,
13/05/2019 22:00,43840.901,22%,,,,,,,,,,
13/05/2019 23:00,41862.366,21%,,,,,,,,,,
14/05/2019 00:00,38701.513,19%,,,,,,,,,,
14/05/2019 01:00,33965.781,17%,,,,,,,,,,
14/05/2019 02:00,29026.548,15%,,,,,,,,,,
14/05/2019 03:00,21678.081,11%,,,,,,,,,,
14/05/2019 04:00,16500.924,8%,,,,,,,,,,
14/05/2019 05:00,14844.342,7%,,,,,,,,,,
14/05/2019 06:00,10906.504,5%,,,,,,,,,,
14/05/2019 07:00,6376.535,3%,,,,,,,,,,
14/05/2019 08:00,8575.578,4%,,,,,,,,,,
14/05/2019 09:00,9307.855,5%,,,,,,,,,,
14/05/2019 10:00,11410.768,6%,,,,,,,,,,
14/05/2019 11:00,13592.106,7%,,,,,,,,,,
14/05/2019 12:00,14862.003,7%,,,,,,,,,,
14/05/2019 13:00,15439.079,8%,,,,,,,,,,
14/05/2019 14:00,16192.981,8%,,,,,,,,,,
14/05/2019 15:00,17143.225,9%,,,,,,,,,,
14/05/2019 16:00,17905.591,9%,,,,,,,,,,
14/05/2019 17:00,18578.849,9%,,,,,,,,,,
14/05/2019 18:00,19375.514,10%,,,,,,,,,,
14/05/2019 19:00,19473.854,10%,,,,,,,,,,
14/05/2019 20:00,17071.075,9%,,,,,,,,,,
14/05/2019 21:00,13102.951,7%,,,,,,,,,,
14/05/2019 22:00,8366.235,4%,,,,,,,,,,
14/05/2019 23:00,4424.817,2%,,,,,,,,,,
15/05/2019 00:00,1831.573,1%,,,,,,,,,,
15/05/2019 01:00,809.95,0%,,,,,,,,,,
15/05/2019 02:00,817.629,0%,,,,,,,,,,
15/05/2019 03:00,1188.236,1%,,,,,,,,,,
15/05/2019 04:00,1091.298,1%,,,,,,,,,,
15/05/2019 05:00,895.967,0%,,,,,,,,,,
15/05/2019 06:00,890.888,0%,,,,,,,,,,
15/05/2019 07:00,1234.892,1%,,,,,,,,,,
15/05/2019 08:00,3285.64,2%,,,,,,,,,,
15/05/2019 09:00,4976.427,2%,,,,,,,,,,
15/05/2019 10:00,7483.185,4%,,,,,,,,,,
15/05/2019 11:00,9727.121,5%,,,,,,,,,,
15/05/2019 12:00,10807.559,5%,,,,,,,,,,
15/05/2019 13:00,10679.85,5%,,,,,,,,,,
15/05/2019 14:00,10670.765,5%,,,,,,,,,,
15/05/2019 15:00,11822.141,6%,,,,,,,,,,
15/05/2019 16:00,16580.526,8%,,,,,,,,,,
15/05/2019 17:00,27478.613,14%,,,,,,,,,,
15/05/2019 18:00,42036.433,21%,,,,,,,,,,
15/05/2019 19:00,48600.538,24%,,,,,,,,,,
15/05/2019 20:00,50655.918,25%,,,,,,,,,,
15/05/2019 21:00,47299.986,24%,,,,,,,,,,
15/05/2019 22:00,44607.359,22%,,,,,,,,,,
15/05/2019 23:00,41722.139,21%,,,,,,,,,,
16/05/2019 00:00,42650.389,21%,,,,,,,,,,
16/05/2019 01:00,42423.911,21%,,,,,,,,,,
16/05/2019 02:00,43224.762,22%,,,,,,,,,,
16/05/2019 03:00,45137.316,23%,,,,,,,,,,
16/05/2019 04:00,45040.037,23%,,,,,,,,,,
16/05/2019 05:00,41582.576,21%,,,,,,,,,,
16/05/2019 06:00,39382.031,20%,,,,,,,,,,
16/05/2019 07:00,44466.448,22%,,,,,,,,,,
16/05/2019 08:00,50195.758,25%,,,,,,,,,,
16/05/2019 09:00,55184.235,28%,,,,,,,,,,
16/05/2019 10:00,62803.225,31%,,,,,,,,,,
16/05/2019 11:00,70837.461,35%,,,,,,,,,,
16/05/2019 12:00,76125.063,38%,,,,,,,,,,
16/05/2019 13:00,77661.609,39%,,,,,,,,,,
16/05/2019 14:00,76432.413,38%,,,,,,,,,,
16/05/2019 15:00,76505.756,38%,,,,,,,,,,
16/05/2019 16:00,78062.249,39%,,,,,,,,,,
16/05/2019 17:00,80451.963,40%,,,,,,,,,,
16/05/2019 18:00,77243.244,39%,,,,,,,,,,
16/05/2019 19:00,71528.689,36%,,,,,,,,,,
16/05/2019 20:00,74715.424,37%,,,,,,,,,,
16/05/2019 21:00,71530.854,36%,,,,,,,,,,
16/05/2019 22:00,64792.065,32%,,,,,,,,,,
16/05/2019 23:00,55360.411,28%,,,,,,,,,,
17/05/2019 00:00,45040.077,23%,,,,,,,,,,
17/05/2019 01:00,37562.406,19%,,,,,,,,,,
17/05/2019 02:00,34890.882,17%,,,,,,,,,,
17/05/2019 03:00,37179.626,19%,,,,,,,,,,
17/05/2019 04:00,41929.354,21%,,,,,,,,,,
17/05/2019 05:00,39989.56,20%,,,,,,,,,,
17/05/2019 06:00,32070.393,16%,,,,,,,,,,
17/05/2019 07:00,46963.091,23%,,,,,,,,,,
17/05/2019 08:00,64527.861,32%,,,,,,,,,,
17/05/2019 09:00,77502.654,39%,,,,,,,,,,
17/05/2019 10:00,83163.446,42%,,,,,,,,,,
17/05/2019 11:00,86899.802,43%,,,,,,,,,,
17/05/2019 12:00,90590.946,45%,,,,,,,,,,
17/05/2019 13:00,94615.776,47%,,,,,,,,,,
17/05/2019 14:00,97670.571,49%,,,,,,,,,,
17/05/2019 15:00,97895.249,49%,,,,,,,,,,
17/05/2019 16:00,94497.002,47%,,,,,,,,,,
17/05/2019 17:00,88301.756,44%,,,,,,,,,,
17/05/2019 18:00,75274.791,38%,,,,,,,,,,
17/05/2019 19:00,68973.737,34%,,,,,,,,,,
17/05/2019 20:00,75155.627,38%,,,,,,,,,,
17/05/2019 21:00,79037.592,40%,,,,,,,,,,
17/05/2019 22:00,79561.031,40%,,,,,,,,,,
17/05/2019 23:00,81411.271,41%,,,,,,,,,,
18/05/2019 00:00,88083.023,44%,,,,,,,,,,
18/05/2019 01:00,84042.324,42%,,,,,,,,,,
18/05/2019 02:00,81573.63,41%,,,,,,,,,,
18/05/2019 03:00,77126.079,39%,,,,,,,,,,
18/05/2019 04:00,77094.107,39%,,,,,,,,,,
18/05/2019 05:00,76338.85,38%,,,,,,,,,,
18/05/2019 06:00,78202.604,39%,,,,,,,,,,
18/05/2019 07:00,88300.28,44%,,,,,,,,,,
18/05/2019 08:00,88304.005,44%,,,,,,,,,,
18/05/2019 09:00,81248.298,41%,,,,,,,,,,
18/05/2019 10:00,73651.949,37%,,,,,,,,,,
18/05/2019 11:00,65034.188,33%,,,,,,,,,,
18/05/2019 12:00,55597.524,28%,,,,,,,,,,
18/05/2019 13:00,46146.602,23%,,,,,,,,,,
18/05/2019 14:00,35769.555,18%,,,,,,,,,,
18/05/2019 15:00,26600.78,13%,,,,,,,,,,
18/05/2019 16:00,20030.719,10%,,,,,,,,,,
18/05/2019 17:00,14746.873,7%,,,,,,,,,,
18/05/2019 18:00,10573.623,5%,,,,,,,,,,
18/05/2019 19:00,9007.311,5%,,,,,,,,,,
18/05/2019 20:00,9524.146,5%,,,,,,,,,,
18/05/2019 21:00,10905.924,5%,,,,,,,,,,
18/05/2019 22:00,13007.954,7%,,,,,,,,,,
18/05/2019 23:00,14322.048,7%,,,,,,,,,,
19/05/2019 00:00,14179.683,7%,,,,,,,,,,
19/05/2019 01:00,13378.202,7%,,,,,,,,,,
19/05/2019 02:00,11766.44,6%,,,,,,,,,,
19/05/2019 03:00,9537.176,5%,,,,,,,,,,
19/05/2019 04:00,7252.093,4%,,,,,,,,,,
19/05/2019 05:00,4883.545,2%,,,,,,,,,,
19/05/2019 06:00,2989.771,1%,,,,,,,,,,
19/05/2019 07:00,3467.455,2%,,,,,,,,,,
19/05/2019 08:00,4803.508,2%,,,,,,,,,,
19/05/2019 09:00,7128.176,4%,,,,,,,,,,
19/05/2019 10:00,11641.707,6%,,,,,,,,,,
19/05/2019 11:00,15900.643,8%,,,,,,,,,,
19/05/2019 12:00,18099.809,9%,,,,,,,,,,
19/05/2019 13:00,18667.555,9%,,,,,,,,,,
19/05/2019 14:00,18381.873,9%,,,,,,,,,,
19/05/2019 15:00,18149.501,9%,,,,,,,,,,
19/05/2019 16:00,19054.303,10%,,,,,,,,,,
19/05/2019 17:00,19595.165,10%,,,,,,,,,,
19/05/2019 18:00,19056.481,10%,,,,,,,,,,
19/05/2019 19:00,21104.971,11%,,,,,,,,,,
19/05/2019 20:00,26549.144,13%,,,,,,,,,,
19/05/2019 21:00,29739.146,15%,,,,,,,,,,
19/05/2019 22:00,30586.763,15%,,,,,,,,,,
19/05/2019 23:00,30917.62,15%,,,,,,,,,,
20/05/2019 00:00,32231.663,16%,,,,,,,,,,
20/05/2019 01:00,34212.133,17%,,,,,,,,,,
20/05/2019 02:00,36038.225,18%,,,,,,,,,,
20/05/2019 03:00,35934.265,18%,,,,,,,,,,
20/05/2019 04:00,34475.293,17%,,,,,,,,,,
20/05/2019 05:00,27981.352,14%,,,,,,,,,,
20/05/2019 06:00,19015.527,10%,,,,,,,,,,
20/05/2019 07:00,12406.555,6%,,,,,,,,,,
20/05/2019 08:00,5469.895,3%,,,,,,,,,,
20/05/2019 09:00,2255.81,1%,,,,,,,,,,
20/05/2019 10:00,2191.586,1%,,,,,,,,,,
20/05/2019 11:00,2602.727,1%,,,,,,,,,,
20/05/2019 12:00,2998.12,1%,,,,,,,,,,
20/05/2019 13:00,3398.845,2%,,,,,,,,,,
20/05/2019 14:00,4501.317,2%,,,,,,,,,,
20/05/2019 15:00,6671.304,3%,,,,,,,,,,
20/05/2019 16:00,9576.617,5%,,,,,,,,,,
20/05/2019 17:00,12750.363,6%,,,,,,,,,,
20/05/2019 18:00,15009.618,8%,,,,,,,,,,
20/05/2019 19:00,16980.524,8%,,,,,,,,,,
20/05/2019 20:00,18561.502,9%,,,,,,,,,,
20/05/2019 21:00,19123.941,10%,,,,,,,,,,
20/05/2019 22:00,20228.169,10%,,,,,,,,,,
20/05/2019 23:00,23051.105,12%,,,,,,,,,,
21/05/2019 00:00,27195.727,14%,,,,,,,,,,
21/05/2019 01:00,32194.494,16%,,,,,,,,,,
21/05/2019 02:00,36143.987,18%,,,,,,,,,,
21/05/2019 03:00,38761.833,19%,,,,,,,,,,
21/05/2019 04:00,36659.759,18%,,,,,,,,,,
21/05/2019 05:00,31300.806,16%,,,,,,,,,,
21/05/2019 06:00,33028.245,17%,,,,,,,,,,
21/05/2019 07:00,32004.381,16%,,,,,,,,,,
21/05/2019 08:00,27310.174,14%,,,,,,,,,,
21/05/2019 09:00,21876.884,11%,,,,,,,,,,
21/05/2019 10:00,18683.897,9%,,,,,,,,,,
21/05/2019 11:00,19077.661,10%,,,,,,,,,,
21/05/2019 12:00,22147.971,11%,,,,,,,,,,
21/05/2019 13:00,25419.891,13%,,,,,,,,,,
21/05/2019 14:00,27338.841,14%,,,,,,,,,,
21/05/2019 15:00,29694.154,15%,,,,,,,,,,
21/05/2019 16:00,33730.964,17%,,,,,,,,,,
21/05/2019 17:00,37949.13,19%,,,,,,,,,,
21/05/2019 18:00,37605.344,19%,,,,,,,,,,
21/05/2019 19:00,37518.207,19%,,,,,,,,,,
21/05/2019 20:00,42400.033,21%,,,,,,,,,,
21/05/2019 21:00,45896.064,23%,,,,,,,,,,
21/05/2019 22:00,46173.584,23%,,,,,,,,,,
21/05/2019 23:00,46945.519,23%,,,,,,,,,,
22/05/2019 00:00,49994.028,25%,,,,,,,,,,
22/05/2019 01:00,54529.273,27%,,,,,,,,,,
22/05/2019 02:00,57237.321,29%,,,,,,,,,,
22/05/2019 03:00,60493.17,30%,,,,,,,,,,
22/05/2019 04:00,64650.118,32%,,,,,,,,,,
22/05/2019 05:00,55702.436,28%,,,,,,,,,,
22/05/2019 06:00,57774.163,29%,,,,,,,,,,
22/05/2019 07:00,62207.656,31%,,,,,,,,,,
22/05/2019 08:00,65911.261,33%,,,,,,,,,,
22/05/2019 09:00,67725.66,34%,,,,,,,,,,
22/05/2019 10:00,69175.433,35%,,,,,,,,,,
22/05/2019 11:00,75017.675,38%,,,,,,,,,,
22/05/2019 12:00,84193.428,42%,,,,,,,,,,
22/05/2019 13:00,94379.949,47%,,,,,,,,,,
22/05/2019 14:00,102064.369,51%,,,,,,,,,,
22/05/2019 15:00,109406.642,55%,,,,,,,,,,
22/05/2019 16:00,119018.139,60%,,,,,,,,,,
22/05/2019 17:00,126093.197,63%,,,,,,,,,,
22/05/2019 18:00,120901.064,60%,,,,,,,,,,
22/05/2019 19:00,115543.03,58%,,,,,,,,,,
22/05/2019 20:00,115545.253,58%,,,,,,,,,,
22/05/2019 21:00,111652.358,56%,,,,,,,,,,
22/05/2019 22:00,105069.337,53%,,,,,,,,,,
22/05/2019 23:00,102691.056,51%,,,,,,,,,,
23/05/2019 00:00,93776.879,47%,,,,,,,,,,
23/05/2019 01:00,90826.248,45%,,,,,,,,,,
23/05/2019 02:00,91662.348,46%,,,,,,,,,,
23/05/2019 03:00,90779.082,45%,,,,,,,,,,
23/05/2019 04:00,93258.415,47%,,,,,,,,,,
23/05/2019 05:00,91183.708,46%,,,,,,,,,,
23/05/2019 06:00,99628.6,50%,,,,,,,,,,
23/05/2019 07:00,106429.654,53%,,,,,,,,,,
23/05/2019 08:00,109952.24,55%,,,,,,,,,,
23/05/2019 09:00,115550.127,58%,,,,,,,,,,
23/05/2019 10:00,123607.374,62%,,,,,,,,,,
23/05/2019 11:00,135303.752,68%,,,,,,,,,,
23/05/2019 12:00,144654.54,72%,,,,,,,,,,
23/05/2019 13:00,150041.322,75%,,,,,,,,,,
23/05/2019 14:00,156412.067,78%,,,,,,,,,,
23/05/2019 15:00,159529.697,80%,,,,,,,,,,
23/05/2019 16:00,158255.344,79%,,,,,,,,,,
23/05/2019 17:00,153609.792,77%,,,,,,,,,,
23/05/2019 18:00,142056.429,71%,,,,,,,,,,
23/05/2019 19:00,120243.645,60%,,,,,,,,,,
23/05/2019 20:00,109859.331,55%,,,,,,,,,,
23/05/2019 21:00,106972.703,53%,,,,,,,,,,
23/05/2019 22:00,107298.831,54%,,,,,,,,,,
23/05/2019 23:00,109800.475,55%,,,,,,,,,,
24/05/2019 00:00,111288.65,56%,,,,,,,,,,
24/05/2019 01:00,108867.2,54%,,,,,,,,,,
24/05/2019 02:00,105121.116,53%,,,,,,,,,,
24/05/2019 03:00,99420.862,50%,,,,,,,,,,
24/05/2019 04:00,90247.75,45%,,,,,,,,,,
24/05/2019 05:00,80497.057,40%,,,,,,,,,,
24/05/2019 06:00,77670.189,39%,,,,,,,,,,
24/05/2019 07:00,72984.398,36%,,,,,,,,,,
24/05/2019 08:00,66111.751,33%,,,,,,,,,,
24/05/2019 09:00,58738.676,29%,,,,,,,,,,
24/05/2019 10:00,50321.501,25%,,,,,,,,,,
24/05/2019 11:00,44609.238,22%,,,,,,,,,,
24/05/2019 12:00,40282.602,20%,,,,,,,,,,
24/05/2019 13:00,37677.224,19%,,,,,,,,,,
24/05/2019 14:00,39431.636,20%,,,,,,,,,,
24/05/2019 15:00,45944.928,23%,,,,,,,,,,
24/05/2019 16:00,49902.744,25%,,,,,,,,,,
24/05/2019 17:00,55605.365,28%,,,,,,,,,,
24/05/2019 18:00,51998.292,26%,,,,,,,,,,
24/05/2019 19:00,40687.86,20%,,,,,,,,,,
24/05/2019 20:00,33967.004,17%,,,,,,,,,,
24/05/2019 21:00,28908.493,14%,,,,,,,,,,
24/05/2019 22:00,22503.977,11%,,,,,,,,,,
24/05/2019 23:00,15339.789,8%,,,,,,,,,,
25/05/2019 00:00,9830.014,5%,,,,,,,,,,
25/05/2019 01:00,6216.146,3%,,,,,,,,,,
25/05/2019 02:00,4228.467,2%,,,,,,,,,,
25/05/2019 03:00,4226.567,2%,,,,,,,,,,
25/05/2019 04:00,5987.844,3%,,,,,,,,,,
25/05/2019 05:00,8265.121,4%,,,,,,,,,,
25/05/2019 06:00,8175.818,4%,,,,,,,,,,
25/05/2019 07:00,9768.527,5%,,,,,,,,,,
25/05/2019 08:00,12671.94,6%,,,,,,,,,,
25/05/2019 09:00,17622.66,9%,,,,,,,,,,
25/05/2019 10:00,20875.911,10%,,,,,,,,,,
25/05/2019 11:00,26617.126,13%,,,,,,,,,,
25/05/2019 12:00,34238.324,17%,,,,,,,,,,
25/05/2019 13:00,44537.251,22%,,,,,,,,,,
25/05/2019 14:00,51218.626,26%,,,,,,,,,,
25/05/2019 15:00,48231.343,24%,,,,,,,,,,
25/05/2019 16:00,38339.417,19%,,,,,,,,,,
25/05/2019 17:00,27565.446,14%,,,,,,,,,,
25/05/2019 18:00,19378.813,10%,,,,,,,,,,
25/05/2019 19:00,18048.556,9%,,,,,,,,,,
25/05/2019 20:00,22672.55,11%,,,,,,,,,,
25/05/2019 21:00,26803.724,13%,,,,,,,,,,
25/05/2019 22:00,20247.644,10%,,,,,,,,,,
25/05/2019 23:00,10810.527,5%,,,,,,,,,,
26/05/2019 00:00,8434.138,4%,,,,,,,,,,
26/05/2019 01:00,5606.603,3%,,,,,,,,,,
26/05/2019 02:00,7808.123,4%,,,,,,,,,,
26/05/2019 03:00,9687.899,5%,,,,,,,,,,
26/05/2019 04:00,12522.045,6%,,,,,,,,,,
26/05/2019 05:00,22258.022,11%,,,,,,,,,,
26/05/2019 06:00,26601.883,13%,,,,,,,,,,
26/05/2019 07:00,28581.725,14%,,,,,,,,,,
26/05/2019 08:00,46578.122,23%,,,,,,,,,,
26/05/2019 09:00,81454.037,41%,,,,,,,,,,
26/05/2019 10:00,127088.217,64%,,,,,,,,,,
26/05/2019 11:00,155675.119,78%,,,,,,,,,,
26/05/2019 12:00,170394.548,85%,,,,,,,,,,
26/05/2019 13:00,180155.734,90%,,,,,,,,,,
26/05/2019 14:00,186448.145,93%,,,,,,,,,,
26/05/2019 15:00,188473.754,94%,,,,,,,,,,
26/05/2019 16:00,187567.737,94%,,,,,,,,,,
26/05/2019 17:00,183466.496,92%,,,,,,,,,,
26/05/2019 18:00,174234.775,87%,,,,,,,,,,
26/05/2019 19:00,161532.967,81%,,,,,,,,,,
26/05/2019 20:00,149034.17,75%,,,,,,,,,,
26/05/2019 21:00,128589.544,64%,,,,,,,,,,
26/05/2019 22:00,111480.243,56%,,,,,,,,,,
26/05/2019 23:00,90892.748,45%,,,,,,,,,,
27/05/2019 00:00,72151.469,36%,,,,,,,,,,
27/05/2019 01:00,56436.702,28%,,,,,,,,,,
27/05/2019 02:00,46145.705,23%,,,,,,,,,,
27/05/2019 03:00,40999.037,20%,,,,,,,,,,
27/05/2019 04:00,36154.752,18%,,,,,,,,,,
27/05/2019 05:00,29244.184,15%,,,,,,,,,,
27/05/2019 06:00,24714.812,12%,,,,,,,,,,
27/05/2019 07:00,19191.072,10%,,,,,,,,,,
27/05/2019 08:00,13287.256,7%,,,,,,,,,,
27/05/2019 09:00,7790.714,4%,,,,,,,,,,
27/05/2019 10:00,4159.865,2%,,,,,,,,,,
27/05/2019 11:00,2434.942,1%,,,,,,,,,,
27/05/2019 12:00,1554.473,1%,,,,,,,,,,
27/05/2019 13:00,1084.019,1%,,,,,,,,,,
27/05/2019 14:00,1013.948,1%,,,,,,,,,,
27/05/2019 15:00,1275.101,1%,,,,,,,,,,
27/05/2019 16:00,2078.477,1%,,,,,,,,,,
27/05/2019 17:00,4261.432,2%,,,,,,,,,,
27/05/2019 18:00,8202.268,4%,,,,,,,,,,
27/05/2019 19:00,11746.375,6%,,,,,,,,,,
27/05/2019 20:00,13588.223,7%,,,,,,,,,,
27/05/2019 21:00,11085.504,6%,,,,,,,,,,
27/05/2019 22:00,7145.487,4%,,,,,,,,,,
27/05/2019 23:00,5841.814,3%,,,,,,,,,,
28/05/2019 00:00,8209.131,4%,,,,,,,,,,
28/05/2019 01:00,14556.703,7%,,,,,,,,,,
28/05/2019 02:00,24652.194,12%,,,,,,,,,,
28/05/2019 03:00,33389,17%,,,,,,,,,,
28/05/2019 04:00,39294.93,20%,,,,,,,,,,
28/05/2019 05:00,36545.005,18%,,,,,,,,,,
28/05/2019 06:00,39963.227,20%,,,,,,,,,,
28/05/2019 07:00,36318.53,18%,,,,,,,,,,
28/05/2019 08:00,28513.71,14%,,,,,,,,,,
28/05/2019 09:00,22470.738,11%,,,,,,,,,,
28/05/2019 10:00,19008.909,10%,,,,,,,,,,
28/05/2019 11:00,17235.386,9%,,,,,,,,,,
28/05/2019 12:00,17352.732,9%,,,,,,,,,,
28/05/2019 13:00,19000.678,10%,,,,,,,,,,
28/05/2019 14:00,20472.283,10%,,,,,,,,,,
28/05/2019 15:00,21472.686,11%,,,,,,,,,,
28/05/2019 16:00,19400.642,10%,,,,,,,,,,
28/05/2019 17:00,14801.737,7%,,,,,,,,,,
28/05/2019 18:00,10071.765,5%,,,,,,,,,,
28/05/2019 19:00,7349.717,4%,,,,,,,,,,
28/05/2019 20:00,6554.91,3%,,,,,,,,,,
28/05/2019 21:00,5624.344,3%,,,,,,,,,,
28/05/2019 22:00,5104.42,3%,,,,,,,,,,
28/05/2019 23:00,5651.075,3%,,,,,,,,,,
29/05/2019 00:00,6732.507,3%,,,,,,,,,,
29/05/2019 01:00,7430.308,4%,,,,,,,,,,
29/05/2019 02:00,7477.705,4%,,,,,,,,,,
29/05/2019 03:00,6225.801,3%,,,,,,,,,,
29/05/2019 04:00,4403.374,2%,,,,,,,,,,
29/05/2019 05:00,2577.971,1%,,,,,,,,,,
29/05/2019 06:00,7032.95,4%,,,,,,,,,,
29/05/2019 07:00,17626.915,9%,,,,,,,,,,
29/05/2019 08:00,23997.584,12%,,,,,,,,,,
29/05/2019 09:00,28350.944,14%,,,,,,,,,,
29/05/2019 10:00,35925.042,18%,,,,,,,,,,
29/05/2019 11:00,43965.578,22%,,,,,,,,,,
29/05/2019 12:00,47034.716,24%,,,,,,,,,,
29/05/2019 13:00,44604.856,22%,,,,,,,,,,
29/05/2019 14:00,39584.204,20%,,,,,,,,,,
29/05/2019 15:00,36124.034,18%,,,,,,,,,,
29/05/2019 16:00,28138.39,14%,,,,,,,,,,
29/05/2019 17:00,17851.467,9%,,,,,,,,,,
29/05/2019 18:00,10318.638,5%,,,,,,,,,,
29/05/2019 19:00,5709.775,3%,,,,,,,,,,
29/05/2019 20:00,2502.83,1%,,,,,,,,,,
29/05/2019 21:00,2980.397,1%,,,,,,,,,,
29/05/2019 22:00,5817.69,3%,,,,,,,,,,
29/05/2019 23:00,9010.572,5%,,,,,,,,,,
30/05/2019 00:00,10522.7,5%,,,,,,,,,,
30/05/2019 01:00,10826.168,5%,,,,,,,,,,
30/05/2019 02:00,15073.221,8%,,,,,,,,,,
30/05/2019 03:00,20063.803,10%,,,,,,,,,,
30/05/2019 04:00,24080.335,12%,,,,,,,,,,
30/05/2019 05:00,26463.547,13%,,,,,,,,,,
30/05/2019 06:00,23016.585,12%,,,,,,,,,,
30/05/2019 07:00,20674.418,10%,,,,,,,,,,
30/05/2019 08:00,16411.907,8%,,,,,,,,,,
30/05/2019 09:00,9858.495,5%,,,,,,,,,,
30/05/2019 10:00,7110.608,4%,,,,,,,,,,
30/05/2019 11:00,8176.304,4%,,,,,,,,,,
30/05/2019 12:00,7043.032,4%,,,,,,,,,,
30/05/2019 13:00,6194.738,3%,,,,,,,,,,
30/05/2019 14:00,7410.691,4%,,,,,,,,,,
30/05/2019 15:00,9009.752,5%,,,,,,,,,,
30/05/2019 16:00,8927.922,4%,,,,,,,,,,
30/05/2019 17:00,12275.952,6%,,,,,,,,,,
30/05/2019 18:00,19970.678,10%,,,,,,,,,,
30/05/2019 19:00,28597.515,14%,,,,,,,,,,
30/05/2019 20:00,35576.001,18%,,,,,,,,,,
30/05/2019 21:00,34073.403,17%,,,,,,,,,,
30/05/2019 22:00,25052.874,13%,,,,,,,,,,
30/05/2019 23:00,15126.708,8%,,,,,,,,,,
31/05/2019 00:00,9680.719,5%,,,,,,,,,,
31/05/2019 01:00,8055.735,4%,,,,,,,,,,
31/05/2019 02:00,9005.403,5%,,,,,,,,,,
31/05/2019 03:00,11249.281,6%,,,,,,,,,,
31/05/2019 04:00,15901.63,8%,,,,,,,,,,
31/05/2019 05:00,15369.746,8%,,,,,,,,,,
31/05/2019 06:00,16285.52,8%,,,,,,,,,,
31/05/2019 07:00,21412.734,11%,,,,,,,,,,
31/05/2019 08:00,33480.902,17%,,,,,,,,,,
31/05/2019 09:00,51816.331,26%,,,,,,,,,,
31/05/2019 10:00,75100.686,38%,,,,,,,,,,
31/05/2019 11:00,93259.764,47%,,,,,,,,,,
31/05/2019 12:00,108830.03,54%,,,,,,,,,,
31/05/2019 13:00,124101.982,62%,,,,,,,,,,
31/05/2019 14:00,129550.027,65%,,,,,,,,,,
31/05/2019 15:00,119333.459,60%,,,,,,,,,,
31/05/2019 16:00,116072.141,58%,,,,,,,,,,
31/05/2019 17:00,113690.111,57%,,,,,,,,,,
31/05/2019 18:00,104229.764,52%,,,,,,,,,,
31/05/2019 19:00,97000.243,49%,,,,,,,,,,
31/05/2019 20:00,110455.205,55%,,,,,,,,,,
31/05/2019 21:00,97668.04,49%,,,,,,,,,,
31/05/2019 22:00,90210.498,45%,,,,,,,,,,
31/05/2019 23:00,91882.86,46%,,,,,,,,,,
01/06/2019 00:00,98492.142,49%,,,,,,,,,,
01/06/2019 01:00,106810.291,53%,,,,,,,,,,
01/06/2019 02:00,107333.076,54%,,,,,,,,,,
01/06/2019 03:00,98220.242,49%,,,,,,,,,,
01/06/2019 04:00,87038.116,44%,,,,,,,,,,
01/06/2019 05:00,72319.21,36%,,,,,,,,,,
01/06/2019 06:00,62728.349,31%,,,,,,,,,,
01/06/2019 07:00,57783.275,29%,,,,,,,,,,
01/06/2019 08:00,73028.047,37%,,,,,,,,,,
01/06/2019 09:00,100144.899,50%,,,,,,,,,,
01/06/2019 10:00,105069.504,53%,,,,,,,,,,
01/06/2019 11:00,90534.6,45%,,,,,,,,,,
01/06/2019 12:00,82000.514,41%,,,,,,,,,,
01/06/2019 13:00,86380.728,43%,,,,,,,,,,
01/06/2019 14:00,79236.143,40%,,,,,,,,,,
01/06/2019 15:00,71168.437,36%,,,,,,,,,,
01/06/2019 16:00,57778.23,29%,,,,,,,,,,
01/06/2019 17:00,41820.159,21%,,,,,,,,,,
01/06/2019 18:00,24701.859,12%,,,,,,,,,,
01/06/2019 19:00,16272.347,8%,,,,,,,,,,
01/06/2019 20:00,17618.629,9%,,,,,,,,,,
01/06/2019 21:00,25521.164,13%,,,,,,,,,,
01/06/2019 22:00,37143.13,19%,,,,,,,,,,
01/06/2019 23:00,45838.999,23%,,,,,,,,,,
02/06/2019 00:00,49729.238,25%,,,,,,,,,,
02/06/2019 01:00,52653.262,26%,,,,,,,,,,
02/06/2019 02:00,73922.674,37%,,,,,,,,,,
02/06/2019 03:00,83911.226,42%,,,,,,,,,,
02/06/2019 04:00,82000.749,41%,,,,,,,,,,
02/06/2019 05:00,92526.912,46%,,,,,,,,,,
02/06/2019 06:00,98217.787,49%,,,,,,,,,,
02/06/2019 07:00,97879.135,49%,,,,,,,,,,
02/06/2019 08:00,95739.676,48%,,,,,,,,,,
02/06/2019 09:00,104354.579,52%,,,,,,,,,,
02/06/2019 10:00,120121.157,60%,,,,,,,,,,
02/06/2019 11:00,126739.723,63%,,,,,,,,,,
02/06/2019 12:00,129315.426,65%,,,,,,,,,,
02/06/2019 13:00,140426.075,70%,,,,,,,,,,
02/06/2019 14:00,154008.57,77%,,,,,,,,,,
02/06/2019 15:00,159520.305,80%,,,,,,,,,,
02/06/2019 16:00,156382.464,78%,,,,,,,,,,
02/06/2019 17:00,146536.346,73%,,,,,,,,,,
02/06/2019 18:00,133576.454,67%,,,,,,,,,,
02/06/2019 19:00,138359.898,69%,,,,,,,,,,
02/06/2019 20:00,152555.154,76%,,,,,,,,,,
02/06/2019 21:00,160265.769,80%,,,,,,,,,,
02/06/2019 22:00,167490.169,84%,,,,,,,,,,
02/06/2019 23:00,168761.707,84%,,,,,,,,,,
03/06/2019 00:00,173678.236,87%,,,,,,,,,,
03/06/2019 01:00,177260.969,89%,,,,,,,,,,
03/06/2019 02:00,179957.758,90%,,,,,,,,,,
03/06/2019 03:00,181950.288,91%,,,,,,,,,,
03/06/2019 04:00,180676.758,90%,,,,,,,,,,
03/06/2019 05:00,178207.08,89%,,,,,,,,,,
03/06/2019 06:00,178607.45,89%,,,,,,,,,,
03/06/2019 07:00,181761.656,91%,,,,,,,,,,
03/06/2019 08:00,184599.392,92%,,,,,,,,,,
03/06/2019 09:00,185859.296,93%,,,,,,,,,,
03/06/2019 10:00,186694.431,93%,,,,,,,,,,
03/06/2019 11:00,187069.558,94%,,,,,,,,,,
03/06/2019 12:00,186630.972,93%,,,,,,,,,,
03/06/2019 13:00,184013.508,92%,,,,,,,,,,
03/06/2019 14:00,178789.134,89%,,,,,,,,,,
03/06/2019 15:00,170964.018,85%,,,,,,,,,,
03/06/2019 16:00,159100.995,80%,,,,,,,,,,
03/06/2019 17:00,139560.036,70%,,,,,,,,,,
03/06/2019 18:00,112404.608,56%,,,,,,,,,,
03/06/2019 19:00,86531.476,43%,,,,,,,,,,
03/06/2019 20:00,76669.21,38%,,,,,,,,,,
03/06/2019 21:00,70072.586,35%,,,,,,,,,,
03/06/2019 22:00,60993.766,30%,,,,,,,,,,
03/06/2019 23:00,58761.007,29%,,,,,,,,,,
04/06/2019 00:00,54401.298,27%,,,,,,,,,,
04/06/2019 01:00,46746.33,23%,,,,,,,,,,
04/06/2019 02:00,38971.657,19%,,,,,,,,,,
04/06/2019 03:00,35214.728,18%,,,,,,,,,,
04/06/2019 04:00,29812.637,15%,,,,,,,,,,
04/06/2019 05:00,24400.882,12%,,,,,,,,,,
04/06/2019 06:00,26543.19,13%,,,,,,,,,,
04/06/2019 07:00,24373.323,12%,,,,,,,,,,
04/06/2019 08:00,21806.05,11%,,,,,,,,,,
04/06/2019 09:00,17486.592,9%,,,,,,,,,,
04/06/2019 10:00,12214.218,6%,,,,,,,,,,
04/06/2019 11:00,8472.202,4%,,,,,,,,,,
04/06/2019 12:00,6922.331,3%,,,,,,,,,,
04/06/2019 13:00,9439.98,5%,,,,,,,,,,
04/06/2019 14:00,14319.046,7%,,,,,,,,,,
04/06/2019 15:00,19805.237,10%,,,,,,,,,,
04/06/2019 16:00,28036.774,14%,,,,,,,,,,
04/06/2019 17:00,38342.735,19%,,,,,,,,,,
04/06/2019 18:00,45699.052,23%,,,,,,,,,,
04/06/2019 19:00,49735.039,25%,,,,,,,,,,
04/06/2019 20:00,51239.726,26%,,,,,,,,,,
04/06/2019 21:00,58793.582,29%,,,,,,,,,,
04/06/2019 22:00,65329.314,33%,,,,,,,,,,
04/06/2019 23:00,67752.008,34%,,,,,,,,,,
05/06/2019 00:00,69227.821,35%,,,,,,,,,,
05/06/2019 01:00,85186.038,43%,,,,,,,,,,
05/06/2019 02:00,82000.288,41%,,,,,,,,,,
05/06/2019 03:00,74099.131,37%,,,,,,,,,,
05/06/2019 04:00,71527.455,36%,,,,,,,,,,
05/06/2019 05:00,69784.018,35%,,,,,,,,,,
05/06/2019 06:00,72150.498,36%,,,,,,,,,,
05/06/2019 07:00,75254.822,38%,,,,,,,,,,
05/06/2019 08:00,76001.644,38%,,,,,,,,,,
05/06/2019 09:00,65039.178,33%,,,,,,,,,,
05/06/2019 10:00,50657.224,25%,,,,,,,,,,
05/06/2019 11:00,38383.755,19%,,,,,,,,,,
05/06/2019 12:00,29155.213,15%,,,,,,,,,,
05/06/2019 13:00,24529.67,12%,,,,,,,,,,
05/06/2019 14:00,21017.038,11%,,,,,,,,,,
05/06/2019 15:00,28802.821,14%,,,,,,,,,,
05/06/2019 16:00,39930.76,20%,,,,,,,,,,
05/06/2019 17:00,33488.219,17%,,,,,,,,,,
05/06/2019 18:00,34607.869,17%,,,,,,,,,,
05/06/2019 19:00,35882.287,18%,,,,,,,,,,
05/06/2019 20:00,38660.367,19%,,,,,,,,,,
05/06/2019 21:00,35405.889,18%,,,,,,,,,,
05/06/2019 22:00,30917.844,15%,,,,,,,,,,
05/06/2019 23:00,30613.645,15%,,,,,,,,,,
06/06/2019 00:00,26182.783,13%,,,,,,,,,,
06/06/2019 01:00,22255.564,11%,,,,,,,,,,
06/06/2019 02:00,22467.082,11%,,,,,,,,,,
06/06/2019 03:00,18522.028,9%,,,,,,,,,,
06/06/2019 04:00,12678.91,6%,,,,,,,,,,
06/06/2019 05:00,8673.685,4%,,,,,,,,,,
06/06/2019 06:00,7790.651,4%,,,,,,,,,,
06/06/2019 07:00,8264.404,4%,,,,,,,,,,
06/06/2019 08:00,11144.257,6%,,,,,,,,,,
06/06/2019 09:00,12387.717,6%,,,,,,,,,,
06/06/2019 10:00,15938.474,8%,,,,,,,,,,
06/06/2019 11:00,23541.574,12%,,,,,,,,,,
06/06/2019 12:00,33438.505,17%,,,,,,,,,,
06/06/2019 13:00,47716.324,24%,,,,,,,,,,
06/06/2019 14:00,63021.989,32%,,,,,,,,,,
06/06/2019 15:00,75247.792,38%,,,,,,,,,,
06/06/2019 16:00,79381.784,40%,,,,,,,,,,
06/06/2019 17:00,78207.949,39%,,,,,,,,,,
06/06/2019 18:00,71525.966,36%,,,,,,,,,,
06/06/2019 19:00,62577.581,31%,,,,,,,,,,
06/06/2019 20:00,59352.559,30%,,,,,,,,,,
06/06/2019 21:00,56515.22,28%,,,,,,,,,,
06/06/2019 22:00,52928.483,26%,,,,,,,,,,
06/06/2019 23:00,49046.829,25%,,,,,,,,,,
07/06/2019 00:00,44537.131,22%,,,,,,,,,,
07/06/2019 01:00,37966.209,19%,,,,,,,,,,
07/06/2019 02:00,30423.636,15%,,,,,,,,,,
07/06/2019 03:00,22186.732,11%,,,,,,,,,,
07/06/2019 04:00,13793.07,7%,,,,,,,,,,
07/06/2019 05:00,6585.079,3%,,,,,,,,,,
07/06/2019 06:00,5638.911,3%,,,,,,,,,,
07/06/2019 07:00,10375.801,5%,,,,,,,,,,
07/06/2019 08:00,17139.945,9%,,,,,,,,,,
07/06/2019 09:00,19306.158,10%,,,,,,,,,,
07/06/2019 10:00,21971.93,11%,,,,,,,,,,
07/06/2019 11:00,29092.839,15%,,,,,,,,,,
07/06/2019 12:00,34980.487,17%,,,,,,,,,,
07/06/2019 13:00,39865.315,20%,,,,,,,,,,
07/06/2019 14:00,47892.271,24%,,,,,,,,,,
07/06/2019 15:00,54875.991,27%,,,,,,,,,,
07/06/2019 16:00,53401.055,27%,,,,,,,,,,
07/06/2019 17:00,46584.638,23%,,,,,,,,,,
07/06/2019 18:00,41127.215,21%,,,,,,,,,,
07/06/2019 19:00,39188.37,20%,,,,,,,,,,
07/06/2019 20:00,40165.736,20%,,,,,,,,,,
07/06/2019 21:00,38064.682,19%,,,,,,,,,,
07/06/2019 22:00,32036.682,16%,,,,,,,,,,
07/06/2019 23:00,32901.383,16%,,,,,,,,,,
08/06/2019 00:00,41696.669,21%,,,,,,,,,,
08/06/2019 01:00,51146.239,26%,,,,,,,,,,
08/06/2019 02:00,57776.666,29%,,,,,,,,,,
08/06/2019 03:00,60742.688,30%,,,,,,,,,,
08/06/2019 04:00,63625.772,32%,,,,,,,,,,
08/06/2019 05:00,61488.12,31%,,,,,,,,,,
08/06/2019 06:00,50641.319,25%,,,,,,,,,,
08/06/2019 07:00,38340.643,19%,,,,,,,,,,
08/06/2019 08:00,37621.371,19%,,,,,,,,,,
08/06/2019 09:00,37576.194,19%,,,,,,,,,,
08/06/2019 10:00,37616.427,19%,,,,,,,,,,
08/06/2019 11:00,38841.415,19%,,,,,,,,,,
08/06/2019 12:00,39527.17,20%,,,,,,,,,,
08/06/2019 13:00,38339.337,19%,,,,,,,,,,
08/06/2019 14:00,35428.326,18%,,,,,,,,,,
08/06/2019 15:00,30872.313,15%,,,,,,,,,,
08/06/2019 16:00,26316.699,13%,,,,,,,,,,
08/06/2019 17:00,22320.148,11%,,,,,,,,,,
08/06/2019 18:00,20973.316,10%,,,,,,,,,,
08/06/2019 19:00,24735.619,12%,,,,,,,,,,
08/06/2019 20:00,33756.047,17%,,,,,,,,,,
08/06/2019 21:00,41113.601,21%,,,,,,,,,,
08/06/2019 22:00,41137.997,21%,,,,,,,,,,
08/06/2019 23:00,35833.421,18%,,,,,,,,,,
09/06/2019 00:00,30918.987,15%,,,,,,,,,,
09/06/2019 01:00,27831.862,14%,,,,,,,,,,
09/06/2019 02:00,27919.515,14%,,,,,,,,,,
09/06/2019 03:00,28884.093,14%,,,,,,,,,,
09/06/2019 04:00,30660.017,15%,,,,,,,,,,
09/06/2019 05:00,29200.309,15%,,,,,,,,,,
09/06/2019 06:00,32576.816,16%,,,,,,,,,,
09/06/2019 07:00,35776.584,18%,,,,,,,,,,
09/06/2019 08:00,38690.294,19%,,,,,,,,,,
09/06/2019 09:00,42891.879,21%,,,,,,,,,,
09/06/2019 10:00,43992.358,22%,,,,,,,,,,
09/06/2019 11:00,45024.735,23%,,,,,,,,,,
09/06/2019 12:00,46584.246,23%,,,,,,,,,,
09/06/2019 13:00,48441.848,24%,,,,,,,,,,
09/06/2019 14:00,49052.756,25%,,,,,,,,,,
09/06/2019 15:00,46547.975,23%,,,,,,,,,,
09/06/2019 16:00,42449.531,21%,,,,,,,,,,
09/06/2019 17:00,37414.813,19%,,,,,,,,,,
09/06/2019 18:00,30000.796,15%,,,,,,,,,,
09/06/2019 19:00,26185.216,13%,,,,,,,,,,
09/06/2019 20:00,26930.298,13%,,,,,,,,,,
09/06/2019 21:00,27506.946,14%,,,,,,,,,,
09/06/2019 22:00,26321.003,13%,,,,,,,,,,
09/06/2019 23:00,24505.78,12%,,,,,,,,,,
10/06/2019 00:00,22775.931,11%,,,,,,,,,,
10/06/2019 01:00,21535.905,11%,,,,,,,,,,
10/06/2019 02:00,20857.475,10%,,,,,,,,,,
10/06/2019 03:00,21396.298,11%,,,,,,,,,,
10/06/2019 04:00,22472.355,11%,,,,,,,,,,
10/06/2019 05:00,18119.87,9%,,,,,,,,,,
10/06/2019 06:00,13294.137,7%,,,,,,,,,,
10/06/2019 07:00,9995.611,5%,,,,,,,,,,
10/06/2019 08:00,7147.254,4%,,,,,,,,,,
10/06/2019 09:00,5561.246,3%,,,,,,,,,,
10/06/2019 10:00,5123.205,3%,,,,,,,,,,
10/06/2019 11:00,6008.643,3%,,,,,,,,,,
10/06/2019 12:00,7624.315,4%,,,,,,,,,,
10/06/2019 13:00,9035.816,5%,,,,,,,,,,
10/06/2019 14:00,10599.176,5%,,,,,,,,,,
10/06/2019 15:00,12547.511,6%,,,,,,,,,,
10/06/2019 16:00,15408.522,8%,,,,,,,,,,
10/06/2019 17:00,19548.775,10%,,,,,,,,,,
10/06/2019 18:00,22909.564,11%,,,,,,,,,,
10/06/2019 19:00,24434.278,12%,,,,,,,,,,
10/06/2019 20:00,23045.472,12%,,,,,,,,,,
10/06/2019 21:00,20396.844,10%,,,,,,,,,,
10/06/2019 22:00,16488.78,8%,,,,,,,,,,
10/06/2019 23:00,15245.054,8%,,,,,,,,,,
11/06/2019 00:00,19109.488,10%,,,,,,,,,,
11/06/2019 01:00,26776.673,13%,,,,,,,,,,
11/06/2019 02:00,35894.677,18%,,,,,,,,,,
11/06/2019 03:00,41662.225,21%,,,,,,,,,,
11/06/2019 04:00,42145.403,21%,,,,,,,,,,
11/06/2019 05:00,48151.26,24%,,,,,,,,,,
11/06/2019 06:00,68233.679,34%,,,,,,,,,,
11/06/2019 07:00,79567.305,40%,,,,,,,,,,
11/06/2019 08:00,85974.21,43%,,,,,,,,,,
11/06/2019 09:00,86306.541,43%,,,,,,,,,,
11/06/2019 10:00,84458.501,42%,,,,,,,,,,
11/06/2019 11:00,84462.743,42%,,,,,,,,,,
11/06/2019 12:00,88852.852,44%,,,,,,,,,,
11/06/2019 13:00,94846.219,47%,,,,,,,,,,
11/06/2019 14:00,100066.257,50%,,,,,,,,,,
11/06/2019 15:00,100589.224,50%,,,,,,,,,,
11/06/2019 16:00,99960.359,50%,,,,,,,,,,
11/06/2019 17:00,98793.548,49%,,,,,,,,,,
11/06/2019 18:00,87991.986,44%,,,,,,,,,,
11/06/2019 19:00,75247.62,38%,,,,,,,,,,
11/06/2019 20:00,78202.147,39%,,,,,,,,,,
11/06/2019 21:00,93261.323,47%,,,,,,,,,,
11/06/2019 22:00,108008.949,54%,,,,,,,,,,
11/06/2019 23:00,116006.04,58%,,,,,,,,,,
12/06/2019 00:00,126963.652,63%,,,,,,,,,,
12/06/2019 01:00,131516.348,66%,,,,,,,,,,
12/06/2019 02:00,137085.085,69%,,,,,,,,,,
12/06/2019 03:00,138694.083,69%,,,,,,,,,,
12/06/2019 04:00,140615.166,70%,,,,,,,,,,
12/06/2019 05:00,145772.305,73%,,,,,,,,,,
12/06/2019 06:00,155560.01,78%,,,,,,,,,,
12/06/2019 07:00,163161.469,82%,,,,,,,,,,
12/06/2019 08:00,167490.64,84%,,,,,,,,,,
12/06/2019 09:00,168752.826,84%,,,,,,,,,,
12/06/2019 10:00,169137.411,85%,,,,,,,,,,
12/06/2019 11:00,168259.091,84%,,,,,,,,,,
12/06/2019 12:00,167298.442,84%,,,,,,,,,,
12/06/2019 13:00,165748.487,83%,,,,,,,,,,
12/06/2019 14:00,162533.133,81%,,,,,,,,,,
12/06/2019 15:00,160285.716,80%,,,,,,,,,,
12/06/2019 16:00,158725.651,79%,,,,,,,,,,
12/06/2019 17:00,159702.8,80%,,,,,,,,,,
12/06/2019 18:00,161535.899,81%,,,,,,,,,,
12/06/2019 19:00,161025.929,81%,,,,,,,,,,
12/06/2019 20:00,157659.486,79%,,,,,,,,,,
12/06/2019 21:00,156467.757,78%,,,,,,,,,,
12/06/2019 22:00,154887.431,77%,,,,,,,,,,
12/06/2019 23:00,154662.898,77%,,,,,,,,,,
13/06/2019 00:00,154007.72,77%,,,,,,,,,,
13/06/2019 01:00,154813.889,77%,,,,,,,,,,
13/06/2019 02:00,155861.961,78%,,,,,,,,,,
13/06/2019 03:00,148813.43,74%,,,,,,,,,,
13/06/2019 04:00,141850.46,71%,,,,,,,,,,
13/06/2019 05:00,134342.889,67%,,,,,,,,,,
13/06/2019 06:00,125512.721,63%,,,,,,,,,,
13/06/2019 07:00,113158.73,57%,,,,,,,,,,
13/06/2019 08:00,105383.802,53%,,,,,,,,,,
13/06/2019 09:00,100480.675,50%,,,,,,,,,,
13/06/2019 10:00,89905.466,45%,,,,,,,,,,
13/06/2019 11:00,76532.805,38%,,,,,,,,,,
13/06/2019 12:00,62885.026,31%,,,,,,,,,,
13/06/2019 13:00,49055.313,25%,,,,,,,,,,
13/06/2019 14:00,36661.714,18%,,,,,,,,,,
13/06/2019 15:00,27508.716,14%,,,,,,,,,,
13/06/2019 16:00,19240.212,10%,,,,,,,,,,
13/06/2019 17:00,12012.402,6%,,,,,,,,,,
13/06/2019 18:00,7646.829,4%,,,,,,,,,,
13/06/2019 19:00,5716.801,3%,,,,,,,,,,
13/06/2019 20:00,10752.389,5%,,,,,,,,,,
13/06/2019 21:00,22111.319,11%,,,,,,,,,,
13/06/2019 22:00,30276.463,15%,,,,,,,,,,
13/06/2019 23:00,35732.693,18%,,,,,,,,,,
14/06/2019 00:00,42673.541,21%,,,,,,,,,,
14/06/2019 01:00,53007.637,27%,,,,,,,,,,
14/06/2019 02:00,57779.056,29%,,,,,,,,,,
14/06/2019 03:00,54879.229,27%,,,,,,,,,,
14/06/2019 04:00,54076.915,27%,,,,,,,,,,
14/06/2019 05:00,56456.971,28%,,,,,,,,,,
14/06/2019 06:00,68855.599,34%,,,,,,,,,,
14/06/2019 07:00,76123.438,38%,,,,,,,,,,
14/06/2019 08:00,80062.303,40%,,,,,,,,,,
14/06/2019 09:00,79620.951,40%,,,,,,,,,,
14/06/2019 10:00,76751.192,38%,,,,,,,,,,
14/06/2019 11:00,72847.976,36%,,,,,,,,,,
14/06/2019 12:00,67354.345,34%,,,,,,,,,,
14/06/2019 13:00,60974.802,30%,,,,,,,,,,
14/06/2019 14:00,57783.251,29%,,,,,,,,,,
14/06/2019 15:00,60992.183,30%,,,,,,,,,,
14/06/2019 16:00,62970.734,31%,,,,,,,,,,
14/06/2019 17:00,56862.437,28%,,,,,,,,,,
14/06/2019 18:00,46581.34,23%,,,,,,,,,,
14/06/2019 19:00,42787.378,21%,,,,,,,,,,
14/06/2019 20:00,45510.217,23%,,,,,,,,,,
14/06/2019 21:00,49533.252,25%,,,,,,,,,,
14/06/2019 22:00,53593.096,27%,,,,,,,,,,
14/06/2019 23:00,56813.018,28%,,,,,,,,,,
15/06/2019 00:00,66424.41,33%,,,,,,,,,,
15/06/2019 01:00,74711.46,37%,,,,,,,,,,
15/06/2019 02:00,71527.435,36%,,,,,,,,,,
15/06/2019 03:00,59411.968,30%,,,,,,,,,,
15/06/2019 04:00,42301.41,21%,,,,,,,,,,
15/06/2019 05:00,33888.107,17%,,,,,,,,,,
15/06/2019 06:00,32107.511,16%,,,,,,,,,,
15/06/2019 07:00,39068.416,20%,,,,,,,,,,
15/06/2019 08:00,44173.174,22%,,,,,,,,,,
15/06/2019 09:00,43336.095,22%,,,,,,,,,,
15/06/2019 10:00,43958.647,22%,,,,,,,,,,
15/06/2019 11:00,53345.788,27%,,,,,,,,,,
15/06/2019 12:00,65548.152,33%,,,,,,,,,,
15/06/2019 13:00,72027.399,36%,,,,,,,,,,
15/06/2019 14:00,74524.974,37%,,,,,,,,,,
15/06/2019 15:00,73379.267,37%,,,,,,,,,,
15/06/2019 16:00,65688.92,33%,,,,,,,,,,
15/06/2019 17:00,51896.397,26%,,,,,,,,,,
15/06/2019 18:00,40944.522,20%,,,,,,,,,,
15/06/2019 19:00,35592.247,18%,,,,,,,,,,
15/06/2019 20:00,35032.287,18%,,,,,,,,,,
15/06/2019 21:00,38212.211,19%,,,,,,,,,,
15/06/2019 22:00,40983.545,20%,,,,,,,,,,
15/06/2019 23:00,38450.298,19%,,,,,,,,,,
16/06/2019 00:00,37112.998,19%,,,,,,,,,,
16/06/2019 01:00,38443.544,19%,,,,,,,,,,
16/06/2019 02:00,41089.961,21%,,,,,,,,,,
16/06/2019 03:00,45446.933,23%,,,,,,,,,,
16/06/2019 04:00,43838.605,22%,,,,,,,,,,
16/06/2019 05:00,39399.603,20%,,,,,,,,,,
16/06/2019 06:00,42371.18,21%,,,,,,,,,,
16/06/2019 07:00,43346.554,22%,,,,,,,,,,
16/06/2019 08:00,47401.392,24%,,,,,,,,,,
16/06/2019 09:00,52748.087,26%,,,,,,,,,,
16/06/2019 10:00,59187.426,30%,,,,,,,,,,
16/06/2019 11:00,66246.218,33%,,,,,,,,,,
16/06/2019 12:00,69657.893,35%,,,,,,,,,,
16/06/2019 13:00,68643.806,34%,,,,,,,,,,
16/06/2019 14:00,65032.566,33%,,,,,,,,,,
16/06/2019 15:00,61580.37,31%,,,,,,,,,,
16/06/2019 16:00,55922.731,28%,,,,,,,,,,
16/06/2019 17:00,48686.734,24%,,,,,,,,,,
16/06/2019 18:00,39641.332,20%,,,,,,,,,,
16/06/2019 19:00,40924.605,20%,,,,,,,,,,
16/06/2019 20:00,52284.035,26%,,,,,,,,,,
16/06/2019 21:00,60987.797,30%,,,,,,,,,,
16/06/2019 22:00,68944.41,34%,,,,,,,,,,
16/06/2019 23:00,79019.165,40%,,,,,,,,,,
17/06/2019 00:00,108156.385,54%,,,,,,,,,,
17/06/2019 01:00,130491.774,65%,,,,,,,,,,
17/06/2019 02:00,142772.642,71%,,,,,,,,,,
17/06/2019 03:00,147766.554,74%,,,,,,,,,,
17/06/2019 04:00,136437.993,68%,,,,,,,,,,
17/06/2019 05:00,133163.303,67%,,,,,,,,,,
17/06/2019 06:00,138491.712,69%,,,,,,,,,,
17/06/2019 07:00,146197.274,73%,,,,,,,,,,
17/06/2019 08:00,148906.756,74%,,,,,,,,,,
17/06/2019 09:00,151103.026,76%,,,,,,,,,,
17/06/2019 10:00,155562.715,78%,,,,,,,,,,
17/06/2019 11:00,159185.697,80%,,,,,,,,,,
17/06/2019 12:00,162407.376,81%,,,,,,,,,,
17/06/2019 13:00,162490.961,81%,,,,,,,,,,
17/06/2019 14:00,158942.731,79%,,,,,,,,,,
17/06/2019 15:00,153899.143,77%,,,,,,,,,,
17/06/2019 16:00,140809.555,70%,,,,,,,,,,
17/06/2019 17:00,126394.634,63%,,,,,,,,,,
17/06/2019 18:00,102615.12,51%,,,,,,,,,,
17/06/2019 19:00,80197.411,40%,,,,,,,,,,
17/06/2019 20:00,63212.124,32%,,,,,,,,,,
17/06/2019 21:00,54780.791,27%,,,,,,,,,,
17/06/2019 22:00,50098.262,25%,,,,,,,,,,
17/06/2019 23:00,48946.897,24%,,,,,,,,,,
18/06/2019 00:00,49053.236,25%,,,,,,,,,,
18/06/2019 01:00,50299.926,25%,,,,,,,,,,
18/06/2019 02:00,50303.125,25%,,,,,,,,,,
18/06/2019 03:00,53929.268,27%,,,,,,,,,,
18/06/2019 04:00,58220.53,29%,,,,,,,,,,
18/06/2019 05:00,57782.144,29%,,,,,,,,,,
18/06/2019 06:00,99265.521,50%,,,,,,,,,,
18/06/2019 07:00,132999.238,66%,,,,,,,,,,
18/06/2019 08:00,147912.189,74%,,,,,,,,,,
18/06/2019 09:00,151866.676,76%,,,,,,,,,,
18/06/2019 10:00,151011.382,76%,,,,,,,,,,
18/06/2019 11:00,147757.445,74%,,,,,,,,,,
18/06/2019 12:00,142053.263,71%,,,,,,,,,,
18/06/2019 13:00,135385.68,68%,,,,,,,,,,
18/06/2019 14:00,124478.523,62%,,,,,,,,,,
18/06/2019 15:00,111277.467,56%,,,,,,,,,,
18/06/2019 16:00,95742.067,48%,,,,,,,,,,
18/06/2019 17:00,79794.324,40%,,,,,,,,,,
18/06/2019 18:00,60630.687,30%,,,,,,,,,,
18/06/2019 19:00,42629.161,21%,,,,,,,,,,
18/06/2019 20:00,37074.225,19%,,,,,,,,,,
18/06/2019 21:00,36863.212,18%,,,,,,,,,,
18/06/2019 22:00,34333.276,17%,,,,,,,,,,
18/06/2019 23:00,32517.463,16%,,,,,,,,,,
19/06/2019 00:00,32079.225,16%,,,,,,,,,,
19/06/2019 01:00,30420.263,15%,,,,,,,,,,
19/06/2019 02:00,28569.522,14%,,,,,,,,,,
19/06/2019 03:00,27254.591,14%,,,,,,,,,,
19/06/2019 04:00,24332.407,12%,,,,,,,,,,
19/06/2019 05:00,18163.201,9%,,,,,,,,,,
19/06/2019 06:00,21361.111,11%,,,,,,,,,,
19/06/2019 07:00,26595.088,13%,,,,,,,,,,
19/06/2019 08:00,33948.685,17%,,,,,,,,,,
19/06/2019 09:00,40170.511,20%,,,,,,,,,,
19/06/2019 10:00,46189.192,23%,,,,,,,,,,
19/06/2019 11:00,52274.458,26%,,,,,,,,,,
19/06/2019 12:00,56640.818,28%,,,,,,,,,,
19/06/2019 13:00,59070.227,30%,,,,,,,,,,
19/06/2019 14:00,63133.565,32%,,,,,,,,,,
19/06/2019 15:00,67347.748,34%,,,,,,,,,,
19/06/2019 16:00,68126.5,34%,,,,,,,,,,
19/06/2019 17:00,62926.916,31%,,,,,,,,,,
19/06/2019 18:00,49753.718,25%,,,,,,,,,,
19/06/2019 19:00,36701.485,18%,,,,,,,,,,
19/06/2019 20:00,32783.556,16%,,,,,,,,,,
19/06/2019 21:00,30276.463,15%,,,,,,,,,,
19/06/2019 22:00,28390.048,14%,,,,,,,,,,
19/06/2019 23:00,28211.395,14%,,,,,,,,,,
20/06/2019 00:00,29619.823,15%,,,,,,,,,,
20/06/2019 01:00,31425.632,16%,,,,,,,,,,
20/06/2019 02:00,34950.689,17%,,,,,,,,,,
20/06/2019 03:00,40941.196,20%,,,,,,,,,,
20/06/2019 04:00,47433.875,24%,,,,,,,,,,
20/06/2019 05:00,53485.285,27%,,,,,,,,,,
20/06/2019 06:00,74247.625,37%,,,,,,,,,,
20/06/2019 07:00,89254.604,45%,,,,,,,,,,
20/06/2019 08:00,104524.464,52%,,,,,,,,,,
20/06/2019 09:00,118822.933,59%,,,,,,,,,,
20/06/2019 10:00,129831.045,65%,,,,,,,,,,
20/06/2019 11:00,133825.44,67%,,,,,,,,,,
20/06/2019 12:00,134517.807,67%,,,,,,,,,,
20/06/2019 13:00,133164.32,67%,,,,,,,,,,
20/06/2019 14:00,130798.241,65%,,,,,,,,,,
20/06/2019 15:00,128061.424,64%,,,,,,,,,,
20/06/2019 16:00,123969.008,62%,,,,,,,,,,
20/06/2019 17:00,117353.258,59%,,,,,,,,,,
20/06/2019 18:00,105069.471,53%,,,,,,,,,,
20/06/2019 19:00,85766.159,43%,,,,,,,,,,
20/06/2019 20:00,75251.011,38%,,,,,,,,,,
20/06/2019 21:00,72322.904,36%,,,,,,,,,,
20/06/2019 22:00,67346.077,34%,,,,,,,,,,
20/06/2019 23:00,66189.633,33%,,,,,,,,,,
21/06/2019 00:00,69218.66,35%,,,,,,,,,,
21/06/2019 01:00,74712.938,37%,,,,,,,,,,
21/06/2019 02:00,75545.313,38%,,,,,,,,,,
21/06/2019 03:00,72542.1,36%,,,,,,,,,,
21/06/2019 04:00,69718.791,35%,,,,,,,,,,
21/06/2019 05:00,70478.135,35%,,,,,,,,,,
21/06/2019 06:00,79430.406,40%,,,,,,,,,,
21/06/2019 07:00,81457.617,41%,,,,,,,,,,
21/06/2019 08:00,84003.809,42%,,,,,,,,,,
21/06/2019 09:00,85665.6,43%,,,,,,,,,,
21/06/2019 10:00,87069.145,44%,,,,,,,,,,
21/06/2019 11:00,87711.626,44%,,,,,,,,,,
21/06/2019 12:00,84457.022,42%,,,,,,,,,,
21/06/2019 13:00,78931.945,39%,,,,,,,,,,
21/06/2019 14:00,71292.666,36%,,,,,,,,,,
21/06/2019 15:00,62022.398,31%,,,,,,,,,,
21/06/2019 16:00,51953.931,26%,,,,,,,,,,
21/06/2019 17:00,42308.107,21%,,,,,,,,,,
21/06/2019 18:00,32294.433,16%,,,,,,,,,,
21/06/2019 19:00,24855.418,12%,,,,,,,,,,
21/06/2019 20:00,22862.658,11%,,,,,,,,,,
21/06/2019 21:00,22835.344,11%,,,,,,,,,,
21/06/2019 22:00,23566.918,12%,,,,,,,,,,
21/06/2019 23:00,23297.463,12%,,,,,,,,,,
22/06/2019 00:00,21720.878,11%,,,,,,,,,,
22/06/2019 01:00,19856.599,10%,,,,,,,,,,
22/06/2019 02:00,20057.309,10%,,,,,,,,,,
22/06/2019 03:00,21604.546,11%,,,,,,,,,,
22/06/2019 04:00,20251.465,10%,,,,,,,,,,
22/06/2019 05:00,18197.484,9%,,,,,,,,,,
22/06/2019 06:00,15306.035,8%,,,,,,,,,,
22/06/2019 07:00,19331.641,10%,,,,,,,,,,
22/06/2019 08:00,27234.187,14%,,,,,,,,,,
22/06/2019 09:00,36129.292,18%,,,,,,,,,,
22/06/2019 10:00,38489.154,19%,,,,,,,,,,
22/06/2019 11:00,34379.418,17%,,,,,,,,,,
22/06/2019 12:00,26321.098,13%,,,,,,,,,,
22/06/2019 13:00,18880.099,9%,,,,,,,,,,
22/06/2019 14:00,13784.069,7%,,,,,,,,,,
22/06/2019 15:00,9786.7,5%,,,,,,,,,,
22/06/2019 16:00,7205.061,4%,,,,,,,,,,
22/06/2019 17:00,5549.125,3%,,,,,,,,,,
22/06/2019 18:00,5115.907,3%,,,,,,,,,,
22/06/2019 19:00,6345.107,3%,,,,,,,,,,
22/06/2019 20:00,9820.73,5%,,,,,,,,,,
22/06/2019 21:00,12682.441,6%,,,,,,,,,,
22/06/2019 22:00,12796.43,6%,,,,,,,,,,
22/06/2019 23:00,13585.293,7%,,,,,,,,,,
23/06/2019 00:00,17193.157,9%,,,,,,,,,,
23/06/2019 01:00,22199.515,11%,,,,,,,,,,
23/06/2019 02:00,26781.851,13%,,,,,,,,,,
23/06/2019 03:00,36472.975,18%,,,,,,,,,,
23/06/2019 04:00,45480.146,23%,,,,,,,,,,
23/06/2019 05:00,36848.144,18%,,,,,,,,,,
23/06/2019 06:00,32584.261,16%,,,,,,,,,,
23/06/2019 07:00,34871.414,17%,,,,,,,,,,
23/06/2019 08:00,33701.57,17%,,,,,,,,,,
23/06/2019 09:00,33998.399,17%,,,,,,,,,,
23/06/2019 10:00,36663.904,18%,,,,,,,,,,
23/06/2019 11:00,41266.021,21%,,,,,,,,,,
23/06/2019 12:00,49752.699,25%,,,,,,,,,,
23/06/2019 13:00,61869.645,31%,,,,,,,,,,
23/06/2019 14:00,74840.205,37%,,,,,,,,,,
23/06/2019 15:00,82568.423,41%,,,,,,,,,,
23/06/2019 16:00,81460.293,41%,,,,,,,,,,
23/06/2019 17:00,70476.565,35%,,,,,,,,,,
23/06/2019 18:00,63291.639,32%,,,,,,,,,,
23/06/2019 19:00,63397.813,32%,,,,,,,,,,
23/06/2019 20:00,69228.956,35%,,,,,,,,,,
23/06/2019 21:00,74711.55,37%,,,,,,,,,,
23/06/2019 22:00,74716.921,37%,,,,,,,,,,
23/06/2019 23:00,72854.918,36%,,,,,,,,,,
24/06/2019 00:00,77041.543,39%,,,,,,,,,,
24/06/2019 01:00,85902.625,43%,,,,,,,,,,
24/06/2019 02:00,80926.257,40%,,,,,,,,,,
24/06/2019 03:00,83103.335,42%,,,,,,,,,,
24/06/2019 04:00,83357.813,42%,,,,,,,,,,
24/06/2019 05:00,83909.516,42%,,,,,,,,,,
24/06/2019 06:00,84458.655,42%,,,,,,,,,,
24/06/2019 07:00,107985.956,54%,,,,,,,,,,
24/06/2019 08:00,120246.746,60%,,,,,,,,,,
24/06/2019 09:00,124486.532,62%,,,,,,,,,,
24/06/2019 10:00,117371.623,59%,,,,,,,,,,
24/06/2019 11:00,105313.094,53%,,,,,,,,,,
24/06/2019 12:00,92016.184,46%,,,,,,,,,,
24/06/2019 13:00,78731.879,39%,,,,,,,,,,
24/06/2019 14:00,66313.84,33%,,,,,,,,,,
24/06/2019 15:00,60491.94,30%,,,,,,,,,,
24/06/2019 16:00,54674.455,27%,,,,,,,,,,
24/06/2019 17:00,48835.363,24%,,,,,,,,,,
24/06/2019 18:00,40473.613,20%,,,,,,,,,,
24/06/2019 19:00,34179.566,17%,,,,,,,,,,
24/06/2019 20:00,36947.886,18%,,,,,,,,,,
24/06/2019 21:00,43440.582,22%,,,,,,,,,,
24/06/2019 22:00,45496.94,23%,,,,,,,,,,
24/06/2019 23:00,46589.253,23%,,,,,,,,,,
25/06/2019 00:00,47183.844,24%,,,,,,,,,,
25/06/2019 01:00,51530.923,26%,,,,,,,,,,
25/06/2019 02:00,60325.098,30%,,,,,,,,,,
25/06/2019 03:00,65036.916,33%,,,,,,,,,,
25/06/2019 04:00,69892.966,35%,,,,,,,,,,
25/06/2019 05:00,57657.776,29%,,,,,,,,,,
25/06/2019 06:00,63542.364,32%,,,,,,,,,,
25/06/2019 07:00,72324.377,36%,,,,,,,,,,
25/06/2019 08:00,70478.127,35%,,,,,,,,,,
25/06/2019 09:00,64243.728,32%,,,,,,,,,,
25/06/2019 10:00,56886.729,28%,,,,,,,,,,
25/06/2019 11:00,51020.277,26%,,,,,,,,,,
25/06/2019 12:00,48594.822,24%,,,,,,,,,,
25/06/2019 13:00,48212.567,24%,,,,,,,,,,
25/06/2019 14:00,50073.572,25%,,,,,,,,,,
25/06/2019 15:00,50634.832,25%,,,,,,,,,,
25/06/2019 16:00,50192.303,25%,,,,,,,,,,
25/06/2019 17:00,49553.106,25%,,,,,,,,,,
25/06/2019 18:00,46426.301,23%,,,,,,,,,,
25/06/2019 19:00,36532.158,18%,,,,,,,,,,
25/06/2019 20:00,31474.732,16%,,,,,,,,,,
25/06/2019 21:00,30979.941,15%,,,,,,,,,,
25/06/2019 22:00,30921.718,15%,,,,,,,,,,
25/06/2019 23:00,32484.394,16%,,,,,,,,,,
26/06/2019 00:00,34967.418,17%,,,,,,,,,,
26/06/2019 01:00,36370.852,18%,,,,,,,,,,
26/06/2019 02:00,40167.298,20%,,,,,,,,,,
26/06/2019 03:00,36317.71,18%,,,,,,,,,,
26/06/2019 04:00,28557.287,14%,,,,,,,,,,
26/06/2019 05:00,19967.018,10%,,,,,,,,,,
26/06/2019 06:00,14367.76,7%,,,,,,,,,,
26/06/2019 07:00,8319.344,4%,,,,,,,,,,
26/06/2019 08:00,4447.62,2%,,,,,,,,,,
26/06/2019 09:00,2918.437,1%,,,,,,,,,,
26/06/2019 10:00,2895.757,1%,,,,,,,,,,
26/06/2019 11:00,3657.993,2%,,,,,,,,,,
26/06/2019 12:00,3826.616,2%,,,,,,,,,,
26/06/2019 13:00,3555.428,2%,,,,,,,,,,
26/06/2019 14:00,3421.307,2%,,,,,,,,,,
26/06/2019 15:00,3568.572,2%,,,,,,,,,,
26/06/2019 16:00,4764.851,2%,,,,,,,,,,
26/06/2019 17:00,6682.514,3%,,,,,,,,,,
26/06/2019 18:00,8376.811,4%,,,,,,,,,,
26/06/2019 19:00,11113.046,6%,,,,,,,,,,
26/06/2019 20:00,14672.929,7%,,,,,,,,,,
26/06/2019 21:00,15381.85,8%,,,,,,,,,,
26/06/2019 22:00,12854.144,6%,,,,,,,,,,
26/06/2019 23:00,9006.618,5%,,,,,,,,,,
27/06/2019 00:00,5897.716,3%,,,,,,,,,,
27/06/2019 01:00,5707.161,3%,,,,,,,,,,
27/06/2019 02:00,6842.599,3%,,,,,,,,,,
27/06/2019 03:00,9732.57,5%,,,,,,,,,,
27/06/2019 04:00,14656.819,7%,,,,,,,,,,
27/06/2019 05:00,15178.439,8%,,,,,,,,,,
27/06/2019 06:00,9900.345,5%,,,,,,,,,,
27/06/2019 07:00,7432.1,4%,,,,,,,,,,
27/06/2019 08:00,4388.478,2%,,,,,,,,,,
27/06/2019 09:00,1835.651,1%,,,,,,,,,,
27/06/2019 10:00,503.788,0%,,,,,,,,,,
27/06/2019 11:00,558.865,0%,,,,,,,,,,
27/06/2019 12:00,1425.819,1%,,,,,,,,,,
27/06/2019 13:00,1791.006,1%,,,,,,,,,,
27/06/2019 14:00,4787.854,2%,,,,,,,,,,
27/06/2019 15:00,10154.615,5%,,,,,,,,,,
27/06/2019 16:00,20249.352,10%,,,,,,,,,,
27/06/2019 17:00,34792.829,17%,,,,,,,,,,
27/06/2019 18:00,44610.995,22%,,,,,,,,,,
27/06/2019 19:00,44511.848,22%,,,,,,,,,,
27/06/2019 20:00,40165.466,20%,,,,,,,,,,
27/06/2019 21:00,32674.54,16%,,,,,,,,,,
27/06/2019 22:00,26439.257,13%,,,,,,,,,,
27/06/2019 23:00,22354.433,11%,,,,,,,,,,
28/06/2019 00:00,19047.679,10%,,,,,,,,,,
28/06/2019 01:00,16474.546,8%,,,,,,,,,,
28/06/2019 02:00,14020.404,7%,,,,,,,,,,
28/06/2019 03:00,11768.56,6%,,,,,,,,,,
28/06/2019 04:00,10095.149,5%,,,,,,,,,,
28/06/2019 05:00,9788.011,5%,,,,,,,,,,
28/06/2019 06:00,15215.869,8%,,,,,,,,,,
28/06/2019 07:00,18849.067,9%,,,,,,,,,,
28/06/2019 08:00,27411.616,14%,,,,,,,,,,
28/06/2019 09:00,33544.172,17%,,,,,,,,,,
28/06/2019 10:00,40166.114,20%,,,,,,,,,,
28/06/2019 11:00,46144.124,23%,,,,,,,,,,
28/06/2019 12:00,49523.983,25%,,,,,,,,,,
28/06/2019 13:00,51712.772,26%,,,,,,,,,,
28/06/2019 14:00,52196.158,26%,,,,,,,,,,
28/06/2019 15:00,50197.784,25%,,,,,,,,,,
28/06/2019 16:00,47952.396,24%,,,,,,,,,,
28/06/2019 17:00,44169.246,22%,,,,,,,,,,
28/06/2019 18:00,38781.165,19%,,,,,,,,,,
28/06/2019 19:00,36885.813,18%,,,,,,,,,,
28/06/2019 20:00,38481.277,19%,,,,,,,,,,
28/06/2019 21:00,39282.892,20%,,,,,,,,,,
28/06/2019 22:00,32490.656,16%,,,,,,,,,,
28/06/2019 23:00,23543.09,12%,,,,,,,,,,
29/06/2019 00:00,16424.172,8%,,,,,,,,,,
29/06/2019 01:00,13585.082,7%,,,,,,,,,,
29/06/2019 02:00,14810.005,7%,,,,,,,,,,
29/06/2019 03:00,17535.492,9%,,,,,,,,,,
29/06/2019 04:00,19199.47,10%,,,,,,,,,,
29/06/2019 05:00,15206.805,8%,,,,,,,,,,
29/06/2019 06:00,16033.89,8%,,,,,,,,,,
29/06/2019 07:00,23830.792,12%,,,,,,,,,,
29/06/2019 08:00,30407.347,15%,,,,,,,,,,
29/06/2019 09:00,38768.476,19%,,,,,,,,,,
29/06/2019 10:00,42138.008,21%,,,,,,,,,,
29/06/2019 11:00,26554.561,13%,,,,,,,,,,
29/06/2019 12:00,23541.043,12%,,,,,,,,,,
29/06/2019 13:00,27587.709,14%,,,,,,,,,,
29/06/2019 14:00,23541.427,12%,,,,,,,,,,
29/06/2019 15:00,16685.325,8%,,,,,,,,,,
29/06/2019 16:00,11117.15,6%,,,,,,,,,,
29/06/2019 17:00,11313.919,6%,,,,,,,,,,
29/06/2019 18:00,8403.875,4%,,,,,,,,,,
29/06/2019 19:00,11361.375,6%,,,,,,,,,,
29/06/2019 20:00,22462.144,11%,,,,,,,,,,
29/06/2019 21:00,36757.194,18%,,,,,,,,,,
29/06/2019 22:00,48391.096,24%,,,,,,,,,,
29/06/2019 23:00,59008.584,30%,,,,,,,,,,
30/06/2019 00:00,75789.199,38%,,,,,,,,,,
30/06/2019 01:00,86870.61,43%,,,,,,,,,,
30/06/2019 02:00,95915.996,48%,,,,,,,,,,
30/06/2019 03:00,106802.532,53%,,,,,,,,,,
30/06/2019 04:00,99071.344,50%,,,,,,,,,,
30/06/2019 05:00,101056.895,51%,,,,,,,,,,
30/06/2019 06:00,131939.056,66%,,,,,,,,,,
30/06/2019 07:00,149195.169,75%,,,,,,,,,,
30/06/2019 08:00,161272.331,81%,,,,,,,,,,
30/06/2019 09:00,170435.424,85%,,,,,,,,,,
30/06/2019 10:00,173597.553,87%,,,,,,,,,,
30/06/2019 11:00,172044.958,86%,,,,,,,,,,
30/06/2019 12:00,171439.174,86%,,,,,,,,,,
30/06/2019 13:00,174060.088,87%,,,,,,,,,,
30/06/2019 14:00,175852.94,88%,,,,,,,,,,
30/06/2019 15:00,175787.439,88%,,,,,,,,,,
30/06/2019 16:00,175635.764,88%,,,,,,,,,,
30/06/2019 17:00,174635.06,87%,,,,,,,,,,
30/06/2019 18:00,168944.041,84%,,,,,,,,,,
30/06/2019 19:00,155996.273,78%,,,,,,,,,,
30/06/2019 20:00,152143.942,76%,,,,,,,,,,
30/06/2019 21:00,152305.648,76%,,,,,,,,,,
30/06/2019 22:00,152647.948,76%,,,,,,,,,,
30/06/2019 23:00,154072.359,77%,,,,,,,,,,
01/07/2019 00:00,154005.856,77%,,,,,,,,,,
01/07/2019 01:00,152687.919,76%,,,,,,,,,,
01/07/2019 02:00,149181.318,75%,,,,,,,,,,
01/07/2019 03:00,143923.259,72%,,,,,,,,,,
01/07/2019 04:00,136410.576,68%,,,,,,,,,,
01/07/2019 05:00,128042.423,64%,,,,,,,,,,
01/07/2019 06:00,134488.924,67%,,,,,,,,,,
01/07/2019 07:00,147917.709,74%,,,,,,,,,,
01/07/2019 08:00,154390.558,77%,,,,,,,,,,
01/07/2019 09:00,159697.922,80%,,,,,,,,,,
01/07/2019 10:00,158461.217,79%,,,,,,,,,,
01/07/2019 11:00,152302.975,76%,,,,,,,,,,
01/07/2019 12:00,145852.212,73%,,,,,,,,,,
01/07/2019 13:00,141522.061,71%,,,,,,,,,,
01/07/2019 14:00,137400.912,69%,,,,,,,,,,
01/07/2019 15:00,133157.233,67%,,,,,,,,,,
01/07/2019 16:00,130152.829,65%,,,,,,,,,,
01/07/2019 17:00,123063.022,62%,,,,,,,,,,
01/07/2019 18:00,105069.539,53%,,,,,,,,,,
01/07/2019 19:00,79895.999,40%,,,,,,,,,,
01/07/2019 20:00,73590.644,37%,,,,,,,,,,
01/07/2019 21:00,82006.083,41%,,,,,,,,,,
01/07/2019 22:00,88853.271,44%,,,,,,,,,,
01/07/2019 23:00,91878.782,46%,,,,,,,,,,
02/07/2019 00:00,84116.937,42%,,,,,,,,,,
02/07/2019 01:00,80098.562,40%,,,,,,,,,,
02/07/2019 02:00,79014.725,40%,,,,,,,,,,
02/07/2019 03:00,75925.927,38%,,,,,,,,,,
02/07/2019 04:00,70892.055,35%,,,,,,,,,,
02/07/2019 05:00,63050.245,32%,,,,,,,,,,
02/07/2019 06:00,79553.574,40%,,,,,,,,,,
02/07/2019 07:00,97668.907,49%,,,,,,,,,,
02/07/2019 08:00,109945.481,55%,,,,,,,,,,
02/07/2019 09:00,114613.435,57%,,,,,,,,,,
02/07/2019 10:00,114858.429,57%,,,,,,,,,,
02/07/2019 11:00,114730.684,57%,,,,,,,,,,
02/07/2019 12:00,112443.439,56%,,,,,,,,,,
02/07/2019 13:00,108041.801,54%,,,,,,,,,,
02/07/2019 14:00,103159.006,52%,,,,,,,,,,
02/07/2019 15:00,99594.867,50%,,,,,,,,,,
02/07/2019 16:00,96842.646,48%,,,,,,,,,,
02/07/2019 17:00,92327.685,46%,,,,,,,,,,
02/07/2019 18:00,82003.99,41%,,,,,,,,,,
02/07/2019 19:00,68008.205,34%,,,,,,,,,,
02/07/2019 20:00,60494.255,30%,,,,,,,,,,
02/07/2019 21:00,58268.692,29%,,,,,,,,,,
02/07/2019 22:00,55418.273,28%,,,,,,,,,,
02/07/2019 23:00,51875.416,26%,,,,,,,,,,
03/07/2019 00:00,47669.93,24%,,,,,,,,,,
03/07/2019 01:00,42401.614,21%,,,,,,,,,,
03/07/2019 02:00,36711.514,18%,,,,,,,,,,
03/07/2019 03:00,30420.271,15%,,,,,,,,,,
03/07/2019 04:00,27435.585,14%,,,,,,,,,,
03/07/2019 05:00,23086.291,12%,,,,,,,,,,
03/07/2019 06:00,22579.389,11%,,,,,,,,,,
03/07/2019 07:00,29885.214,15%,,,,,,,,,,
03/07/2019 08:00,37291.194,19%,,,,,,,,,,
03/07/2019 09:00,42841.553,21%,,,,,,,,,,
03/07/2019 10:00,48000.358,24%,,,,,,,,,,
03/07/2019 11:00,54361.611,27%,,,,,,,,,,
03/07/2019 12:00,60836.057,30%,,,,,,,,,,
03/07/2019 13:00,65753.489,33%,,,,,,,,,,
03/07/2019 14:00,69318.625,35%,,,,,,,,,,
03/07/2019 15:00,73657.008,37%,,,,,,,,,,
03/07/2019 16:00,77545.486,39%,,,,,,,,,,
03/07/2019 17:00,80098.605,40%,,,,,,,,,,
03/07/2019 18:00,76363.699,38%,,,,,,,,,,
03/07/2019 19:00,67110.024,34%,,,,,,,,,,
03/07/2019 20:00,59030.737,30%,,,,,,,,,,
03/07/2019 21:00,58135.625,29%,,,,,,,,,,
03/07/2019 22:00,59903.137,30%,,,,,,,,,,
03/07/2019 23:00,64518.443,32%,,,,,,,,,,
04/07/2019 00:00,66581.367,33%,,,,,,,,,,
04/07/2019 01:00,66319.99,33%,,,,,,,,,,
04/07/2019 02:00,65036.289,33%,,,,,,,,,,
04/07/2019 03:00,65549.756,33%,,,,,,,,,,
04/07/2019 04:00,66435.873,33%,,,,,,,,,,
04/07/2019 05:00,71216.632,36%,,,,,,,,,,
04/07/2019 06:00,84461.591,42%,,,,,,,,,,
04/07/2019 07:00,107604.351,54%,,,,,,,,,,
04/07/2019 08:00,124338.638,62%,,,,,,,,,,
04/07/2019 09:00,133700.963,67%,,,,,,,,,,
04/07/2019 10:00,138915.616,69%,,,,,,,,,,
04/07/2019 11:00,139041.86,70%,,,,,,,,,,
04/07/2019 12:00,138419.587,69%,,,,,,,,,,
04/07/2019 13:00,143997.45,72%,,,,,,,,,,
04/07/2019 14:00,149183.189,75%,,,,,,,,,,
04/07/2019 15:00,147344.274,74%,,,,,,,,,,
04/07/2019 16:00,139433.993,70%,,,,,,,,,,
04/07/2019 17:00,129979.123,65%,,,,,,,,,,
04/07/2019 18:00,121529.254,61%,,,,,,,,,,
04/07/2019 19:00,116482.345,58%,,,,,,,,,,
04/07/2019 20:00,117602.817,59%,,,,,,,,,,
04/07/2019 21:00,111416.395,56%,,,,,,,,,,
04/07/2019 22:00,103112.055,52%,,,,,,,,,,
04/07/2019 23:00,88852.203,44%,,,,,,,,,,
05/07/2019 00:00,82000.759,41%,,,,,,,,,,
05/07/2019 01:00,76106.685,38%,,,,,,,,,,
05/07/2019 02:00,83074.583,42%,,,,,,,,,,
05/07/2019 03:00,79069.11,40%,,,,,,,,,,
05/07/2019 04:00,64015.254,32%,,,,,,,,,,
05/07/2019 05:00,46846.332,23%,,,,,,,,,,
05/07/2019 06:00,43543.141,22%,,,,,,,,,,
05/07/2019 07:00,39664.975,20%,,,,,,,,,,
05/07/2019 08:00,41269.108,21%,,,,,,,,,,
05/07/2019 09:00,51005,26%,,,,,,,,,,
05/07/2019 10:00,66807.105,33%,,,,,,,,,,
05/07/2019 11:00,88854.031,44%,,,,,,,,,,
05/07/2019 12:00,114952.481,57%,,,,,,,,,,
05/07/2019 13:00,132203.692,66%,,,,,,,,,,
05/07/2019 14:00,141008.854,71%,,,,,,,,,,
05/07/2019 15:00,141164.535,71%,,,,,,,,,,
05/07/2019 16:00,140065.807,70%,,,,,,,,,,
05/07/2019 17:00,132587.051,66%,,,,,,,,,,
05/07/2019 18:00,120927.776,60%,,,,,,,,,,
05/07/2019 19:00,108298.009,54%,,,,,,,,,,
05/07/2019 20:00,101036.588,51%,,,,,,,,,,
05/07/2019 21:00,92209.97,46%,,,,,,,,,,
05/07/2019 22:00,84463.088,42%,,,,,,,,,,
05/07/2019 23:00,85010.149,43%,,,,,,,,,,
06/07/2019 00:00,86881.392,43%,,,,,,,,,,
06/07/2019 01:00,79554.829,40%,,,,,,,,,,
06/07/2019 02:00,71061.66,36%,,,,,,,,,,
06/07/2019 03:00,65696.475,33%,,,,,,,,,,
06/07/2019 04:00,60989.976,30%,,,,,,,,,,
06/07/2019 05:00,56356.476,28%,,,,,,,,,,
06/07/2019 06:00,68431.629,34%,,,,,,,,,,
06/07/2019 07:00,68128.122,34%,,,,,,,,,,
06/07/2019 08:00,60354.375,30%,,,,,,,,,,
06/07/2019 09:00,49754.249,25%,,,,,,,,,,
06/07/2019 10:00,38326.143,19%,,,,,,,,,,
06/07/2019 11:00,27883.004,14%,,,,,,,,,,
06/07/2019 12:00,20250.476,10%,,,,,,,,,,
06/07/2019 13:00,15378.618,8%,,,,,,,,,,
06/07/2019 14:00,12882.107,6%,,,,,,,,,,
06/07/2019 15:00,11948.465,6%,,,,,,,,,,
06/07/2019 16:00,12541.841,6%,,,,,,,,,,
06/07/2019 17:00,14832.936,7%,,,,,,,,,,
06/07/2019 18:00,18975.139,9%,,,,,,,,,,
06/07/2019 19:00,23007.982,12%,,,,,,,,,,
06/07/2019 20:00,26163.373,13%,,,,,,,,,,
06/07/2019 21:00,24636.638,12%,,,,,,,,,,
06/07/2019 22:00,20253.846,10%,,,,,,,,,,
06/07/2019 23:00,15793.509,8%,,,,,,,,,,
07/07/2019 00:00,12805.185,6%,,,,,,,,,,
07/07/2019 01:00,13592.426,7%,,,,,,,,,,
07/07/2019 02:00,16628.016,8%,,,,,,,,,,
07/07/2019 03:00,20420.851,10%,,,,,,,,,,
07/07/2019 04:00,22822.239,11%,,,,,,,,,,
07/07/2019 05:00,23828.137,12%,,,,,,,,,,
07/07/2019 06:00,27124.719,14%,,,,,,,,,,
07/07/2019 07:00,26365.669,13%,,,,,,,,,,
07/07/2019 08:00,24223.299,12%,,,,,,,,,,
07/07/2019 09:00,24310.988,12%,,,,,,,,,,
07/07/2019 10:00,26570.969,13%,,,,,,,,,,
07/07/2019 11:00,29554.88,15%,,,,,,,,,,
07/07/2019 12:00,33424.696,17%,,,,,,,,,,
07/07/2019 13:00,36822.18,18%,,,,,,,,,,
07/07/2019 14:00,38983.456,19%,,,,,,,,,,
07/07/2019 15:00,37069.335,19%,,,,,,,,,,
07/07/2019 16:00,32259.025,16%,,,,,,,,,,
07/07/2019 17:00,26067.473,13%,,,,,,,,,,
07/07/2019 18:00,21050.278,11%,,,,,,,,,,
07/07/2019 19:00,17131.467,9%,,,,,,,,,,
07/07/2019 20:00,14888.025,7%,,,,,,,,,,
07/07/2019 21:00,13233.814,7%,,,,,,,,,,
07/07/2019 22:00,12213.244,6%,,,,,,,,,,
07/07/2019 23:00,11589.045,6%,,,,,,,,,,
08/07/2019 00:00,11508.016,6%,,,,,,,,,,
08/07/2019 01:00,10855.52,5%,,,,,,,,,,
08/07/2019 02:00,9499.062,5%,,,,,,,,,,
08/07/2019 03:00,8077.861,4%,,,,,,,,,,
08/07/2019 04:00,9644.139,5%,,,,,,,,,,
08/07/2019 05:00,11484.192,6%,,,,,,,,,,
08/07/2019 06:00,10557.517,5%,,,,,,,,,,
08/07/2019 07:00,12553.97,6%,,,,,,,,,,
08/07/2019 08:00,14103.821,7%,,,,,,,,,,
08/07/2019 09:00,15139.806,8%,,,,,,,,,,
08/07/2019 10:00,15676.532,8%,,,,,,,,,,
08/07/2019 11:00,17451.802,9%,,,,,,,,,,
08/07/2019 12:00,18950.582,9%,,,,,,,,,,
08/07/2019 13:00,20322.247,10%,,,,,,,,,,
08/07/2019 14:00,20248.947,10%,,,,,,,,,,
08/07/2019 15:00,19685.145,10%,,,,,,,,,,
08/07/2019 16:00,17428.715,9%,,,,,,,,,,
08/07/2019 17:00,14934.218,7%,,,,,,,,,,
08/07/2019 18:00,13080.104,7%,,,,,,,,,,
08/07/2019 19:00,13005.676,7%,,,,,,,,,,
08/07/2019 20:00,14251.954,7%,,,,,,,,,,
08/07/2019 21:00,14353.308,7%,,,,,,,,,,
08/07/2019 22:00,14801.503,7%,,,,,,,,,,
08/07/2019 23:00,16431.644,8%,,,,,,,,,,
09/07/2019 00:00,19137.019,10%,,,,,,,,,,
09/07/2019 01:00,23539.002,12%,,,,,,,,,,
09/07/2019 02:00,28274.107,14%,,,,,,,,,,
09/07/2019 03:00,31384.383,16%,,,,,,,,,,
09/07/2019 04:00,33216.333,17%,,,,,,,,,,
09/07/2019 05:00,34302.373,17%,,,,,,,,,,
09/07/2019 06:00,32638.248,16%,,,,,,,,,,
09/07/2019 07:00,35512.772,18%,,,,,,,,,,
09/07/2019 08:00,42104.917,21%,,,,,,,,,,
09/07/2019 09:00,47089.355,24%,,,,,,,,,,
09/07/2019 10:00,52753.155,26%,,,,,,,,,,
09/07/2019 11:00,56233.137,28%,,,,,,,,,,
09/07/2019 12:00,57785.151,29%,,,,,,,,,,
09/07/2019 13:00,60985.037,30%,,,,,,,,,,
09/07/2019 14:00,66826.64,33%,,,,,,,,,,
09/07/2019 15:00,75150.128,38%,,,,,,,,,,
09/07/2019 16:00,79555.262,40%,,,,,,,,,,
09/07/2019 17:00,76775.573,38%,,,,,,,,,,
09/07/2019 18:00,64526.84,32%,,,,,,,,,,
09/07/2019 19:00,61927.645,31%,,,,,,,,,,
09/07/2019 20:00,64473.009,32%,,,,,,,,,,
09/07/2019 21:00,63359.733,32%,,,,,,,,,,
09/07/2019 22:00,60986.998,30%,,,,,,,,,,
09/07/2019 23:00,52571.042,26%,,,,,,,,,,
10/07/2019 00:00,43097.892,22%,,,,,,,,,,
10/07/2019 01:00,41544.443,21%,,,,,,,,,,
10/07/2019 02:00,43612.428,22%,,,,,,,,,,
10/07/2019 03:00,46587.084,23%,,,,,,,,,,
10/07/2019 04:00,48551.121,24%,,,,,,,,,,
10/07/2019 05:00,45091.603,23%,,,,,,,,,,
10/07/2019 06:00,43928.443,22%,,,,,,,,,,
10/07/2019 07:00,41389.968,21%,,,,,,,,,,
10/07/2019 08:00,41526.67,21%,,,,,,,,,,
10/07/2019 09:00,43678.297,22%,,,,,,,,,,
10/07/2019 10:00,45485.962,23%,,,,,,,,,,
10/07/2019 11:00,46953.239,23%,,,,,,,,,,
10/07/2019 12:00,46587.907,23%,,,,,,,,,,
10/07/2019 13:00,46587.64,23%,,,,,,,,,,
10/07/2019 14:00,47031.673,24%,,,,,,,,,,
10/07/2019 15:00,45044.398,23%,,,,,,,,,,
10/07/2019 16:00,40796.235,20%,,,,,,,,,,
10/07/2019 17:00,35773.427,18%,,,,,,,,,,
10/07/2019 18:00,33171.194,17%,,,,,,,,,,
10/07/2019 19:00,32900.561,16%,,,,,,,,,,
10/07/2019 20:00,30708.87,15%,,,,,,,,,,
10/07/2019 21:00,28081.793,14%,,,,,,,,,,
10/07/2019 22:00,26319.272,13%,,,,,,,,,,
10/07/2019 23:00,24045.135,12%,,,,,,,,,,
11/07/2019 00:00,21551.671,11%,,,,,,,,,,
11/07/2019 01:00,19181.739,10%,,,,,,,,,,
11/07/2019 02:00,16655.068,8%,,,,,,,,,,
11/07/2019 03:00,13558.297,7%,,,,,,,,,,
11/07/2019 04:00,12214.563,6%,,,,,,,,,,
11/07/2019 05:00,11557.051,6%,,,,,,,,,,
11/07/2019 06:00,11565.454,6%,,,,,,,,,,
11/07/2019 07:00,16972.856,8%,,,,,,,,,,
11/07/2019 08:00,22649.114,11%,,,,,,,,,,
11/07/2019 09:00,25212.382,13%,,,,,,,,,,
11/07/2019 10:00,24204.103,12%,,,,,,,,,,
11/07/2019 11:00,23552.845,12%,,,,,,,,,,
11/07/2019 12:00,26853.967,13%,,,,,,,,,,
11/07/2019 13:00,30819.318,15%,,,,,,,,,,
11/07/2019 14:00,34256.53,17%,,,,,,,,,,
11/07/2019 15:00,39093.777,20%,,,,,,,,,,
11/07/2019 16:00,44121.298,22%,,,,,,,,,,
11/07/2019 17:00,49428.225,25%,,,,,,,,,,
11/07/2019 18:00,51474.414,26%,,,,,,,,,,
11/07/2019 19:00,54396.945,27%,,,,,,,,,,
11/07/2019 20:00,62240.534,31%,,,,,,,,,,
11/07/2019 21:00,68786.31,34%,,,,,,,,,,
11/07/2019 22:00,71315.335,36%,,,,,,,,,,
11/07/2019 23:00,74034.498,37%,,,,,,,,,,
12/07/2019 00:00,76786.252,38%,,,,,,,,,,
12/07/2019 01:00,78204.849,39%,,,,,,,,,,
12/07/2019 02:00,79265.936,40%,,,,,,,,,,
12/07/2019 03:00,72850.85,36%,,,,,,,,,,
12/07/2019 04:00,60000.413,30%,,,,,,,,,,
12/07/2019 05:00,40044.255,20%,,,,,,,,,,
12/07/2019 06:00,30914.11,15%,,,,,,,,,,
12/07/2019 07:00,31362.765,16%,,,,,,,,,,
12/07/2019 08:00,29242.564,15%,,,,,,,,,,
12/07/2019 09:00,26596.028,13%,,,,,,,,,,
12/07/2019 10:00,26120.723,13%,,,,,,,,,,
12/07/2019 11:00,26452.728,13%,,,,,,,,,,
12/07/2019 12:00,25239.945,13%,,,,,,,,,,
12/07/2019 13:00,23570.623,12%,,,,,,,,,,
12/07/2019 14:00,20767.404,10%,,,,,,,,,,
12/07/2019 15:00,19068.096,10%,,,,,,,,,,
12/07/2019 16:00,16408.105,8%,,,,,,,,,,
12/07/2019 17:00,14041.128,7%,,,,,,,,,,
12/07/2019 18:00,11863.934,6%,,,,,,,,,,
12/07/2019 19:00,9799.494,5%,,,,,,,,,,
12/07/2019 20:00,8875.699,4%,,,,,,,,,,
12/07/2019 21:00,8839.895,4%,,,,,,,,,,
12/07/2019 22:00,8267.086,4%,,,,,,,,,,
12/07/2019 23:00,7324.684,4%,,,,,,,,,,
13/07/2019 00:00,5888.633,3%,,,,,,,,,,
13/07/2019 01:00,5104.256,3%,,,,,,,,,,
13/07/2019 02:00,5517.254,3%,,,,,,,,,,
13/07/2019 03:00,6292.688,3%,,,,,,,,,,
13/07/2019 04:00,7164.856,4%,,,,,,,,,,
13/07/2019 05:00,7964.781,4%,,,,,,,,,,
13/07/2019 06:00,9315.465,5%,,,,,,,,,,
13/07/2019 07:00,12067.272,6%,,,,,,,,,,
13/07/2019 08:00,13572.828,7%,,,,,,,,,,
13/07/2019 09:00,14923.493,7%,,,,,,,,,,
13/07/2019 10:00,17963.915,9%,,,,,,,,,,
13/07/2019 11:00,21247.888,11%,,,,,,,,,,
13/07/2019 12:00,23904.184,12%,,,,,,,,,,
13/07/2019 13:00,26170.586,13%,,,,,,,,,,
13/07/2019 14:00,27333.838,14%,,,,,,,,,,
13/07/2019 15:00,28741.353,14%,,,,,,,,,,
13/07/2019 16:00,30742.465,15%,,,,,,,,,,
13/07/2019 17:00,31729.211,16%,,,,,,,,,,
13/07/2019 18:00,30058.327,15%,,,,,,,,,,
13/07/2019 19:00,27579.193,14%,,,,,,,,,,
13/07/2019 20:00,28061.952,14%,,,,,,,,,,
13/07/2019 21:00,24641.512,12%,,,,,,,,,,
13/07/2019 22:00,20440.792,10%,,,,,,,,,,
13/07/2019 23:00,17928.18,9%,,,,,,,,,,
14/07/2019 00:00,15963.56,8%,,,,,,,,,,
14/07/2019 01:00,14503.828,7%,,,,,,,,,,
14/07/2019 02:00,14308.223,7%,,,,,,,,,,
14/07/2019 03:00,14158.198,7%,,,,,,,,,,
14/07/2019 04:00,13759.63,7%,,,,,,,,,,
14/07/2019 05:00,10409.511,5%,,,,,,,,,,
14/07/2019 06:00,8142.469,4%,,,,,,,,,,
14/07/2019 07:00,4817.387,2%,,,,,,,,,,
14/07/2019 08:00,2724.968,1%,,,,,,,,,,
14/07/2019 09:00,1856.579,1%,,,,,,,,,,
14/07/2019 10:00,1236.303,1%,,,,,,,,,,
14/07/2019 11:00,1265.367,1%,,,,,,,,,,
14/07/2019 12:00,1869.48,1%,,,,,,,,,,
14/07/2019 13:00,2206.834,1%,,,,,,,,,,
14/07/2019 14:00,2070.643,1%,,,,,,,,,,
14/07/2019 15:00,1583.737,1%,,,,,,,,,,
14/07/2019 16:00,1590.309,1%,,,,,,,,,,
14/07/2019 17:00,1536.197,1%,,,,,,,,,,
14/07/2019 18:00,2639.574,1%,,,,,,,,,,
14/07/2019 19:00,7035.083,4%,,,,,,,,,,
14/07/2019 20:00,15845.359,8%,,,,,,,,,,
14/07/2019 21:00,21406.171,11%,,,,,,,,,,
14/07/2019 22:00,22194.05,11%,,,,,,,,,,
14/07/2019 23:00,20564.719,10%,,,,,,,,,,
15/07/2019 00:00,16727.516,8%,,,,,,,,,,
15/07/2019 01:00,12351.192,6%,,,,,,,,,,
15/07/2019 02:00,9009.056,5%,,,,,,,,,,
15/07/2019 03:00,7850.222,4%,,,,,,,,,,
15/07/2019 04:00,6776.46,3%,,,,,,,,,,
15/07/2019 05:00,4214.102,2%,,,,,,,,,,
15/07/2019 06:00,2090.027,1%,,,,,,,,,,
15/07/2019 07:00,984.281,0%,,,,,,,,,,
15/07/2019 08:00,1940.311,1%,,,,,,,,,,
15/07/2019 09:00,3881.736,2%,,,,,,,,,,
15/07/2019 10:00,5718.642,3%,,,,,,,,,,
15/07/2019 11:00,7693.083,4%,,,,,,,,,,
15/07/2019 12:00,9423.084,5%,,,,,,,,,,
15/07/2019 13:00,10872.67,5%,,,,,,,,,,
15/07/2019 14:00,12213.076,6%,,,,,,,,,,
15/07/2019 15:00,13558.292,7%,,,,,,,,,,
15/07/2019 16:00,14734.409,7%,,,,,,,,,,
15/07/2019 17:00,16703.808,8%,,,,,,,,,,
15/07/2019 18:00,18836.945,9%,,,,,,,,,,
15/07/2019 19:00,20204.162,10%,,,,,,,,,,
15/07/2019 20:00,22634.522,11%,,,,,,,,,,
15/07/2019 21:00,24604.003,12%,,,,,,,,,,
15/07/2019 22:00,24311.432,12%,,,,,,,,,,
15/07/2019 23:00,23307.971,12%,,,,,,,,,,
16/07/2019 00:00,23162.348,12%,,,,,,,,,,
16/07/2019 01:00,22437.585,11%,,,,,,,,,,
16/07/2019 02:00,20033.444,10%,,,,,,,,,,
16/07/2019 03:00,16981.289,8%,,,,,,,,,,
16/07/2019 04:00,14454.519,7%,,,,,,,,,,
16/07/2019 05:00,10815.634,5%,,,,,,,,,,
16/07/2019 06:00,6404.56,3%,,,,,,,,,,
16/07/2019 07:00,6114.379,3%,,,,,,,,,,
16/07/2019 08:00,8407.335,4%,,,,,,,,,,
16/07/2019 09:00,11574.84,6%,,,,,,,,,,
16/07/2019 10:00,16209.708,8%,,,,,,,,,,
16/07/2019 11:00,22468.768,11%,,,,,,,,,,
16/07/2019 12:00,29841.876,15%,,,,,,,,,,
16/07/2019 13:00,38222.265,19%,,,,,,,,,,
16/07/2019 14:00,44857.254,22%,,,,,,,,,,
16/07/2019 15:00,49047.396,25%,,,,,,,,,,
16/07/2019 16:00,50599.058,25%,,,,,,,,,,
16/07/2019 17:00,46580.582,23%,,,,,,,,,,
16/07/2019 18:00,38339.826,19%,,,,,,,,,,
16/07/2019 19:00,32241.698,16%,,,,,,,,,,
16/07/2019 20:00,29375.719,15%,,,,,,,,,,
16/07/2019 21:00,24960.209,12%,,,,,,,,,,
16/07/2019 22:00,22791.593,11%,,,,,,,,,,
16/07/2019 23:00,25611.636,13%,,,,,,,,,,
17/07/2019 00:00,32696.444,16%,,,,,,,,,,
17/07/2019 01:00,41127.454,21%,,,,,,,,,,
17/07/2019 02:00,47347.464,24%,,,,,,,,,,
17/07/2019 03:00,46671.002,23%,,,,,,,,,,
17/07/2019 04:00,45484.132,23%,,,,,,,,,,
17/07/2019 05:00,36297.081,18%,,,,,,,,,,
17/07/2019 06:00,26268.21,13%,,,,,,,,,,
17/07/2019 07:00,31957.189,16%,,,,,,,,,,
17/07/2019 08:00,53295.894,27%,,,,,,,,,,
17/07/2019 09:00,77108.035,39%,,,,,,,,,,
17/07/2019 10:00,92705.741,46%,,,,,,,,,,
17/07/2019 11:00,104226.857,52%,,,,,,,,,,
17/07/2019 12:00,109406.797,55%,,,,,,,,,,
17/07/2019 13:00,112459.786,56%,,,,,,,,,,
17/07/2019 14:00,114750.688,57%,,,,,,,,,,
17/07/2019 15:00,116072.504,58%,,,,,,,,,,
17/07/2019 16:00,111267.364,56%,,,,,,,,,,
17/07/2019 17:00,96843.917,48%,,,,,,,,,,
17/07/2019 18:00,80095.746,40%,,,,,,,,,,
17/07/2019 19:00,71000.123,36%,,,,,,,,,,
17/07/2019 20:00,57785.815,29%,,,,,,,,,,
17/07/2019 21:00,48154.053,24%,,,,,,,,,,
17/07/2019 22:00,43659.305,22%,,,,,,,,,,
17/07/2019 23:00,51198.233,26%,,,,,,,,,,
18/07/2019 00:00,54284.66,27%,,,,,,,,,,
18/07/2019 01:00,52949.639,26%,,,,,,,,,,
18/07/2019 02:00,53293.742,27%,,,,,,,,,,
18/07/2019 03:00,57782.886,29%,,,,,,,,,,
18/07/2019 04:00,57154.719,29%,,,,,,,,,,
18/07/2019 05:00,51817.245,26%,,,,,,,,,,
18/07/2019 06:00,60986.697,30%,,,,,,,,,,
18/07/2019 07:00,74912.693,37%,,,,,,,,,,
18/07/2019 08:00,90080.281,45%,,,,,,,,,,
18/07/2019 09:00,105295.221,53%,,,,,,,,,,
18/07/2019 10:00,116072.662,58%,,,,,,,,,,
18/07/2019 11:00,121053.828,61%,,,,,,,,,,
18/07/2019 12:00,122828.067,61%,,,,,,,,,,
18/07/2019 13:00,122045.414,61%,,,,,,,,,,
18/07/2019 14:00,117966.612,59%,,,,,,,,,,
18/07/2019 15:00,113690.415,57%,,,,,,,,,,
18/07/2019 16:00,108867.2,54%,,,,,,,,,,
18/07/2019 17:00,93257.791,47%,,,,,,,,,,
18/07/2019 18:00,79011.88,40%,,,,,,,,,,
18/07/2019 19:00,75782.854,38%,,,,,,,,,,
18/07/2019 20:00,75837.073,38%,,,,,,,,,,
18/07/2019 21:00,74206.037,37%,,,,,,,,,,
18/07/2019 22:00,70474.494,35%,,,,,,,,,,
18/07/2019 23:00,67365.968,34%,,,,,,,,,,
19/07/2019 00:00,62929.58,31%,,,,,,,,,,
19/07/2019 01:00,58991.013,29%,,,,,,,,,,
19/07/2019 02:00,54928.72,27%,,,,,,,,,,
19/07/2019 03:00,50834.378,25%,,,,,,,,,,
19/07/2019 04:00,46141.17,23%,,,,,,,,,,
19/07/2019 05:00,33393.552,17%,,,,,,,,,,
19/07/2019 06:00,30843.006,15%,,,,,,,,,,
19/07/2019 07:00,33478.986,17%,,,,,,,,,,
19/07/2019 08:00,33877.18,17%,,,,,,,,,,
19/07/2019 09:00,35087.375,18%,,,,,,,,,,
19/07/2019 10:00,36961.412,18%,,,,,,,,,,
19/07/2019 11:00,37228.73,19%,,,,,,,,,,
19/07/2019 12:00,35048.217,18%,,,,,,,,,,
19/07/2019 13:00,30670.913,15%,,,,,,,,,,
19/07/2019 14:00,27959.819,14%,,,,,,,,,,
19/07/2019 15:00,28797.265,14%,,,,,,,,,,
19/07/2019 16:00,33667.065,17%,,,,,,,,,,
19/07/2019 17:00,39796.879,20%,,,,,,,,,,
19/07/2019 18:00,45517.09,23%,,,,,,,,,,
19/07/2019 19:00,56090.955,28%,,,,,,,,,,
19/07/2019 20:00,61819.065,31%,,,,,,,,,,
19/07/2019 21:00,58689.744,29%,,,,,,,,,,
19/07/2019 22:00,52751.554,26%,,,,,,,,,,
19/07/2019 23:00,48601.442,24%,,,,,,,,,,
20/07/2019 00:00,41215.841,21%,,,,,,,,,,
20/07/2019 01:00,39309.638,20%,,,,,,,,,,
20/07/2019 02:00,32082.527,16%,,,,,,,,,,
20/07/2019 03:00,30478.248,15%,,,,,,,,,,
20/07/2019 04:00,27256.818,14%,,,,,,,,,,
20/07/2019 05:00,19879.265,10%,,,,,,,,,,
20/07/2019 06:00,15442.816,8%,,,,,,,,,,
20/07/2019 07:00,16851.869,8%,,,,,,,,,,
20/07/2019 08:00,20422.453,10%,,,,,,,,,,
20/07/2019 09:00,28268.041,14%,,,,,,,,,,
20/07/2019 10:00,42654.852,21%,,,,,,,,,,
20/07/2019 11:00,59196.273,30%,,,,,,,,,,
20/07/2019 12:00,73091.771,37%,,,,,,,,,,
20/07/2019 13:00,82000.49,41%,,,,,,,,,,
20/07/2019 14:00,81822.314,41%,,,,,,,,,,
20/07/2019 15:00,78279.808,39%,,,,,,,,,,
20/07/2019 16:00,78815.683,39%,,,,,,,,,,
20/07/2019 17:00,83087.197,42%,,,,,,,,,,
20/07/2019 18:00,89400.428,45%,,,,,,,,,,
20/07/2019 19:00,88853.507,44%,,,,,,,,,,
20/07/2019 20:00,78845.906,39%,,,,,,,,,,
20/07/2019 21:00,66315.963,33%,,,,,,,,,,
20/07/2019 22:00,56305.874,28%,,,,,,,,,,
20/07/2019 23:00,53194.529,27%,,,,,,,,,,
21/07/2019 00:00,53748.262,27%,,,,,,,,,,
21/07/2019 01:00,54403.171,27%,,,,,,,,,,
21/07/2019 02:00,56785.196,28%,,,,,,,,,,
21/07/2019 03:00,60936.425,30%,,,,,,,,,,
21/07/2019 04:00,57569.434,29%,,,,,,,,,,
21/07/2019 05:00,40156.91,20%,,,,,,,,,,
21/07/2019 06:00,38758.892,19%,,,,,,,,,,
21/07/2019 07:00,50554.043,25%,,,,,,,,,,
21/07/2019 08:00,55599.241,28%,,,,,,,,,,
21/07/2019 09:00,60490.53,30%,,,,,,,,,,
21/07/2019 10:00,67077.466,34%,,,,,,,,,,
21/07/2019 11:00,80100.892,40%,,,,,,,,,,
21/07/2019 12:00,98780.366,49%,,,,,,,,,,
21/07/2019 13:00,100468.524,50%,,,,,,,,,,
21/07/2019 14:00,98769.224,49%,,,,,,,,,,
21/07/2019 15:00,111288.135,56%,,,,,,,,,,
21/07/2019 16:00,126927.492,63%,,,,,,,,,,
21/07/2019 17:00,140446.842,70%,,,,,,,,,,
21/07/2019 18:00,157628.855,79%,,,,,,,,,,
21/07/2019 19:00,165740.066,83%,,,,,,,,,,
21/07/2019 20:00,157793.358,79%,,,,,,,,,,
21/07/2019 21:00,147194.762,74%,,,,,,,,,,
21/07/2019 22:00,127084.868,64%,,,,,,,,,,
21/07/2019 23:00,114330.635,57%,,,,,,,,,,
22/07/2019 00:00,85639.777,43%,,,,,,,,,,
22/07/2019 01:00,71001.532,36%,,,,,,,,,,
22/07/2019 02:00,68644.81,34%,,,,,,,,,,
22/07/2019 03:00,62828.383,31%,,,,,,,,,,
22/07/2019 04:00,68962.13,34%,,,,,,,,,,
22/07/2019 05:00,75253.927,38%,,,,,,,,,,
22/07/2019 06:00,105797.656,53%,,,,,,,,,,
22/07/2019 07:00,130375.148,65%,,,,,,,,,,
22/07/2019 08:00,164077.819,82%,,,,,,,,,,
22/07/2019 09:00,180480.909,90%,,,,,,,,,,
22/07/2019 10:00,185950.389,93%,,,,,,,,,,
22/07/2019 11:00,187095.933,94%,,,,,,,,,,
22/07/2019 12:00,186606.788,93%,,,,,,,,,,
22/07/2019 13:00,185813.379,93%,,,,,,,,,,
22/07/2019 14:00,184051.689,92%,,,,,,,,,,
22/07/2019 15:00,179492.284,90%,,,,,,,,,,
22/07/2019 16:00,171498.749,86%,,,,,,,,,,
22/07/2019 17:00,157901.687,79%,,,,,,,,,,
22/07/2019 18:00,140066.443,70%,,,,,,,,,,
22/07/2019 19:00,129173.494,65%,,,,,,,,,,
22/07/2019 20:00,116574.869,58%,,,,,,,,,,
22/07/2019 21:00,95738.763,48%,,,,,,,,,,
22/07/2019 22:00,84199.059,42%,,,,,,,,,,
22/07/2019 23:00,78787.278,39%,,,,,,,,,,
23/07/2019 00:00,78206.701,39%,,,,,,,,,,
23/07/2019 01:00,83131.003,42%,,,,,,,,,,
23/07/2019 02:00,83937.886,42%,,,,,,,,,,
23/07/2019 03:00,87143.481,44%,,,,,,,,,,
23/07/2019 04:00,81182.634,41%,,,,,,,,,,
23/07/2019 05:00,62908.099,31%,,,,,,,,,,
23/07/2019 06:00,74850.578,37%,,,,,,,,,,
23/07/2019 07:00,93259.105,47%,,,,,,,,,,
23/07/2019 08:00,89973.74,45%,,,,,,,,,,
23/07/2019 09:00,86350.622,43%,,,,,,,,,,
23/07/2019 10:00,88304.586,44%,,,,,,,,,,
23/07/2019 11:00,89402.085,45%,,,,,,,,,,
23/07/2019 12:00,86076.451,43%,,,,,,,,,,
23/07/2019 13:00,77183.89,39%,,,,,,,,,,
23/07/2019 14:00,67163.187,34%,,,,,,,,,,
23/07/2019 15:00,57794.598,29%,,,,,,,,,,
23/07/2019 16:00,50987.1,25%,,,,,,,,,,
23/07/2019 17:00,43967.445,22%,,,,,,,,,,
23/07/2019 18:00,33615.566,17%,,,,,,,,,,
23/07/2019 19:00,31436.225,16%,,,,,,,,,,
23/07/2019 20:00,42196.142,21%,,,,,,,,,,
23/07/2019 21:00,53507.58,27%,,,,,,,,,,
23/07/2019 22:00,60492.678,30%,,,,,,,,,,
23/07/2019 23:00,63153.19,32%,,,,,,,,,,
24/07/2019 00:00,58256.982,29%,,,,,,,,,,
24/07/2019 01:00,58860.749,29%,,,,,,,,,,
24/07/2019 02:00,63348.988,32%,,,,,,,,,,
24/07/2019 03:00,69179.696,35%,,,,,,,,,,
24/07/2019 04:00,54399.565,27%,,,,,,,,,,
24/07/2019 05:00,48149.188,24%,,,,,,,,,,
24/07/2019 06:00,32687.119,16%,,,,,,,,,,
24/07/2019 07:00,26065.627,13%,,,,,,,,,,
24/07/2019 08:00,50657.532,25%,,,,,,,,,,
24/07/2019 09:00,82917.929,41%,,,,,,,,,,
24/07/2019 10:00,95740.716,48%,,,,,,,,,,
24/07/2019 11:00,92289.089,46%,,,,,,,,,,
24/07/2019 12:00,81575.19,41%,,,,,,,,,,
24/07/2019 13:00,77126.544,39%,,,,,,,,,,
24/07/2019 14:00,76488.581,38%,,,,,,,,,,
24/07/2019 15:00,64744.757,32%,,,,,,,,,,
24/07/2019 16:00,50778.422,25%,,,,,,,,,,
24/07/2019 17:00,52275.566,26%,,,,,,,,,,
24/07/2019 18:00,48528.377,24%,,,,,,,,,,
24/07/2019 19:00,51081.201,26%,,,,,,,,,,
24/07/2019 20:00,49734.935,25%,,,,,,,,,,
24/07/2019 21:00,46561.108,23%,,,,,,,,,,
24/07/2019 22:00,42504.643,21%,,,,,,,,,,
24/07/2019 23:00,38887.406,19%,,,,,,,,,,
25/07/2019 00:00,38563.333,19%,,,,,,,,,,
25/07/2019 01:00,34310.409,17%,,,,,,,,,,
25/07/2019 02:00,29437.586,15%,,,,,,,,,,
25/07/2019 03:00,21441.543,11%,,,,,,,,,,
25/07/2019 04:00,20843.639,10%,,,,,,,,,,
25/07/2019 05:00,25556.74,13%,,,,,,,,,,
25/07/2019 06:00,25126.161,13%,,,,,,,,,,
25/07/2019 07:00,30520.896,15%,,,,,,,,,,
25/07/2019 08:00,42900.058,21%,,,,,,,,,,
25/07/2019 09:00,54881.657,27%,,,,,,,,,,
25/07/2019 10:00,66529.048,33%,,,,,,,,,,
25/07/2019 11:00,77130.823,39%,,,,,,,,,,
25/07/2019 12:00,83911.228,42%,,,,,,,,,,
25/07/2019 13:00,83222.658,42%,,,,,,,,,,
25/07/2019 14:00,79560.312,40%,,,,,,,,,,
25/07/2019 15:00,72855.39,36%,,,,,,,,,,
25/07/2019 16:00,64011.655,32%,,,,,,,,,,
25/07/2019 17:00,64019.649,32%,,,,,,,,,,
25/07/2019 18:00,75365.708,38%,,,,,,,,,,
25/07/2019 19:00,64986.718,32%,,,,,,,,,,
25/07/2019 20:00,56532.873,28%,,,,,,,,,,
25/07/2019 21:00,48913.936,24%,,,,,,,,,,
25/07/2019 22:00,35769.152,18%,,,,,,,,,,
25/07/2019 23:00,22466.943,11%,,,,,,,,,,
26/07/2019 00:00,12835.172,6%,,,,,,,,,,
26/07/2019 01:00,6782.103,3%,,,,,,,,,,
26/07/2019 02:00,4229.934,2%,,,,,,,,,,
26/07/2019 03:00,3998.709,2%,,,,,,,,,,
26/07/2019 04:00,4349.614,2%,,,,,,,,,,
26/07/2019 05:00,5985.315,3%,,,,,,,,,,
26/07/2019 06:00,7681.39,4%,,,,,,,,,,
26/07/2019 07:00,17296.458,9%,,,,,,,,,,
26/07/2019 08:00,27744.468,14%,,,,,,,,,,
26/07/2019 09:00,33782.026,17%,,,,,,,,,,
26/07/2019 10:00,38199.4,19%,,,,,,,,,,
26/07/2019 11:00,46139.625,23%,,,,,,,,,,
26/07/2019 12:00,54485.358,27%,,,,,,,,,,
26/07/2019 13:00,60987.447,30%,,,,,,,,,,
26/07/2019 14:00,71554.604,36%,,,,,,,,,,
26/07/2019 15:00,78163.869,39%,,,,,,,,,,
26/07/2019 16:00,61519.583,31%,,,,,,,,,,
26/07/2019 17:00,37969.676,19%,,,,,,,,,,
26/07/2019 18:00,26601.241,13%,,,,,,,,,,
26/07/2019 19:00,23998.842,12%,,,,,,,,,,
26/07/2019 20:00,20205.696,10%,,,,,,,,,,
26/07/2019 21:00,16819.076,8%,,,,,,,,,,
26/07/2019 22:00,16009.4,8%,,,,,,,,,,
26/07/2019 23:00,11613.339,6%,,,,,,,,,,
27/07/2019 00:00,5373.415,3%,,,,,,,,,,
27/07/2019 01:00,3029.013,2%,,,,,,,,,,
27/07/2019 02:00,4354.723,2%,,,,,,,,,,
27/07/2019 03:00,5745.043,3%,,,,,,,,,,
27/07/2019 04:00,6080.79,3%,,,,,,,,,,
27/07/2019 05:00,7907.485,4%,,,,,,,,,,
27/07/2019 06:00,10201.698,5%,,,,,,,,,,
27/07/2019 07:00,9649.913,5%,,,,,,,,,,
27/07/2019 08:00,10467.754,5%,,,,,,,,,,
27/07/2019 09:00,13595.542,7%,,,,,,,,,,
27/07/2019 10:00,16410.326,8%,,,,,,,,,,
27/07/2019 11:00,15903.392,8%,,,,,,,,,,
27/07/2019 12:00,18558.802,9%,,,,,,,,,,
27/07/2019 13:00,24430.088,12%,,,,,,,,,,
27/07/2019 14:00,30664.936,15%,,,,,,,,,,
27/07/2019 15:00,37558.155,19%,,,,,,,,,,
27/07/2019 16:00,43542.169,22%,,,,,,,,,,
27/07/2019 17:00,43721.511,22%,,,,,,,,,,
27/07/2019 18:00,40685.331,20%,,,,,,,,,,
27/07/2019 19:00,33436.033,17%,,,,,,,,,,
27/07/2019 20:00,35399.033,18%,,,,,,,,,,
27/07/2019 21:00,42490.386,21%,,,,,,,,,,
27/07/2019 22:00,48603.674,24%,,,,,,,,,,
27/07/2019 23:00,53930.618,27%,,,,,,,,,,
28/07/2019 00:00,59783.128,30%,,,,,,,,,,
28/07/2019 01:00,62237.282,31%,,,,,,,,,,
28/07/2019 02:00,66973.381,33%,,,,,,,,,,
28/07/2019 03:00,70480.343,35%,,,,,,,,,,
28/07/2019 04:00,73385.451,37%,,,,,,,,,,
28/07/2019 05:00,66827.942,33%,,,,,,,,,,
28/07/2019 06:00,60316.895,30%,,,,,,,,,,
28/07/2019 07:00,69705.556,35%,,,,,,,,,,
28/07/2019 08:00,82006.462,41%,,,,,,,,,,
28/07/2019 09:00,90780.185,45%,,,,,,,,,,
28/07/2019 10:00,93646.63,47%,,,,,,,,,,
28/07/2019 11:00,90328.515,45%,,,,,,,,,,
28/07/2019 12:00,84457.673,42%,,,,,,,,,,
28/07/2019 13:00,79018.106,40%,,,,,,,,,,
28/07/2019 14:00,73071.473,37%,,,,,,,,,,
28/07/2019 15:00,69277.318,35%,,,,,,,,,,
28/07/2019 16:00,66836.35,33%,,,,,,,,,,
28/07/2019 17:00,61920.631,31%,,,,,,,,,,
28/07/2019 18:00,51220.781,26%,,,,,,,,,,
28/07/2019 19:00,40470.382,20%,,,,,,,,,,
28/07/2019 20:00,45776.866,23%,,,,,,,,,,
28/07/2019 21:00,58967.939,29%,,,,,,,,,,
28/07/2019 22:00,61031.559,31%,,,,,,,,,,
28/07/2019 23:00,53935.228,27%,,,,,,,,,,
29/07/2019 00:00,46958.913,23%,,,,,,,,,,
29/07/2019 01:00,41003.036,21%,,,,,,,,,,
29/07/2019 02:00,36260.37,18%,,,,,,,,,,
29/07/2019 03:00,33394.828,17%,,,,,,,,,,
29/07/2019 04:00,30277.133,15%,,,,,,,,,,
29/07/2019 05:00,22468.966,11%,,,,,,,,,,
29/07/2019 06:00,16396.043,8%,,,,,,,,,,
29/07/2019 07:00,15167.24,8%,,,,,,,,,,
29/07/2019 08:00,13601.026,7%,,,,,,,,,,
29/07/2019 09:00,12901.385,6%,,,,,,,,,,
29/07/2019 10:00,14009.827,7%,,,,,,,,,,
29/07/2019 11:00,16658.861,8%,,,,,,,,,,
29/07/2019 12:00,18395.476,9%,,,,,,,,,,
29/07/2019 13:00,19793.069,10%,,,,,,,,,,
29/07/2019 14:00,20174.65,10%,,,,,,,,,,
29/07/2019 15:00,19027.381,10%,,,,,,,,,,
29/07/2019 16:00,18243.068,9%,,,,,,,,,,
29/07/2019 17:00,16733.538,8%,,,,,,,,,,
29/07/2019 18:00,15314.652,8%,,,,,,,,,,
29/07/2019 19:00,16986.259,8%,,,,,,,,,,
29/07/2019 20:00,22875.062,11%,,,,,,,,,,
29/07/2019 21:00,27325.615,14%,,,,,,,,,,
29/07/2019 22:00,28278.613,14%,,,,,,,,,,
29/07/2019 23:00,26593.86,13%,,,,,,,,,,
30/07/2019 00:00,23497.98,12%,,,,,,,,,,
30/07/2019 01:00,20430.407,10%,,,,,,,,,,
30/07/2019 02:00,17928.632,9%,,,,,,,,,,
30/07/2019 03:00,14022.564,7%,,,,,,,,,,
30/07/2019 04:00,9128.582,5%,,,,,,,,,,
30/07/2019 05:00,4480.782,2%,,,,,,,,,,
30/07/2019 06:00,1522.491,1%,,,,,,,,,,
30/07/2019 07:00,1359.805,1%,,,,,,,,,,
30/07/2019 08:00,3199.669,2%,,,,,,,,,,
30/07/2019 09:00,5747.359,3%,,,,,,,,,,
30/07/2019 10:00,9957.641,5%,,,,,,,,,,
30/07/2019 11:00,15501.714,8%,,,,,,,,,,
30/07/2019 12:00,21450.155,11%,,,,,,,,,,
30/07/2019 13:00,23046.345,12%,,,,,,,,,,
30/07/2019 14:00,20246.259,10%,,,,,,,,,,
30/07/2019 15:00,18559.683,9%,,,,,,,,,,
30/07/2019 16:00,20251.114,10%,,,,,,,,,,
30/07/2019 17:00,24181.877,12%,,,,,,,,,,
30/07/2019 18:00,26951.283,13%,,,,,,,,,,
30/07/2019 19:00,35034.045,18%,,,,,,,,,,
30/07/2019 20:00,47584.161,24%,,,,,,,,,,
30/07/2019 21:00,53929.263,27%,,,,,,,,,,
30/07/2019 22:00,57774.798,29%,,,,,,,,,,
30/07/2019 23:00,57876.184,29%,,,,,,,,,,
31/07/2019 00:00,60494.719,30%,,,,,,,,,,
31/07/2019 01:00,65505.003,33%,,,,,,,,,,
31/07/2019 02:00,67834.415,34%,,,,,,,,,,
31/07/2019 03:00,68865.304,34%,,,,,,,,,,
31/07/2019 04:00,68646.895,34%,,,,,,,,,,
31/07/2019 05:00,61372.064,31%,,,,,,,,,,
31/07/2019 06:00,49447.362,25%,,,,,,,,,,
31/07/2019 07:00,50296.123,25%,,,,,,,,,,
31/07/2019 08:00,52064.046,26%,,,,,,,,,,
31/07/2019 09:00,49051.956,25%,,,,,,,,,,
31/07/2019 10:00,42441.676,21%,,,,,,,,,,
31/07/2019 11:00,33606.602,17%,,,,,,,,,,
31/07/2019 12:00,26083.238,13%,,,,,,,,,,
31/07/2019 13:00,21024.035,11%,,,,,,,,,,
31/07/2019 14:00,17207.898,9%,,,,,,,,,,
31/07/2019 15:00,13349.89,7%,,,,,,,,,,
31/07/2019 16:00,9426.866,5%,,,,,,,,,,
31/07/2019 17:00,6421.736,3%,,,,,,,,,,
31/07/2019 18:00,4571.378,2%,,,,,,,,,,
31/07/2019 19:00,4032.711,2%,,,,,,,,,,
31/07/2019 20:00,4419.3,2%,,,,,,,,,,
31/07/2019 21:00,4768.991,2%,,,,,,,,,,
31/07/2019 22:00,4606.863,2%,,,,,,,,,,
31/07/2019 23:00,4710.684,2%,,,,,,,,,,
01/08/2019 00:00,5036.432,3%,,,,,,,,,,
01/08/2019 01:00,5736.9,3%,,,,,,,,,,
01/08/2019 02:00,7406.66,4%,,,,,,,,,,
01/08/2019 03:00,9680.399,5%,,,,,,,,,,
01/08/2019 04:00,12717.059,6%,,,,,,,,,,
01/08/2019 05:00,13952.09,7%,,,,,,,,,,
01/08/2019 06:00,10706.268,5%,,,,,,,,,,
01/08/2019 07:00,11314.802,6%,,,,,,,,,,
01/08/2019 08:00,12080.674,6%,,,,,,,,,,
01/08/2019 09:00,13298.083,7%,,,,,,,,,,
01/08/2019 10:00,13912.435,7%,,,,,,,,,,
01/08/2019 11:00,14062.749,7%,,,,,,,,,,
01/08/2019 12:00,14239.162,7%,,,,,,,,,,
01/08/2019 13:00,14658.143,7%,,,,,,,,,,
01/08/2019 14:00,15686.407,8%,,,,,,,,,,
01/08/2019 15:00,18487.369,9%,,,,,,,,,,
01/08/2019 16:00,21408.789,11%,,,,,,,,,,
01/08/2019 17:00,23120.713,12%,,,,,,,,,,
01/08/2019 18:00,22646.004,11%,,,,,,,,,,
01/08/2019 19:00,23083.344,12%,,,,,,,,,,
01/08/2019 20:00,25108.057,13%,,,,,,,,,,
01/08/2019 21:00,22726.021,11%,,,,,,,,,,
01/08/2019 22:00,19415.756,10%,,,,,,,,,,
01/08/2019 23:00,16657.132,8%,,,,,,,,,,
02/08/2019 00:00,14025.15,7%,,,,,,,,,,
02/08/2019 01:00,13483.746,7%,,,,,,,,,,
02/08/2019 02:00,14729.52,7%,,,,,,,,,,
02/08/2019 03:00,16740.725,8%,,,,,,,,,,
02/08/2019 04:00,18446.191,9%,,,,,,,,,,
02/08/2019 05:00,16911.664,8%,,,,,,,,,,
02/08/2019 06:00,12771.213,6%,,,,,,,,,,
02/08/2019 07:00,9839.522,5%,,,,,,,,,,
02/08/2019 08:00,7379.837,4%,,,,,,,,,,
02/08/2019 09:00,5988.217,3%,,,,,,,,,,
02/08/2019 10:00,5463.256,3%,,,,,,,,,,
02/08/2019 11:00,5397.272,3%,,,,,,,,,,
02/08/2019 12:00,5478.449,3%,,,,,,,,,,
02/08/2019 13:00,5524.861,3%,,,,,,,,,,
02/08/2019 14:00,5707.17,3%,,,,,,,,,,
02/08/2019 15:00,7093.147,4%,,,,,,,,,,
02/08/2019 16:00,9291.292,5%,,,,,,,,,,
02/08/2019 17:00,11207.013,6%,,,,,,,,,,
02/08/2019 18:00,13847.114,7%,,,,,,,,,,
02/08/2019 19:00,17660.292,9%,,,,,,,,,,
02/08/2019 20:00,20053.342,10%,,,,,,,,,,
02/08/2019 21:00,18465.335,9%,,,,,,,,,,
02/08/2019 22:00,15235.438,8%,,,,,,,,,,
02/08/2019 23:00,11479.576,6%,,,,,,,,,,
03/08/2019 00:00,8177.348,4%,,,,,,,,,,
03/08/2019 01:00,5988.964,3%,,,,,,,,,,
03/08/2019 02:00,4426.139,2%,,,,,,,,,,
03/08/2019 03:00,3013.029,2%,,,,,,,,,,
03/08/2019 04:00,2149.624,1%,,,,,,,,,,
03/08/2019 05:00,2284.716,1%,,,,,,,,,,
03/08/2019 06:00,2204.748,1%,,,,,,,,,,
03/08/2019 07:00,2639.829,1%,,,,,,,,,,
03/08/2019 08:00,3229.222,2%,,,,,,,,,,
03/08/2019 09:00,4040.366,2%,,,,,,,,,,
03/08/2019 10:00,5071.209,3%,,,,,,,,,,
03/08/2019 11:00,6383.152,3%,,,,,,,,,,
03/08/2019 12:00,8117.913,4%,,,,,,,,,,
03/08/2019 13:00,9956.444,5%,,,,,,,,,,
03/08/2019 14:00,11887.776,6%,,,,,,,,,,
03/08/2019 15:00,14066.313,7%,,,,,,,,,,
03/08/2019 16:00,18484.414,9%,,,,,,,,,,
03/08/2019 17:00,26578.037,13%,,,,,,,,,,
03/08/2019 18:00,33405.995,17%,,,,,,,,,,
03/08/2019 19:00,38206.897,19%,,,,,,,,,,
03/08/2019 20:00,36687.667,18%,,,,,,,,,,
03/08/2019 21:00,30926.904,15%,,,,,,,,,,
03/08/2019 22:00,27342.302,14%,,,,,,,,,,
03/08/2019 23:00,26049.15,13%,,,,,,,,,,
04/08/2019 00:00,26256.985,13%,,,,,,,,,,
04/08/2019 01:00,27691.748,14%,,,,,,,,,,
04/08/2019 02:00,29974.619,15%,,,,,,,,,,
04/08/2019 03:00,32826.972,16%,,,,,,,,,,
04/08/2019 04:00,36983.884,18%,,,,,,,,,,
04/08/2019 05:00,34833.949,17%,,,,,,,,,,
04/08/2019 06:00,30898.601,15%,,,,,,,,,,
04/08/2019 07:00,33488.132,17%,,,,,,,,,,
04/08/2019 08:00,37176.623,19%,,,,,,,,,,
04/08/2019 09:00,41559.95,21%,,,,,,,,,,
04/08/2019 10:00,47123.861,24%,,,,,,,,,,
04/08/2019 11:00,50191.996,25%,,,,,,,,,,
04/08/2019 12:00,48233.077,24%,,,,,,,,,,
04/08/2019 13:00,44606.857,22%,,,,,,,,,,
04/08/2019 14:00,41516.575,21%,,,,,,,,,,
04/08/2019 15:00,40172.851,20%,,,,,,,,,,
04/08/2019 16:00,39866.742,20%,,,,,,,,,,
04/08/2019 17:00,37736.426,19%,,,,,,,,,,
04/08/2019 18:00,35109.137,18%,,,,,,,,,,
04/08/2019 19:00,37230.77,19%,,,,,,,,,,
04/08/2019 20:00,41376.159,21%,,,,,,,,,,
04/08/2019 21:00,39016.513,20%,,,,,,,,,,
04/08/2019 22:00,33378.707,17%,,,,,,,,,,
04/08/2019 23:00,30068.811,15%,,,,,,,,,,
05/08/2019 00:00,30921.014,15%,,,,,,,,,,
05/08/2019 01:00,35261.143,18%,,,,,,,,,,
05/08/2019 02:00,34876.124,17%,,,,,,,,,,
05/08/2019 03:00,31855.873,16%,,,,,,,,,,
05/08/2019 04:00,28188.064,14%,,,,,,,,,,
05/08/2019 05:00,23256.793,12%,,,,,,,,,,
05/08/2019 06:00,22126.536,11%,,,,,,,,,,
05/08/2019 07:00,25699.916,13%,,,,,,,,,,
05/08/2019 08:00,35363.553,18%,,,,,,,,,,
05/08/2019 09:00,42406.942,21%,,,,,,,,,,
05/08/2019 10:00,51942.143,26%,,,,,,,,,,
05/08/2019 11:00,65426.699,33%,,,,,,,,,,
05/08/2019 12:00,77030.864,39%,,,,,,,,,,
05/08/2019 13:00,80276.328,40%,,,,,,,,,,
05/08/2019 14:00,76384.659,38%,,,,,,,,,,
05/08/2019 15:00,70346.716,35%,,,,,,,,,,
05/08/2019 16:00,64657.539,32%,,,,,,,,,,
05/08/2019 17:00,56116.44,28%,,,,,,,,,,
05/08/2019 18:00,38335.761,19%,,,,,,,,,,
05/08/2019 19:00,31760.766,16%,,,,,,,,,,
05/08/2019 20:00,34850.514,17%,,,,,,,,,,
05/08/2019 21:00,34941.233,17%,,,,,,,,,,
05/08/2019 22:00,32338.325,16%,,,,,,,,,,
05/08/2019 23:00,31090.724,16%,,,,,,,,,,
06/08/2019 00:00,29181.786,15%,,,,,,,,,,
06/08/2019 01:00,27436.204,14%,,,,,,,,,,
06/08/2019 02:00,28307.274,14%,,,,,,,,,,
06/08/2019 03:00,30485.36,15%,,,,,,,,,,
06/08/2019 04:00,31006.172,16%,,,,,,,,,,
06/08/2019 05:00,28979.303,14%,,,,,,,,,,
06/08/2019 06:00,21824.946,11%,,,,,,,,,,
06/08/2019 07:00,17710.376,9%,,,,,,,,,,
06/08/2019 08:00,19234.845,10%,,,,,,,,,,
06/08/2019 09:00,19948.185,10%,,,,,,,,,,
06/08/2019 10:00,18762.702,9%,,,,,,,,,,
06/08/2019 11:00,17256.498,9%,,,,,,,,,,
06/08/2019 12:00,16259.268,8%,,,,,,,,,,
06/08/2019 13:00,15731.167,8%,,,,,,,,,,
06/08/2019 14:00,14650.686,7%,,,,,,,,,,
06/08/2019 15:00,13783.28,7%,,,,,,,,,,
06/08/2019 16:00,13730.823,7%,,,,,,,,,,
06/08/2019 17:00,13237.189,7%,,,,,,,,,,
06/08/2019 18:00,12469.743,6%,,,,,,,,,,
06/08/2019 19:00,13309.059,7%,,,,,,,,,,
06/08/2019 20:00,15397.334,8%,,,,,,,,,,
06/08/2019 21:00,16371.093,8%,,,,,,,,,,
06/08/2019 22:00,16823.597,8%,,,,,,,,,,
06/08/2019 23:00,19121.805,10%,,,,,,,,,,
07/08/2019 00:00,22726.101,11%,,,,,,,,,,
07/08/2019 01:00,27040.466,14%,,,,,,,,,,
07/08/2019 02:00,32298.228,16%,,,,,,,,,,
07/08/2019 03:00,38953.933,19%,,,,,,,,,,
07/08/2019 04:00,45719.475,23%,,,,,,,,,,
07/08/2019 05:00,44610.834,22%,,,,,,,,,,
07/08/2019 06:00,38883.154,19%,,,,,,,,,,
07/08/2019 07:00,42041.88,21%,,,,,,,,,,
07/08/2019 08:00,44467.029,22%,,,,,,,,,,
07/08/2019 09:00,42996.748,21%,,,,,,,,,,
07/08/2019 10:00,41837.496,21%,,,,,,,,,,
07/08/2019 11:00,42539.197,21%,,,,,,,,,,
07/08/2019 12:00,44112.785,22%,,,,,,,,,,
07/08/2019 13:00,46578.837,23%,,,,,,,,,,
07/08/2019 14:00,48119.215,24%,,,,,,,,,,
07/08/2019 15:00,47673.519,24%,,,,,,,,,,
07/08/2019 16:00,40163.782,20%,,,,,,,,,,
07/08/2019 17:00,28744.241,14%,,,,,,,,,,
07/08/2019 18:00,27032.414,14%,,,,,,,,,,
07/08/2019 19:00,35793.686,18%,,,,,,,,,,
07/08/2019 20:00,45744.996,23%,,,,,,,,,,
07/08/2019 21:00,49627.709,25%,,,,,,,,,,
07/08/2019 22:00,50184.939,25%,,,,,,,,,,
07/08/2019 23:00,48573.865,24%,,,,,,,,,,
08/08/2019 00:00,45555.307,23%,,,,,,,,,,
08/08/2019 01:00,42465.775,21%,,,,,,,,,,
08/08/2019 02:00,40401.993,20%,,,,,,,,,,
08/08/2019 03:00,38459.067,19%,,,,,,,,,,
08/08/2019 04:00,39582.13,20%,,,,,,,,,,
08/08/2019 05:00,37052.752,19%,,,,,,,,,,
08/08/2019 06:00,26156.788,13%,,,,,,,,,,
08/08/2019 07:00,21192.946,11%,,,,,,,,,,
08/08/2019 08:00,15946.962,8%,,,,,,,,,,
08/08/2019 09:00,11229.398,6%,,,,,,,,,,
08/08/2019 10:00,8062.16,4%,,,,,,,,,,
08/08/2019 11:00,5083.08,3%,,,,,,,,,,
08/08/2019 12:00,2475.205,1%,,,,,,,,,,
08/08/2019 13:00,1809.501,1%,,,,,,,,,,
08/08/2019 14:00,2752.137,1%,,,,,,,,,,
08/08/2019 15:00,6697.512,3%,,,,,,,,,,
08/08/2019 16:00,18388.987,9%,,,,,,,,,,
08/08/2019 17:00,36742.546,18%,,,,,,,,,,
08/08/2019 18:00,51238.952,26%,,,,,,,,,,
08/08/2019 19:00,70473.839,35%,,,,,,,,,,
08/08/2019 20:00,75134.306,38%,,,,,,,,,,
08/08/2019 21:00,73381.833,37%,,,,,,,,,,
08/08/2019 22:00,77664.747,39%,,,,,,,,,,
08/08/2019 23:00,82653.627,41%,,,,,,,,,,
09/08/2019 00:00,94583.789,47%,,,,,,,,,,
09/08/2019 01:00,102421.552,51%,,,,,,,,,,
09/08/2019 02:00,98221.181,49%,,,,,,,,,,
09/08/2019 03:00,103157.894,52%,,,,,,,,,,
09/08/2019 04:00,124961.65,62%,,,,,,,,,,
09/08/2019 05:00,142756.509,71%,,,,,,,,,,
09/08/2019 06:00,154005.789,77%,,,,,,,,,,
09/08/2019 07:00,165037.645,83%,,,,,,,,,,
09/08/2019 08:00,176061.809,88%,,,,,,,,,,
09/08/2019 09:00,180817.244,90%,,,,,,,,,,
09/08/2019 10:00,181795.715,91%,,,,,,,,,,
09/08/2019 11:00,180029.19,90%,,,,,,,,,,
09/08/2019 12:00,173445.246,87%,,,,,,,,,,
09/08/2019 13:00,155672.4,78%,,,,,,,,,,
09/08/2019 14:00,124525.712,62%,,,,,,,,,,
09/08/2019 15:00,78767.1,39%,,,,,,,,,,
09/08/2019 16:00,46283.618,23%,,,,,,,,,,
09/08/2019 17:00,27257.09,14%,,,,,,,,,,
09/08/2019 18:00,22472.587,11%,,,,,,,,,,
09/08/2019 19:00,30425.48,15%,,,,,,,,,,
09/08/2019 20:00,42606.698,21%,,,,,,,,,,
09/08/2019 21:00,45932.717,23%,,,,,,,,,,
09/08/2019 22:00,43957.035,22%,,,,,,,,,,
09/08/2019 23:00,40104.901,20%,,,,,,,,,,
10/08/2019 00:00,31667.553,16%,,,,,,,,,,
10/08/2019 01:00,24129.761,12%,,,,,,,,,,
10/08/2019 02:00,16377.405,8%,,,,,,,,,,
10/08/2019 03:00,11126.882,6%,,,,,,,,,,
10/08/2019 04:00,8839.769,4%,,,,,,,,,,
10/08/2019 05:00,8444.274,4%,,,,,,,,,,
10/08/2019 06:00,7871.942,4%,,,,,,,,,,
10/08/2019 07:00,8139.134,4%,,,,,,,,,,
10/08/2019 08:00,10030.686,5%,,,,,,,,,,
10/08/2019 09:00,10905.792,5%,,,,,,,,,,
10/08/2019 10:00,9548.681,5%,,,,,,,,,,
10/08/2019 11:00,8267.632,4%,,,,,,,,,,
10/08/2019 12:00,7204.382,4%,,,,,,,,,,
10/08/2019 13:00,6940.829,3%,,,,,,,,,,
10/08/2019 14:00,8260.152,4%,,,,,,,,,,
10/08/2019 15:00,10134.094,5%,,,,,,,,,,
10/08/2019 16:00,13592.493,7%,,,,,,,,,,
10/08/2019 17:00,20253.467,10%,,,,,,,,,,
10/08/2019 18:00,24627.202,12%,,,,,,,,,,
10/08/2019 19:00,34244.14,17%,,,,,,,,,,
10/08/2019 20:00,38991.19,19%,,,,,,,,,,
10/08/2019 21:00,41951.597,21%,,,,,,,,,,
10/08/2019 22:00,46858.198,23%,,,,,,,,,,
10/08/2019 23:00,49049.391,25%,,,,,,,,,,
11/08/2019 00:00,47314.556,24%,,,,,,,,,,
11/08/2019 01:00,49508.758,25%,,,,,,,,,,
11/08/2019 02:00,51860.665,26%,,,,,,,,,,
11/08/2019 03:00,56252.326,28%,,,,,,,,,,
11/08/2019 04:00,62238.278,31%,,,,,,,,,,
11/08/2019 05:00,60124.432,30%,,,,,,,,,,
11/08/2019 06:00,55221.099,28%,,,,,,,,,,
11/08/2019 07:00,68789.23,34%,,,,,,,,,,
11/08/2019 08:00,71765.217,36%,,,,,,,,,,
11/08/2019 09:00,67575.463,34%,,,,,,,,,,
11/08/2019 10:00,59021.385,30%,,,,,,,,,,
11/08/2019 11:00,50437.952,25%,,,,,,,,,,
11/08/2019 12:00,43784.638,22%,,,,,,,,,,
11/08/2019 13:00,39130.667,20%,,,,,,,,,,
11/08/2019 14:00,35186.92,18%,,,,,,,,,,
11/08/2019 15:00,31573.414,16%,,,,,,,,,,
11/08/2019 16:00,27980.563,14%,,,,,,,,,,
11/08/2019 17:00,23058.659,12%,,,,,,,,,,
11/08/2019 18:00,20692.534,10%,,,,,,,,,,
11/08/2019 19:00,19259.979,10%,,,,,,,,,,
11/08/2019 20:00,16511.999,8%,,,,,,,,,,
11/08/2019 21:00,13998.527,7%,,,,,,,,,,
11/08/2019 22:00,11504.184,6%,,,,,,,,,,
11/08/2019 23:00,9046.957,5%,,,,,,,,,,
12/08/2019 00:00,7811.268,4%,,,,,,,,,,
12/08/2019 01:00,8027.065,4%,,,,,,,,,,
12/08/2019 02:00,10044.27,5%,,,,,,,,,,
12/08/2019 03:00,13512.684,7%,,,,,,,,,,
12/08/2019 04:00,16747.307,8%,,,,,,,,,,
12/08/2019 05:00,17971.194,9%,,,,,,,,,,
12/08/2019 06:00,15154.664,8%,,,,,,,,,,
12/08/2019 07:00,15934.075,8%,,,,,,,,,,
12/08/2019 08:00,15281.596,8%,,,,,,,,,,
12/08/2019 09:00,15649.861,8%,,,,,,,,,,
12/08/2019 10:00,16888.579,8%,,,,,,,,,,
12/08/2019 11:00,19098.284,10%,,,,,,,,,,
12/08/2019 12:00,21267.927,11%,,,,,,,,,,
12/08/2019 13:00,23543.976,12%,,,,,,,,,,
12/08/2019 14:00,26783.744,13%,,,,,,,,,,
12/08/2019 15:00,30589.721,15%,,,,,,,,,,
12/08/2019 16:00,33503.568,17%,,,,,,,,,,
12/08/2019 17:00,32063.466,16%,,,,,,,,,,
12/08/2019 18:00,29036.244,15%,,,,,,,,,,
12/08/2019 19:00,37573.205,19%,,,,,,,,,,
12/08/2019 20:00,46839.502,23%,,,,,,,,,,
12/08/2019 21:00,51259.18,26%,,,,,,,,,,
12/08/2019 22:00,53689.935,27%,,,,,,,,,,
12/08/2019 23:00,52769.127,26%,,,,,,,,,,
13/08/2019 00:00,50561.013,25%,,,,,,,,,,
13/08/2019 01:00,48385.541,24%,,,,,,,,,,
13/08/2019 02:00,46003.621,23%,,,,,,,,,,
13/08/2019 03:00,46729.859,23%,,,,,,,,,,
13/08/2019 04:00,48872.499,24%,,,,,,,,,,
13/08/2019 05:00,42787.925,21%,,,,,,,,,,
13/08/2019 06:00,33085.925,17%,,,,,,,,,,
13/08/2019 07:00,33946.158,17%,,,,,,,,,,
13/08/2019 08:00,36321.921,18%,,,,,,,,,,
13/08/2019 09:00,39549.55,20%,,,,,,,,,,
13/08/2019 10:00,42495.991,21%,,,,,,,,,,
13/08/2019 11:00,47571.055,24%,,,,,,,,,,
13/08/2019 12:00,58760.503,29%,,,,,,,,,,
13/08/2019 13:00,72850.118,36%,,,,,,,,,,
13/08/2019 14:00,79333.516,40%,,,,,,,,,,
13/08/2019 15:00,78194.246,39%,,,,,,,,,,
13/08/2019 16:00,74184.317,37%,,,,,,,,,,
13/08/2019 17:00,63404.55,32%,,,,,,,,,,
13/08/2019 18:00,51313.439,26%,,,,,,,,,,
13/08/2019 19:00,46581.023,23%,,,,,,,,,,
13/08/2019 20:00,43342.366,22%,,,,,,,,,,
13/08/2019 21:00,39055.096,20%,,,,,,,,,,
13/08/2019 22:00,34039.102,17%,,,,,,,,,,
13/08/2019 23:00,29815.578,15%,,,,,,,,,,
14/08/2019 00:00,25553.487,13%,,,,,,,,,,
14/08/2019 01:00,20677.734,10%,,,,,,,,,,
14/08/2019 02:00,16037.468,8%,,,,,,,,,,
14/08/2019 03:00,11112.742,6%,,,,,,,,,,
14/08/2019 04:00,7033.571,4%,,,,,,,,,,
14/08/2019 05:00,4919.02,2%,,,,,,,,,,
14/08/2019 06:00,5074.598,3%,,,,,,,,,,
14/08/2019 07:00,10349.381,5%,,,,,,,,,,
14/08/2019 08:00,24125.485,12%,,,,,,,,,,
14/08/2019 09:00,40457.743,20%,,,,,,,,,,
14/08/2019 10:00,56888.708,28%,,,,,,,,,,
14/08/2019 11:00,65670.099,33%,,,,,,,,,,
14/08/2019 12:00,62338.907,31%,,,,,,,,,,
14/08/2019 13:00,55828.955,28%,,,,,,,,,,
14/08/2019 14:00,51198.841,26%,,,,,,,,,,
14/08/2019 15:00,49512.907,25%,,,,,,,,,,
14/08/2019 16:00,49688.067,25%,,,,,,,,,,
14/08/2019 17:00,48146.228,24%,,,,,,,,,,
14/08/2019 18:00,55502.513,28%,,,,,,,,,,
14/08/2019 19:00,66835.797,33%,,,,,,,,,,
14/08/2019 20:00,72102.3,36%,,,,,,,,,,
14/08/2019 21:00,70998.499,35%,,,,,,,,,,
14/08/2019 22:00,64523.989,32%,,,,,,,,,,
14/08/2019 23:00,62062.665,31%,,,,,,,,,,
15/08/2019 00:00,54882.472,27%,,,,,,,,,,
15/08/2019 01:00,61500.452,31%,,,,,,,,,,
15/08/2019 02:00,65547.68,33%,,,,,,,,,,
15/08/2019 03:00,70482.273,35%,,,,,,,,,,
15/08/2019 04:00,80008.733,40%,,,,,,,,,,
15/08/2019 05:00,88972.611,44%,,,,,,,,,,
15/08/2019 06:00,104523.515,52%,,,,,,,,,,
15/08/2019 07:00,138297.459,69%,,,,,,,,,,
15/08/2019 08:00,155801.58,78%,,,,,,,,,,
15/08/2019 09:00,156928.427,78%,,,,,,,,,,
15/08/2019 10:00,149305.326,75%,,,,,,,,,,
15/08/2019 11:00,133140.68,67%,,,,,,,,,,
15/08/2019 12:00,111288.182,56%,,,,,,,,,,
15/08/2019 13:00,98811.159,49%,,,,,,,,,,
15/08/2019 14:00,105792.083,53%,,,,,,,,,,
15/08/2019 15:00,102182.706,51%,,,,,,,,,,
15/08/2019 16:00,84846.679,42%,,,,,,,,,,
15/08/2019 17:00,72078.454,36%,,,,,,,,,,
15/08/2019 18:00,48018.986,24%,,,,,,,,,,
15/08/2019 19:00,38667.709,19%,,,,,,,,,,
15/08/2019 20:00,50034.533,25%,,,,,,,,,,
15/08/2019 21:00,62245.081,31%,,,,,,,,,,
15/08/2019 22:00,69706.741,35%,,,,,,,,,,
15/08/2019 23:00,87839.377,44%,,,,,,,,,,
16/08/2019 00:00,84828.507,42%,,,,,,,,,,
16/08/2019 01:00,89153.853,45%,,,,,,,,,,
16/08/2019 02:00,82354.247,41%,,,,,,,,,,
16/08/2019 03:00,83986.068,42%,,,,,,,,,,
16/08/2019 04:00,85005.562,43%,,,,,,,,,,
16/08/2019 05:00,96515.66,48%,,,,,,,,,,
16/08/2019 06:00,111175.72,56%,,,,,,,,,,
16/08/2019 07:00,134187.284,67%,,,,,,,,,,
16/08/2019 08:00,159134.273,80%,,,,,,,,,,
16/08/2019 09:00,172531.683,86%,,,,,,,,,,
16/08/2019 10:00,173532.259,87%,,,,,,,,,,
16/08/2019 11:00,165147.995,83%,,,,,,,,,,
16/08/2019 12:00,154784.339,77%,,,,,,,,,,
16/08/2019 13:00,147756.51,74%,,,,,,,,,,
16/08/2019 14:00,136437.137,68%,,,,,,,,,,
16/08/2019 15:00,115545.35,58%,,,,,,,,,,
16/08/2019 16:00,92698.448,46%,,,,,,,,,,
16/08/2019 17:00,59092.961,30%,,,,,,,,,,
16/08/2019 18:00,47024.461,24%,,,,,,,,,,
16/08/2019 19:00,51813.38,26%,,,,,,,,,,
16/08/2019 20:00,56782.329,28%,,,,,,,,,,
16/08/2019 21:00,65831.726,33%,,,,,,,,,,
16/08/2019 22:00,74713.872,37%,,,,,,,,,,
16/08/2019 23:00,86376.565,43%,,,,,,,,,,
17/08/2019 00:00,87380.072,44%,,,,,,,,,,
17/08/2019 01:00,78679.764,39%,,,,,,,,,,
17/08/2019 02:00,67710.417,34%,,,,,,,,,,
17/08/2019 03:00,75784.03,38%,,,,,,,,,,
17/08/2019 04:00,82803.519,41%,,,,,,,,,,
17/08/2019 05:00,98219.481,49%,,,,,,,,,,
17/08/2019 06:00,93522.365,47%,,,,,,,,,,
17/08/2019 07:00,111288.418,56%,,,,,,,,,,
17/08/2019 08:00,134809.486,67%,,,,,,,,,,
17/08/2019 09:00,146786.839,73%,,,,,,,,,,
17/08/2019 10:00,154433.598,77%,,,,,,,,,,
17/08/2019 11:00,159346.882,80%,,,,,,,,,,
17/08/2019 12:00,160422.846,80%,,,,,,,,,,
17/08/2019 13:00,161203.848,81%,,,,,,,,,,
17/08/2019 14:00,162338.744,81%,,,,,,,,,,
17/08/2019 15:00,160723.849,80%,,,,,,,,,,
17/08/2019 16:00,148797.816,74%,,,,,,,,,,
17/08/2019 17:00,127652.288,64%,,,,,,,,,,
17/08/2019 18:00,125949.815,63%,,,,,,,,,,
17/08/2019 19:00,128996.483,64%,,,,,,,,,,
17/08/2019 20:00,127372.922,64%,,,,,,,,,,
17/08/2019 21:00,123573.293,62%,,,,,,,,,,
17/08/2019 22:00,126992.647,63%,,,,,,,,,,
17/08/2019 23:00,130787.02,65%,,,,,,,,,,
18/08/2019 00:00,133024.076,67%,,,,,,,,,,
18/08/2019 01:00,133157.429,67%,,,,,,,,,,
18/08/2019 02:00,132511.239,66%,,,,,,,,,,
18/08/2019 03:00,131580.427,66%,,,,,,,,,,
18/08/2019 04:00,134344.644,67%,,,,,,,,,,
18/08/2019 05:00,129861.502,65%,,,,,,,,,,
18/08/2019 06:00,127418.802,64%,,,,,,,,,,
18/08/2019 07:00,138943.749,69%,,,,,,,,,,
18/08/2019 08:00,146737.55,73%,,,,,,,,,,
18/08/2019 09:00,152306.205,76%,,,,,,,,,,
18/08/2019 10:00,158586.895,79%,,,,,,,,,,
18/08/2019 11:00,165744.949,83%,,,,,,,,,,
18/08/2019 12:00,173194.707,87%,,,,,,,,,,
18/08/2019 13:00,176485.266,88%,,,,,,,,,,
18/08/2019 14:00,174593.371,87%,,,,,,,,,,
18/08/2019 15:00,169430.224,85%,,,,,,,,,,
18/08/2019 16:00,160070.078,80%,,,,,,,,,,
18/08/2019 17:00,142933.452,71%,,,,,,,,,,
18/08/2019 18:00,128855.477,64%,,,,,,,,,,
18/08/2019 19:00,122467.096,61%,,,,,,,,,,
18/08/2019 20:00,102611.934,51%,,,,,,,,,,
18/08/2019 21:00,100592.419,50%,,,,,,,,,,
18/08/2019 22:00,96290.799,48%,,,,,,,,,,
18/08/2019 23:00,95851.282,48%,,,,,,,,,,
19/08/2019 00:00,96842.577,48%,,,,,,,,,,
19/08/2019 01:00,98770.251,49%,,,,,,,,,,
19/08/2019 02:00,99579.799,50%,,,,,,,,,,
19/08/2019 03:00,105069.015,53%,,,,,,,,,,
19/08/2019 04:00,108292.129,54%,,,,,,,,,,
19/08/2019 05:00,108071.003,54%,,,,,,,,,,
19/08/2019 06:00,108068.914,54%,,,,,,,,,,
19/08/2019 07:00,128323.594,64%,,,,,,,,,,
19/08/2019 08:00,143071.839,72%,,,,,,,,,,
19/08/2019 09:00,145215.433,73%,,,,,,,,,,
19/08/2019 10:00,144851.589,72%,,,,,,,,,,
19/08/2019 11:00,142750.292,71%,,,,,,,,,,
19/08/2019 12:00,139394.148,70%,,,,,,,,,,
19/08/2019 13:00,135552.261,68%,,,,,,,,,,
19/08/2019 14:00,133637.755,67%,,,,,,,,,,
19/08/2019 15:00,132686.901,66%,,,,,,,,,,
19/08/2019 16:00,127340.62,64%,,,,,,,,,,
19/08/2019 17:00,107028.335,54%,,,,,,,,,,
19/08/2019 18:00,92774.249,46%,,,,,,,,,,
19/08/2019 19:00,86378.305,43%,,,,,,,,,,
19/08/2019 20:00,73444.914,37%,,,,,,,,,,
19/08/2019 21:00,66824.264,33%,,,,,,,,,,
19/08/2019 22:00,61554.786,31%,,,,,,,,,,
19/08/2019 23:00,61555.946,31%,,,,,,,,,,
20/08/2019 00:00,57774.612,29%,,,,,,,,,,
20/08/2019 01:00,52884.904,26%,,,,,,,,,,
20/08/2019 02:00,46585.825,23%,,,,,,,,,,
20/08/2019 03:00,41959.271,21%,,,,,,,,,,
20/08/2019 04:00,36824.359,18%,,,,,,,,,,
20/08/2019 05:00,31594.457,16%,,,,,,,,,,
20/08/2019 06:00,24322.048,12%,,,,,,,,,,
20/08/2019 07:00,18569.946,9%,,,,,,,,,,
20/08/2019 08:00,17983.81,9%,,,,,,,,,,
20/08/2019 09:00,18160.738,9%,,,,,,,,,,
20/08/2019 10:00,22351.444,11%,,,,,,,,,,
20/08/2019 11:00,30135.165,15%,,,,,,,,,,
20/08/2019 12:00,39269.445,20%,,,,,,,,,,
20/08/2019 13:00,48145.728,24%,,,,,,,,,,
20/08/2019 14:00,56190.57,28%,,,,,,,,,,
20/08/2019 15:00,60111.654,30%,,,,,,,,,,
20/08/2019 16:00,57577.54,29%,,,,,,,,,,
20/08/2019 17:00,47646.731,24%,,,,,,,,,,
20/08/2019 18:00,42216.868,21%,,,,,,,,,,
20/08/2019 19:00,45751.305,23%,,,,,,,,,,
20/08/2019 20:00,48600.481,24%,,,,,,,,,,
20/08/2019 21:00,46727.869,23%,,,,,,,,,,
20/08/2019 22:00,43894.755,22%,,,,,,,,,,
20/08/2019 23:00,38894.493,19%,,,,,,,,,,
21/08/2019 00:00,33767.898,17%,,,,,,,,,,
21/08/2019 01:00,32884.374,16%,,,,,,,,,,
21/08/2019 02:00,31455.519,16%,,,,,,,,,,
21/08/2019 03:00,33382.822,17%,,,,,,,,,,
21/08/2019 04:00,38338.545,19%,,,,,,,,,,
21/08/2019 05:00,40300.861,20%,,,,,,,,,,
21/08/2019 06:00,33489.003,17%,,,,,,,,,,
21/08/2019 07:00,46217.401,23%,,,,,,,,,,
21/08/2019 08:00,74537.897,37%,,,,,,,,,,
21/08/2019 09:00,100116.628,50%,,,,,,,,,,
21/08/2019 10:00,122553.374,61%,,,,,,,,,,
21/08/2019 11:00,138918.93,69%,,,,,,,,,,
21/08/2019 12:00,145594.554,73%,,,,,,,,,,
21/08/2019 13:00,142353.008,71%,,,,,,,,,,
21/08/2019 14:00,140663.668,70%,,,,,,,,,,
21/08/2019 15:00,149978.034,75%,,,,,,,,,,
21/08/2019 16:00,161739.265,81%,,,,,,,,,,
21/08/2019 17:00,166220.569,83%,,,,,,,,,,
21/08/2019 18:00,162659.906,81%,,,,,,,,,,
21/08/2019 19:00,153105.361,77%,,,,,,,,,,
21/08/2019 20:00,131344.354,66%,,,,,,,,,,
21/08/2019 21:00,100646.261,50%,,,,,,,,,,
21/08/2019 22:00,81545.746,41%,,,,,,,,,,
21/08/2019 23:00,70475.712,35%,,,,,,,,,,
22/08/2019 00:00,54876.362,27%,,,,,,,,,,
22/08/2019 01:00,45489.184,23%,,,,,,,,,,
22/08/2019 02:00,47709.796,24%,,,,,,,,,,
22/08/2019 03:00,59345.357,30%,,,,,,,,,,
22/08/2019 04:00,73976.421,37%,,,,,,,,,,
22/08/2019 05:00,79019.34,40%,,,,,,,,,,
22/08/2019 06:00,68942.373,34%,,,,,,,,,,
22/08/2019 07:00,82755.61,41%,,,,,,,,,,
22/08/2019 08:00,117316.628,59%,,,,,,,,,,
22/08/2019 09:00,136434.043,68%,,,,,,,,,,
22/08/2019 10:00,149182.257,75%,,,,,,,,,,
22/08/2019 11:00,156759.522,78%,,,,,,,,,,
22/08/2019 12:00,164550.902,82%,,,,,,,,,,
22/08/2019 13:00,168667.161,84%,,,,,,,,,,
22/08/2019 14:00,174904.366,87%,,,,,,,,,,
22/08/2019 15:00,174807.644,87%,,,,,,,,,,
22/08/2019 16:00,173237.347,87%,,,,,,,,,,
22/08/2019 17:00,160050.297,80%,,,,,,,,,,
22/08/2019 18:00,151386.347,76%,,,,,,,,,,
22/08/2019 19:00,146159.426,73%,,,,,,,,,,
22/08/2019 20:00,138661.747,69%,,,,,,,,,,
22/08/2019 21:00,133450.468,67%,,,,,,,,,,
22/08/2019 22:00,132689.208,66%,,,,,,,,,,
22/08/2019 23:00,138045.167,69%,,,,,,,,,,
23/08/2019 00:00,144847.897,72%,,,,,,,,,,
23/08/2019 01:00,148428.083,74%,,,,,,,,,,
23/08/2019 02:00,147565.759,74%,,,,,,,,,,
23/08/2019 03:00,143681.271,72%,,,,,,,,,,
23/08/2019 04:00,136975.231,68%,,,,,,,,,,
23/08/2019 05:00,127036.932,64%,,,,,,,,,,
23/08/2019 06:00,110482.977,55%,,,,,,,,,,
23/08/2019 07:00,117634.695,59%,,,,,,,,,,
23/08/2019 08:00,131416.31,66%,,,,,,,,,,
23/08/2019 09:00,138949.417,69%,,,,,,,,,,
23/08/2019 10:00,142660.112,71%,,,,,,,,,,
23/08/2019 11:00,139703.826,70%,,,,,,,,,,
23/08/2019 12:00,132577.72,66%,,,,,,,,,,
23/08/2019 13:00,123019.907,62%,,,,,,,,,,
23/08/2019 14:00,111285.396,56%,,,,,,,,,,
23/08/2019 15:00,97670.313,49%,,,,,,,,,,
23/08/2019 16:00,75783.517,38%,,,,,,,,,,
23/08/2019 17:00,57845.14,29%,,,,,,,,,,
23/08/2019 18:00,57503.098,29%,,,,,,,,,,
23/08/2019 19:00,65028.674,33%,,,,,,,,,,
23/08/2019 20:00,67480.232,34%,,,,,,,,,,
23/08/2019 21:00,72319.367,36%,,,,,,,,,,
23/08/2019 22:00,59385.918,30%,,,,,,,,,,
23/08/2019 23:00,57174.02,29%,,,,,,,,,,
24/08/2019 00:00,56907.089,28%,,,,,,,,,,
24/08/2019 01:00,56653.197,28%,,,,,,,,,,
24/08/2019 02:00,58441.482,29%,,,,,,,,,,
24/08/2019 03:00,54876.078,27%,,,,,,,,,,
24/08/2019 04:00,52282.477,26%,,,,,,,,,,
24/08/2019 05:00,51809.101,26%,,,,,,,,,,
24/08/2019 06:00,43352.416,22%,,,,,,,,,,
24/08/2019 07:00,31128.882,16%,,,,,,,,,,
24/08/2019 08:00,34394.775,17%,,,,,,,,,,
24/08/2019 09:00,43853.173,22%,,,,,,,,,,
24/08/2019 10:00,46147.322,23%,,,,,,,,,,
24/08/2019 11:00,45141.44,23%,,,,,,,,,,
24/08/2019 12:00,43728.418,22%,,,,,,,,,,
24/08/2019 13:00,39683.452,20%,,,,,,,,,,
24/08/2019 14:00,31603.54,16%,,,,,,,,,,
24/08/2019 15:00,20977.155,10%,,,,,,,,,,
24/08/2019 16:00,13398.356,7%,,,,,,,,,,
24/08/2019 17:00,14100.73,7%,,,,,,,,,,
24/08/2019 18:00,16005.689,8%,,,,,,,,,,
24/08/2019 19:00,18567.226,9%,,,,,,,,,,
24/08/2019 20:00,17801.052,9%,,,,,,,,,,
24/08/2019 21:00,16906.616,8%,,,,,,,,,,
24/08/2019 22:00,16044.745,8%,,,,,,,,,,
24/08/2019 23:00,14311.817,7%,,,,,,,,,,
25/08/2019 00:00,12086.683,6%,,,,,,,,,,
25/08/2019 01:00,9866.008,5%,,,,,,,,,,
25/08/2019 02:00,9233.463,5%,,,,,,,,,,
25/08/2019 03:00,10085.637,5%,,,,,,,,,,
25/08/2019 04:00,12862.572,6%,,,,,,,,,,
25/08/2019 05:00,15974.488,8%,,,,,,,,,,
25/08/2019 06:00,15668.168,8%,,,,,,,,,,
25/08/2019 07:00,8915.57,4%,,,,,,,,,,
25/08/2019 08:00,5211.643,3%,,,,,,,,,,
25/08/2019 09:00,5474.173,3%,,,,,,,,,,
25/08/2019 10:00,10298.236,5%,,,,,,,,,,
25/08/2019 11:00,19347.39,10%,,,,,,,,,,
25/08/2019 12:00,23814.177,12%,,,,,,,,,,
25/08/2019 13:00,26105.127,13%,,,,,,,,,,
25/08/2019 14:00,31026.006,16%,,,,,,,,,,
25/08/2019 15:00,38334.935,19%,,,,,,,,,,
25/08/2019 16:00,39782.255,20%,,,,,,,,,,
25/08/2019 17:00,35276.306,18%,,,,,,,,,,
25/08/2019 18:00,38398.846,19%,,,,,,,,,,
25/08/2019 19:00,41356.843,21%,,,,,,,,,,
25/08/2019 20:00,39156.158,20%,,,,,,,,,,
25/08/2019 21:00,39166.216,20%,,,,,,,,,,
25/08/2019 22:00,38406.31,19%,,,,,,,,,,
25/08/2019 23:00,41511.992,21%,,,,,,,,,,
26/08/2019 00:00,42788.735,21%,,,,,,,,,,
26/08/2019 01:00,40308.068,20%,,,,,,,,,,
26/08/2019 02:00,36465.16,18%,,,,,,,,,,
26/08/2019 03:00,35998.868,18%,,,,,,,,,,
26/08/2019 04:00,37989.006,19%,,,,,,,,,,
26/08/2019 05:00,39588.163,20%,,,,,,,,,,
26/08/2019 06:00,33295.96,17%,,,,,,,,,,
26/08/2019 07:00,42654.781,21%,,,,,,,,,,
26/08/2019 08:00,64017.696,32%,,,,,,,,,,
26/08/2019 09:00,73382.649,37%,,,,,,,,,,
26/08/2019 10:00,73698.662,37%,,,,,,,,,,
26/08/2019 11:00,73516.537,37%,,,,,,,,,,
26/08/2019 12:00,71007.386,36%,,,,,,,,,,
26/08/2019 13:00,66097.689,33%,,,,,,,,,,
26/08/2019 14:00,62242.777,31%,,,,,,,,,,
26/08/2019 15:00,62016.441,31%,,,,,,,,,,
26/08/2019 16:00,60918.164,30%,,,,,,,,,,
26/08/2019 17:00,50015.151,25%,,,,,,,,,,
26/08/2019 18:00,40173.46,20%,,,,,,,,,,
26/08/2019 19:00,33112.741,17%,,,,,,,,,,
26/08/2019 20:00,26546.317,13%,,,,,,,,,,
26/08/2019 21:00,25891.768,13%,,,,,,,,,,
26/08/2019 22:00,29297.761,15%,,,,,,,,,,
26/08/2019 23:00,32730.627,16%,,,,,,,,,,
27/08/2019 00:00,33896.165,17%,,,,,,,,,,
27/08/2019 01:00,31150.052,16%,,,,,,,,,,
27/08/2019 02:00,26947.927,13%,,,,,,,,,,
27/08/2019 03:00,21564.585,11%,,,,,,,,,,
27/08/2019 04:00,16810.532,8%,,,,,,,,,,
27/08/2019 05:00,12509.067,6%,,,,,,,,,,
27/08/2019 06:00,7973.785,4%,,,,,,,,,,
27/08/2019 07:00,5366.65,3%,,,,,,,,,,
27/08/2019 08:00,7462.206,4%,,,,,,,,,,
27/08/2019 09:00,10715.082,5%,,,,,,,,,,
27/08/2019 10:00,14158.495,7%,,,,,,,,,,
27/08/2019 11:00,19496.971,10%,,,,,,,,,,
27/08/2019 12:00,23804.951,12%,,,,,,,,,,
27/08/2019 13:00,25413.456,13%,,,,,,,,,,
27/08/2019 14:00,26296.511,13%,,,,,,,,,,
27/08/2019 15:00,26543.064,13%,,,,,,,,,,
27/08/2019 16:00,26163.71,13%,,,,,,,,,,
27/08/2019 17:00,21980.403,11%,,,,,,,,,,
27/08/2019 18:00,19232.788,10%,,,,,,,,,,
27/08/2019 19:00,23547.091,12%,,,,,,,,,,
27/08/2019 20:00,27941.013,14%,,,,,,,,,,
27/08/2019 21:00,30563.683,15%,,,,,,,,,,
27/08/2019 22:00,32775.644,16%,,,,,,,,,,
27/08/2019 23:00,36519.423,18%,,,,,,,,,,
28/08/2019 00:00,42802.398,21%,,,,,,,,,,
28/08/2019 01:00,47301.614,24%,,,,,,,,,,
28/08/2019 02:00,55390.635,28%,,,,,,,,,,
28/08/2019 03:00,54548.043,27%,,,,,,,,,,
28/08/2019 04:00,56360.143,28%,,,,,,,,,,
28/08/2019 05:00,63906.492,32%,,,,,,,,,,
28/08/2019 06:00,64327.95,32%,,,,,,,,,,
28/08/2019 07:00,65806.241,33%,,,,,,,,,,
28/08/2019 08:00,99592.927,50%,,,,,,,,,,
28/08/2019 09:00,121612.429,61%,,,,,,,,,,
28/08/2019 10:00,126093.559,63%,,,,,,,,,,
28/08/2019 11:00,118934.463,59%,,,,,,,,,,
28/08/2019 12:00,114752.381,57%,,,,,,,,,,
28/08/2019 13:00,115344.342,58%,,,,,,,,,,
28/08/2019 14:00,114808.679,57%,,,,,,,,,,
28/08/2019 15:00,108212.55,54%,,,,,,,,,,
28/08/2019 16:00,100300.738,50%,,,,,,,,,,
28/08/2019 17:00,88298.35,44%,,,,,,,,,,
28/08/2019 18:00,73816.013,37%,,,,,,,,,,
28/08/2019 19:00,62246.172,31%,,,,,,,,,,
28/08/2019 20:00,48592.6,24%,,,,,,,,,,
28/08/2019 21:00,40716.305,20%,,,,,,,,,,
28/08/2019 22:00,38960.351,19%,,,,,,,,,,
28/08/2019 23:00,44120.136,22%,,,,,,,,,,
29/08/2019 00:00,50350.507,25%,,,,,,,,,,
29/08/2019 01:00,58770.86,29%,,,,,,,,,,
29/08/2019 02:00,66318.666,33%,,,,,,,,,,
29/08/2019 03:00,71529.551,36%,,,,,,,,,,
29/08/2019 04:00,74414.653,37%,,,,,,,,,,
29/08/2019 05:00,73379.969,37%,,,,,,,,,,
29/08/2019 06:00,63859.989,32%,,,,,,,,,,
29/08/2019 07:00,85622.283,43%,,,,,,,,,,
29/08/2019 08:00,115100.763,58%,,,,,,,,,,
29/08/2019 09:00,138497.167,69%,,,,,,,,,,
29/08/2019 10:00,154384.822,77%,,,,,,,,,,
29/08/2019 11:00,161212.942,81%,,,,,,,,,,
29/08/2019 12:00,160695.87,80%,,,,,,,,,,
29/08/2019 13:00,164475.708,82%,,,,,,,,,,
29/08/2019 14:00,172532.663,86%,,,,,,,,,,
29/08/2019 15:00,164152.579,82%,,,,,,,,,,
29/08/2019 16:00,155140.732,78%,,,,,,,,,,
29/08/2019 17:00,152666.196,76%,,,,,,,,,,
29/08/2019 18:00,151440.019,76%,,,,,,,,,,
29/08/2019 19:00,157113.211,79%,,,,,,,,,,
29/08/2019 20:00,158157.815,79%,,,,,,,,,,
29/08/2019 21:00,162782.58,81%,,,,,,,,,,
29/08/2019 22:00,166444.65,83%,,,,,,,,,,
29/08/2019 23:00,165741.971,83%,,,,,,,,,,
30/08/2019 00:00,162798.112,81%,,,,,,,,,,
30/08/2019 01:00,158469.211,79%,,,,,,,,,,
30/08/2019 02:00,155339.913,78%,,,,,,,,,,
30/08/2019 03:00,152320.702,76%,,,,,,,,,,
30/08/2019 04:00,149568.788,75%,,,,,,,,,,
30/08/2019 05:00,150235.762,75%,,,,,,,,,,
30/08/2019 06:00,155566.304,78%,,,,,,,,,,
30/08/2019 07:00,162350.419,81%,,,,,,,,,,
30/08/2019 08:00,169890.916,85%,,,,,,,,,,
30/08/2019 09:00,178622.02,89%,,,,,,,,,,
30/08/2019 10:00,182201.035,91%,,,,,,,,,,
30/08/2019 11:00,182087.102,91%,,,,,,,,,,
30/08/2019 12:00,180281.776,90%,,,,,,,,,,
30/08/2019 13:00,174417.339,87%,,,,,,,,,,
30/08/2019 14:00,167507.213,84%,,,,,,,,,,
30/08/2019 15:00,161461.099,81%,,,,,,,,,,
30/08/2019 16:00,149966.422,75%,,,,,,,,,,
30/08/2019 17:00,132821.21,66%,,,,,,,,,,
30/08/2019 18:00,109826.279,55%,,,,,,,,,,
30/08/2019 19:00,75251.741,38%,,,,,,,,,,
30/08/2019 20:00,54406.726,27%,,,,,,,,,,
30/08/2019 21:00,42271.882,21%,,,,,,,,,,
30/08/2019 22:00,47353.627,24%,,,,,,,,,,
30/08/2019 23:00,70482.766,35%,,,,,,,,,,
31/08/2019 00:00,119041.51,60%,,,,,,,,,,
31/08/2019 01:00,155130.567,78%,,,,,,,,,,
31/08/2019 02:00,162347.283,81%,,,,,,,,,,
31/08/2019 03:00,155311.787,78%,,,,,,,,,,
31/08/2019 04:00,147761.513,74%,,,,,,,,,,
31/08/2019 05:00,142307.769,71%,,,,,,,,,,
31/08/2019 06:00,143207.931,72%,,,,,,,,,,
31/08/2019 07:00,159712.665,80%,,,,,,,,,,
31/08/2019 08:00,164077.996,82%,,,,,,,,,,
31/08/2019 09:00,148482.455,74%,,,,,,,,,,
31/08/2019 10:00,137748.785,69%,,,,,,,,,,
31/08/2019 11:00,144838.749,72%,,,,,,,,,,
31/08/2019 12:00,158167.928,79%,,,,,,,,,,
31/08/2019 13:00,166920.542,83%,,,,,,,,,,
31/08/2019 14:00,167045.969,84%,,,,,,,,,,
31/08/2019 15:00,160171.647,80%,,,,,,,,,,
31/08/2019 16:00,152308.987,76%,,,,,,,,,,
31/08/2019 17:00,133631.602,67%,,,,,,,,,,
31/08/2019 18:00,118049.971,59%,,,,,,,,,,
31/08/2019 19:00,116962.273,58%,,,,,,,,,,
31/08/2019 20:00,113585.568,57%,,,,,,,,,,
31/08/2019 21:00,109406.689,55%,,,,,,,,,,
31/08/2019 22:00,113691.198,57%,,,,,,,,,,
31/08/2019 23:00,115544.751,58%,,,,,,,,,,
01/09/2019 00:00,114228.302,57%,,,,,,,,,,
01/09/2019 01:00,115543.039,58%,,,,,,,,,,
01/09/2019 02:00,116111.088,58%,,,,,,,,,,
01/09/2019 03:00,113816.693,57%,,,,,,,,,,
01/09/2019 04:00,105904.025,53%,,,,,,,,,,
01/09/2019 05:00,96293.29,48%,,,,,,,,,,
01/09/2019 06:00,76520.655,38%,,,,,,,,,,
01/09/2019 07:00,81067.487,41%,,,,,,,,,,
01/09/2019 08:00,94435.959,47%,,,,,,,,,,
01/09/2019 09:00,89790.442,45%,,,,,,,,,,
01/09/2019 10:00,83465.64,42%,,,,,,,,,,
01/09/2019 11:00,80442.032,40%,,,,,,,,,,
01/09/2019 12:00,80164.217,40%,,,,,,,,,,
01/09/2019 13:00,79757.331,40%,,,,,,,,,,
01/09/2019 14:00,78999.225,39%,,,,,,,,,,
01/09/2019 15:00,75784.726,38%,,,,,,,,,,
01/09/2019 16:00,68649.002,34%,,,,,,,,,,
01/09/2019 17:00,54811.292,27%,,,,,,,,,,
01/09/2019 18:00,47386.428,24%,,,,,,,,,,
01/09/2019 19:00,46585.589,23%,,,,,,,,,,
01/09/2019 20:00,46925.719,23%,,,,,,,,,,
01/09/2019 21:00,44160.909,22%,,,,,,,,,,
01/09/2019 22:00,39100.417,20%,,,,,,,,,,
01/09/2019 23:00,34990.444,17%,,,,,,,,,,
02/09/2019 00:00,33006.25,17%,,,,,,,,,,
02/09/2019 01:00,36180.697,18%,,,,,,,,,,
02/09/2019 02:00,37124.455,19%,,,,,,,,,,
02/09/2019 03:00,46148.318,23%,,,,,,,,,,
02/09/2019 04:00,55054.2,28%,,,,,,,,,,
02/09/2019 05:00,59463.455,30%,,,,,,,,,,
02/09/2019 06:00,49551.233,25%,,,,,,,,,,
02/09/2019 07:00,55435.942,28%,,,,,,,,,,
02/09/2019 08:00,98769.557,49%,,,,,,,,,,
02/09/2019 09:00,142862.746,71%,,,,,,,,,,
02/09/2019 10:00,162969.4,81%,,,,,,,,,,
02/09/2019 11:00,173062.509,87%,,,,,,,,,,
02/09/2019 12:00,177056.481,89%,,,,,,,,,,
02/09/2019 13:00,180484.563,90%,,,,,,,,,,
02/09/2019 14:00,179539.332,90%,,,,,,,,,,
02/09/2019 15:00,176476.752,88%,,,,,,,,,,
02/09/2019 16:00,172248.927,86%,,,,,,,,,,
02/09/2019 17:00,168032.099,84%,,,,,,,,,,
02/09/2019 18:00,164238.621,82%,,,,,,,,,,
02/09/2019 19:00,158431.567,79%,,,,,,,,,,
02/09/2019 20:00,150746.286,75%,,,,,,,,,,
02/09/2019 21:00,142055.531,71%,,,,,,,,,,
02/09/2019 22:00,130090.861,65%,,,,,,,,,,
02/09/2019 23:00,116597.609,58%,,,,,,,,,,
03/09/2019 00:00,105894.549,53%,,,,,,,,,,
03/09/2019 01:00,95189.671,48%,,,,,,,,,,
03/09/2019 02:00,83007.659,42%,,,,,,,,,,
03/09/2019 03:00,77130.896,39%,,,,,,,,,,
03/09/2019 04:00,70481.826,35%,,,,,,,,,,
03/09/2019 05:00,62270.811,31%,,,,,,,,,,
03/09/2019 06:00,49738.947,25%,,,,,,,,,,
03/09/2019 07:00,34806.715,17%,,,,,,,,,,
03/09/2019 08:00,40170.652,20%,,,,,,,,,,
03/09/2019 09:00,51812.568,26%,,,,,,,,,,
03/09/2019 10:00,58666.407,29%,,,,,,,,,,
03/09/2019 11:00,63298.424,32%,,,,,,,,,,
03/09/2019 12:00,73828.012,37%,,,,,,,,,,
03/09/2019 13:00,86707.578,43%,,,,,,,,,,
03/09/2019 14:00,96841.241,48%,,,,,,,,,,
03/09/2019 15:00,108817.352,54%,,,,,,,,,,
03/09/2019 16:00,100527.971,50%,,,,,,,,,,
03/09/2019 17:00,86381.688,43%,,,,,,,,,,
03/09/2019 18:00,82005.94,41%,,,,,,,,,,
03/09/2019 19:00,78208.124,39%,,,,,,,,,,
03/09/2019 20:00,73382.12,37%,,,,,,,,,,
03/09/2019 21:00,64528.78,32%,,,,,,,,,,
03/09/2019 22:00,62081.773,31%,,,,,,,,,,
03/09/2019 23:00,70998.934,35%,,,,,,,,,,
04/09/2019 00:00,81455.309,41%,,,,,,,,,,
04/09/2019 01:00,86379.867,43%,,,,,,,,,,
04/09/2019 02:00,82549.857,41%,,,,,,,,,,
04/09/2019 03:00,79935.941,40%,,,,,,,,,,
04/09/2019 04:00,75561.798,38%,,,,,,,,,,
04/09/2019 05:00,73713.756,37%,,,,,,,,,,
04/09/2019 06:00,77166.661,39%,,,,,,,,,,
04/09/2019 07:00,79212.162,40%,,,,,,,,,,
04/09/2019 08:00,97670.261,49%,,,,,,,,,,
04/09/2019 09:00,87070.023,44%,,,,,,,,,,
04/09/2019 10:00,58753.648,29%,,,,,,,,,,
04/09/2019 11:00,19250.593,10%,,,,,,,,,,
04/09/2019 12:00,26614.459,13%,,,,,,,,,,
04/09/2019 13:00,80592.907,40%,,,,,,,,,,
04/09/2019 14:00,125821.585,63%,,,,,,,,,,
04/09/2019 15:00,140949.544,70%,,,,,,,,,,
04/09/2019 16:00,150747.558,75%,,,,,,,,,,
04/09/2019 17:00,166464.237,83%,,,,,,,,,,
04/09/2019 18:00,169998.075,85%,,,,,,,,,,
04/09/2019 19:00,161534.375,81%,,,,,,,,,,
04/09/2019 20:00,157943.177,79%,,,,,,,,,,
04/09/2019 21:00,154595.504,77%,,,,,,,,,,
04/09/2019 22:00,152228.285,76%,,,,,,,,,,
04/09/2019 23:00,145886.973,73%,,,,,,,,,,
05/09/2019 00:00,133146.601,67%,,,,,,,,,,
05/09/2019 01:00,115536.723,58%,,,,,,,,,,
05/09/2019 02:00,96188.516,48%,,,,,,,,,,
05/09/2019 03:00,81457.172,41%,,,,,,,,,,
05/09/2019 04:00,82003.586,41%,,,,,,,,,,
05/09/2019 05:00,82002.407,41%,,,,,,,,,,
05/09/2019 06:00,76090.47,38%,,,,,,,,,,
05/09/2019 07:00,67347.999,34%,,,,,,,,,,
05/09/2019 08:00,106429.794,53%,,,,,,,,,,
05/09/2019 09:00,131402.818,66%,,,,,,,,,,
05/09/2019 10:00,143097.917,72%,,,,,,,,,,
05/09/2019 11:00,145043.003,73%,,,,,,,,,,
05/09/2019 12:00,139539.296,70%,,,,,,,,,,
05/09/2019 13:00,141561.077,71%,,,,,,,,,,
05/09/2019 14:00,152922.948,76%,,,,,,,,,,
05/09/2019 15:00,155913.988,78%,,,,,,,,,,
05/09/2019 16:00,136811.653,68%,,,,,,,,,,
05/09/2019 17:00,122046.941,61%,,,,,,,,,,
05/09/2019 18:00,122043.783,61%,,,,,,,,,,
05/09/2019 19:00,117123.471,59%,,,,,,,,,,
05/09/2019 20:00,114751.751,57%,,,,,,,,,,
05/09/2019 21:00,138046.58,69%,,,,,,,,,,
05/09/2019 22:00,157290.533,79%,,,,,,,,,,
05/09/2019 23:00,163423.795,82%,,,,,,,,,,
06/09/2019 00:00,171660.033,86%,,,,,,,,,,
06/09/2019 01:00,174541.526,87%,,,,,,,,,,
06/09/2019 02:00,169327.723,85%,,,,,,,,,,
06/09/2019 03:00,158453.255,79%,,,,,,,,,,
06/09/2019 04:00,150209.771,75%,,,,,,,,,,
06/09/2019 05:00,136911.118,68%,,,,,,,,,,
06/09/2019 06:00,117122.447,59%,,,,,,,,,,
06/09/2019 07:00,111035.606,56%,,,,,,,,,,
06/09/2019 08:00,127337.786,64%,,,,,,,,,,
06/09/2019 09:00,136372.217,68%,,,,,,,,,,
06/09/2019 10:00,141036.729,71%,,,,,,,,,,
06/09/2019 11:00,143571.449,72%,,,,,,,,,,
06/09/2019 12:00,142813.542,71%,,,,,,,,,,
06/09/2019 13:00,142299.746,71%,,,,,,,,,,
06/09/2019 14:00,138411.782,69%,,,,,,,,,,
06/09/2019 15:00,135199.7,68%,,,,,,,,,,
06/09/2019 16:00,120238.448,60%,,,,,,,,,,
06/09/2019 17:00,100115.274,50%,,,,,,,,,,
06/09/2019 18:00,95187.931,48%,,,,,,,,,,
06/09/2019 19:00,93920.189,47%,,,,,,,,,,
06/09/2019 20:00,85419.318,43%,,,,,,,,,,
06/09/2019 21:00,79196.555,40%,,,,,,,,,,
06/09/2019 22:00,73925.05,37%,,,,,,,,,,
06/09/2019 23:00,68129.833,34%,,,,,,,,,,
07/09/2019 00:00,67345.818,34%,,,,,,,,,,
07/09/2019 01:00,64528.566,32%,,,,,,,,,,
07/09/2019 02:00,60390.053,30%,,,,,,,,,,
07/09/2019 03:00,55673.296,28%,,,,,,,,,,
07/09/2019 04:00,48802.695,24%,,,,,,,,,,
07/09/2019 05:00,47642.298,24%,,,,,,,,,,
07/09/2019 06:00,44614.182,22%,,,,,,,,,,
07/09/2019 07:00,35209.934,18%,,,,,,,,,,
07/09/2019 08:00,38137.69,19%,,,,,,,,,,
07/09/2019 09:00,27600.451,14%,,,,,,,,,,
07/09/2019 10:00,16573.41,8%,,,,,,,,,,
07/09/2019 11:00,11613.932,6%,,,,,,,,,,
07/09/2019 12:00,10018.439,5%,,,,,,,,,,
07/09/2019 13:00,9539.698,5%,,,,,,,,,,
07/09/2019 14:00,8252.169,4%,,,,,,,,,,
07/09/2019 15:00,7033.116,4%,,,,,,,,,,
07/09/2019 16:00,6773.157,3%,,,,,,,,,,
07/09/2019 17:00,6794.441,3%,,,,,,,,,,
07/09/2019 18:00,6456.07,3%,,,,,,,,,,
07/09/2019 19:00,6212.241,3%,,,,,,,,,,
07/09/2019 20:00,5237.777,3%,,,,,,,,,,
07/09/2019 21:00,4535.916,2%,,,,,,,,,,
07/09/2019 22:00,4903.276,2%,,,,,,,,,,
07/09/2019 23:00,4461.124,2%,,,,,,,,,,
08/09/2019 00:00,3766.772,2%,,,,,,,,,,
08/09/2019 01:00,4874.352,2%,,,,,,,,,,
08/09/2019 02:00,7882.006,4%,,,,,,,,,,
08/09/2019 03:00,10951.792,5%,,,,,,,,,,
08/09/2019 04:00,12695.906,6%,,,,,,,,,,
08/09/2019 05:00,13569.296,7%,,,,,,,,,,
08/09/2019 06:00,11278.635,6%,,,,,,,,,,
08/09/2019 07:00,6062.719,3%,,,,,,,,,,
08/09/2019 08:00,5712.052,3%,,,,,,,,,,
08/09/2019 09:00,8162.562,4%,,,,,,,,,,
08/09/2019 10:00,11555.014,6%,,,,,,,,,,
08/09/2019 11:00,13391.879,7%,,,,,,,,,,
08/09/2019 12:00,15533.514,8%,,,,,,,,,,
08/09/2019 13:00,17154.183,9%,,,,,,,,,,
08/09/2019 14:00,16536.353,8%,,,,,,,,,,
08/09/2019 15:00,15754.281,8%,,,,,,,,,,
08/09/2019 16:00,17791.611,9%,,,,,,,,,,
08/09/2019 17:00,19516.398,10%,,,,,,,,,,
08/09/2019 18:00,21193.67,11%,,,,,,,,,,
08/09/2019 19:00,22540.525,11%,,,,,,,,,,
08/09/2019 20:00,22467.008,11%,,,,,,,,,,
08/09/2019 21:00,23861.235,12%,,,,,,,,,,
08/09/2019 22:00,29753.127,15%,,,,,,,,,,
08/09/2019 23:00,37397.284,19%,,,,,,,,,,
09/09/2019 00:00,43508.484,22%,,,,,,,,,,
09/09/2019 01:00,47714.079,24%,,,,,,,,,,
09/09/2019 02:00,49910.748,25%,,,,,,,,,,
09/09/2019 03:00,48974.99,24%,,,,,,,,,,
09/09/2019 04:00,49926.69,25%,,,,,,,,,,
09/09/2019 05:00,49589.776,25%,,,,,,,,,,
09/09/2019 06:00,46986.104,23%,,,,,,,,,,
09/09/2019 07:00,40540.633,20%,,,,,,,,,,
09/09/2019 08:00,34612.173,17%,,,,,,,,,,
09/09/2019 09:00,35790.148,18%,,,,,,,,,,
09/09/2019 10:00,35574.689,18%,,,,,,,,,,
09/09/2019 11:00,29493.879,15%,,,,,,,,,,
09/09/2019 12:00,22483.315,11%,,,,,,,,,,
09/09/2019 13:00,16427.83,8%,,,,,,,,,,
09/09/2019 14:00,10271.113,5%,,,,,,,,,,
09/09/2019 15:00,6638.843,3%,,,,,,,,,,
09/09/2019 16:00,4280.36,2%,,,,,,,,,,
09/09/2019 17:00,2591.478,1%,,,,,,,,,,
09/09/2019 18:00,2175.62,1%,,,,,,,,,,
09/09/2019 19:00,4780.329,2%,,,,,,,,,,
09/09/2019 20:00,8426.501,4%,,,,,,,,,,
09/09/2019 21:00,11524.583,6%,,,,,,,,,,
09/09/2019 22:00,16697.375,8%,,,,,,,,,,
09/09/2019 23:00,24206.529,12%,,,,,,,,,,
10/09/2019 00:00,31346.634,16%,,,,,,,,,,
10/09/2019 01:00,34538.902,17%,,,,,,,,,,
10/09/2019 02:00,38343.215,19%,,,,,,,,,,
10/09/2019 03:00,39684.527,20%,,,,,,,,,,
10/09/2019 04:00,36274.337,18%,,,,,,,,,,
10/09/2019 05:00,30305.34,15%,,,,,,,,,,
10/09/2019 06:00,22099.707,11%,,,,,,,,,,
10/09/2019 07:00,11523.421,6%,,,,,,,,,,
10/09/2019 08:00,5010.136,3%,,,,,,,,,,
10/09/2019 09:00,3020.453,2%,,,,,,,,,,
10/09/2019 10:00,7239.799,4%,,,,,,,,,,
10/09/2019 11:00,20822.433,10%,,,,,,,,,,
10/09/2019 12:00,43343.03,22%,,,,,,,,,,
10/09/2019 13:00,71707.04,36%,,,,,,,,,,
10/09/2019 14:00,88852.085,44%,,,,,,,,,,
10/09/2019 15:00,102611.313,51%,,,,,,,,,,
10/09/2019 16:00,110496.619,55%,,,,,,,,,,
10/09/2019 17:00,111468.853,56%,,,,,,,,,,
10/09/2019 18:00,131926.951,66%,,,,,,,,,,
10/09/2019 19:00,155389.611,78%,,,,,,,,,,
10/09/2019 20:00,169023.765,85%,,,,,,,,,,
10/09/2019 21:00,176285.083,88%,,,,,,,,,,
10/09/2019 22:00,180273.955,90%,,,,,,,,,,
10/09/2019 23:00,179584.688,90%,,,,,,,,,,
11/09/2019 00:00,175837.474,88%,,,,,,,,,,
11/09/2019 01:00,169355.803,85%,,,,,,,,,,
11/09/2019 02:00,166193.021,83%,,,,,,,,,,
11/09/2019 03:00,167482.529,84%,,,,,,,,,,
11/09/2019 04:00,166120.889,83%,,,,,,,,,,
11/09/2019 05:00,158163.121,79%,,,,,,,,,,
11/09/2019 06:00,152719.296,76%,,,,,,,,,,
11/09/2019 07:00,151686.162,76%,,,,,,,,,,
11/09/2019 08:00,157275.747,79%,,,,,,,,,,
11/09/2019 09:00,165947.536,83%,,,,,,,,,,
11/09/2019 10:00,173583.466,87%,,,,,,,,,,
11/09/2019 11:00,180479.674,90%,,,,,,,,,,
11/09/2019 12:00,182727.577,91%,,,,,,,,,,
11/09/2019 13:00,181221.129,91%,,,,,,,,,,
11/09/2019 14:00,176117.378,88%,,,,,,,,,,
11/09/2019 15:00,167491.371,84%,,,,,,,,,,
11/09/2019 16:00,147348.59,74%,,,,,,,,,,
11/09/2019 17:00,134017.171,67%,,,,,,,,,,
11/09/2019 18:00,137120.403,69%,,,,,,,,,,
11/09/2019 19:00,121887.023,61%,,,,,,,,,,
11/09/2019 20:00,112225.348,56%,,,,,,,,,,
11/09/2019 21:00,109033.777,55%,,,,,,,,,,
11/09/2019 22:00,109696.024,55%,,,,,,,,,,
11/09/2019 23:00,105738.194,53%,,,,,,,,,,
12/09/2019 00:00,98979.015,49%,,,,,,,,,,
12/09/2019 01:00,97668.413,49%,,,,,,,,,,
12/09/2019 02:00,94995.852,47%,,,,,,,,,,
12/09/2019 03:00,89400.081,45%,,,,,,,,,,
12/09/2019 04:00,86217.41,43%,,,,,,,,,,
12/09/2019 05:00,82831.296,41%,,,,,,,,,,
12/09/2019 06:00,72850.899,36%,,,,,,,,,,
12/09/2019 07:00,53238.599,27%,,,,,,,,,,
12/09/2019 08:00,62950.711,31%,,,,,,,,,,
12/09/2019 09:00,76587.515,38%,,,,,,,,,,
12/09/2019 10:00,72399.052,36%,,,,,,,,,,
12/09/2019 11:00,62320.503,31%,,,,,,,,,,
12/09/2019 12:00,55125.64,28%,,,,,,,,,,
12/09/2019 13:00,55601.374,28%,,,,,,,,,,
12/09/2019 14:00,67352.774,34%,,,,,,,,,,
12/09/2019 15:00,88358.326,44%,,,,,,,,,,
12/09/2019 16:00,106301.109,53%,,,,,,,,,,
12/09/2019 17:00,100708.071,50%,,,,,,,,,,
12/09/2019 18:00,88299.481,44%,,,,,,,,,,
12/09/2019 19:00,93652.062,47%,,,,,,,,,,
12/09/2019 20:00,96291.946,48%,,,,,,,,,,
12/09/2019 21:00,96841.432,48%,,,,,,,,,,
12/09/2019 22:00,96464.12,48%,,,,,,,,,,
12/09/2019 23:00,95740.167,48%,,,,,,,,,,
13/09/2019 00:00,93515.566,47%,,,,,,,,,,
13/09/2019 01:00,91361.763,46%,,,,,,,,,,
13/09/2019 02:00,90386.109,45%,,,,,,,,,,
13/09/2019 03:00,91329.776,46%,,,,,,,,,,
13/09/2019 04:00,95188.828,48%,,,,,,,,,,
13/09/2019 05:00,94288.076,47%,,,,,,,,,,
13/09/2019 06:00,84461.513,42%,,,,,,,,,,
13/09/2019 07:00,60134.507,30%,,,,,,,,,,
13/09/2019 08:00,83567.085,42%,,,,,,,,,,
13/09/2019 09:00,99071.709,50%,,,,,,,,,,
13/09/2019 10:00,106429.674,53%,,,,,,,,,,
13/09/2019 11:00,108253.268,54%,,,,,,,,,,
13/09/2019 12:00,104141.971,52%,,,,,,,,,,
13/09/2019 13:00,106972.785,53%,,,,,,,,,,
13/09/2019 14:00,105993.664,53%,,,,,,,,,,
13/09/2019 15:00,112930.57,56%,,,,,,,,,,
13/09/2019 16:00,98217.846,49%,,,,,,,,,,
13/09/2019 17:00,79554.823,40%,,,,,,,,,,
13/09/2019 18:00,66865.825,33%,,,,,,,,,,
13/09/2019 19:00,66062.137,33%,,,,,,,,,,
13/09/2019 20:00,69475.048,35%,,,,,,,,,,
13/09/2019 21:00,70958.432,35%,,,,,,,,,,
13/09/2019 22:00,65542.231,33%,,,,,,,,,,
13/09/2019 23:00,60138.643,30%,,,,,,,,,,
14/09/2019 00:00,56253.131,28%,,,,,,,,,,
14/09/2019 01:00,59148.054,30%,,,,,,,,,,
14/09/2019 02:00,70481.304,35%,,,,,,,,,,
14/09/2019 03:00,76828.943,38%,,,,,,,,,,
14/09/2019 04:00,79554.327,40%,,,,,,,,,,
14/09/2019 05:00,82817.919,41%,,,,,,,,,,
14/09/2019 06:00,101334.517,51%,,,,,,,,,,
14/09/2019 07:00,127085.773,64%,,,,,,,,,,
14/09/2019 08:00,162700.063,81%,,,,,,,,,,
14/09/2019 09:00,178002.665,89%,,,,,,,,,,
14/09/2019 10:00,183441.044,92%,,,,,,,,,,
14/09/2019 11:00,186171.305,93%,,,,,,,,,,
14/09/2019 12:00,186072.044,93%,,,,,,,,,,
14/09/2019 13:00,186044.846,93%,,,,,,,,,,
14/09/2019 14:00,185542.171,93%,,,,,,,,,,
14/09/2019 15:00,185144.1,93%,,,,,,,,,,
14/09/2019 16:00,187027.885,94%,,,,,,,,,,
14/09/2019 17:00,188244.173,94%,,,,,,,,,,
14/09/2019 18:00,186456.361,93%,,,,,,,,,,
14/09/2019 19:00,179858.374,90%,,,,,,,,,,
14/09/2019 20:00,168318.193,84%,,,,,,,,,,
14/09/2019 21:00,157089.845,79%,,,,,,,,,,
14/09/2019 22:00,157849.512,79%,,,,,,,,,,
14/09/2019 23:00,161536.02,81%,,,,,,,,,,
15/09/2019 00:00,164006.93,82%,,,,,,,,,,
15/09/2019 01:00,164613.621,82%,,,,,,,,,,
15/09/2019 02:00,164168.084,82%,,,,,,,,,,
15/09/2019 03:00,162894.621,81%,,,,,,,,,,
15/09/2019 04:00,162335.778,81%,,,,,,,,,,
15/09/2019 05:00,150412.773,75%,,,,,,,,,,
15/09/2019 06:00,140386.046,70%,,,,,,,,,,
15/09/2019 07:00,127991.149,64%,,,,,,,,,,
15/09/2019 08:00,126271.582,63%,,,,,,,,,,
15/09/2019 09:00,117123.209,59%,,,,,,,,,,
15/09/2019 10:00,111420.354,56%,,,,,,,,,,
15/09/2019 11:00,125286.559,63%,,,,,,,,,,
15/09/2019 12:00,130267.635,65%,,,,,,,,,,
15/09/2019 13:00,126587.337,63%,,,,,,,,,,
15/09/2019 14:00,114222.188,57%,,,,,,,,,,
15/09/2019 15:00,107256.787,54%,,,,,,,,,,
15/09/2019 16:00,87812.268,44%,,,,,,,,,,
15/09/2019 17:00,71534.4,36%,,,,,,,,,,
15/09/2019 18:00,61429.586,31%,,,,,,,,,,
15/09/2019 19:00,53931.747,27%,,,,,,,,,,
15/09/2019 20:00,48571.777,24%,,,,,,,,,,
15/09/2019 21:00,44295.077,22%,,,,,,,,,,
15/09/2019 22:00,41163.536,21%,,,,,,,,,,
15/09/2019 23:00,40172.013,20%,,,,,,,,,,
16/09/2019 00:00,37984.007,19%,,,,,,,,,,
16/09/2019 01:00,37223.708,19%,,,,,,,,,,
16/09/2019 02:00,40346.552,20%,,,,,,,,,,
16/09/2019 03:00,51810.249,26%,,,,,,,,,,
16/09/2019 04:00,61652.593,31%,,,,,,,,,,
16/09/2019 05:00,69982.084,35%,,,,,,,,,,
16/09/2019 06:00,71838.538,36%,,,,,,,,,,
16/09/2019 07:00,62845.126,31%,,,,,,,,,,
16/09/2019 08:00,78573.637,39%,,,,,,,,,,
16/09/2019 09:00,106373.452,53%,,,,,,,,,,
16/09/2019 10:00,113507.069,57%,,,,,,,,,,
16/09/2019 11:00,119391.693,60%,,,,,,,,,,
16/09/2019 12:00,126592.947,63%,,,,,,,,,,
16/09/2019 13:00,133158.001,67%,,,,,,,,,,
16/09/2019 14:00,137047.948,69%,,,,,,,,,,
16/09/2019 15:00,136651.553,68%,,,,,,,,,,
16/09/2019 16:00,123430.692,62%,,,,,,,,,,
16/09/2019 17:00,105489.429,53%,,,,,,,,,,
16/09/2019 18:00,105752.969,53%,,,,,,,,,,
16/09/2019 19:00,109312.331,55%,,,,,,,,,,
16/09/2019 20:00,106277.754,53%,,,,,,,,,,
16/09/2019 21:00,105968.394,53%,,,,,,,,,,
16/09/2019 22:00,105069.841,53%,,,,,,,,,,
16/09/2019 23:00,98942.43,49%,,,,,,,,,,
17/09/2019 00:00,92242.242,46%,,,,,,,,,,
17/09/2019 01:00,83103.582,42%,,,,,,,,,,
17/09/2019 02:00,81551.165,41%,,,,,,,,,,
17/09/2019 03:00,78204.256,39%,,,,,,,,,,
17/09/2019 04:00,72321.701,36%,,,,,,,,,,
17/09/2019 05:00,67422.056,34%,,,,,,,,,,
17/09/2019 06:00,69270.649,35%,,,,,,,,,,
17/09/2019 07:00,53622.326,27%,,,,,,,,,,
17/09/2019 08:00,72319.077,36%,,,,,,,,,,
17/09/2019 09:00,80553.258,40%,,,,,,,,,,
17/09/2019 10:00,66314.031,33%,,,,,,,,,,
17/09/2019 11:00,50455.669,25%,,,,,,,,,,
17/09/2019 12:00,39553.038,20%,,,,,,,,,,
17/09/2019 13:00,35003.75,18%,,,,,,,,,,
17/09/2019 14:00,31781.739,16%,,,,,,,,,,
17/09/2019 15:00,27074.103,14%,,,,,,,,,,
17/09/2019 16:00,20245.057,10%,,,,,,,,,,
17/09/2019 17:00,14644.768,7%,,,,,,,,,,
17/09/2019 18:00,10792.159,5%,,,,,,,,,,
17/09/2019 19:00,8106.027,4%,,,,,,,,,,
17/09/2019 20:00,5988.427,3%,,,,,,,,,,
17/09/2019 21:00,5301.711,3%,,,,,,,,,,
17/09/2019 22:00,6885.862,3%,,,,,,,,,,
17/09/2019 23:00,9630.461,5%,,,,,,,,,,
18/09/2019 00:00,11946.769,6%,,,,,,,,,,
18/09/2019 01:00,12147.936,6%,,,,,,,,,,
18/09/2019 02:00,11122.687,6%,,,,,,,,,,
18/09/2019 03:00,9888.905,5%,,,,,,,,,,
18/09/2019 04:00,10183.309,5%,,,,,,,,,,
18/09/2019 05:00,14122.226,7%,,,,,,,,,,
18/09/2019 06:00,23540.898,12%,,,,,,,,,,
18/09/2019 07:00,31866.278,16%,,,,,,,,,,
18/09/2019 08:00,35811.947,18%,,,,,,,,,,
18/09/2019 09:00,41647.659,21%,,,,,,,,,,
18/09/2019 10:00,51818.469,26%,,,,,,,,,,
18/09/2019 11:00,62659.76,31%,,,,,,,,,,
18/09/2019 12:00,68644.361,34%,,,,,,,,,,
18/09/2019 13:00,72847.457,36%,,,,,,,,,,
18/09/2019 14:00,73847.735,37%,,,,,,,,,,
18/09/2019 15:00,70483.207,35%,,,,,,,,,,
18/09/2019 16:00,59411.108,30%,,,,,,,,,,
18/09/2019 17:00,58849.687,29%,,,,,,,,,,
18/09/2019 18:00,64204.712,32%,,,,,,,,,,
18/09/2019 19:00,62664.519,31%,,,,,,,,,,
18/09/2019 20:00,56129.413,28%,,,,,,,,,,
18/09/2019 21:00,49104.769,25%,,,,,,,,,,
18/09/2019 22:00,41816.297,21%,,,,,,,,,,
18/09/2019 23:00,35961.49,18%,,,,,,,,,,
19/09/2019 00:00,33668.845,17%,,,,,,,,,,
19/09/2019 01:00,35864.647,18%,,,,,,,,,,
19/09/2019 02:00,39183.371,20%,,,,,,,,,,
19/09/2019 03:00,42179.521,21%,,,,,,,,,,
19/09/2019 04:00,42261.55,21%,,,,,,,,,,
19/09/2019 05:00,40208.702,20%,,,,,,,,,,
19/09/2019 06:00,37515.858,19%,,,,,,,,,,
19/09/2019 07:00,28279.095,14%,,,,,,,,,,
19/09/2019 08:00,28040.874,14%,,,,,,,,,,
19/09/2019 09:00,30335.157,15%,,,,,,,,,,
19/09/2019 10:00,29555.072,15%,,,,,,,,,,
19/09/2019 11:00,32247.036,16%,,,,,,,,,,
19/09/2019 12:00,36008.565,18%,,,,,,,,,,
19/09/2019 13:00,39470.061,20%,,,,,,,,,,
19/09/2019 14:00,42482.908,21%,,,,,,,,,,
19/09/2019 15:00,42449.39,21%,,,,,,,,,,
19/09/2019 16:00,35123.767,18%,,,,,,,,,,
19/09/2019 17:00,34326.164,17%,,,,,,,,,,
19/09/2019 18:00,38740.764,19%,,,,,,,,,,
19/09/2019 19:00,37430.202,19%,,,,,,,,,,
19/09/2019 20:00,33743.3,17%,,,,,,,,,,
19/09/2019 21:00,30520.088,15%,,,,,,,,,,
19/09/2019 22:00,28058.136,14%,,,,,,,,,,
19/09/2019 23:00,25918.455,13%,,,,,,,,,,
20/09/2019 00:00,23010.065,12%,,,,,,,,,,
20/09/2019 01:00,20722.283,10%,,,,,,,,,,
20/09/2019 02:00,18557.914,9%,,,,,,,,,,
20/09/2019 03:00,15702.679,8%,,,,,,,,,,
20/09/2019 04:00,13158.46,7%,,,,,,,,,,
20/09/2019 05:00,11383.529,6%,,,,,,,,,,
20/09/2019 06:00,10426.324,5%,,,,,,,,,,
20/09/2019 07:00,9333.265,5%,,,,,,,,,,
20/09/2019 08:00,5575.776,3%,,,,,,,,,,
20/09/2019 09:00,3894.362,2%,,,,,,,,,,
20/09/2019 10:00,6379.962,3%,,,,,,,,,,
20/09/2019 11:00,9660.772,5%,,,,,,,,,,
20/09/2019 12:00,13893.135,7%,,,,,,,,,,
20/09/2019 13:00,18485.082,9%,,,,,,,,,,
20/09/2019 14:00,21489.563,11%,,,,,,,,,,
20/09/2019 15:00,21767.515,11%,,,,,,,,,,
20/09/2019 16:00,20234.476,10%,,,,,,,,,,
20/09/2019 17:00,23762.845,12%,,,,,,,,,,
20/09/2019 18:00,37915.229,19%,,,,,,,,,,
20/09/2019 19:00,53152.537,27%,,,,,,,,,,
20/09/2019 20:00,60328.31,30%,,,,,,,,,,
20/09/2019 21:00,57776.054,29%,,,,,,,,,,
20/09/2019 22:00,52114.637,26%,,,,,,,,,,
20/09/2019 23:00,46581.262,23%,,,,,,,,,,
21/09/2019 00:00,41463.865,21%,,,,,,,,,,
21/09/2019 01:00,39277.62,20%,,,,,,,,,,
21/09/2019 02:00,43622.661,22%,,,,,,,,,,
21/09/2019 03:00,52799.853,26%,,,,,,,,,,
21/09/2019 04:00,60993.133,30%,,,,,,,,,,
21/09/2019 05:00,62759.226,31%,,,,,,,,,,
21/09/2019 06:00,62500.905,31%,,,,,,,,,,
21/09/2019 07:00,53438.516,27%,,,,,,,,,,
21/09/2019 08:00,49590.886,25%,,,,,,,,,,
21/09/2019 09:00,62089.026,31%,,,,,,,,,,
21/09/2019 10:00,75248.842,38%,,,,,,,,,,
21/09/2019 11:00,91879.834,46%,,,,,,,,,,
21/09/2019 12:00,100143.571,50%,,,,,,,,,,
21/09/2019 13:00,104346.305,52%,,,,,,,,,,
21/09/2019 14:00,104299.424,52%,,,,,,,,,,
21/09/2019 15:00,96844.236,48%,,,,,,,,,,
21/09/2019 16:00,84115.472,42%,,,,,,,,,,
21/09/2019 17:00,75798.071,38%,,,,,,,,,,
21/09/2019 18:00,84459.703,42%,,,,,,,,,,
21/09/2019 19:00,80099.9,40%,,,,,,,,,,
21/09/2019 20:00,71527.988,36%,,,,,,,,,,
21/09/2019 21:00,66319.397,33%,,,,,,,,,,
21/09/2019 22:00,62189.459,31%,,,,,,,,,,
21/09/2019 23:00,58270.666,29%,,,,,,,,,,
22/09/2019 00:00,55603.561,28%,,,,,,,,,,
22/09/2019 01:00,53927.261,27%,,,,,,,,,,
22/09/2019 02:00,51562.032,26%,,,,,,,,,,
22/09/2019 03:00,48604.522,24%,,,,,,,,,,
22/09/2019 04:00,47564.604,24%,,,,,,,,,,
22/09/2019 05:00,49647.008,25%,,,,,,,,,,
22/09/2019 06:00,52935.856,26%,,,,,,,,,,
22/09/2019 07:00,52284.726,26%,,,,,,,,,,
22/09/2019 08:00,50190.213,25%,,,,,,,,,,
22/09/2019 09:00,50457.216,25%,,,,,,,,,,
22/09/2019 10:00,49739.483,25%,,,,,,,,,,
22/09/2019 11:00,49735.638,25%,,,,,,,,,,
22/09/2019 12:00,52745.739,26%,,,,,,,,,,
22/09/2019 13:00,55449.092,28%,,,,,,,,,,
22/09/2019 14:00,55200.19,28%,,,,,,,,,,
22/09/2019 15:00,49047.645,25%,,,,,,,,,,
22/09/2019 16:00,38884.976,19%,,,,,,,,,,
22/09/2019 17:00,37133.011,19%,,,,,,,,,,
22/09/2019 18:00,43448.11,22%,,,,,,,,,,
22/09/2019 19:00,46216.031,23%,,,,,,,,,,
22/09/2019 20:00,45047.893,23%,,,,,,,,,,
22/09/2019 21:00,40952.006,20%,,,,,,,,,,
22/09/2019 22:00,33568.942,17%,,,,,,,,,,
22/09/2019 23:00,25104.42,13%,,,,,,,,,,
23/09/2019 00:00,19152.586,10%,,,,,,,,,,
23/09/2019 01:00,14575.329,7%,,,,,,,,,,
23/09/2019 02:00,11368.699,6%,,,,,,,,,,
23/09/2019 03:00,12174.507,6%,,,,,,,,,,
23/09/2019 04:00,19978.893,10%,,,,,,,,,,
23/09/2019 05:00,31450.499,16%,,,,,,,,,,
23/09/2019 06:00,36798.386,18%,,,,,,,,,,
23/09/2019 07:00,35910.864,18%,,,,,,,,,,
23/09/2019 08:00,31085.483,16%,,,,,,,,,,
23/09/2019 09:00,34747.893,17%,,,,,,,,,,
23/09/2019 10:00,45045.323,23%,,,,,,,,,,
23/09/2019 11:00,56708.47,28%,,,,,,,,,,
23/09/2019 12:00,66828.331,33%,,,,,,,,,,
23/09/2019 13:00,74192.889,37%,,,,,,,,,,
23/09/2019 14:00,76473.222,38%,,,,,,,,,,
23/09/2019 15:00,66522.294,33%,,,,,,,,,,
23/09/2019 16:00,51045.303,26%,,,,,,,,,,
23/09/2019 17:00,49639.242,25%,,,,,,,,,,
23/09/2019 18:00,57043.558,29%,,,,,,,,,,
23/09/2019 19:00,65545.794,33%,,,,,,,,,,
23/09/2019 20:00,80029.708,40%,,,,,,,,,,
23/09/2019 21:00,92610.429,46%,,,,,,,,,,
23/09/2019 22:00,105768.832,53%,,,,,,,,,,
23/09/2019 23:00,103158.232,52%,,,,,,,,,,
24/09/2019 00:00,93471.286,47%,,,,,,,,,,
24/09/2019 01:00,83909.411,42%,,,,,,,,,,
24/09/2019 02:00,64017.735,32%,,,,,,,,,,
24/09/2019 03:00,49731.647,25%,,,,,,,,,,
24/09/2019 04:00,43745.322,22%,,,,,,,,,,
24/09/2019 05:00,36214.389,18%,,,,,,,,,,
24/09/2019 06:00,36011.752,18%,,,,,,,,,,
24/09/2019 07:00,28952.861,14%,,,,,,,,,,
24/09/2019 08:00,20703.024,10%,,,,,,,,,,
24/09/2019 09:00,25099.611,13%,,,,,,,,,,
24/09/2019 10:00,31120.478,16%,,,,,,,,,,
24/09/2019 11:00,37814.211,19%,,,,,,,,,,
24/09/2019 12:00,48149.776,24%,,,,,,,,,,
24/09/2019 13:00,57206.68,29%,,,,,,,,,,
24/09/2019 14:00,61965.968,31%,,,,,,,,,,
24/09/2019 15:00,61809.825,31%,,,,,,,,,,
24/09/2019 16:00,55570.079,28%,,,,,,,,,,
24/09/2019 17:00,50730.353,25%,,,,,,,,,,
24/09/2019 18:00,55250.364,28%,,,,,,,,,,
24/09/2019 19:00,55271.629,28%,,,,,,,,,,
24/09/2019 20:00,53597.485,27%,,,,,,,,,,
24/09/2019 21:00,48808.864,24%,,,,,,,,,,
24/09/2019 22:00,49623.995,25%,,,,,,,,,,
24/09/2019 23:00,49716.71,25%,,,,,,,,,,
25/09/2019 00:00,51338.939,26%,,,,,,,,,,
25/09/2019 01:00,43445.7,22%,,,,,,,,,,
25/09/2019 02:00,37852.833,19%,,,,,,,,,,
25/09/2019 03:00,35770.864,18%,,,,,,,,,,
25/09/2019 04:00,31859.809,16%,,,,,,,,,,
25/09/2019 05:00,27289.023,14%,,,,,,,,,,
25/09/2019 06:00,23413.38,12%,,,,,,,,,,
25/09/2019 07:00,18471.92,9%,,,,,,,,,,
25/09/2019 08:00,15797.56,8%,,,,,,,,,,
25/09/2019 09:00,18089.985,9%,,,,,,,,,,
25/09/2019 10:00,23098.532,12%,,,,,,,,,,
25/09/2019 11:00,30118.006,15%,,,,,,,,,,
25/09/2019 12:00,36340.09,18%,,,,,,,,,,
25/09/2019 13:00,42232.544,21%,,,,,,,,,,
25/09/2019 14:00,46680.529,23%,,,,,,,,,,
25/09/2019 15:00,46316.901,23%,,,,,,,,,,
25/09/2019 16:00,43961.929,22%,,,,,,,,,,
25/09/2019 17:00,53547.474,27%,,,,,,,,,,
25/09/2019 18:00,65772.248,33%,,,,,,,,,,
25/09/2019 19:00,65448.022,33%,,,,,,,,,,
25/09/2019 20:00,65034.465,33%,,,,,,,,,,
25/09/2019 21:00,64647.549,32%,,,,,,,,,,
25/09/2019 22:00,65170.201,33%,,,,,,,,,,
25/09/2019 23:00,70775.38,35%,,,,,,,,,,
26/09/2019 00:00,78205.233,39%,,,,,,,,,,
26/09/2019 01:00,86731.353,43%,,,,,,,,,,
26/09/2019 02:00,89849.589,45%,,,,,,,,,,
26/09/2019 03:00,86223.716,43%,,,,,,,,,,
26/09/2019 04:00,75596.797,38%,,,,,,,,,,
26/09/2019 05:00,73825.627,37%,,,,,,,,,,
26/09/2019 06:00,69324.06,35%,,,,,,,,,,
26/09/2019 07:00,64526.564,32%,,,,,,,,,,
26/09/2019 08:00,68124.125,34%,,,,,,,,,,
26/09/2019 09:00,72114.526,36%,,,,,,,,,,
26/09/2019 10:00,76990.893,38%,,,,,,,,,,
26/09/2019 11:00,87124.127,44%,,,,,,,,,,
26/09/2019 12:00,100292.803,50%,,,,,,,,,,
26/09/2019 13:00,111562.986,56%,,,,,,,,,,
26/09/2019 14:00,111671.651,56%,,,,,,,,,,
26/09/2019 15:00,95555.525,48%,,,,,,,,,,
26/09/2019 16:00,83032.094,42%,,,,,,,,,,
26/09/2019 17:00,74274.37,37%,,,,,,,,,,
26/09/2019 18:00,66320.693,33%,,,,,,,,,,
26/09/2019 19:00,56047.153,28%,,,,,,,,,,
26/09/2019 20:00,56197.994,28%,,,,,,,,,,
26/09/2019 21:00,50856.595,25%,,,,,,,,,,
26/09/2019 22:00,44681.69,22%,,,,,,,,,,
26/09/2019 23:00,43599.913,22%,,,,,,,,,,
27/09/2019 00:00,44887.228,22%,,,,,,,,,,
27/09/2019 01:00,45014.744,23%,,,,,,,,,,
27/09/2019 02:00,46143.846,23%,,,,,,,,,,
27/09/2019 03:00,47117.859,24%,,,,,,,,,,
27/09/2019 04:00,48269.501,24%,,,,,,,,,,
27/09/2019 05:00,49421.144,25%,,,,,,,,,,
27/09/2019 06:00,45496.627,23%,,,,,,,,,,
27/09/2019 07:00,35413.427,18%,,,,,,,,,,
27/09/2019 08:00,25079.991,13%,,,,,,,,,,
27/09/2019 09:00,16605.948,8%,,,,,,,,,,
27/09/2019 10:00,9607.981,5%,,,,,,,,,,
27/09/2019 11:00,5098.301,3%,,,,,,,,,,
27/09/2019 12:00,2875.099,1%,,,,,,,,,,
27/09/2019 13:00,2277.753,1%,,,,,,,,,,
27/09/2019 14:00,3703.22,2%,,,,,,,,,,
27/09/2019 15:00,8258.188,4%,,,,,,,,,,
27/09/2019 16:00,15216.979,8%,,,,,,,,,,
27/09/2019 17:00,27021.802,14%,,,,,,,,,,
27/09/2019 18:00,44483.023,22%,,,,,,,,,,
27/09/2019 19:00,57345.545,29%,,,,,,,,,,
27/09/2019 20:00,62874.901,31%,,,,,,,,,,
27/09/2019 21:00,61557.511,31%,,,,,,,,,,
27/09/2019 22:00,54906.1,27%,,,,,,,,,,
27/09/2019 23:00,45279.164,23%,,,,,,,,,,
28/09/2019 00:00,36513.766,18%,,,,,,,,,,
28/09/2019 01:00,22028.405,11%,,,,,,,,,,
28/09/2019 02:00,17345.049,9%,,,,,,,,,,
28/09/2019 03:00,16641.567,8%,,,,,,,,,,
28/09/2019 04:00,21516.884,11%,,,,,,,,,,
28/09/2019 05:00,32413.038,16%,,,,,,,,,,
28/09/2019 06:00,43695.98,22%,,,,,,,,,,
28/09/2019 07:00,47112.111,24%,,,,,,,,,,
28/09/2019 08:00,44650.59,22%,,,,,,,,,,
28/09/2019 09:00,65033.621,33%,,,,,,,,,,
28/09/2019 10:00,74710.474,37%,,,,,,,,,,
28/09/2019 11:00,78618.513,39%,,,,,,,,,,
28/09/2019 12:00,78204.461,39%,,,,,,,,,,
28/09/2019 13:00,74025.772,37%,,,,,,,,,,
28/09/2019 14:00,65539.993,33%,,,,,,,,,,
28/09/2019 15:00,51815.684,26%,,,,,,,,,,
28/09/2019 16:00,31003.363,16%,,,,,,,,,,
28/09/2019 17:00,25145.42,13%,,,,,,,,,,
28/09/2019 18:00,20725.484,10%,,,,,,,,,,
28/09/2019 19:00,10854.603,5%,,,,,,,,,,
28/09/2019 20:00,6094.364,3%,,,,,,,,,,
28/09/2019 21:00,4982.108,2%,,,,,,,,,,
28/09/2019 22:00,8339.887,4%,,,,,,,,,,
28/09/2019 23:00,18883.857,9%,,,,,,,,,,
29/09/2019 00:00,34765.46,17%,,,,,,,,,,
29/09/2019 01:00,50653.13,25%,,,,,,,,,,
29/09/2019 02:00,60054.67,30%,,,,,,,,,,
29/09/2019 03:00,61677.664,31%,,,,,,,,,,
29/09/2019 04:00,63002.497,32%,,,,,,,,,,
29/09/2019 05:00,64016.892,32%,,,,,,,,,,
29/09/2019 06:00,66316.712,33%,,,,,,,,,,
29/09/2019 07:00,77220.819,39%,,,,,,,,,,
29/09/2019 08:00,93829.696,47%,,,,,,,,,,
29/09/2019 09:00,93906.246,47%,,,,,,,,,,
29/09/2019 10:00,82569.945,41%,,,,,,,,,,
29/09/2019 11:00,77667.78,39%,,,,,,,,,,
29/09/2019 12:00,74486.005,37%,,,,,,,,,,
29/09/2019 13:00,71382.434,36%,,,,,,,,,,
29/09/2019 14:00,68125.122,34%,,,,,,,,,,
29/09/2019 15:00,60989.455,30%,,,,,,,,,,
29/09/2019 16:00,50193.048,25%,,,,,,,,,,
29/09/2019 17:00,40570.059,20%,,,,,,,,,,
29/09/2019 18:00,33443.129,17%,,,,,,,,,,
29/09/2019 19:00,29964.738,15%,,,,,,,,,,
29/09/2019 20:00,27510.753,14%,,,,,,,,,,
29/09/2019 21:00,27908.62,14%,,,,,,,,,,
29/09/2019 22:00,31331.609,16%,,,,,,,,,,
29/09/2019 23:00,37027.245,19%,,,,,,,,,,
30/09/2019 00:00,43967.555,22%,,,,,,,,,,
30/09/2019 01:00,46587.088,23%,,,,,,,,,,
30/09/2019 02:00,45040.824,23%,,,,,,,,,,
30/09/2019 03:00,40294.479,20%,,,,,,,,,,
30/09/2019 04:00,34658.883,17%,,,,,,,,,,
30/09/2019 05:00,31030.297,16%,,,,,,,,,,
30/09/2019 06:00,27006.805,14%,,,,,,,,,,
30/09/2019 07:00,22428.589,11%,,,,,,,,,,
30/09/2019 08:00,19496.181,10%,,,,,,,,,,
30/09/2019 09:00,14402.695,7%,,,,,,,,,,
30/09/2019 10:00,7576.42,4%,,,,,,,,,,
30/09/2019 11:00,3032.71,2%,,,,,,,,,,
30/09/2019 12:00,1254.741,1%,,,,,,,,,,
30/09/2019 13:00,1030.061,1%,,,,,,,,,,
30/09/2019 14:00,7728.814,4%,,,,,,,,,,
30/09/2019 15:00,22823.203,11%,,,,,,,,,,
30/09/2019 16:00,41421.888,21%,,,,,,,,,,
30/09/2019 17:00,62703.319,31%,,,,,,,,,,
30/09/2019 18:00,79695.294,40%,,,,,,,,,,
30/09/2019 19:00,86379.336,43%,,,,,,,,,,
30/09/2019 20:00,87352.046,44%,,,,,,,,,,
30/09/2019 21:00,85006.859,43%,,,,,,,,,,
30/09/2019 22:00,82540.821,41%,,,,,,,,,,
30/09/2019 23:00,78203.818,39%,,,,,,,,,,
01/10/2019 00:00,80867.446,40%,,,,,,,,,,
01/10/2019 01:00,85984.717,43%,,,,,,,,,,
01/10/2019 02:00,91332.829,46%,,,,,,,,,,
01/10/2019 03:00,90114.175,45%,,,,,,,,,,
01/10/2019 04:00,87325.733,44%,,,,,,,,,,
01/10/2019 05:00,85005.152,43%,,,,,,,,,,
01/10/2019 06:00,80985.796,40%,,,,,,,,,,
01/10/2019 07:00,72321.716,36%,,,,,,,,,,
01/10/2019 08:00,65819.796,33%,,,,,,,,,,
01/10/2019 09:00,87647.713,44%,,,,,,,,,,
01/10/2019 10:00,79273.194,40%,,,,,,,,,,
01/10/2019 11:00,65545.768,33%,,,,,,,,,,
01/10/2019 12:00,52751.441,26%,,,,,,,,,,
01/10/2019 13:00,46146.941,23%,,,,,,,,,,
01/10/2019 14:00,46114.618,23%,,,,,,,,,,
01/10/2019 15:00,48595.131,24%,,,,,,,,,,
01/10/2019 16:00,45235.817,23%,,,,,,,,,,
01/10/2019 17:00,46808.649,23%,,,,,,,,,,
01/10/2019 18:00,54408.15,27%,,,,,,,,,,
01/10/2019 19:00,55593.93,28%,,,,,,,,,,
01/10/2019 20:00,56694.935,28%,,,,,,,,,,
01/10/2019 21:00,58709.682,29%,,,,,,,,,,
01/10/2019 22:00,62227.244,31%,,,,,,,,,,
01/10/2019 23:00,65542.888,33%,,,,,,,,,,
02/10/2019 00:00,69467.289,35%,,,,,,,,,,
02/10/2019 01:00,71608.663,36%,,,,,,,,,,
02/10/2019 02:00,73592.177,37%,,,,,,,,,,
02/10/2019 03:00,79556.252,40%,,,,,,,,,,
02/10/2019 04:00,88300.634,44%,,,,,,,,,,
02/10/2019 05:00,97670.502,49%,,,,,,,,,,
02/10/2019 06:00,101331.198,51%,,,,,,,,,,
02/10/2019 07:00,91330.883,46%,,,,,,,,,,
02/10/2019 08:00,69434.334,35%,,,,,,,,,,
02/10/2019 09:00,102450.003,51%,,,,,,,,,,
02/10/2019 10:00,111641.052,56%,,,,,,,,,,
02/10/2019 11:00,96290.058,48%,,,,,,,,,,
02/10/2019 12:00,75811.387,38%,,,,,,,,,,
02/10/2019 13:00,58544.295,29%,,,,,,,,,,
02/10/2019 14:00,47591.157,24%,,,,,,,,,,
02/10/2019 15:00,41050.49,21%,,,,,,,,,,
02/10/2019 16:00,35223.407,18%,,,,,,,,,,
02/10/2019 17:00,38036.776,19%,,,,,,,,,,
02/10/2019 18:00,40889.453,20%,,,,,,,,,,
02/10/2019 19:00,38519.845,19%,,,,,,,,,,
02/10/2019 20:00,33480.152,17%,,,,,,,,,,
02/10/2019 21:00,29427.656,15%,,,,,,,,,,
02/10/2019 22:00,26175.444,13%,,,,,,,,,,
02/10/2019 23:00,21113.17,11%,,,,,,,,,,
03/10/2019 00:00,16814.955,8%,,,,,,,,,,
03/10/2019 01:00,13582.602,7%,,,,,,,,,,
03/10/2019 02:00,10808.648,5%,,,,,,,,,,
03/10/2019 03:00,9740.706,5%,,,,,,,,,,
03/10/2019 04:00,10544.094,5%,,,,,,,,,,
03/10/2019 05:00,14119.267,7%,,,,,,,,,,
03/10/2019 06:00,19388.554,10%,,,,,,,,,,
03/10/2019 07:00,20389.858,10%,,,,,,,,,,
03/10/2019 08:00,22291.778,11%,,,,,,,,,,
03/10/2019 09:00,35957.6,18%,,,,,,,,,,
03/10/2019 10:00,55174.303,28%,,,,,,,,,,
03/10/2019 11:00,76093.605,38%,,,,,,,,,,
03/10/2019 12:00,92707.884,46%,,,,,,,,,,
03/10/2019 13:00,101512.493,51%,,,,,,,,,,
03/10/2019 14:00,103944.63,52%,,,,,,,,,,
03/10/2019 15:00,102422.124,51%,,,,,,,,,,
03/10/2019 16:00,102610.423,51%,,,,,,,,,,
03/10/2019 17:00,108500.814,54%,,,,,,,,,,
03/10/2019 18:00,117243.868,59%,,,,,,,,,,
03/10/2019 19:00,120102.098,60%,,,,,,,,,,
03/10/2019 20:00,121514.694,61%,,,,,,,,,,
03/10/2019 21:00,128325.644,64%,,,,,,,,,,
03/10/2019 22:00,132209.779,66%,,,,,,,,,,
03/10/2019 23:00,134337.537,67%,,,,,,,,,,
04/10/2019 00:00,133699.16,67%,,,,,,,,,,
04/10/2019 01:00,125328.88,63%,,,,,,,,,,
04/10/2019 02:00,114355.851,57%,,,,,,,,,,
04/10/2019 03:00,118315.144,59%,,,,,,,,,,
04/10/2019 04:00,118696.302,59%,,,,,,,,,,
04/10/2019 05:00,118845.348,59%,,,,,,,,,,
04/10/2019 06:00,118062.616,59%,,,,,,,,,,
04/10/2019 07:00,113159.138,57%,,,,,,,,,,
04/10/2019 08:00,114752.46,57%,,,,,,,,,,
04/10/2019 09:00,135695.946,68%,,,,,,,,,,
04/10/2019 10:00,139696.912,70%,,,,,,,,,,
04/10/2019 11:00,124282.871,62%,,,,,,,,,,
04/10/2019 12:00,105682.101,53%,,,,,,,,,,
04/10/2019 13:00,103704.637,52%,,,,,,,,,,
04/10/2019 14:00,98770.116,49%,,,,,,,,,,
04/10/2019 15:00,85901.513,43%,,,,,,,,,,
04/10/2019 16:00,65656.311,33%,,,,,,,,,,
04/10/2019 17:00,61342.035,31%,,,,,,,,,,
04/10/2019 18:00,65037.23,33%,,,,,,,,,,
04/10/2019 19:00,62239.227,31%,,,,,,,,,,
04/10/2019 20:00,60986.278,30%,,,,,,,,,,
04/10/2019 21:00,53438.82,27%,,,,,,,,,,
04/10/2019 22:00,39437.236,20%,,,,,,,,,,
04/10/2019 23:00,37765.556,19%,,,,,,,,,,
05/10/2019 00:00,43332.745,22%,,,,,,,,,,
05/10/2019 01:00,46138.923,23%,,,,,,,,,,
05/10/2019 02:00,52284.231,26%,,,,,,,,,,
05/10/2019 03:00,50780.945,25%,,,,,,,,,,
05/10/2019 04:00,46456.106,23%,,,,,,,,,,
05/10/2019 05:00,47415.931,24%,,,,,,,,,,
05/10/2019 06:00,52530.334,26%,,,,,,,,,,
05/10/2019 07:00,52270.844,26%,,,,,,,,,,
05/10/2019 08:00,47452.617,24%,,,,,,,,,,
05/10/2019 09:00,46918.964,23%,,,,,,,,,,
05/10/2019 10:00,53272.771,27%,,,,,,,,,,
05/10/2019 11:00,59977.351,30%,,,,,,,,,,
05/10/2019 12:00,64774.25,32%,,,,,,,,,,
05/10/2019 13:00,71007.381,36%,,,,,,,,,,
05/10/2019 14:00,76477.557,38%,,,,,,,,,,
05/10/2019 15:00,73613.863,37%,,,,,,,,,,
05/10/2019 16:00,80366.84,40%,,,,,,,,,,
05/10/2019 17:00,94688.116,47%,,,,,,,,,,
05/10/2019 18:00,102063.638,51%,,,,,,,,,,
05/10/2019 19:00,103681.749,52%,,,,,,,,,,
05/10/2019 20:00,110324.995,55%,,,,,,,,,,
05/10/2019 21:00,125055.06,63%,,,,,,,,,,
05/10/2019 22:00,136846.857,68%,,,,,,,,,,
05/10/2019 23:00,142576.836,71%,,,,,,,,,,
06/10/2019 00:00,143565.463,72%,,,,,,,,,,
06/10/2019 01:00,147861.015,74%,,,,,,,,,,
06/10/2019 02:00,151658.625,76%,,,,,,,,,,
06/10/2019 03:00,149170.584,75%,,,,,,,,,,
06/10/2019 04:00,139709.251,70%,,,,,,,,,,
06/10/2019 05:00,128811.508,64%,,,,,,,,,,
06/10/2019 06:00,116158.914,58%,,,,,,,,,,
06/10/2019 07:00,106429.695,53%,,,,,,,,,,
06/10/2019 08:00,100976.164,50%,,,,,,,,,,
06/10/2019 09:00,101549.611,51%,,,,,,,,,,
06/10/2019 10:00,111224.189,56%,,,,,,,,,,
06/10/2019 11:00,124084.455,62%,,,,,,,,,,
06/10/2019 12:00,123573.872,62%,,,,,,,,,,
06/10/2019 13:00,120579.249,60%,,,,,,,,,,
06/10/2019 14:00,103899.825,52%,,,,,,,,,,
06/10/2019 15:00,74183.656,37%,,,,,,,,,,
06/10/2019 16:00,50319.387,25%,,,,,,,,,,
06/10/2019 17:00,58991.869,29%,,,,,,,,,,
06/10/2019 18:00,78207.986,39%,,,,,,,,,,
06/10/2019 19:00,88040.844,44%,,,,,,,,,,
06/10/2019 20:00,81928.638,41%,,,,,,,,,,
06/10/2019 21:00,93329.661,47%,,,,,,,,,,
06/10/2019 22:00,109038.46,55%,,,,,,,,,,
06/10/2019 23:00,109796.106,55%,,,,,,,,,,
07/10/2019 00:00,107514.797,54%,,,,,,,,,,
07/10/2019 01:00,109755.394,55%,,,,,,,,,,
07/10/2019 02:00,127066.504,64%,,,,,,,,,,
07/10/2019 03:00,130676.61,65%,,,,,,,,,,
07/10/2019 04:00,128327.365,64%,,,,,,,,,,
07/10/2019 05:00,152692.183,76%,,,,,,,,,,
07/10/2019 06:00,162337.04,81%,,,,,,,,,,
07/10/2019 07:00,170268.402,85%,,,,,,,,,,
07/10/2019 08:00,173071.524,87%,,,,,,,,,,
07/10/2019 09:00,175879.858,88%,,,,,,,,,,
07/10/2019 10:00,174722.145,87%,,,,,,,,,,
07/10/2019 11:00,166198.376,83%,,,,,,,,,,
07/10/2019 12:00,145184.686,73%,,,,,,,,,,
07/10/2019 13:00,117147.346,59%,,,,,,,,,,
07/10/2019 14:00,125566.011,63%,,,,,,,,,,
07/10/2019 15:00,126190.303,63%,,,,,,,,,,
07/10/2019 16:00,120911.611,60%,,,,,,,,,,
07/10/2019 17:00,123063.078,62%,,,,,,,,,,
07/10/2019 18:00,125735.727,63%,,,,,,,,,,
07/10/2019 19:00,127725.228,64%,,,,,,,,,,
07/10/2019 20:00,111719.323,56%,,,,,,,,,,
07/10/2019 21:00,104524.54,52%,,,,,,,,,,
07/10/2019 22:00,103086.016,52%,,,,,,,,,,
07/10/2019 23:00,103158.72,52%,,,,,,,,,,
08/10/2019 00:00,105069.095,53%,,,,,,,,,,
08/10/2019 01:00,124759.426,62%,,,,,,,,,,
08/10/2019 02:00,131382.741,66%,,,,,,,,,,
08/10/2019 03:00,137594.732,69%,,,,,,,,,,
08/10/2019 04:00,141356.571,71%,,,,,,,,,,
08/10/2019 05:00,150123.878,75%,,,,,,,,,,
08/10/2019 06:00,156730.84,78%,,,,,,,,,,
08/10/2019 07:00,154849.23,77%,,,,,,,,,,
08/10/2019 08:00,155980.582,78%,,,,,,,,,,
08/10/2019 09:00,166193.833,83%,,,,,,,,,,
08/10/2019 10:00,177275.956,89%,,,,,,,,,,
08/10/2019 11:00,184596.814,92%,,,,,,,,,,
08/10/2019 12:00,187885.094,94%,,,,,,,,,,
08/10/2019 13:00,185861.308,93%,,,,,,,,,,
08/10/2019 14:00,181125.026,91%,,,,,,,,,,
08/10/2019 15:00,176469.95,88%,,,,,,,,,,
08/10/2019 16:00,170654.286,85%,,,,,,,,,,
08/10/2019 17:00,165017.09,83%,,,,,,,,,,
08/10/2019 18:00,160192.354,80%,,,,,,,,,,
08/10/2019 19:00,157538.137,79%,,,,,,,,,,
08/10/2019 20:00,154743.686,77%,,,,,,,,,,
08/10/2019 21:00,155122.597,78%,,,,,,,,,,
08/10/2019 22:00,157623.236,79%,,,,,,,,,,
08/10/2019 23:00,159209.68,80%,,,,,,,,,,
09/10/2019 00:00,161821.908,81%,,,,,,,,,,
09/10/2019 01:00,162526.254,81%,,,,,,,,,,
09/10/2019 02:00,162500.089,81%,,,,,,,,,,
09/10/2019 03:00,161209.464,81%,,,,,,,,,,
09/10/2019 04:00,159713.171,80%,,,,,,,,,,
09/10/2019 05:00,158927.035,79%,,,,,,,,,,
09/10/2019 06:00,157283.128,79%,,,,,,,,,,
09/10/2019 07:00,156024.702,78%,,,,,,,,,,
09/10/2019 08:00,156656.696,78%,,,,,,,,,,
09/10/2019 09:00,161107.483,81%,,,,,,,,,,
09/10/2019 10:00,170188.832,85%,,,,,,,,,,
09/10/2019 11:00,175573.798,88%,,,,,,,,,,
09/10/2019 12:00,175842.083,88%,,,,,,,,,,
09/10/2019 13:00,176840.196,88%,,,,,,,,,,
09/10/2019 14:00,174237.285,87%,,,,,,,,,,
09/10/2019 15:00,167488.817,84%,,,,,,,,,,
09/10/2019 16:00,166898.047,83%,,,,,,,,,,
09/10/2019 17:00,166869.726,83%,,,,,,,,,,
09/10/2019 18:00,166636.671,83%,,,,,,,,,,
09/10/2019 19:00,169719.631,85%,,,,,,,,,,
09/10/2019 20:00,172901.925,86%,,,,,,,,,,
09/10/2019 21:00,173537.172,87%,,,,,,,,,,
09/10/2019 22:00,173263.781,87%,,,,,,,,,,
09/10/2019 23:00,172313.085,86%,,,,,,,,,,
10/10/2019 00:00,170003.956,85%,,,,,,,,,,
10/10/2019 01:00,167497.828,84%,,,,,,,,,,
10/10/2019 02:00,163565.842,82%,,,,,,,,,,
10/10/2019 03:00,155967.878,78%,,,,,,,,,,
10/10/2019 04:00,148774.399,74%,,,,,,,,,,
10/10/2019 05:00,141343.227,71%,,,,,,,,,,
10/10/2019 06:00,133859.724,67%,,,,,,,,,,
10/10/2019 07:00,125038.456,63%,,,,,,,,,,
10/10/2019 08:00,118073.244,59%,,,,,,,,,,
10/10/2019 09:00,113691.35,57%,,,,,,,,,,
10/10/2019 10:00,112393.379,56%,,,,,,,,,,
10/10/2019 11:00,112348.436,56%,,,,,,,,,,
10/10/2019 12:00,116261.629,58%,,,,,,,,,,
10/10/2019 13:00,96972.666,48%,,,,,,,,,,
10/10/2019 14:00,76472.774,38%,,,,,,,,,,
10/10/2019 15:00,74711.565,37%,,,,,,,,,,
10/10/2019 16:00,91835.267,46%,,,,,,,,,,
10/10/2019 17:00,117236.572,59%,,,,,,,,,,
10/10/2019 18:00,153376.533,77%,,,,,,,,,,
10/10/2019 19:00,164342.922,82%,,,,,,,,,,
10/10/2019 20:00,164250.692,82%,,,,,,,,,,
10/10/2019 21:00,157600.947,79%,,,,,,,,,,
10/10/2019 22:00,147762.072,74%,,,,,,,,,,
10/10/2019 23:00,151107.322,76%,,,,,,,,,,
11/10/2019 00:00,155187.863,78%,,,,,,,,,,
11/10/2019 01:00,155309.984,78%,,,,,,,,,,
11/10/2019 02:00,160050.921,80%,,,,,,,,,,
11/10/2019 03:00,161850.89,81%,,,,,,,,,,
11/10/2019 04:00,160050.146,80%,,,,,,,,,,
11/10/2019 05:00,158253.222,79%,,,,,,,,,,
11/10/2019 06:00,154761.826,77%,,,,,,,,,,
11/10/2019 07:00,152931.248,76%,,,,,,,,,,
11/10/2019 08:00,153175.803,77%,,,,,,,,,,
11/10/2019 09:00,161133.575,81%,,,,,,,,,,
11/10/2019 10:00,168750.472,84%,,,,,,,,,,
11/10/2019 11:00,175419.654,88%,,,,,,,,,,
11/10/2019 12:00,179741.422,90%,,,,,,,,,,
11/10/2019 13:00,180973.455,90%,,,,,,,,,,
11/10/2019 14:00,181127.874,91%,,,,,,,,,,
11/10/2019 15:00,177449.912,89%,,,,,,,,,,
11/10/2019 16:00,172459.144,86%,,,,,,,,,,
11/10/2019 17:00,167127.208,84%,,,,,,,,,,
11/10/2019 18:00,163279.724,82%,,,,,,,,,,
11/10/2019 19:00,158778.65,79%,,,,,,,,,,
11/10/2019 20:00,151737.006,76%,,,,,,,,,,
11/10/2019 21:00,139737.91,70%,,,,,,,,,,
11/10/2019 22:00,119057.132,60%,,,,,,,,,,
11/10/2019 23:00,107333.334,54%,,,,,,,,,,
12/10/2019 00:00,95189.856,48%,,,,,,,,,,
12/10/2019 01:00,84571.651,42%,,,,,,,,,,
12/10/2019 02:00,77684.225,39%,,,,,,,,,,
12/10/2019 03:00,71647.481,36%,,,,,,,,,,
12/10/2019 04:00,74465.597,37%,,,,,,,,,,
12/10/2019 05:00,79555.449,40%,,,,,,,,,,
12/10/2019 06:00,79429.797,40%,,,,,,,,,,
12/10/2019 07:00,73847.241,37%,,,,,,,,,,
12/10/2019 08:00,62248.129,31%,,,,,,,,,,
12/10/2019 09:00,78610.363,39%,,,,,,,,,,
12/10/2019 10:00,96292.868,48%,,,,,,,,,,
12/10/2019 11:00,102063.67,51%,,,,,,,,,,
12/10/2019 12:00,104383.353,52%,,,,,,,,,,
12/10/2019 13:00,101030.438,51%,,,,,,,,,,
12/10/2019 14:00,92708.958,46%,,,,,,,,,,
12/10/2019 15:00,81604.071,41%,,,,,,,,,,
12/10/2019 16:00,67521.835,34%,,,,,,,,,,
12/10/2019 17:00,65681.279,33%,,,,,,,,,,
12/10/2019 18:00,60976.331,30%,,,,,,,,,,
12/10/2019 19:00,53925.099,27%,,,,,,,,,,
12/10/2019 20:00,48601.239,24%,,,,,,,,,,
12/10/2019 21:00,38777.819,19%,,,,,,,,,,
12/10/2019 22:00,29780.517,15%,,,,,,,,,,
12/10/2019 23:00,20313.817,10%,,,,,,,,,,
13/10/2019 00:00,12321.062,6%,,,,,,,,,,
13/10/2019 01:00,7744.187,4%,,,,,,,,,,
13/10/2019 02:00,5033.9,3%,,,,,,,,,,
13/10/2019 03:00,2473.166,1%,,,,,,,,,,
13/10/2019 04:00,3864.752,2%,,,,,,,,,,
13/10/2019 05:00,7521.158,4%,,,,,,,,,,
13/10/2019 06:00,12213.514,6%,,,,,,,,,,
13/10/2019 07:00,17194.517,9%,,,,,,,,,,
13/10/2019 08:00,19704.882,10%,,,,,,,,,,
13/10/2019 09:00,20409.99,10%,,,,,,,,,,
13/10/2019 10:00,20688.854,10%,,,,,,,,,,
13/10/2019 11:00,22387.093,11%,,,,,,,,,,
13/10/2019 12:00,21170.349,11%,,,,,,,,,,
13/10/2019 13:00,19557.038,10%,,,,,,,,,,
13/10/2019 14:00,18562.898,9%,,,,,,,,,,
13/10/2019 15:00,17163.524,9%,,,,,,,,,,
13/10/2019 16:00,15397.62,8%,,,,,,,,,,
13/10/2019 17:00,10855.3,5%,,,,,,,,,,
13/10/2019 18:00,5030.506,3%,,,,,,,,,,
13/10/2019 19:00,1620.647,1%,,,,,,,,,,
13/10/2019 20:00,1826.58,1%,,,,,,,,,,
13/10/2019 21:00,5863.206,3%,,,,,,,,,,
13/10/2019 22:00,10281.499,5%,,,,,,,,,,
13/10/2019 23:00,14125.231,7%,,,,,,,,,,
14/10/2019 00:00,19155.884,10%,,,,,,,,,,
14/10/2019 01:00,26596.189,13%,,,,,,,,,,
14/10/2019 02:00,31591.287,16%,,,,,,,,,,
14/10/2019 03:00,33877.432,17%,,,,,,,,,,
14/10/2019 04:00,31696.979,16%,,,,,,,,,,
14/10/2019 05:00,26053.467,13%,,,,,,,,,,
14/10/2019 06:00,20581.855,10%,,,,,,,,,,
14/10/2019 07:00,15961.132,8%,,,,,,,,,,
14/10/2019 08:00,9728.67,5%,,,,,,,,,,
14/10/2019 09:00,5472.787,3%,,,,,,,,,,
14/10/2019 10:00,4798.782,2%,,,,,,,,,,
14/10/2019 11:00,5030.345,3%,,,,,,,,,,
14/10/2019 12:00,5352.512,3%,,,,,,,,,,
14/10/2019 13:00,7038.517,4%,,,,,,,,,,
14/10/2019 14:00,14087.946,7%,,,,,,,,,,
14/10/2019 15:00,20878.585,10%,,,,,,,,,,
14/10/2019 16:00,27711.691,14%,,,,,,,,,,
14/10/2019 17:00,38865.548,19%,,,,,,,,,,
14/10/2019 18:00,46463.306,23%,,,,,,,,,,
14/10/2019 19:00,47479.895,24%,,,,,,,,,,
14/10/2019 20:00,46471.448,23%,,,,,,,,,,
14/10/2019 21:00,42191.776,21%,,,,,,,,,,
14/10/2019 22:00,38338.263,19%,,,,,,,,,,
14/10/2019 23:00,34310.328,17%,,,,,,,,,,
15/10/2019 00:00,31088.121,16%,,,,,,,,,,
15/10/2019 01:00,27895.423,14%,,,,,,,,,,
15/10/2019 02:00,23698.657,12%,,,,,,,,,,
15/10/2019 03:00,19311.374,10%,,,,,,,,,,
15/10/2019 04:00,16582.64,8%,,,,,,,,,,
15/10/2019 05:00,12891.058,6%,,,,,,,,,,
15/10/2019 06:00,9505.298,5%,,,,,,,,,,
15/10/2019 07:00,7300.763,4%,,,,,,,,,,
15/10/2019 08:00,6828.079,3%,,,,,,,,,,
15/10/2019 09:00,7574.75,4%,,,,,,,,,,
15/10/2019 10:00,8301.048,4%,,,,,,,,,,
15/10/2019 11:00,8987.687,4%,,,,,,,,,,
15/10/2019 12:00,7162.053,4%,,,,,,,,,,
15/10/2019 13:00,5954.673,3%,,,,,,,,,,
15/10/2019 14:00,6437.928,3%,,,,,,,,,,
15/10/2019 15:00,6030.588,3%,,,,,,,,,,
15/10/2019 16:00,5819.836,3%,,,,,,,,,,
15/10/2019 17:00,9052.773,5%,,,,,,,,,,
15/10/2019 18:00,15244.04,8%,,,,,,,,,,
15/10/2019 19:00,21297.053,11%,,,,,,,,,,
15/10/2019 20:00,26898.873,13%,,,,,,,,,,
15/10/2019 21:00,33488.016,17%,,,,,,,,,,
15/10/2019 22:00,39113.882,20%,,,,,,,,,,
15/10/2019 23:00,46046.359,23%,,,,,,,,,,
16/10/2019 00:00,59201.031,30%,,,,,,,,,,
16/10/2019 01:00,54047.744,27%,,,,,,,,,,
16/10/2019 02:00,58607.325,29%,,,,,,,,,,
16/10/2019 03:00,53089.286,27%,,,,,,,,,,
16/10/2019 04:00,50788.281,25%,,,,,,,,,,
16/10/2019 05:00,48595.241,24%,,,,,,,,,,
16/10/2019 06:00,50921.672,25%,,,,,,,,,,
16/10/2019 07:00,51159.293,26%,,,,,,,,,,
16/10/2019 08:00,37635.5,19%,,,,,,,,,,
16/10/2019 09:00,22463.897,11%,,,,,,,,,,
16/10/2019 10:00,22469.185,11%,,,,,,,,,,
16/10/2019 11:00,51139.176,26%,,,,,,,,,,
16/10/2019 12:00,86879.926,43%,,,,,,,,,,
16/10/2019 13:00,99728.039,50%,,,,,,,,,,
16/10/2019 14:00,93040.981,47%,,,,,,,,,,
16/10/2019 15:00,70056.269,35%,,,,,,,,,,
16/10/2019 16:00,49741.932,25%,,,,,,,,,,
16/10/2019 17:00,48376.33,24%,,,,,,,,,,
16/10/2019 18:00,46391.198,23%,,,,,,,,,,
16/10/2019 19:00,43968.381,22%,,,,,,,,,,
16/10/2019 20:00,41305.608,21%,,,,,,,,,,
16/10/2019 21:00,37003.746,19%,,,,,,,,,,
16/10/2019 22:00,30921.843,15%,,,,,,,,,,
16/10/2019 23:00,25531.634,13%,,,,,,,,,,
17/10/2019 00:00,23847.364,12%,,,,,,,,,,
17/10/2019 01:00,23231.787,12%,,,,,,,,,,
17/10/2019 02:00,21704.213,11%,,,,,,,,,,
17/10/2019 03:00,17867.801,9%,,,,,,,,,,
17/10/2019 04:00,15528.132,8%,,,,,,,,,,
17/10/2019 05:00,17320.118,9%,,,,,,,,,,
17/10/2019 06:00,18350.041,9%,,,,,,,,,,
17/10/2019 07:00,17388.897,9%,,,,,,,,,,
17/10/2019 08:00,16188.476,8%,,,,,,,,,,
17/10/2019 09:00,17776.406,9%,,,,,,,,,,
17/10/2019 10:00,23845.857,12%,,,,,,,,,,
17/10/2019 11:00,33485.41,17%,,,,,,,,,,
17/10/2019 12:00,45486.427,23%,,,,,,,,,,
17/10/2019 13:00,55108.196,28%,,,,,,,,,,
17/10/2019 14:00,60496.579,30%,,,,,,,,,,
17/10/2019 15:00,63227.493,32%,,,,,,,,,,
17/10/2019 16:00,76625.486,38%,,,,,,,,,,
17/10/2019 17:00,90780.153,45%,,,,,,,,,,
17/10/2019 18:00,90521.325,45%,,,,,,,,,,
17/10/2019 19:00,87376.474,44%,,,,,,,,,,
17/10/2019 20:00,86356.628,43%,,,,,,,,,,
17/10/2019 21:00,88264.657,44%,,,,,,,,,,
17/10/2019 22:00,77225.611,39%,,,,,,,,,,
17/10/2019 23:00,62886.099,31%,,,,,,,,,,
18/10/2019 00:00,50986.715,25%,,,,,,,,,,
18/10/2019 01:00,42671.75,21%,,,,,,,,,,
18/10/2019 02:00,36104.175,18%,,,,,,,,,,
18/10/2019 03:00,27752.393,14%,,,,,,,,,,
18/10/2019 04:00,18713.615,9%,,,,,,,,,,
18/10/2019 05:00,12788.144,6%,,,,,,,,,,
18/10/2019 06:00,7379.816,4%,,,,,,,,,,
18/10/2019 07:00,4423.265,2%,,,,,,,,,,
18/10/2019 08:00,4020.828,2%,,,,,,,,,,
18/10/2019 09:00,5164.363,3%,,,,,,,,,,
18/10/2019 10:00,7808.6,4%,,,,,,,,,,
18/10/2019 11:00,10112.643,5%,,,,,,,,,,
18/10/2019 12:00,13984.329,7%,,,,,,,,,,
18/10/2019 13:00,16775.368,8%,,,,,,,,,,
18/10/2019 14:00,17931.017,9%,,,,,,,,,,
18/10/2019 15:00,17384.947,9%,,,,,,,,,,
18/10/2019 16:00,19380.596,10%,,,,,,,,,,
18/10/2019 17:00,25192.786,13%,,,,,,,,,,
18/10/2019 18:00,33465.267,17%,,,,,,,,,,
18/10/2019 19:00,41779.112,21%,,,,,,,,,,
18/10/2019 20:00,47814.245,24%,,,,,,,,,,
18/10/2019 21:00,52282.152,26%,,,,,,,,,,
18/10/2019 22:00,59427.857,30%,,,,,,,,,,
18/10/2019 23:00,62932.822,31%,,,,,,,,,,
19/10/2019 00:00,71548.759,36%,,,,,,,,,,
19/10/2019 01:00,76363.98,38%,,,,,,,,,,
19/10/2019 02:00,74473.506,37%,,,,,,,,,,
19/10/2019 03:00,86772.791,43%,,,,,,,,,,
19/10/2019 04:00,86068.849,43%,,,,,,,,,,
19/10/2019 05:00,94598.298,47%,,,,,,,,,,
19/10/2019 06:00,109945.057,55%,,,,,,,,,,
19/10/2019 07:00,118202.003,59%,,,,,,,,,,
19/10/2019 08:00,119726.173,60%,,,,,,,,,,
19/10/2019 09:00,136439.24,68%,,,,,,,,,,
19/10/2019 10:00,133873.102,67%,,,,,,,,,,
19/10/2019 11:00,131715.348,66%,,,,,,,,,,
19/10/2019 12:00,129096.003,65%,,,,,,,,,,
19/10/2019 13:00,122554.857,61%,,,,,,,,,,
19/10/2019 14:00,112014.807,56%,,,,,,,,,,
19/10/2019 15:00,102074.622,51%,,,,,,,,,,
19/10/2019 16:00,99593.096,50%,,,,,,,,,,
19/10/2019 17:00,104523.819,52%,,,,,,,,,,
19/10/2019 18:00,105460.9,53%,,,,,,,,,,
19/10/2019 19:00,112123.393,56%,,,,,,,,,,
19/10/2019 20:00,117630.829,59%,,,,,,,,,,
19/10/2019 21:00,126186.444,63%,,,,,,,,,,
19/10/2019 22:00,128466.764,64%,,,,,,,,,,
19/10/2019 23:00,132204.901,66%,,,,,,,,,,
20/10/2019 00:00,132204.083,66%,,,,,,,,,,
20/10/2019 01:00,130450.14,65%,,,,,,,,,,
20/10/2019 02:00,130372.004,65%,,,,,,,,,,
20/10/2019 03:00,129713.153,65%,,,,,,,,,,
20/10/2019 04:00,128323.644,64%,,,,,,,,,,
20/10/2019 05:00,128674.142,64%,,,,,,,,,,
20/10/2019 06:00,130292.551,65%,,,,,,,,,,
20/10/2019 07:00,130153.362,65%,,,,,,,,,,
20/10/2019 08:00,121073.966,61%,,,,,,,,,,
20/10/2019 09:00,111288.383,56%,,,,,,,,,,
20/10/2019 10:00,120141.609,60%,,,,,,,,,,
20/10/2019 11:00,123572.091,62%,,,,,,,,,,
20/10/2019 12:00,117636.401,59%,,,,,,,,,,
20/10/2019 13:00,111943.608,56%,,,,,,,,,,
20/10/2019 14:00,102386.183,51%,,,,,,,,,,
20/10/2019 15:00,83152.74,42%,,,,,,,,,,
20/10/2019 16:00,72326.072,36%,,,,,,,,,,
20/10/2019 17:00,74963.059,37%,,,,,,,,,,
20/10/2019 18:00,68498.784,34%,,,,,,,,,,
20/10/2019 19:00,61390.556,31%,,,,,,,,,,
20/10/2019 20:00,58756.099,29%,,,,,,,,,,
20/10/2019 21:00,63767.172,32%,,,,,,,,,,
20/10/2019 22:00,68915.171,34%,,,,,,,,,,
20/10/2019 23:00,66137.791,33%,,,,,,,,,,
21/10/2019 00:00,58474.012,29%,,,,,,,,,,
21/10/2019 01:00,53313.306,27%,,,,,,,,,,
21/10/2019 02:00,43964.515,22%,,,,,,,,,,
21/10/2019 03:00,33718.62,17%,,,,,,,,,,
21/10/2019 04:00,29714.957,15%,,,,,,,,,,
21/10/2019 05:00,22869.496,11%,,,,,,,,,,
21/10/2019 06:00,17508.328,9%,,,,,,,,,,
21/10/2019 07:00,15633.345,8%,,,,,,,,,,
21/10/2019 08:00,8307.071,4%,,,,,,,,,,
21/10/2019 09:00,1768.408,1%,,,,,,,,,,
21/10/2019 10:00,6310.856,3%,,,,,,,,,,
21/10/2019 11:00,24432.206,12%,,,,,,,,,,
21/10/2019 12:00,37913.108,19%,,,,,,,,,,
21/10/2019 13:00,45041.704,23%,,,,,,,,,,
21/10/2019 14:00,46990.261,23%,,,,,,,,,,
21/10/2019 15:00,48144.038,24%,,,,,,,,,,
21/10/2019 16:00,58718.236,29%,,,,,,,,,,
21/10/2019 17:00,79485.501,40%,,,,,,,,,,
21/10/2019 18:00,94013.797,47%,,,,,,,,,,
21/10/2019 19:00,100395.8,50%,,,,,,,,,,
21/10/2019 20:00,105183.281,53%,,,,,,,,,,
21/10/2019 21:00,109406.624,55%,,,,,,,,,,
21/10/2019 22:00,112129.021,56%,,,,,,,,,,
21/10/2019 23:00,106972.652,53%,,,,,,,,,,
22/10/2019 00:00,106429.44,53%,,,,,,,,,,
22/10/2019 01:00,110991.452,55%,,,,,,,,,,
22/10/2019 02:00,110015.573,55%,,,,,,,,,,
22/10/2019 03:00,123574.264,62%,,,,,,,,,,
22/10/2019 04:00,127768.559,64%,,,,,,,,,,
22/10/2019 05:00,127503.667,64%,,,,,,,,,,
22/10/2019 06:00,128976.209,64%,,,,,,,,,,
22/10/2019 07:00,128811.827,64%,,,,,,,,,,
22/10/2019 08:00,124209.893,62%,,,,,,,,,,
22/10/2019 09:00,107630.977,54%,,,,,,,,,,
22/10/2019 10:00,109945.543,55%,,,,,,,,,,
22/10/2019 11:00,121382.745,61%,,,,,,,,,,
22/10/2019 12:00,133011.403,67%,,,,,,,,,,
22/10/2019 13:00,131330.219,66%,,,,,,,,,,
22/10/2019 14:00,128908.863,64%,,,,,,,,,,
22/10/2019 15:00,123616.847,62%,,,,,,,,,,
22/10/2019 16:00,123571.904,62%,,,,,,,,,,
22/10/2019 17:00,122047.331,61%,,,,,,,,,,
22/10/2019 18:00,121305.684,61%,,,,,,,,,,
22/10/2019 19:00,121957.436,61%,,,,,,,,,,
22/10/2019 20:00,122045.821,61%,,,,,,,,,,
22/10/2019 21:00,118312.409,59%,,,,,,,,,,
22/10/2019 22:00,118352.751,59%,,,,,,,,,,
22/10/2019 23:00,117379.694,59%,,,,,,,,,,
23/10/2019 00:00,117422.493,59%,,,,,,,,,,
23/10/2019 01:00,117542.675,59%,,,,,,,,,,
23/10/2019 02:00,116596.846,58%,,,,,,,,,,
23/10/2019 03:00,110483.197,55%,,,,,,,,,,
23/10/2019 04:00,98960.355,49%,,,,,,,,,,
23/10/2019 05:00,96844.798,48%,,,,,,,,,,
23/10/2019 06:00,106972.673,53%,,,,,,,,,,
23/10/2019 07:00,100448.438,50%,,,,,,,,,,
23/10/2019 08:00,96841.953,48%,,,,,,,,,,
23/10/2019 09:00,97029.449,49%,,,,,,,,,,
23/10/2019 10:00,104298.41,52%,,,,,,,,,,
23/10/2019 11:00,146240.18,73%,,,,,,,,,,
23/10/2019 12:00,161530.966,81%,,,,,,,,,,
23/10/2019 13:00,162578.811,81%,,,,,,,,,,
23/10/2019 14:00,156469.639,78%,,,,,,,,,,
23/10/2019 15:00,150734.461,75%,,,,,,,,,,
23/10/2019 16:00,148475.469,74%,,,,,,,,,,
23/10/2019 17:00,150971.845,75%,,,,,,,,,,
23/10/2019 18:00,153870.907,77%,,,,,,,,,,
23/10/2019 19:00,153005.307,77%,,,,,,,,,,
23/10/2019 20:00,150783.98,75%,,,,,,,,,,
23/10/2019 21:00,150279.186,75%,,,,,,,,,,
23/10/2019 22:00,145284.941,73%,,,,,,,,,,
23/10/2019 23:00,139999.957,70%,,,,,,,,,,
24/10/2019 00:00,130123.56,65%,,,,,,,,,,
24/10/2019 01:00,114092.857,57%,,,,,,,,,,
24/10/2019 02:00,102546.072,51%,,,,,,,,,,
24/10/2019 03:00,98768.39,49%,,,,,,,,,,
24/10/2019 04:00,93917.43,47%,,,,,,,,,,
24/10/2019 05:00,92386.113,46%,,,,,,,,,,
24/10/2019 06:00,98533.792,49%,,,,,,,,,,
24/10/2019 07:00,95741.348,48%,,,,,,,,,,
24/10/2019 08:00,89526.093,45%,,,,,,,,,,
24/10/2019 09:00,87512.872,44%,,,,,,,,,,
24/10/2019 10:00,87243.118,44%,,,,,,,,,,
24/10/2019 11:00,92531.493,46%,,,,,,,,,,
24/10/2019 12:00,97809.415,49%,,,,,,,,,,
24/10/2019 13:00,97685.409,49%,,,,,,,,,,
24/10/2019 14:00,88241.302,44%,,,,,,,,,,
24/10/2019 15:00,87855.715,44%,,,,,,,,,,
24/10/2019 16:00,95188.014,48%,,,,,,,,,,
24/10/2019 17:00,90718.992,45%,,,,,,,,,,
24/10/2019 18:00,77411.719,39%,,,,,,,,,,
24/10/2019 19:00,69087.848,35%,,,,,,,,,,
24/10/2019 20:00,61607.926,31%,,,,,,,,,,
24/10/2019 21:00,60991.067,30%,,,,,,,,,,
24/10/2019 22:00,72394.026,36%,,,,,,,,,,
24/10/2019 23:00,86381.982,43%,,,,,,,,,,
25/10/2019 00:00,92001.673,46%,,,,,,,,,,
25/10/2019 01:00,95147.44,48%,,,,,,,,,,
25/10/2019 02:00,96356.762,48%,,,,,,,,,,
25/10/2019 03:00,96026.183,48%,,,,,,,,,,
25/10/2019 04:00,88852.786,44%,,,,,,,,,,
25/10/2019 05:00,95363.676,48%,,,,,,,,,,
25/10/2019 06:00,104448.315,52%,,,,,,,,,,
25/10/2019 07:00,106564.897,53%,,,,,,,,,,
25/10/2019 08:00,97667.282,49%,,,,,,,,,,
25/10/2019 09:00,81136.698,41%,,,,,,,,,,
25/10/2019 10:00,92951.992,46%,,,,,,,,,,
25/10/2019 11:00,106751.839,53%,,,,,,,,,,
25/10/2019 12:00,89318.546,45%,,,,,,,,,,
25/10/2019 13:00,66827.038,33%,,,,,,,,,,
25/10/2019 14:00,47300.39,24%,,,,,,,,,,
25/10/2019 15:00,40615.479,20%,,,,,,,,,,
25/10/2019 16:00,35467.494,18%,,,,,,,,,,
25/10/2019 17:00,31701.47,16%,,,,,,,,,,
25/10/2019 18:00,31414.555,16%,,,,,,,,,,
25/10/2019 19:00,33628.796,17%,,,,,,,,,,
25/10/2019 20:00,42198.024,21%,,,,,,,,,,
25/10/2019 21:00,54402.331,27%,,,,,,,,,,
25/10/2019 22:00,67582.323,34%,,,,,,,,,,
25/10/2019 23:00,76893.622,38%,,,,,,,,,,
26/10/2019 00:00,79553.007,40%,,,,,,,,,,
26/10/2019 01:00,85599.297,43%,,,,,,,,,,
26/10/2019 02:00,87744.186,44%,,,,,,,,,,
26/10/2019 03:00,84120.357,42%,,,,,,,,,,
26/10/2019 04:00,88968.331,44%,,,,,,,,,,
26/10/2019 05:00,94108.351,47%,,,,,,,,,,
26/10/2019 06:00,97669.244,49%,,,,,,,,,,
26/10/2019 07:00,100140.485,50%,,,,,,,,,,
26/10/2019 08:00,88750.338,44%,,,,,,,,,,
26/10/2019 09:00,68074.305,34%,,,,,,,,,,
26/10/2019 10:00,86000.405,43%,,,,,,,,,,
26/10/2019 11:00,118735.677,59%,,,,,,,,,,
26/10/2019 12:00,129323.384,65%,,,,,,,,,,
26/10/2019 13:00,131709.617,66%,,,,,,,,,,
26/10/2019 14:00,128324.753,64%,,,,,,,,,,
26/10/2019 15:00,126092.319,63%,,,,,,,,,,
26/10/2019 16:00,134481.978,67%,,,,,,,,,,
26/10/2019 17:00,136436.92,68%,,,,,,,,,,
26/10/2019 18:00,139251.667,70%,,,,,,,,,,
26/10/2019 19:00,145664.736,73%,,,,,,,,,,
26/10/2019 20:00,144429.702,72%,,,,,,,,,,
26/10/2019 21:00,150090.134,75%,,,,,,,,,,
26/10/2019 22:00,153906.816,77%,,,,,,,,,,
26/10/2019 23:00,157291.602,79%,,,,,,,,,,
27/10/2019 00:00,165742.347,83%,,,,,,,,,,
27/10/2019 01:00,169061.534,85%,,,,,,,,,,
27/10/2019 02:00,173159.17,87%,,,,,,,,,,
27/10/2019 03:00,176065.361,88%,,,,,,,,,,
27/10/2019 04:00,177265.16,89%,,,,,,,,,,
27/10/2019 05:00,177265.805,89%,,,,,,,,,,
27/10/2019 06:00,176874.512,88%,,,,,,,,,,
27/10/2019 07:00,174004.614,87%,,,,,,,,,,
27/10/2019 08:00,168308.141,84%,,,,,,,,,,
27/10/2019 09:00,162339.909,81%,,,,,,,,,,
27/10/2019 10:00,158646.04,79%,,,,,,,,,,
27/10/2019 11:00,153187.892,77%,,,,,,,,,,
27/10/2019 12:00,144354.036,72%,,,,,,,,,,
27/10/2019 13:00,132205.651,66%,,,,,,,,,,
27/10/2019 14:00,114220.603,57%,,,,,,,,,,
27/10/2019 15:00,89044.724,45%,,,,,,,,,,
27/10/2019 16:00,82832.39,41%,,,,,,,,,,
27/10/2019 17:00,83090.165,42%,,,,,,,,,,
27/10/2019 18:00,79042.895,40%,,,,,,,,,,
27/10/2019 19:00,77977.662,39%,,,,,,,,,,
27/10/2019 20:00,75856.153,38%,,,,,,,,,,
27/10/2019 21:00,72318.656,36%,,,,,,,,,,
27/10/2019 22:00,66952.703,33%,,,,,,,,,,
27/10/2019 23:00,63287.485,32%,,,,,,,,,,
28/10/2019 00:00,60489.481,30%,,,,,,,,,,
28/10/2019 01:00,59776.04,30%,,,,,,,,,,
28/10/2019 02:00,57994.405,29%,,,,,,,,,,
28/10/2019 03:00,55695.97,28%,,,,,,,,,,
28/10/2019 04:00,57999.314,29%,,,,,,,,,,
28/10/2019 05:00,58764.165,29%,,,,,,,,,,
28/10/2019 06:00,56218.069,28%,,,,,,,,,,
28/10/2019 07:00,53415.292,27%,,,,,,,,,,
28/10/2019 08:00,48802.087,24%,,,,,,,,,,
28/10/2019 09:00,36044.885,18%,,,,,,,,,,
28/10/2019 10:00,29255.331,15%,,,,,,,,,,
28/10/2019 11:00,42396.458,21%,,,,,,,,,,
28/10/2019 12:00,46892.314,23%,,,,,,,,,,
28/10/2019 13:00,46146.374,23%,,,,,,,,,,
28/10/2019 14:00,41709.574,21%,,,,,,,,,,
28/10/2019 15:00,33235.788,17%,,,,,,,,,,
28/10/2019 16:00,31852.373,16%,,,,,,,,,,
28/10/2019 17:00,34120.474,17%,,,,,,,,,,
28/10/2019 18:00,37522.572,19%,,,,,,,,,,
28/10/2019 19:00,45488.886,23%,,,,,,,,,,
28/10/2019 20:00,46579.445,23%,,,,,,,,,,
28/10/2019 21:00,49012.525,25%,,,,,,,,,,
28/10/2019 22:00,50769.522,25%,,,,,,,,,,
28/10/2019 23:00,52277.778,26%,,,,,,,,,,
29/10/2019 00:00,54880.647,27%,,,,,,,,,,
29/10/2019 01:00,53678.897,27%,,,,,,,,,,
29/10/2019 02:00,52278.122,26%,,,,,,,,,,
29/10/2019 03:00,52273.752,26%,,,,,,,,,,
29/10/2019 04:00,52604.208,26%,,,,,,,,,,
29/10/2019 05:00,51418.272,26%,,,,,,,,,,
29/10/2019 06:00,50242.058,25%,,,,,,,,,,
29/10/2019 07:00,50297.395,25%,,,,,,,,,,
29/10/2019 08:00,47067.437,24%,,,,,,,,,,
29/10/2019 09:00,36281.223,18%,,,,,,,,,,
29/10/2019 10:00,32909.817,16%,,,,,,,,,,
29/10/2019 11:00,41464.693,21%,,,,,,,,,,
29/10/2019 12:00,42734.56,21%,,,,,,,,,,
29/10/2019 13:00,38980.998,19%,,,,,,,,,,
29/10/2019 14:00,30918.342,15%,,,,,,,,,,
29/10/2019 15:00,26738.51,13%,,,,,,,,,,
29/10/2019 16:00,31271.015,16%,,,,,,,,,,
29/10/2019 17:00,35607.615,18%,,,,,,,,,,
29/10/2019 18:00,37437.068,19%,,,,,,,,,,
29/10/2019 19:00,38814.939,19%,,,,,,,,,,
29/10/2019 20:00,39307.92,20%,,,,,,,,,,
29/10/2019 21:00,38517.6,19%,,,,,,,,,,
29/10/2019 22:00,37890.053,19%,,,,,,,,,,
29/10/2019 23:00,35861.85,18%,,,,,,,,,,
30/10/2019 00:00,31154.844,16%,,,,,,,,,,
30/10/2019 01:00,27701.323,14%,,,,,,,,,,
30/10/2019 02:00,24539.683,12%,,,,,,,,,,
30/10/2019 03:00,23262.204,12%,,,,,,,,,,
30/10/2019 04:00,23544.645,12%,,,,,,,,,,
30/10/2019 05:00,25735.095,13%,,,,,,,,,,
30/10/2019 06:00,29196.04,15%,,,,,,,,,,
30/10/2019 07:00,32042.36,16%,,,,,,,,,,
30/10/2019 08:00,33532.364,17%,,,,,,,,,,
30/10/2019 09:00,30876.89,15%,,,,,,,,,,
30/10/2019 10:00,34194.423,17%,,,,,,,,,,
30/10/2019 11:00,38319.69,19%,,,,,,,,,,
30/10/2019 12:00,37355.55,19%,,,,,,,,,,
30/10/2019 13:00,36021.208,18%,,,,,,,,,,
30/10/2019 14:00,34016.016,17%,,,,,,,,,,
30/10/2019 15:00,33666.912,17%,,,,,,,,,,
30/10/2019 16:00,45483.905,23%,,,,,,,,,,
30/10/2019 17:00,55852.965,28%,,,,,,,,,,
30/10/2019 18:00,62006.766,31%,,,,,,,,,,
30/10/2019 19:00,64526.622,32%,,,,,,,,,,
30/10/2019 20:00,68128.901,34%,,,,,,,,,,
30/10/2019 21:00,62769.364,31%,,,,,,,,,,
30/10/2019 22:00,55086.82,28%,,,,,,,,,,
30/10/2019 23:00,50191.866,25%,,,,,,,,,,
31/10/2019 00:00,48108.072,24%,,,,,,,,,,
31/10/2019 01:00,45684.908,23%,,,,,,,,,,
31/10/2019 02:00,43420.584,22%,,,,,,,,,,
31/10/2019 03:00,37494.816,19%,,,,,,,,,,
31/10/2019 04:00,31700.723,16%,,,,,,,,,,
31/10/2019 05:00,28803.884,14%,,,,,,,,,,
31/10/2019 06:00,26497.754,13%,,,,,,,,,,
31/10/2019 07:00,24332.656,12%,,,,,,,,,,
31/10/2019 08:00,26213.157,13%,,,,,,,,,,
31/10/2019 09:00,23595.423,12%,,,,,,,,,,
31/10/2019 10:00,22778.992,11%,,,,,,,,,,
31/10/2019 11:00,46915.571,23%,,,,,,,,,,
31/10/2019 12:00,61576.033,31%,,,,,,,,,,
31/10/2019 13:00,58757.568,29%,,,,,,,,,,
31/10/2019 14:00,49729.202,25%,,,,,,,,,,
31/10/2019 15:00,45147.869,23%,,,,,,,,,,
31/10/2019 16:00,51183.212,26%,,,,,,,,,,
31/10/2019 17:00,62993.155,31%,,,,,,,,,,
31/10/2019 18:00,65766.799,33%,,,,,,,,,,
31/10/2019 19:00,60982.889,30%,,,,,,,,,,
31/10/2019 20:00,54796.418,27%,,,,,,,,,,
31/10/2019 21:00,48597.75,24%,,,,,,,,,,
31/10/2019 22:00,49362.467,25%,,,,,,,,,,
31/10/2019 23:00,48244.71,24%,,,,,,,,,,
01/11/2019 00:00,46632.142,23%,,,,,,,,,,
01/11/2019 01:00,47745.971,24%,,,,,,,,,,
01/11/2019 02:00,50188.411,25%,,,,,,,,,,
01/11/2019 03:00,52274.269,26%,,,,,,,,,,
01/11/2019 04:00,49057.665,25%,,,,,,,,,,
01/11/2019 05:00,47642.96,24%,,,,,,,,,,
01/11/2019 06:00,45580.886,23%,,,,,,,,,,
01/11/2019 07:00,43940.14,22%,,,,,,,,,,
01/11/2019 08:00,43733.381,22%,,,,,,,,,,
01/11/2019 09:00,43960.979,22%,,,,,,,,,,
01/11/2019 10:00,46148.348,23%,,,,,,,,,,
01/11/2019 11:00,49731.37,25%,,,,,,,,,,
01/11/2019 12:00,54163.413,27%,,,,,,,,,,
01/11/2019 13:00,64058.515,32%,,,,,,,,,,
01/11/2019 14:00,65604,33%,,,,,,,,,,
01/11/2019 15:00,65545.292,33%,,,,,,,,,,
01/11/2019 16:00,62229.51,31%,,,,,,,,,,
01/11/2019 17:00,56920.936,28%,,,,,,,,,,
01/11/2019 18:00,49917.498,25%,,,,,,,,,,
01/11/2019 19:00,41761.645,21%,,,,,,,,,,
01/11/2019 20:00,38235.938,19%,,,,,,,,,,
01/11/2019 21:00,38974.502,19%,,,,,,,,,,
01/11/2019 22:00,45040.063,23%,,,,,,,,,,
01/11/2019 23:00,57780.608,29%,,,,,,,,,,
02/11/2019 00:00,70820.72,35%,,,,,,,,,,
02/11/2019 01:00,82000.414,41%,,,,,,,,,,
02/11/2019 02:00,89399.911,45%,,,,,,,,,,
02/11/2019 03:00,91327.585,46%,,,,,,,,,,
02/11/2019 04:00,80096.293,40%,,,,,,,,,,
02/11/2019 05:00,62534.767,31%,,,,,,,,,,
02/11/2019 06:00,41535.766,21%,,,,,,,,,,
02/11/2019 07:00,27786.921,14%,,,,,,,,,,
02/11/2019 08:00,21523.826,11%,,,,,,,,,,
02/11/2019 09:00,16364.296,8%,,,,,,,,,,
02/11/2019 10:00,10138.221,5%,,,,,,,,,,
02/11/2019 11:00,7841.012,4%,,,,,,,,,,
02/11/2019 12:00,4940.162,2%,,,,,,,,,,
02/11/2019 13:00,4615.622,2%,,,,,,,,,,
02/11/2019 14:00,8323.925,4%,,,,,,,,,,
02/11/2019 15:00,14517.235,7%,,,,,,,,,,
02/11/2019 16:00,20175.527,10%,,,,,,,,,,
02/11/2019 17:00,25150.752,13%,,,,,,,,,,
02/11/2019 18:00,34300.208,17%,,,,,,,,,,
02/11/2019 19:00,44718.198,22%,,,,,,,,,,
02/11/2019 20:00,53423.896,27%,,,,,,,,,,
02/11/2019 21:00,59635.85,30%,,,,,,,,,,
02/11/2019 22:00,59256.405,30%,,,,,,,,,,
02/11/2019 23:00,57082.447,29%,,,,,,,,,,
03/11/2019 00:00,62261.189,31%,,,,,,,,,,
03/11/2019 01:00,76215.816,38%,,,,,,,,,,
03/11/2019 02:00,92708.657,46%,,,,,,,,,,
03/11/2019 03:00,112108.65,56%,,,,,,,,,,
03/11/2019 04:00,115720.766,58%,,,,,,,,,,
03/11/2019 05:00,118121.433,59%,,,,,,,,,,
03/11/2019 06:00,133857.044,67%,,,,,,,,,,
03/11/2019 07:00,128902.339,64%,,,,,,,,,,
03/11/2019 08:00,120883.821,60%,,,,,,,,,,
03/11/2019 09:00,112590.514,56%,,,,,,,,,,
03/11/2019 10:00,104340.972,52%,,,,,,,,,,
03/11/2019 11:00,106189.306,53%,,,,,,,,,,
03/11/2019 12:00,103011.119,52%,,,,,,,,,,
03/11/2019 13:00,85855.979,43%,,,,,,,,,,
03/11/2019 14:00,79012.252,40%,,,,,,,,,,
03/11/2019 15:00,83914.257,42%,,,,,,,,,,
03/11/2019 16:00,86564.145,43%,,,,,,,,,,
03/11/2019 17:00,91329.653,46%,,,,,,,,,,
03/11/2019 18:00,89404.594,45%,,,,,,,,,,
03/11/2019 19:00,95741.097,48%,,,,,,,,,,
03/11/2019 20:00,93259.969,47%,,,,,,,,,,
03/11/2019 21:00,99198.588,50%,,,,,,,,,,
03/11/2019 22:00,99915.77,50%,,,,,,,,,,
03/11/2019 23:00,96844.435,48%,,,,,,,,,,
04/11/2019 00:00,96841.624,48%,,,,,,,,,,
04/11/2019 01:00,90778.086,45%,,,,,,,,,,
04/11/2019 02:00,85672.896,43%,,,,,,,,,,
04/11/2019 03:00,84720.194,42%,,,,,,,,,,
04/11/2019 04:00,86544.858,43%,,,,,,,,,,
04/11/2019 05:00,96992.548,48%,,,,,,,,,,
04/11/2019 06:00,103157.835,52%,,,,,,,,,,
04/11/2019 07:00,116597.009,58%,,,,,,,,,,
04/11/2019 08:00,127527.375,64%,,,,,,,,,,
04/11/2019 09:00,140784.368,70%,,,,,,,,,,
04/11/2019 10:00,146267.951,73%,,,,,,,,,,
04/11/2019 11:00,149969.346,75%,,,,,,,,,,
04/11/2019 12:00,156466.354,78%,,,,,,,,,,
04/11/2019 13:00,160144.89,80%,,,,,,,,,,
04/11/2019 14:00,162972.906,81%,,,,,,,,,,
04/11/2019 15:00,165507.957,83%,,,,,,,,,,
04/11/2019 16:00,163124.667,82%,,,,,,,,,,
04/11/2019 17:00,157642.258,79%,,,,,,,,,,
04/11/2019 18:00,153043.902,77%,,,,,,,,,,
04/11/2019 19:00,151460.703,76%,,,,,,,,,,
04/11/2019 20:00,150962.175,75%,,,,,,,,,,
04/11/2019 21:00,152239.729,76%,,,,,,,,,,
04/11/2019 22:00,154905.418,77%,,,,,,,,,,
04/11/2019 23:00,154494.514,77%,,,,,,,,,,
05/11/2019 00:00,150202.757,75%,,,,,,,,,,
05/11/2019 01:00,142932.999,71%,,,,,,,,,,
05/11/2019 02:00,135889.661,68%,,,,,,,,,,
05/11/2019 03:00,126976.875,63%,,,,,,,,,,
05/11/2019 04:00,117123.931,59%,,,,,,,,,,
05/11/2019 05:00,106429.893,53%,,,,,,,,,,
05/11/2019 06:00,100591.974,50%,,,,,,,,,,
05/11/2019 07:00,91332.586,46%,,,,,,,,,,
05/11/2019 08:00,81683.583,41%,,,,,,,,,,
05/11/2019 09:00,62271.47,31%,,,,,,,,,,
05/11/2019 10:00,51156.596,26%,,,,,,,,,,
05/11/2019 11:00,64757.625,32%,,,,,,,,,,
05/11/2019 12:00,61437.634,31%,,,,,,,,,,
05/11/2019 13:00,49740.071,25%,,,,,,,,,,
05/11/2019 14:00,37149.886,19%,,,,,,,,,,
05/11/2019 15:00,28801.914,14%,,,,,,,,,,
05/11/2019 16:00,27530.956,14%,,,,,,,,,,
05/11/2019 17:00,27948.975,14%,,,,,,,,,,
05/11/2019 18:00,28295.352,14%,,,,,,,,,,
05/11/2019 19:00,26733.832,13%,,,,,,,,,,
05/11/2019 20:00,24912.741,12%,,,,,,,,,,
05/11/2019 21:00,23906.992,12%,,,,,,,,,,
05/11/2019 22:00,22632.538,11%,,,,,,,,,,
05/11/2019 23:00,20136.421,10%,,,,,,,,,,
06/11/2019 00:00,17250.978,9%,,,,,,,,,,
06/11/2019 01:00,14927.053,7%,,,,,,,,,,
06/11/2019 02:00,12275.004,6%,,,,,,,,,,
06/11/2019 03:00,8513.801,4%,,,,,,,,,,
06/11/2019 04:00,5841.154,3%,,,,,,,,,,
06/11/2019 05:00,7034.091,4%,,,,,,,,,,
06/11/2019 06:00,11903.878,6%,,,,,,,,,,
06/11/2019 07:00,12637.688,6%,,,,,,,,,,
06/11/2019 08:00,10989.127,5%,,,,,,,,,,
06/11/2019 09:00,10811.646,5%,,,,,,,,,,
06/11/2019 10:00,10604.055,5%,,,,,,,,,,
06/11/2019 11:00,11704.337,6%,,,,,,,,,,
06/11/2019 12:00,13799.405,7%,,,,,,,,,,
06/11/2019 13:00,16802.732,8%,,,,,,,,,,
06/11/2019 14:00,22297.034,11%,,,,,,,,,,
06/11/2019 15:00,30913.885,15%,,,,,,,,,,
06/11/2019 16:00,39105.005,20%,,,,,,,,,,
06/11/2019 17:00,46146.762,23%,,,,,,,,,,
06/11/2019 18:00,49732.836,25%,,,,,,,,,,
06/11/2019 19:00,48758.384,24%,,,,,,,,,,
06/11/2019 20:00,47894.724,24%,,,,,,,,,,
06/11/2019 21:00,48086.388,24%,,,,,,,,,,
06/11/2019 22:00,49048.917,25%,,,,,,,,,,
06/11/2019 23:00,50461.508,25%,,,,,,,,,,
07/11/2019 00:00,51808.814,26%,,,,,,,,,,
07/11/2019 01:00,52077.737,26%,,,,,,,,,,
07/11/2019 02:00,52512.903,26%,,,,,,,,,,
07/11/2019 03:00,56018.619,28%,,,,,,,,,,
07/11/2019 04:00,61047.795,31%,,,,,,,,,,
07/11/2019 05:00,69435.692,35%,,,,,,,,,,
07/11/2019 06:00,80643.613,40%,,,,,,,,,,
07/11/2019 07:00,89404.381,45%,,,,,,,,,,
07/11/2019 08:00,96333.183,48%,,,,,,,,,,
07/11/2019 09:00,100438.303,50%,,,,,,,,,,
07/11/2019 10:00,116026.511,58%,,,,,,,,,,
07/11/2019 11:00,128785.353,64%,,,,,,,,,,
07/11/2019 12:00,138952.131,69%,,,,,,,,,,
07/11/2019 13:00,147205.518,74%,,,,,,,,,,
07/11/2019 14:00,149170.213,75%,,,,,,,,,,
07/11/2019 15:00,150124.463,75%,,,,,,,,,,
07/11/2019 16:00,150943.671,75%,,,,,,,,,,
07/11/2019 17:00,139004.618,70%,,,,,,,,,,
07/11/2019 18:00,126126.148,63%,,,,,,,,,,
07/11/2019 19:00,118937.463,59%,,,,,,,,,,
07/11/2019 20:00,114658.183,57%,,,,,,,,,,
07/11/2019 21:00,110768.551,55%,,,,,,,,,,
07/11/2019 22:00,109406.627,55%,,,,,,,,,,
07/11/2019 23:00,108722.112,54%,,,,,,,,,,
08/11/2019 00:00,107514.978,54%,,,,,,,,,,
08/11/2019 01:00,106753.856,53%,,,,,,,,,,
08/11/2019 02:00,105069.06,53%,,,,,,,,,,
08/11/2019 03:00,104483.775,52%,,,,,,,,,,
08/11/2019 04:00,97139.791,49%,,,,,,,,,,
08/11/2019 05:00,90267.311,45%,,,,,,,,,,
08/11/2019 06:00,81714.534,41%,,,,,,,,,,
08/11/2019 07:00,75247.848,38%,,,,,,,,,,
08/11/2019 08:00,69339.317,35%,,,,,,,,,,
08/11/2019 09:00,51806.966,26%,,,,,,,,,,
08/11/2019 10:00,38631.856,19%,,,,,,,,,,
08/11/2019 11:00,36128.14,18%,,,,,,,,,,
08/11/2019 12:00,32798.054,16%,,,,,,,,,,
08/11/2019 13:00,26594.314,13%,,,,,,,,,,
08/11/2019 14:00,20730.101,10%,,,,,,,,,,
08/11/2019 15:00,21416.848,11%,,,,,,,,,,
08/11/2019 16:00,25550.041,13%,,,,,,,,,,
08/11/2019 17:00,23862.627,12%,,,,,,,,,,
08/11/2019 18:00,18560.784,9%,,,,,,,,,,
08/11/2019 19:00,15257.274,8%,,,,,,,,,,
08/11/2019 20:00,15102.999,8%,,,,,,,,,,
08/11/2019 21:00,17637.746,9%,,,,,,,,,,
08/11/2019 22:00,21333.376,11%,,,,,,,,,,
08/11/2019 23:00,25279.422,13%,,,,,,,,,,
09/11/2019 00:00,28981.241,14%,,,,,,,,,,
09/11/2019 01:00,33297.084,17%,,,,,,,,,,
09/11/2019 02:00,38521.524,19%,,,,,,,,,,
09/11/2019 03:00,43283.603,22%,,,,,,,,,,
09/11/2019 04:00,50784.503,25%,,,,,,,,,,
09/11/2019 05:00,57251.411,29%,,,,,,,,,,
09/11/2019 06:00,64518.299,32%,,,,,,,,,,
09/11/2019 07:00,69040.777,35%,,,,,,,,,,
09/11/2019 08:00,71016.887,36%,,,,,,,,,,
09/11/2019 09:00,72854.842,36%,,,,,,,,,,
09/11/2019 10:00,69526.753,35%,,,,,,,,,,
09/11/2019 11:00,60494.326,30%,,,,,,,,,,
09/11/2019 12:00,49801.632,25%,,,,,,,,,,
09/11/2019 13:00,47903.31,24%,,,,,,,,,,
09/11/2019 14:00,52829.918,26%,,,,,,,,,,
09/11/2019 15:00,63051.426,32%,,,,,,,,,,
09/11/2019 16:00,70691.747,35%,,,,,,,,,,
09/11/2019 17:00,70480.449,35%,,,,,,,,,,
09/11/2019 18:00,70478.521,35%,,,,,,,,,,
09/11/2019 19:00,73545.269,37%,,,,,,,,,,
09/11/2019 20:00,79015.411,40%,,,,,,,,,,
09/11/2019 21:00,82903.779,41%,,,,,,,,,,
09/11/2019 22:00,83911.887,42%,,,,,,,,,,
09/11/2019 23:00,82597.171,41%,,,,,,,,,,
10/11/2019 00:00,79559.741,40%,,,,,,,,,,
10/11/2019 01:00,74929.065,37%,,,,,,,,,,
10/11/2019 02:00,69308.778,35%,,,,,,,,,,
10/11/2019 03:00,62335.608,31%,,,,,,,,,,
10/11/2019 04:00,55893.853,28%,,,,,,,,,,
10/11/2019 05:00,53373.281,27%,,,,,,,,,,
10/11/2019 06:00,52827.094,26%,,,,,,,,,,
10/11/2019 07:00,50653.317,25%,,,,,,,,,,
10/11/2019 08:00,46148.406,23%,,,,,,,,,,
10/11/2019 09:00,39718.596,20%,,,,,,,,,,
10/11/2019 10:00,27010.505,14%,,,,,,,,,,
10/11/2019 11:00,12844.32,6%,,,,,,,,,,
10/11/2019 12:00,7113.878,4%,,,,,,,,,,
10/11/2019 13:00,9011.064,5%,,,,,,,,,,
10/11/2019 14:00,14561.761,7%,,,,,,,,,,
10/11/2019 15:00,32756.38,16%,,,,,,,,,,
10/11/2019 16:00,42118.902,21%,,,,,,,,,,
10/11/2019 17:00,48757.775,24%,,,,,,,,,,
10/11/2019 18:00,61717.742,31%,,,,,,,,,,
10/11/2019 19:00,61722.761,31%,,,,,,,,,,
10/11/2019 20:00,70480.349,35%,,,,,,,,,,
10/11/2019 21:00,74712.992,37%,,,,,,,,,,
10/11/2019 22:00,68215.483,34%,,,,,,,,,,
10/11/2019 23:00,70868.146,35%,,,,,,,,,,
11/11/2019 00:00,73382.393,37%,,,,,,,,,,
11/11/2019 01:00,71911.71,36%,,,,,,,,,,
11/11/2019 02:00,65540.105,33%,,,,,,,,,,
11/11/2019 03:00,53952.338,27%,,,,,,,,,,
11/11/2019 04:00,35778.332,18%,,,,,,,,,,
11/11/2019 05:00,26337.046,13%,,,,,,,,,,
11/11/2019 06:00,26598.848,13%,,,,,,,,,,
11/11/2019 07:00,32449.401,16%,,,,,,,,,,
11/11/2019 08:00,48593.038,24%,,,,,,,,,,
11/11/2019 09:00,62325.182,31%,,,,,,,,,,
11/11/2019 10:00,70809.428,35%,,,,,,,,,,
11/11/2019 11:00,92707.258,46%,,,,,,,,,,
11/11/2019 12:00,99595.061,50%,,,,,,,,,,
11/11/2019 13:00,106429.922,53%,,,,,,,,,,
11/11/2019 14:00,111022.024,56%,,,,,,,,,,
11/11/2019 15:00,112381.691,56%,,,,,,,,,,
11/11/2019 16:00,108528.026,54%,,,,,,,,,,
11/11/2019 17:00,100187.24,50%,,,,,,,,,,
11/11/2019 18:00,93851.669,47%,,,,,,,,,,
11/11/2019 19:00,87473.155,44%,,,,,,,,,,
11/11/2019 20:00,85116.386,43%,,,,,,,,,,
11/11/2019 21:00,81512.367,41%,,,,,,,,,,
11/11/2019 22:00,75248.637,38%,,,,,,,,,,
11/11/2019 23:00,68304.037,34%,,,,,,,,,,
12/11/2019 00:00,73387.102,37%,,,,,,,,,,
12/11/2019 01:00,77893.606,39%,,,,,,,,,,
12/11/2019 02:00,87091.132,44%,,,,,,,,,,
12/11/2019 03:00,98220.461,49%,,,,,,,,,,
12/11/2019 04:00,109807.517,55%,,,,,,,,,,
12/11/2019 05:00,120447.361,60%,,,,,,,,,,
12/11/2019 06:00,128982.967,64%,,,,,,,,,,
12/11/2019 07:00,139458.496,70%,,,,,,,,,,
12/11/2019 08:00,142055.286,71%,,,,,,,,,,
12/11/2019 09:00,143999.168,72%,,,,,,,,,,
12/11/2019 10:00,137579.597,69%,,,,,,,,,,
12/11/2019 11:00,131310.142,66%,,,,,,,,,,
12/11/2019 12:00,124367.909,62%,,,,,,,,,,
12/11/2019 13:00,119728.29,60%,,,,,,,,,,
12/11/2019 14:00,115890.899,58%,,,,,,,,,,
12/11/2019 15:00,107057.724,54%,,,,,,,,,,
12/11/2019 16:00,98054.349,49%,,,,,,,,,,
12/11/2019 17:00,90629.472,45%,,,,,,,,,,
12/11/2019 18:00,85006.955,43%,,,,,,,,,,
12/11/2019 19:00,81837.241,41%,,,,,,,,,,
12/11/2019 20:00,78266.494,39%,,,,,,,,,,
12/11/2019 21:00,72319.402,36%,,,,,,,,,,
12/11/2019 22:00,64016.905,32%,,,,,,,,,,
12/11/2019 23:00,54886.352,27%,,,,,,,,,,
13/11/2019 00:00,46733.945,23%,,,,,,,,,,
13/11/2019 01:00,38224.036,19%,,,,,,,,,,
13/11/2019 02:00,29820.544,15%,,,,,,,,,,
13/11/2019 03:00,25915.005,13%,,,,,,,,,,
13/11/2019 04:00,23288.417,12%,,,,,,,,,,
13/11/2019 05:00,18644.406,9%,,,,,,,,,,
13/11/2019 06:00,13503.904,7%,,,,,,,,,,
13/11/2019 07:00,9079.4,5%,,,,,,,,,,
13/11/2019 08:00,7380.256,4%,,,,,,,,,,
13/11/2019 09:00,7031.76,4%,,,,,,,,,,
13/11/2019 10:00,6228.451,3%,,,,,,,,,,
13/11/2019 11:00,7757.749,4%,,,,,,,,,,
13/11/2019 12:00,10955.317,5%,,,,,,,,,,
13/11/2019 13:00,14698.55,7%,,,,,,,,,,
13/11/2019 14:00,19326.003,10%,,,,,,,,,,
13/11/2019 15:00,28798.204,14%,,,,,,,,,,
13/11/2019 16:00,39913.673,20%,,,,,,,,,,
13/11/2019 17:00,49691.737,25%,,,,,,,,,,
13/11/2019 18:00,58264.166,29%,,,,,,,,,,
13/11/2019 19:00,62889.764,31%,,,,,,,,,,
13/11/2019 20:00,68643.096,34%,,,,,,,,,,
13/11/2019 21:00,73256.937,37%,,,,,,,,,,
13/11/2019 22:00,75251.356,38%,,,,,,,,,,
13/11/2019 23:00,74717.378,37%,,,,,,,,,,
14/11/2019 00:00,73439.388,37%,,,,,,,,,,
14/11/2019 01:00,72325.768,36%,,,,,,,,,,
14/11/2019 02:00,74324.091,37%,,,,,,,,,,
14/11/2019 03:00,73827.581,37%,,,,,,,,,,
14/11/2019 04:00,77129.55,39%,,,,,,,,,,
14/11/2019 05:00,81947.091,41%,,,,,,,,,,
14/11/2019 06:00,86519.901,43%,,,,,,,,,,
14/11/2019 07:00,92706.71,46%,,,,,,,,,,
14/11/2019 08:00,96841.268,48%,,,,,,,,,,
14/11/2019 09:00,86706.152,43%,,,,,,,,,,
14/11/2019 10:00,80095.595,40%,,,,,,,,,,
14/11/2019 11:00,78207.535,39%,,,,,,,,,,
14/11/2019 12:00,82047.6,41%,,,,,,,,,,
14/11/2019 13:00,92649.598,46%,,,,,,,,,,
14/11/2019 14:00,98622.513,49%,,,,,,,,,,
14/11/2019 15:00,107668.605,54%,,,,,,,,,,
14/11/2019 16:00,119587.087,60%,,,,,,,,,,
14/11/2019 17:00,123182.899,62%,,,,,,,,,,
14/11/2019 18:00,126165.702,63%,,,,,,,,,,
14/11/2019 19:00,122324.283,61%,,,,,,,,,,
14/11/2019 20:00,117908.647,59%,,,,,,,,,,
14/11/2019 21:00,117940.825,59%,,,,,,,,,,
14/11/2019 22:00,117925.99,59%,,,,,,,,,,
14/11/2019 23:00,114639.817,57%,,,,,,,,,,
15/11/2019 00:00,118652.782,59%,,,,,,,,,,
15/11/2019 01:00,112585.421,56%,,,,,,,,,,
15/11/2019 02:00,112025.569,56%,,,,,,,,,,
15/11/2019 03:00,113158.546,57%,,,,,,,,,,
15/11/2019 04:00,113159.09,57%,,,,,,,,,,
15/11/2019 05:00,114943.177,57%,,,,,,,,,,
15/11/2019 06:00,115543.56,58%,,,,,,,,,,
15/11/2019 07:00,113158.503,57%,,,,,,,,,,
15/11/2019 08:00,109368.989,55%,,,,,,,,,,
15/11/2019 09:00,95741.584,48%,,,,,,,,,,
15/11/2019 10:00,82219.865,41%,,,,,,,,,,
15/11/2019 11:00,73415.662,37%,,,,,,,,,,
15/11/2019 12:00,68715.678,34%,,,,,,,,,,
15/11/2019 13:00,72162.648,36%,,,,,,,,,,
15/11/2019 14:00,69548.832,35%,,,,,,,,,,
15/11/2019 15:00,80518.485,40%,,,,,,,,,,
15/11/2019 16:00,85008.66,43%,,,,,,,,,,
15/11/2019 17:00,83913.903,42%,,,,,,,,,,
15/11/2019 18:00,81714.815,41%,,,,,,,,,,
15/11/2019 19:00,80103.475,40%,,,,,,,,,,
15/11/2019 20:00,77130.424,39%,,,,,,,,,,
15/11/2019 21:00,72322.566,36%,,,,,,,,,,
15/11/2019 22:00,67595.473,34%,,,,,,,,,,
15/11/2019 23:00,63354.445,32%,,,,,,,,,,
16/11/2019 00:00,59011.048,30%,,,,,,,,,,
16/11/2019 01:00,55705.496,28%,,,,,,,,,,
16/11/2019 02:00,53931.271,27%,,,,,,,,,,
16/11/2019 03:00,52278.911,26%,,,,,,,,,,
16/11/2019 04:00,50329.018,25%,,,,,,,,,,
16/11/2019 05:00,50174.706,25%,,,,,,,,,,
16/11/2019 06:00,49875.083,25%,,,,,,,,,,
16/11/2019 07:00,47491.47,24%,,,,,,,,,,
16/11/2019 08:00,43120.7,22%,,,,,,,,,,
16/11/2019 09:00,33572.735,17%,,,,,,,,,,
16/11/2019 10:00,24323.042,12%,,,,,,,,,,
16/11/2019 11:00,18441.782,9%,,,,,,,,,,
16/11/2019 12:00,15653.556,8%,,,,,,,,,,
16/11/2019 13:00,16029.248,8%,,,,,,,,,,
16/11/2019 14:00,19045.894,10%,,,,,,,,,,
16/11/2019 15:00,22337.142,11%,,,,,,,,,,
16/11/2019 16:00,23760.183,12%,,,,,,,,,,
16/11/2019 17:00,23588.483,12%,,,,,,,,,,
16/11/2019 18:00,22108.051,11%,,,,,,,,,,
16/11/2019 19:00,20541.613,10%,,,,,,,,,,
16/11/2019 20:00,19758.144,10%,,,,,,,,,,
16/11/2019 21:00,19431.88,10%,,,,,,,,,,
16/11/2019 22:00,19153.247,10%,,,,,,,,,,
16/11/2019 23:00,18697.387,9%,,,,,,,,,,
17/11/2019 00:00,18357.968,9%,,,,,,,,,,
17/11/2019 01:00,17760.566,9%,,,,,,,,,,
17/11/2019 02:00,17609.212,9%,,,,,,,,,,
17/11/2019 03:00,18007.186,9%,,,,,,,,,,
17/11/2019 04:00,19885.879,10%,,,,,,,,,,
17/11/2019 05:00,22465.439,11%,,,,,,,,,,
17/11/2019 06:00,24175.7,12%,,,,,,,,,,
17/11/2019 07:00,24126.89,12%,,,,,,,,,,
17/11/2019 08:00,23821.403,12%,,,,,,,,,,
17/11/2019 09:00,22889.877,11%,,,,,,,,,,
17/11/2019 10:00,21248.809,11%,,,,,,,,,,
17/11/2019 11:00,20086.213,10%,,,,,,,,,,
17/11/2019 12:00,25399.978,13%,,,,,,,,,,
17/11/2019 13:00,32499.264,16%,,,,,,,,,,
17/11/2019 14:00,38343.763,19%,,,,,,,,,,
17/11/2019 15:00,44175.867,22%,,,,,,,,,,
17/11/2019 16:00,50953.263,25%,,,,,,,,,,
17/11/2019 17:00,56516.835,28%,,,,,,,,,,
17/11/2019 18:00,52677.909,26%,,,,,,,,,,
17/11/2019 19:00,49522.023,25%,,,,,,,,,,
17/11/2019 20:00,48147.658,24%,,,,,,,,,,
17/11/2019 21:00,51805.842,26%,,,,,,,,,,
17/11/2019 22:00,53547.453,27%,,,,,,,,,,
17/11/2019 23:00,49046.953,25%,,,,,,,,,,
18/11/2019 00:00,41639.176,21%,,,,,,,,,,
18/11/2019 01:00,36424.873,18%,,,,,,,,,,
18/11/2019 02:00,35769.606,18%,,,,,,,,,,
18/11/2019 03:00,35778.253,18%,,,,,,,,,,
18/11/2019 04:00,33482.181,17%,,,,,,,,,,
18/11/2019 05:00,32343.101,16%,,,,,,,,,,
18/11/2019 06:00,33292.568,17%,,,,,,,,,,
18/11/2019 07:00,32785.854,16%,,,,,,,,,,
18/11/2019 08:00,30991.262,15%,,,,,,,,,,
18/11/2019 09:00,25095.146,13%,,,,,,,,,,
18/11/2019 10:00,15337.224,8%,,,,,,,,,,
18/11/2019 11:00,9509.356,5%,,,,,,,,,,
18/11/2019 12:00,7278.087,4%,,,,,,,,,,
18/11/2019 13:00,6710.787,3%,,,,,,,,,,
18/11/2019 14:00,5992.612,3%,,,,,,,,,,
18/11/2019 15:00,5634.331,3%,,,,,,,,,,
18/11/2019 16:00,5518.377,3%,,,,,,,,,,
18/11/2019 17:00,4764.221,2%,,,,,,,,,,
18/11/2019 18:00,3895.626,2%,,,,,,,,,,
18/11/2019 19:00,3539.242,2%,,,,,,,,,,
18/11/2019 20:00,3368.54,2%,,,,,,,,,,
18/11/2019 21:00,3170.214,2%,,,,,,,,,,
18/11/2019 22:00,3391.27,2%,,,,,,,,,,
18/11/2019 23:00,3600.693,2%,,,,,,,,,,
19/11/2019 00:00,3470.956,2%,,,,,,,,,,
19/11/2019 01:00,3209.501,2%,,,,,,,,,,
19/11/2019 02:00,3557.943,2%,,,,,,,,,,
19/11/2019 03:00,3926.2,2%,,,,,,,,,,
19/11/2019 04:00,4592.955,2%,,,,,,,,,,
19/11/2019 05:00,5843.684,3%,,,,,,,,,,
19/11/2019 06:00,7447.681,4%,,,,,,,,,,
19/11/2019 07:00,8737.33,4%,,,,,,,,,,
19/11/2019 08:00,9492.274,5%,,,,,,,,,,
19/11/2019 09:00,10080.648,5%,,,,,,,,,,
19/11/2019 10:00,10684.911,5%,,,,,,,,,,
19/11/2019 11:00,12558.438,6%,,,,,,,,,,
19/11/2019 12:00,16130.799,8%,,,,,,,,,,
19/11/2019 13:00,21925.87,11%,,,,,,,,,,
19/11/2019 14:00,30077.146,15%,,,,,,,,,,
19/11/2019 15:00,41404.016,21%,,,,,,,,,,
19/11/2019 16:00,55600.233,28%,,,,,,,,,,
19/11/2019 17:00,61709.127,31%,,,,,,,,,,
19/11/2019 18:00,62995.252,31%,,,,,,,,,,
19/11/2019 19:00,64549.699,32%,,,,,,,,,,
19/11/2019 20:00,62437.236,31%,,,,,,,,,,
19/11/2019 21:00,56722.907,28%,,,,,,,,,,
19/11/2019 22:00,52981.643,26%,,,,,,,,,,
19/11/2019 23:00,49051.521,25%,,,,,,,,,,
20/11/2019 00:00,49046.063,25%,,,,,,,,,,
20/11/2019 01:00,47723.663,24%,,,,,,,,,,
20/11/2019 02:00,49611.917,25%,,,,,,,,,,
20/11/2019 03:00,49607.691,25%,,,,,,,,,,
20/11/2019 04:00,53574.29,27%,,,,,,,,,,
20/11/2019 05:00,60989.576,30%,,,,,,,,,,
20/11/2019 06:00,71001.336,36%,,,,,,,,,,
20/11/2019 07:00,72262.815,36%,,,,,,,,,,
20/11/2019 08:00,74712.506,37%,,,,,,,,,,
20/11/2019 09:00,68447.787,34%,,,,,,,,,,
20/11/2019 10:00,64008.687,32%,,,,,,,,,,
20/11/2019 11:00,60926.9,30%,,,,,,,,,,
20/11/2019 12:00,61212.011,31%,,,,,,,,,,
20/11/2019 13:00,67897.007,34%,,,,,,,,,,
20/11/2019 14:00,72857.912,36%,,,,,,,,,,
20/11/2019 15:00,78209.389,39%,,,,,,,,,,
20/11/2019 16:00,83798.484,42%,,,,,,,,,,
20/11/2019 17:00,82660.404,41%,,,,,,,,,,
20/11/2019 18:00,86464.461,43%,,,,,,,,,,
20/11/2019 19:00,85772.605,43%,,,,,,,,,,
20/11/2019 20:00,81457.979,41%,,,,,,,,,,
20/11/2019 21:00,80098.329,40%,,,,,,,,,,
20/11/2019 22:00,82546.575,41%,,,,,,,,,,
20/11/2019 23:00,82545.973,41%,,,,,,,,,,
21/11/2019 00:00,89927.817,45%,,,,,,,,,,
21/11/2019 01:00,88299.749,44%,,,,,,,,,,
21/11/2019 02:00,82002.471,41%,,,,,,,,,,
21/11/2019 03:00,82332.234,41%,,,,,,,,,,
21/11/2019 04:00,84511.909,42%,,,,,,,,,,
21/11/2019 05:00,92707.544,46%,,,,,,,,,,
21/11/2019 06:00,100515.924,50%,,,,,,,,,,
21/11/2019 07:00,100842.507,50%,,,,,,,,,,
21/11/2019 08:00,99817.425,50%,,,,,,,,,,
21/11/2019 09:00,96103.464,48%,,,,,,,,,,
21/11/2019 10:00,88612.023,44%,,,,,,,,,,
21/11/2019 11:00,87840.128,44%,,,,,,,,,,
21/11/2019 12:00,97719.149,49%,,,,,,,,,,
21/11/2019 13:00,109094.449,55%,,,,,,,,,,
21/11/2019 14:00,107514.691,54%,,,,,,,,,,
21/11/2019 15:00,110483.474,55%,,,,,,,,,,
21/11/2019 16:00,109406.601,55%,,,,,,,,,,
21/11/2019 17:00,106406.128,53%,,,,,,,,,,
21/11/2019 18:00,102610.789,51%,,,,,,,,,,
21/11/2019 19:00,96845.416,48%,,,,,,,,,,
21/11/2019 20:00,91722.007,46%,,,,,,,,,,
21/11/2019 21:00,86484.455,43%,,,,,,,,,,
21/11/2019 22:00,80800.842,40%,,,,,,,,,,
21/11/2019 23:00,75809.93,38%,,,,,,,,,,
22/11/2019 00:00,72976.979,36%,,,,,,,,,,
22/11/2019 01:00,71535.627,36%,,,,,,,,,,
22/11/2019 02:00,70477.445,35%,,,,,,,,,,
22/11/2019 03:00,73007.029,37%,,,,,,,,,,
22/11/2019 04:00,82908.504,41%,,,,,,,,,,
22/11/2019 05:00,82006.586,41%,,,,,,,,,,
22/11/2019 06:00,79014.721,40%,,,,,,,,,,
22/11/2019 07:00,82296.322,41%,,,,,,,,,,
22/11/2019 08:00,82598.732,41%,,,,,,,,,,
22/11/2019 09:00,79627.816,40%,,,,,,,,,,
22/11/2019 10:00,70805.427,35%,,,,,,,,,,
22/11/2019 11:00,66809.388,33%,,,,,,,,,,
22/11/2019 12:00,66085.758,33%,,,,,,,,,,
22/11/2019 13:00,66830.485,33%,,,,,,,,,,
22/11/2019 14:00,71521.825,36%,,,,,,,,,,
22/11/2019 15:00,85008.129,43%,,,,,,,,,,
22/11/2019 16:00,86166.223,43%,,,,,,,,,,
22/11/2019 17:00,85029.161,43%,,,,,,,,,,
22/11/2019 18:00,80103.567,40%,,,,,,,,,,
22/11/2019 19:00,79698.777,40%,,,,,,,,,,
22/11/2019 20:00,75747.617,38%,,,,,,,,,,
22/11/2019 21:00,73124.08,37%,,,,,,,,,,
22/11/2019 22:00,68647.652,34%,,,,,,,,,,
22/11/2019 23:00,73128.174,37%,,,,,,,,,,
23/11/2019 00:00,76635.813,38%,,,,,,,,,,
23/11/2019 01:00,79006.213,40%,,,,,,,,,,
23/11/2019 02:00,81456.191,41%,,,,,,,,,,
23/11/2019 03:00,82207.809,41%,,,,,,,,,,
23/11/2019 04:00,82820.716,41%,,,,,,,,,,
23/11/2019 05:00,87956.979,44%,,,,,,,,,,
23/11/2019 06:00,93697.131,47%,,,,,,,,,,
23/11/2019 07:00,105457.24,53%,,,,,,,,,,
23/11/2019 08:00,102478.507,51%,,,,,,,,,,
23/11/2019 09:00,105292.259,53%,,,,,,,,,,
23/11/2019 10:00,108086.888,54%,,,,,,,,,,
23/11/2019 11:00,114401.36,57%,,,,,,,,,,
23/11/2019 12:00,115429.417,58%,,,,,,,,,,
23/11/2019 13:00,114621.603,57%,,,,,,,,,,
23/11/2019 14:00,111167.458,56%,,,,,,,,,,
23/11/2019 15:00,110435.533,55%,,,,,,,,,,
23/11/2019 16:00,109406.685,55%,,,,,,,,,,
23/11/2019 17:00,110077.519,55%,,,,,,,,,,
23/11/2019 18:00,109616.246,55%,,,,,,,,,,
23/11/2019 19:00,89399.7,45%,,,,,,,,,,
23/11/2019 20:00,68031.384,34%,,,,,,,,,,
23/11/2019 21:00,58143.875,29%,,,,,,,,,,
23/11/2019 22:00,56562.297,28%,,,,,,,,,,
23/11/2019 23:00,58411.028,29%,,,,,,,,,,
24/11/2019 00:00,58304.725,29%,,,,,,,,,,
24/11/2019 01:00,54396.666,27%,,,,,,,,,,
24/11/2019 02:00,49758.113,25%,,,,,,,,,,
24/11/2019 03:00,46578.721,23%,,,,,,,,,,
24/11/2019 04:00,49531.15,25%,,,,,,,,,,
24/11/2019 05:00,51034.046,26%,,,,,,,,,,
24/11/2019 06:00,48506.739,24%,,,,,,,,,,
24/11/2019 07:00,46136.229,23%,,,,,,,,,,
24/11/2019 08:00,44640.739,22%,,,,,,,,,,
24/11/2019 09:00,44472.974,22%,,,,,,,,,,
24/11/2019 10:00,35610.877,18%,,,,,,,,,,
24/11/2019 11:00,26713.577,13%,,,,,,,,,,
24/11/2019 12:00,22255.787,11%,,,,,,,,,,
24/11/2019 13:00,20347.64,10%,,,,,,,,,,
24/11/2019 14:00,23540.164,12%,,,,,,,,,,
24/11/2019 15:00,27881.253,14%,,,,,,,,,,
24/11/2019 16:00,30330.249,15%,,,,,,,,,,
24/11/2019 17:00,28905.078,14%,,,,,,,,,,
24/11/2019 18:00,26296.227,13%,,,,,,,,,,
24/11/2019 19:00,22996.014,11%,,,,,,,,,,
24/11/2019 20:00,19907.01,10%,,,,,,,,,,
24/11/2019 21:00,18685.704,9%,,,,,,,,,,
24/11/2019 22:00,19166.151,10%,,,,,,,,,,
24/11/2019 23:00,20047.544,10%,,,,,,,,,,
25/11/2019 00:00,22009.748,11%,,,,,,,,,,
25/11/2019 01:00,24219.608,12%,,,,,,,,,,
25/11/2019 02:00,26599.768,13%,,,,,,,,,,
25/11/2019 03:00,27985.484,14%,,,,,,,,,,
25/11/2019 04:00,28334.579,14%,,,,,,,,,,
25/11/2019 05:00,28802.934,14%,,,,,,,,,,
25/11/2019 06:00,29827.576,15%,,,,,,,,,,
25/11/2019 07:00,32256.3,16%,,,,,,,,,,
25/11/2019 08:00,37106.167,19%,,,,,,,,,,
25/11/2019 09:00,38787.007,19%,,,,,,,,,,
25/11/2019 10:00,39930.29,20%,,,,,,,,,,
25/11/2019 11:00,41323.808,21%,,,,,,,,,,
25/11/2019 12:00,43726.269,22%,,,,,,,,,,
25/11/2019 13:00,49547.704,25%,,,,,,,,,,
25/11/2019 14:00,56098.541,28%,,,,,,,,,,
25/11/2019 15:00,64464.992,32%,,,,,,,,,,
25/11/2019 16:00,73383.94,37%,,,,,,,,,,
25/11/2019 17:00,76313.89,38%,,,,,,,,,,
25/11/2019 18:00,75436.558,38%,,,,,,,,,,
25/11/2019 19:00,73380.44,37%,,,,,,,,,,
25/11/2019 20:00,76457.018,38%,,,,,,,,,,
25/11/2019 21:00,81813.394,41%,,,,,,,,,,
25/11/2019 22:00,80204.49,40%,,,,,,,,,,
25/11/2019 23:00,79564.127,40%,,,,,,,,,,
26/11/2019 00:00,77667.244,39%,,,,,,,,,,
26/11/2019 01:00,72325.749,36%,,,,,,,,,,
26/11/2019 02:00,69707.652,35%,,,,,,,,,,
26/11/2019 03:00,69140.35,35%,,,,,,,,,,
26/11/2019 04:00,66315.988,33%,,,,,,,,,,
26/11/2019 05:00,67482.024,34%,,,,,,,,,,
26/11/2019 06:00,72328.072,36%,,,,,,,,,,
26/11/2019 07:00,73281.553,37%,,,,,,,,,,
26/11/2019 08:00,75788.173,38%,,,,,,,,,,
26/11/2019 09:00,79381.606,40%,,,,,,,,,,
26/11/2019 10:00,83721.565,42%,,,,,,,,,,
26/11/2019 11:00,86370.353,43%,,,,,,,,,,
26/11/2019 12:00,91013.791,46%,,,,,,,,,,
26/11/2019 13:00,99595.445,50%,,,,,,,,,,
26/11/2019 14:00,103157.819,52%,,,,,,,,,,
26/11/2019 15:00,103704.546,52%,,,,,,,,,,
26/11/2019 16:00,99274.122,50%,,,,,,,,,,
26/11/2019 17:00,90587.881,45%,,,,,,,,,,
26/11/2019 18:00,86377.381,43%,,,,,,,,,,
26/11/2019 19:00,72261.68,36%,,,,,,,,,,
26/11/2019 20:00,62574.661,31%,,,,,,,,,,
26/11/2019 21:00,55972.02,28%,,,,,,,,,,
26/11/2019 22:00,49737.34,25%,,,,,,,,,,
26/11/2019 23:00,45052.102,23%,,,,,,,,,,
27/11/2019 00:00,37691.951,19%,,,,,,,,,,
27/11/2019 01:00,33744.94,17%,,,,,,,,,,
27/11/2019 02:00,34367.233,17%,,,,,,,,,,
27/11/2019 03:00,36608.8,18%,,,,,,,,,,
27/11/2019 04:00,37523.245,19%,,,,,,,,,,
27/11/2019 05:00,38902.399,19%,,,,,,,,,,
27/11/2019 06:00,36470.09,18%,,,,,,,,,,
27/11/2019 07:00,34824.074,17%,,,,,,,,,,
27/11/2019 08:00,29289.097,15%,,,,,,,,,,
27/11/2019 09:00,25436.154,13%,,,,,,,,,,
27/11/2019 10:00,24195.152,12%,,,,,,,,,,
27/11/2019 11:00,24037.507,12%,,,,,,,,,,
27/11/2019 12:00,24311.455,12%,,,,,,,,,,
27/11/2019 13:00,26055.492,13%,,,,,,,,,,
27/11/2019 14:00,29814.217,15%,,,,,,,,,,
27/11/2019 15:00,37849.403,19%,,,,,,,,,,
27/11/2019 16:00,45960.232,23%,,,,,,,,,,
27/11/2019 17:00,49049.076,25%,,,,,,,,,,
27/11/2019 18:00,55584.544,28%,,,,,,,,,,
27/11/2019 19:00,62553.188,31%,,,,,,,,,,
27/11/2019 20:00,66836.698,33%,,,,,,,,,,
27/11/2019 21:00,69115.161,35%,,,,,,,,,,
27/11/2019 22:00,88981.949,44%,,,,,,,,,,
27/11/2019 23:00,98770.555,49%,,,,,,,,,,
28/11/2019 00:00,107487.925,54%,,,,,,,,,,
28/11/2019 01:00,116596.813,58%,,,,,,,,,,
28/11/2019 02:00,128811.472,64%,,,,,,,,,,
28/11/2019 03:00,138501.956,69%,,,,,,,,,,
28/11/2019 04:00,140839.785,70%,,,,,,,,,,
28/11/2019 05:00,140214.061,70%,,,,,,,,,,
28/11/2019 06:00,140942.793,70%,,,,,,,,,,
28/11/2019 07:00,140150.396,70%,,,,,,,,,,
28/11/2019 08:00,137771.721,69%,,,,,,,,,,
28/11/2019 09:00,127093.074,64%,,,,,,,,,,
28/11/2019 10:00,109945.314,55%,,,,,,,,,,
28/11/2019 11:00,98924.662,49%,,,,,,,,,,
28/11/2019 12:00,98815.116,49%,,,,,,,,,,
28/11/2019 13:00,88300.13,44%,,,,,,,,,,
28/11/2019 14:00,79559.574,40%,,,,,,,,,,
28/11/2019 15:00,81458.371,41%,,,,,,,,,,
28/11/2019 16:00,75414.737,38%,,,,,,,,,,
28/11/2019 17:00,73388.829,37%,,,,,,,,,,
28/11/2019 18:00,70801.303,35%,,,,,,,,,,
28/11/2019 19:00,67060.765,34%,,,,,,,,,,
28/11/2019 20:00,63958.527,32%,,,,,,,,,,
28/11/2019 21:00,64727.989,32%,,,,,,,,,,
28/11/2019 22:00,67497.375,34%,,,,,,,,,,
28/11/2019 23:00,70610.961,35%,,,,,,,,,,
29/11/2019 00:00,65908.554,33%,,,,,,,,,,
29/11/2019 01:00,62053.542,31%,,,,,,,,,,
29/11/2019 02:00,59473.864,30%,,,,,,,,,,
29/11/2019 03:00,58267.787,29%,,,,,,,,,,
29/11/2019 04:00,57782.754,29%,,,,,,,,,,
29/11/2019 05:00,56104.4,28%,,,,,,,,,,
29/11/2019 06:00,53927.432,27%,,,,,,,,,,
29/11/2019 07:00,51133.893,26%,,,,,,,,,,
29/11/2019 08:00,48603.167,24%,,,,,,,,,,
29/11/2019 09:00,43072.996,22%,,,,,,,,,,
29/11/2019 10:00,33449.324,17%,,,,,,,,,,
29/11/2019 11:00,24443.701,12%,,,,,,,,,,
29/11/2019 12:00,19928.82,10%,,,,,,,,,,
29/11/2019 13:00,17945.877,9%,,,,,,,,,,
29/11/2019 14:00,19010.316,10%,,,,,,,,,,
29/11/2019 15:00,19380.201,10%,,,,,,,,,,
29/11/2019 16:00,18623.176,9%,,,,,,,,,,
29/11/2019 17:00,17243.435,9%,,,,,,,,,,
29/11/2019 18:00,14656,7%,,,,,,,,,,
29/11/2019 19:00,12490.914,6%,,,,,,,,,,
29/11/2019 20:00,10965.924,5%,,,,,,,,,,
29/11/2019 21:00,10183.328,5%,,,,,,,,,,
29/11/2019 22:00,9379.5,5%,,,,,,,,,,
29/11/2019 23:00,8330.464,4%,,,,,,,,,,
30/11/2019 00:00,7644.248,4%,,,,,,,,,,
30/11/2019 01:00,7464.917,4%,,,,,,,,,,
30/11/2019 02:00,7899.472,4%,,,,,,,,,,
30/11/2019 03:00,8668.525,4%,,,,,,,,,,
30/11/2019 04:00,9865.979,5%,,,,,,,,,,
30/11/2019 05:00,11021.839,6%,,,,,,,,,,
30/11/2019 06:00,11758.082,6%,,,,,,,,,,
30/11/2019 07:00,11417.302,6%,,,,,,,,,,
30/11/2019 08:00,10794.843,5%,,,,,,,,,,
30/11/2019 09:00,9936.207,5%,,,,,,,,,,
30/11/2019 10:00,7308.64,4%,,,,,,,,,,
30/11/2019 11:00,4070.124,2%,,,,,,,,,,
30/11/2019 12:00,2977.514,1%,,,,,,,,,,
30/11/2019 13:00,3265.278,2%,,,,,,,,,,
30/11/2019 14:00,5105.642,3%,,,,,,,,,,
30/11/2019 15:00,7140.485,4%,,,,,,,,,,
30/11/2019 16:00,8867.19,4%,,,,,,,,,,
30/11/2019 17:00,9231.353,5%,,,,,,,,,,
30/11/2019 18:00,8263.981,4%,,,,,,,,,,
30/11/2019 19:00,5957.778,3%,,,,,,,,,,
30/11/2019 20:00,3798.706,2%,,,,,,,,,,
30/11/2019 21:00,3040.117,2%,,,,,,,,,,
30/11/2019 22:00,4153.246,2%,,,,,,,,,,
30/11/2019 23:00,7234.521,4%,,,,,,,,,,
01/12/2019 00:00,9253.056,5%,,,,,,,,,,
01/12/2019 01:00,15468.259,8%,,,,,,,,,,
01/12/2019 02:00,24337.832,12%,,,,,,,,,,
01/12/2019 03:00,31576.636,16%,,,,,,,,,,
01/12/2019 04:00,40381.545,20%,,,,,,,,,,
01/12/2019 05:00,46145.945,23%,,,,,,,,,,
01/12/2019 06:00,51818.244,26%,,,,,,,,,,
01/12/2019 07:00,57164.793,29%,,,,,,,,,,
01/12/2019 08:00,56135.076,28%,,,,,,,,,,
01/12/2019 09:00,46586.139,23%,,,,,,,,,,
01/12/2019 10:00,40442.148,20%,,,,,,,,,,
01/12/2019 11:00,38128.959,19%,,,,,,,,,,
01/12/2019 12:00,34072.879,17%,,,,,,,,,,
01/12/2019 13:00,34827.716,17%,,,,,,,,,,
01/12/2019 14:00,48596.205,24%,,,,,,,,,,
01/12/2019 15:00,65770.277,33%,,,,,,,,,,
01/12/2019 16:00,80098.11,40%,,,,,,,,,,
01/12/2019 17:00,84087.653,42%,,,,,,,,,,
01/12/2019 18:00,84629.513,42%,,,,,,,,,,
01/12/2019 19:00,86150.758,43%,,,,,,,,,,
01/12/2019 20:00,90004.416,45%,,,,,,,,,,
01/12/2019 21:00,89938.638,45%,,,,,,,,,,
01/12/2019 22:00,91344.182,46%,,,,,,,,,,
01/12/2019 23:00,85622.688,43%,,,,,,,,,,
02/12/2019 00:00,81461.194,41%,,,,,,,,,,
02/12/2019 01:00,84222.79,42%,,,,,,,,,,
02/12/2019 02:00,88472.387,44%,,,,,,,,,,
02/12/2019 03:00,90780.635,45%,,,,,,,,,,
02/12/2019 04:00,91495.619,46%,,,,,,,,,,
02/12/2019 05:00,89404.285,45%,,,,,,,,,,
02/12/2019 06:00,86775.787,43%,,,,,,,,,,
02/12/2019 07:00,83017.8,42%,,,,,,,,,,
02/12/2019 08:00,81454.155,41%,,,,,,,,,,
02/12/2019 09:00,82544.842,41%,,,,,,,,,,
02/12/2019 10:00,80057.066,40%,,,,,,,,,,
02/12/2019 11:00,85009.936,43%,,,,,,,,,,
02/12/2019 12:00,90891.032,45%,,,,,,,,,,
02/12/2019 13:00,93348.717,47%,,,,,,,,,,
02/12/2019 14:00,98771.055,49%,,,,,,,,,,
02/12/2019 15:00,102611.913,51%,,,,,,,,,,
02/12/2019 16:00,109406.768,55%,,,,,,,,,,
02/12/2019 17:00,123353.205,62%,,,,,,,,,,
02/12/2019 18:00,130033.644,65%,,,,,,,,,,
02/12/2019 19:00,133492.125,67%,,,,,,,,,,
02/12/2019 20:00,133637.733,67%,,,,,,,,,,
02/12/2019 21:00,130828.309,65%,,,,,,,,,,
02/12/2019 22:00,130914.252,65%,,,,,,,,,,
02/12/2019 23:00,131166.273,66%,,,,,,,,,,
03/12/2019 00:00,130719.975,65%,,,,,,,,,,
03/12/2019 01:00,132237.89,66%,,,,,,,,,,
03/12/2019 02:00,137542.437,69%,,,,,,,,,,
03/12/2019 03:00,140393.59,70%,,,,,,,,,,
03/12/2019 04:00,141429.139,71%,,,,,,,,,,
03/12/2019 05:00,136372.353,68%,,,,,,,,,,
03/12/2019 06:00,130323.181,65%,,,,,,,,,,
03/12/2019 07:00,124625.781,62%,,,,,,,,,,
03/12/2019 08:00,123889.989,62%,,,,,,,,,,
03/12/2019 09:00,121523.357,61%,,,,,,,,,,
03/12/2019 10:00,118456.273,59%,,,,,,,,,,
03/12/2019 11:00,116071.895,58%,,,,,,,,,,
03/12/2019 12:00,109406.712,55%,,,,,,,,,,
03/12/2019 13:00,97125.085,49%,,,,,,,,,,
03/12/2019 14:00,90555.954,45%,,,,,,,,,,
03/12/2019 15:00,92066.834,46%,,,,,,,,,,
03/12/2019 16:00,96281.807,48%,,,,,,,,,,
03/12/2019 17:00,88301.33,44%,,,,,,,,,,
03/12/2019 18:00,86190.26,43%,,,,,,,,,,
03/12/2019 19:00,89434.891,45%,,,,,,,,,,
03/12/2019 20:00,92418.879,46%,,,,,,,,,,
03/12/2019 21:00,93379.412,47%,,,,,,,,,,
03/12/2019 22:00,91944.771,46%,,,,,,,,,,
03/12/2019 23:00,95742.576,48%,,,,,,,,,,
04/12/2019 00:00,107735.648,54%,,,,,,,,,,
04/12/2019 01:00,117092.438,59%,,,,,,,,,,
04/12/2019 02:00,118009.723,59%,,,,,,,,,,
04/12/2019 03:00,119122.021,60%,,,,,,,,,,
04/12/2019 04:00,140073.806,70%,,,,,,,,,,
04/12/2019 05:00,138606,69%,,,,,,,,,,
04/12/2019 06:00,142560.984,71%,,,,,,,,,,
04/12/2019 07:00,153074.655,77%,,,,,,,,,,
04/12/2019 08:00,157617.064,79%,,,,,,,,,,
04/12/2019 09:00,160508.649,80%,,,,,,,,,,
04/12/2019 10:00,159708.011,80%,,,,,,,,,,
04/12/2019 11:00,154130.81,77%,,,,,,,,,,
04/12/2019 12:00,144582.593,72%,,,,,,,,,,
04/12/2019 13:00,132602.046,66%,,,,,,,,,,
04/12/2019 14:00,129587.716,65%,,,,,,,,,,
04/12/2019 15:00,133405.538,67%,,,,,,,,,,
04/12/2019 16:00,134340.142,67%,,,,,,,,,,
04/12/2019 17:00,136527.764,68%,,,,,,,,,,
04/12/2019 18:00,146660.695,73%,,,,,,,,,,
04/12/2019 19:00,144912.549,72%,,,,,,,,,,
04/12/2019 20:00,148174.133,74%,,,,,,,,,,
04/12/2019 21:00,148406.247,74%,,,,,,,,,,
04/12/2019 22:00,152083.669,76%,,,,,,,,,,
04/12/2019 23:00,154386.567,77%,,,,,,,,,,
05/12/2019 00:00,156140.101,78%,,,,,,,,,,
05/12/2019 01:00,164549.722,82%,,,,,,,,,,
05/12/2019 02:00,168349.046,84%,,,,,,,,,,
05/12/2019 03:00,172244.126,86%,,,,,,,,,,
05/12/2019 04:00,172530.302,86%,,,,,,,,,,
05/12/2019 05:00,170459.633,85%,,,,,,,,,,
05/12/2019 06:00,167606.84,84%,,,,,,,,,,
05/12/2019 07:00,166389.356,83%,,,,,,,,,,
05/12/2019 08:00,166270.757,83%,,,,,,,,,,
05/12/2019 09:00,165144.335,83%,,,,,,,,,,
05/12/2019 10:00,169860.024,85%,,,,,,,,,,
05/12/2019 11:00,178711.483,89%,,,,,,,,,,
05/12/2019 12:00,184508.41,92%,,,,,,,,,,
05/12/2019 13:00,186342.193,93%,,,,,,,,,,
05/12/2019 14:00,188350.291,94%,,,,,,,,,,
05/12/2019 15:00,190767.301,95%,,,,,,,,,,
05/12/2019 16:00,192843.137,96%,,,,,,,,,,
05/12/2019 17:00,194443.095,97%,,,,,,,,,,
05/12/2019 18:00,195867.505,98%,,,,,,,,,,
05/12/2019 19:00,194233.856,97%,,,,,,,,,,
05/12/2019 20:00,188387.199,94%,,,,,,,,,,
05/12/2019 21:00,182129.475,91%,,,,,,,,,,
05/12/2019 22:00,177135.144,89%,,,,,,,,,,
05/12/2019 23:00,173019.609,87%,,,,,,,,,,
06/12/2019 00:00,166554.126,83%,,,,,,,,,,
06/12/2019 01:00,163221.542,82%,,,,,,,,,,
06/12/2019 02:00,159304.955,80%,,,,,,,,,,
06/12/2019 03:00,152303.027,76%,,,,,,,,,,
06/12/2019 04:00,144061.41,72%,,,,,,,,,,
06/12/2019 05:00,136439.418,68%,,,,,,,,,,
06/12/2019 06:00,134812.169,67%,,,,,,,,,,
06/12/2019 07:00,135110.487,68%,,,,,,,,,,
06/12/2019 08:00,127954.961,64%,,,,,,,,,,
06/12/2019 09:00,117275.351,59%,,,,,,,,,,
06/12/2019 10:00,104807.442,52%,,,,,,,,,,
06/12/2019 11:00,98769.898,49%,,,,,,,,,,
06/12/2019 12:00,101658.347,51%,,,,,,,,,,
06/12/2019 13:00,114772.647,57%,,,,,,,,,,
06/12/2019 14:00,123572.021,62%,,,,,,,,,,
06/12/2019 15:00,126103.669,63%,,,,,,,,,,
06/12/2019 16:00,138752.702,69%,,,,,,,,,,
06/12/2019 17:00,138948.03,69%,,,,,,,,,,
06/12/2019 18:00,129427.097,65%,,,,,,,,,,
06/12/2019 19:00,129518.314,65%,,,,,,,,,,
06/12/2019 20:00,128816.077,64%,,,,,,,,,,
06/12/2019 21:00,121841.331,61%,,,,,,,,,,
06/12/2019 22:00,114221.059,57%,,,,,,,,,,
06/12/2019 23:00,112096.861,56%,,,,,,,,,,
07/12/2019 00:00,109406.633,55%,,,,,,,,,,
07/12/2019 01:00,99584.908,50%,,,,,,,,,,
07/12/2019 02:00,83914.275,42%,,,,,,,,,,
07/12/2019 03:00,83606.713,42%,,,,,,,,,,
07/12/2019 04:00,81704.899,41%,,,,,,,,,,
07/12/2019 05:00,79505.549,40%,,,,,,,,,,
07/12/2019 06:00,71094.816,36%,,,,,,,,,,
07/12/2019 07:00,63508.105,32%,,,,,,,,,,
07/12/2019 08:00,53925.776,27%,,,,,,,,,,
07/12/2019 09:00,52868.208,26%,,,,,,,,,,
07/12/2019 10:00,62749.895,31%,,,,,,,,,,
07/12/2019 11:00,77663.443,39%,,,,,,,,,,
07/12/2019 12:00,80103.977,40%,,,,,,,,,,
07/12/2019 13:00,94723.067,47%,,,,,,,,,,
07/12/2019 14:00,109945.119,55%,,,,,,,,,,
07/12/2019 15:00,129967.855,65%,,,,,,,,,,
07/12/2019 16:00,161229.501,81%,,,,,,,,,,
07/12/2019 17:00,167663.988,84%,,,,,,,,,,
07/12/2019 18:00,172765.461,86%,,,,,,,,,,
07/12/2019 19:00,179755.624,90%,,,,,,,,,,
07/12/2019 20:00,183531.398,92%,,,,,,,,,,
07/12/2019 21:00,186185.211,93%,,,,,,,,,,
07/12/2019 22:00,190603.376,95%,,,,,,,,,,
07/12/2019 23:00,192551.121,96%,,,,,,,,,,
08/12/2019 00:00,192526.718,96%,,,,,,,,,,
08/12/2019 01:00,195917.977,98%,,,,,,,,,,
08/12/2019 02:00,197371.982,99%,,,,,,,,,,
08/12/2019 03:00,193878.221,97%,,,,,,,,,,
08/12/2019 04:00,188118.134,94%,,,,,,,,,,
08/12/2019 05:00,181572.268,91%,,,,,,,,,,
08/12/2019 06:00,181687.669,91%,,,,,,,,,,
08/12/2019 07:00,185434.828,93%,,,,,,,,,,
08/12/2019 08:00,185825.207,93%,,,,,,,,,,
08/12/2019 09:00,187190.582,94%,,,,,,,,,,
08/12/2019 10:00,187806.948,94%,,,,,,,,,,
08/12/2019 11:00,188000.884,94%,,,,,,,,,,
08/12/2019 12:00,189099.498,95%,,,,,,,,,,
08/12/2019 13:00,189330.33,95%,,,,,,,,,,
08/12/2019 14:00,187500.339,94%,,,,,,,,,,
08/12/2019 15:00,181972.679,91%,,,,,,,,,,
08/12/2019 16:00,176793.367,88%,,,,,,,,,,
08/12/2019 17:00,170923.293,85%,,,,,,,,,,
08/12/2019 18:00,155416.034,78%,,,,,,,,,,
08/12/2019 19:00,126141.246,63%,,,,,,,,,,
08/12/2019 20:00,106972.938,53%,,,,,,,,,,
08/12/2019 21:00,80436.794,40%,,,,,,,,,,
08/12/2019 22:00,74582.878,37%,,,,,,,,,,
08/12/2019 23:00,91418.067,46%,,,,,,,,,,
09/12/2019 00:00,140350.043,70%,,,,,,,,,,
09/12/2019 01:00,172261.84,86%,,,,,,,,,,
09/12/2019 02:00,178201.805,89%,,,,,,,,,,
09/12/2019 03:00,174952.324,87%,,,,,,,,,,
09/12/2019 04:00,168429.45,84%,,,,,,,,,,
09/12/2019 05:00,161200.493,81%,,,,,,,,,,
09/12/2019 06:00,150211.107,75%,,,,,,,,,,
09/12/2019 07:00,138032.037,69%,,,,,,,,,,
09/12/2019 08:00,127553.774,64%,,,,,,,,,,
09/12/2019 09:00,117249.815,59%,,,,,,,,,,
09/12/2019 10:00,95189.239,48%,,,,,,,,,,
09/12/2019 11:00,77870.28,39%,,,,,,,,,,
09/12/2019 12:00,67156.511,34%,,,,,,,,,,
09/12/2019 13:00,51762.645,26%,,,,,,,,,,
09/12/2019 14:00,43607.793,22%,,,,,,,,,,
09/12/2019 15:00,44614.875,22%,,,,,,,,,,
09/12/2019 16:00,50288.771,25%,,,,,,,,,,
09/12/2019 17:00,44606.862,22%,,,,,,,,,,
09/12/2019 18:00,44615.051,22%,,,,,,,,,,
09/12/2019 19:00,59999.547,30%,,,,,,,,,,
09/12/2019 20:00,74063.321,37%,,,,,,,,,,
09/12/2019 21:00,98770.875,49%,,,,,,,,,,
09/12/2019 22:00,106972.863,53%,,,,,,,,,,
09/12/2019 23:00,100142.603,50%,,,,,,,,,,
10/12/2019 00:00,92710.066,46%,,,,,,,,,,
10/12/2019 01:00,94944.793,47%,,,,,,,,,,
10/12/2019 02:00,101263.442,51%,,,,,,,,,,
10/12/2019 03:00,115136.97,58%,,,,,,,,,,
10/12/2019 04:00,139445.389,70%,,,,,,,,,,
10/12/2019 05:00,148557.586,74%,,,,,,,,,,
10/12/2019 06:00,157352.986,79%,,,,,,,,,,
10/12/2019 07:00,176079.628,88%,,,,,,,,,,
10/12/2019 08:00,181813.036,91%,,,,,,,,,,
10/12/2019 09:00,193804.581,97%,,,,,,,,,,
10/12/2019 10:00,198018.709,99%,,,,,,,,,,
10/12/2019 11:00,198255.39,99%,,,,,,,,,,
10/12/2019 12:00,198268.701,99%,,,,,,,,,,
10/12/2019 13:00,198126.412,99%,,,,,,,,,,
10/12/2019 14:00,195285.807,98%,,,,,,,,,,
10/12/2019 15:00,186208.916,93%,,,,,,,,,,
10/12/2019 16:00,168764.817,84%,,,,,,,,,,
10/12/2019 17:00,168347.517,84%,,,,,,,,,,
10/12/2019 18:00,174239.587,87%,,,,,,,,,,
10/12/2019 19:00,178508.174,89%,,,,,,,,,,
10/12/2019 20:00,181621.897,91%,,,,,,,,,,
10/12/2019 21:00,183002.057,92%,,,,,,,,,,
10/12/2019 22:00,184354.744,92%,,,,,,,,,,
10/12/2019 23:00,183666.732,92%,,,,,,,,,,
11/12/2019 00:00,179064.186,90%,,,,,,,,,,
11/12/2019 01:00,171013.021,86%,,,,,,,,,,
11/12/2019 02:00,164083.399,82%,,,,,,,,,,
11/12/2019 03:00,159128.165,80%,,,,,,,,,,
11/12/2019 04:00,163804.173,82%,,,,,,,,,,
11/12/2019 05:00,172942.776,86%,,,,,,,,,,
11/12/2019 06:00,176293.727,88%,,,,,,,,,,
11/12/2019 07:00,172057.903,86%,,,,,,,,,,
11/12/2019 08:00,164783.696,82%,,,,,,,,,,
11/12/2019 09:00,156253.21,78%,,,,,,,,,,
11/12/2019 10:00,151254.527,76%,,,,,,,,,,
11/12/2019 11:00,149575.016,75%,,,,,,,,,,
11/12/2019 12:00,148774.413,74%,,,,,,,,,,
11/12/2019 13:00,150129.146,75%,,,,,,,,,,
11/12/2019 14:00,150963.607,75%,,,,,,,,,,
11/12/2019 15:00,152785.583,76%,,,,,,,,,,
11/12/2019 16:00,152317.65,76%,,,,,,,,,,
11/12/2019 17:00,150878.185,75%,,,,,,,,,,
11/12/2019 18:00,149644.112,75%,,,,,,,,,,
11/12/2019 19:00,143574.119,72%,,,,,,,,,,
11/12/2019 20:00,141969.989,71%,,,,,,,,,,
11/12/2019 21:00,135541.999,68%,,,,,,,,,,
11/12/2019 22:00,121115.002,61%,,,,,,,,,,
11/12/2019 23:00,113642.94,57%,,,,,,,,,,
12/12/2019 00:00,106429.74,53%,,,,,,,,,,
12/12/2019 01:00,108708.661,54%,,,,,,,,,,
12/12/2019 02:00,99630.163,50%,,,,,,,,,,
12/12/2019 03:00,84097.834,42%,,,,,,,,,,
12/12/2019 04:00,78711.023,39%,,,,,,,,,,
12/12/2019 05:00,73424.432,37%,,,,,,,,,,
12/12/2019 06:00,64906.612,32%,,,,,,,,,,
12/12/2019 07:00,52595.797,26%,,,,,,,,,,
12/12/2019 08:00,43210.628,22%,,,,,,,,,,
12/12/2019 09:00,33274.528,17%,,,,,,,,,,
12/12/2019 10:00,22355.241,11%,,,,,,,,,,
12/12/2019 11:00,15577.505,8%,,,,,,,,,,
12/12/2019 12:00,16083.01,8%,,,,,,,,,,
12/12/2019 13:00,21158.421,11%,,,,,,,,,,
12/12/2019 14:00,29691.121,15%,,,,,,,,,,
12/12/2019 15:00,38340.935,19%,,,,,,,,,,
12/12/2019 16:00,43649.625,22%,,,,,,,,,,
12/12/2019 17:00,49680.737,25%,,,,,,,,,,
12/12/2019 18:00,51623.215,26%,,,,,,,,,,
12/12/2019 19:00,50215.617,25%,,,,,,,,,,
12/12/2019 20:00,46888.942,23%,,,,,,,,,,
12/12/2019 21:00,41002.482,21%,,,,,,,,,,
12/12/2019 22:00,37653.046,19%,,,,,,,,,,
12/12/2019 23:00,37990.887,19%,,,,,,,,,,
13/12/2019 00:00,41468.168,21%,,,,,,,,,,
13/12/2019 01:00,50813.968,25%,,,,,,,,,,
13/12/2019 02:00,62299.676,31%,,,,,,,,,,
13/12/2019 03:00,71713.871,36%,,,,,,,,,,
13/12/2019 04:00,82283.422,41%,,,,,,,,,,
13/12/2019 05:00,89404.474,45%,,,,,,,,,,
13/12/2019 06:00,95887.681,48%,,,,,,,,,,
13/12/2019 07:00,101153.039,51%,,,,,,,,,,
13/12/2019 08:00,105068.891,53%,,,,,,,,,,
13/12/2019 09:00,106429.62,53%,,,,,,,,,,
13/12/2019 10:00,103704.975,52%,,,,,,,,,,
13/12/2019 11:00,100127.463,50%,,,,,,,,,,
13/12/2019 12:00,97980.405,49%,,,,,,,,,,
13/12/2019 13:00,96293.53,48%,,,,,,,,,,
13/12/2019 14:00,91495.437,46%,,,,,,,,,,
13/12/2019 15:00,91661.958,46%,,,,,,,,,,
13/12/2019 16:00,89671.176,45%,,,,,,,,,,
13/12/2019 17:00,84462.123,42%,,,,,,,,,,
13/12/2019 18:00,74633.922,37%,,,,,,,,,,
13/12/2019 19:00,62576.68,31%,,,,,,,,,,
13/12/2019 20:00,52731.506,26%,,,,,,,,,,
13/12/2019 21:00,45043.236,23%,,,,,,,,,,
13/12/2019 22:00,40244.924,20%,,,,,,,,,,
13/12/2019 23:00,42488.767,21%,,,,,,,,,,
14/12/2019 00:00,47697.018,24%,,,,,,,,,,
14/12/2019 01:00,55404.952,28%,,,,,,,,,,
14/12/2019 02:00,62949.301,31%,,,,,,,,,,
14/12/2019 03:00,64213.512,32%,,,,,,,,,,
14/12/2019 04:00,67351.857,34%,,,,,,,,,,
14/12/2019 05:00,72298.761,36%,,,,,,,,,,
14/12/2019 06:00,77082.672,39%,,,,,,,,,,
14/12/2019 07:00,76363.43,38%,,,,,,,,,,
14/12/2019 08:00,77461.841,39%,,,,,,,,,,
14/12/2019 09:00,82000.588,41%,,,,,,,,,,
14/12/2019 10:00,93927.733,47%,,,,,,,,,,
14/12/2019 11:00,110388.174,55%,,,,,,,,,,
14/12/2019 12:00,126091.167,63%,,,,,,,,,,
14/12/2019 13:00,141230.392,71%,,,,,,,,,,
14/12/2019 14:00,147372.254,74%,,,,,,,,,,
14/12/2019 15:00,148651.32,74%,,,,,,,,,,
14/12/2019 16:00,148772.886,74%,,,,,,,,,,
14/12/2019 17:00,146647.863,73%,,,,,,,,,,
14/12/2019 18:00,159574.17,80%,,,,,,,,,,
14/12/2019 19:00,173254.453,87%,,,,,,,,,,
14/12/2019 20:00,175825.034,88%,,,,,,,,,,
14/12/2019 21:00,175268.108,88%,,,,,,,,,,
14/12/2019 22:00,169089.297,85%,,,,,,,,,,
14/12/2019 23:00,158290.317,79%,,,,,,,,,,
15/12/2019 00:00,140744.666,70%,,,,,,,,,,
15/12/2019 01:00,104701.491,52%,,,,,,,,,,
15/12/2019 02:00,100600.694,50%,,,,,,,,,,
15/12/2019 03:00,94359.738,47%,,,,,,,,,,
15/12/2019 04:00,91590.179,46%,,,,,,,,,,
15/12/2019 05:00,79558.644,40%,,,,,,,,,,
15/12/2019 06:00,80624.241,40%,,,,,,,,,,
15/12/2019 07:00,87229.222,44%,,,,,,,,,,
15/12/2019 08:00,84459.776,42%,,,,,,,,,,
15/12/2019 09:00,86237.141,43%,,,,,,,,,,
15/12/2019 10:00,83157.54,42%,,,,,,,,,,
15/12/2019 11:00,82545.843,41%,,,,,,,,,,
15/12/2019 12:00,95391.731,48%,,,,,,,,,,
15/12/2019 13:00,100142.685,50%,,,,,,,,,,
15/12/2019 14:00,107462.823,54%,,,,,,,,,,
15/12/2019 15:00,108046.601,54%,,,,,,,,,,
15/12/2019 16:00,97363.084,49%,,,,,,,,,,
15/12/2019 17:00,83913.655,42%,,,,,,,,,,
15/12/2019 18:00,66192.244,33%,,,,,,,,,,
15/12/2019 19:00,48154.154,24%,,,,,,,,,,
15/12/2019 20:00,36500.405,18%,,,,,,,,,,
15/12/2019 21:00,33579.873,17%,,,,,,,,,,
15/12/2019 22:00,40657.973,20%,,,,,,,,,,
15/12/2019 23:00,56858.874,28%,,,,,,,,,,
16/12/2019 00:00,67350.309,34%,,,,,,,,,,
16/12/2019 01:00,57773.392,29%,,,,,,,,,,
16/12/2019 02:00,54880.304,27%,,,,,,,,,,
16/12/2019 03:00,47679.405,24%,,,,,,,,,,
16/12/2019 04:00,43390.075,22%,,,,,,,,,,
16/12/2019 05:00,38340.607,19%,,,,,,,,,,
16/12/2019 06:00,35835.81,18%,,,,,,,,,,
16/12/2019 07:00,39085.868,20%,,,,,,,,,,
16/12/2019 08:00,46455.185,23%,,,,,,,,,,
16/12/2019 09:00,59556.09,30%,,,,,,,,,,
16/12/2019 10:00,64130.167,32%,,,,,,,,,,
16/12/2019 11:00,71814.418,36%,,,,,,,,,,
16/12/2019 12:00,86904.904,43%,,,,,,,,,,
16/12/2019 13:00,116897.719,58%,,,,,,,,,,
16/12/2019 14:00,128322.855,64%,,,,,,,,,,
16/12/2019 15:00,133159.489,67%,,,,,,,,,,
16/12/2019 16:00,130112.298,65%,,,,,,,,,,
16/12/2019 17:00,126462.407,63%,,,,,,,,,,
16/12/2019 18:00,120245.02,60%,,,,,,,,,,
16/12/2019 19:00,117256.836,59%,,,,,,,,,,
16/12/2019 20:00,111742.878,56%,,,,,,,,,,
16/12/2019 21:00,108140.809,54%,,,,,,,,,,
16/12/2019 22:00,103704.611,52%,,,,,,,,,,
16/12/2019 23:00,98296.193,49%,,,,,,,,,,
17/12/2019 00:00,90310.123,45%,,,,,,,,,,
17/12/2019 01:00,86446.732,43%,,,,,,,,,,
17/12/2019 02:00,85370.977,43%,,,,,,,,,,
17/12/2019 03:00,84462.287,42%,,,,,,,,,,
17/12/2019 04:00,86010.218,43%,,,,,,,,,,
17/12/2019 05:00,77666.861,39%,,,,,,,,,,
17/12/2019 06:00,80586.325,40%,,,,,,,,,,
17/12/2019 07:00,74716.85,37%,,,,,,,,,,
17/12/2019 08:00,69617.751,35%,,,,,,,,,,
17/12/2019 09:00,58804.491,29%,,,,,,,,,,
17/12/2019 10:00,52746.402,26%,,,,,,,,,,
17/12/2019 11:00,48582.282,24%,,,,,,,,,,
17/12/2019 12:00,50473.023,25%,,,,,,,,,,
17/12/2019 13:00,62734.321,31%,,,,,,,,,,
17/12/2019 14:00,79012.409,40%,,,,,,,,,,
17/12/2019 15:00,79121.717,40%,,,,,,,,,,
17/12/2019 16:00,72858.027,36%,,,,,,,,,,
17/12/2019 17:00,67555.379,34%,,,,,,,,,,
17/12/2019 18:00,59465.023,30%,,,,,,,,,,
17/12/2019 19:00,57108.492,29%,,,,,,,,,,
17/12/2019 20:00,58647.063,29%,,,,,,,,,,
17/12/2019 21:00,61252.088,31%,,,,,,,,,,
17/12/2019 22:00,60939.461,30%,,,,,,,,,,
17/12/2019 23:00,58451.884,29%,,,,,,,,,,
18/12/2019 00:00,60255.221,30%,,,,,,,,,,
18/12/2019 01:00,63390.726,32%,,,,,,,,,,
18/12/2019 02:00,58263.863,29%,,,,,,,,,,
18/12/2019 03:00,48655.137,24%,,,,,,,,,,
18/12/2019 04:00,38241.807,19%,,,,,,,,,,
18/12/2019 05:00,33481.486,17%,,,,,,,,,,
18/12/2019 06:00,31525.13,16%,,,,,,,,,,
18/12/2019 07:00,27082.849,14%,,,,,,,,,,
18/12/2019 08:00,24034.418,12%,,,,,,,,,,
18/12/2019 09:00,22020.85,11%,,,,,,,,,,
18/12/2019 10:00,21038.778,11%,,,,,,,,,,
18/12/2019 11:00,21565.484,11%,,,,,,,,,,
18/12/2019 12:00,28335.79,14%,,,,,,,,,,
18/12/2019 13:00,42780.754,21%,,,,,,,,,,
18/12/2019 14:00,65299.5,33%,,,,,,,,,,
18/12/2019 15:00,86019.953,43%,,,,,,,,,,
18/12/2019 16:00,102842.979,51%,,,,,,,,,,
18/12/2019 17:00,120244.898,60%,,,,,,,,,,
18/12/2019 18:00,137514.158,69%,,,,,,,,,,
18/12/2019 19:00,161528.291,81%,,,,,,,,,,
18/12/2019 20:00,172272.751,86%,,,,,,,,,,
18/12/2019 21:00,176285.508,88%,,,,,,,,,,
18/12/2019 22:00,174011.584,87%,,,,,,,,,,
18/12/2019 23:00,164814.526,82%,,,,,,,,,,
19/12/2019 00:00,162020.798,81%,,,,,,,,,,
19/12/2019 01:00,153067.581,77%,,,,,,,,,,
19/12/2019 02:00,161210.201,81%,,,,,,,,,,
19/12/2019 03:00,177052.563,89%,,,,,,,,,,
19/12/2019 04:00,181276.88,91%,,,,,,,,,,
19/12/2019 05:00,171525.575,86%,,,,,,,,,,
19/12/2019 06:00,142294.894,71%,,,,,,,,,,
19/12/2019 07:00,99714.652,50%,,,,,,,,,,
19/12/2019 08:00,78782.508,39%,,,,,,,,,,
19/12/2019 09:00,66982.008,33%,,,,,,,,,,
19/12/2019 10:00,47100.69,24%,,,,,,,,,,
19/12/2019 11:00,29766.057,15%,,,,,,,,,,
19/12/2019 12:00,23731.433,12%,,,,,,,,,,
19/12/2019 13:00,26089.072,13%,,,,,,,,,,
19/12/2019 14:00,41357.68,21%,,,,,,,,,,
19/12/2019 15:00,62765.519,31%,,,,,,,,,,
19/12/2019 16:00,69018.447,35%,,,,,,,,,,
19/12/2019 17:00,70741.382,35%,,,,,,,,,,
19/12/2019 18:00,73150.755,37%,,,,,,,,,,
19/12/2019 19:00,81456.625,41%,,,,,,,,,,
19/12/2019 20:00,91901.948,46%,,,,,,,,,,
19/12/2019 21:00,90075.645,45%,,,,,,,,,,
19/12/2019 22:00,95741.046,48%,,,,,,,,,,
19/12/2019 23:00,98769.299,49%,,,,,,,,,,
20/12/2019 00:00,104110.301,52%,,,,,,,,,,
20/12/2019 01:00,116072.462,58%,,,,,,,,,,
20/12/2019 02:00,123064.266,62%,,,,,,,,,,
20/12/2019 03:00,132202.99,66%,,,,,,,,,,
20/12/2019 04:00,138497.835,69%,,,,,,,,,,
20/12/2019 05:00,140936.865,70%,,,,,,,,,,
20/12/2019 06:00,127136.698,64%,,,,,,,,,,
20/12/2019 07:00,104524.529,52%,,,,,,,,,,
20/12/2019 08:00,75785.73,38%,,,,,,,,,,
20/12/2019 09:00,56936.9,28%,,,,,,,,,,
20/12/2019 10:00,34694.613,17%,,,,,,,,,,
20/12/2019 11:00,18558.659,9%,,,,,,,,,,
20/12/2019 12:00,13986.801,7%,,,,,,,,,,
20/12/2019 13:00,15011.155,8%,,,,,,,,,,
20/12/2019 14:00,16551.522,8%,,,,,,,,,,
20/12/2019 15:00,21111.661,11%,,,,,,,,,,
20/12/2019 16:00,30324.288,15%,,,,,,,,,,
20/12/2019 17:00,45526.526,23%,,,,,,,,,,
20/12/2019 18:00,64527.421,32%,,,,,,,,,,
20/12/2019 19:00,72007.99,36%,,,,,,,,,,
20/12/2019 20:00,95739.915,48%,,,,,,,,,,
20/12/2019 21:00,109036.35,55%,,,,,,,,,,
20/12/2019 22:00,110322.735,55%,,,,,,,,,,
20/12/2019 23:00,110224.32,55%,,,,,,,,,,
21/12/2019 00:00,116905.121,58%,,,,,,,,,,
21/12/2019 01:00,120406.067,60%,,,,,,,,,,
21/12/2019 02:00,111654.91,56%,,,,,,,,,,
21/12/2019 03:00,101591.305,51%,,,,,,,,,,
21/12/2019 04:00,89925.204,45%,,,,,,,,,,
21/12/2019 05:00,74733.598,37%,,,,,,,,,,
21/12/2019 06:00,58955.435,29%,,,,,,,,,,
21/12/2019 07:00,48149.847,24%,,,,,,,,,,
21/12/2019 08:00,36551.055,18%,,,,,,,,,,
21/12/2019 09:00,26676.999,13%,,,,,,,,,,
21/12/2019 10:00,17342.969,9%,,,,,,,,,,
21/12/2019 11:00,14348.173,7%,,,,,,,,,,
21/12/2019 12:00,14992.599,7%,,,,,,,,,,
21/12/2019 13:00,16582.231,8%,,,,,,,,,,
21/12/2019 14:00,20873.224,10%,,,,,,,,,,
21/12/2019 15:00,26346.156,13%,,,,,,,,,,
21/12/2019 16:00,29037.794,15%,,,,,,,,,,
21/12/2019 17:00,27810.048,14%,,,,,,,,,,
21/12/2019 18:00,24477.945,12%,,,,,,,,,,
21/12/2019 19:00,21716.057,11%,,,,,,,,,,
21/12/2019 20:00,19796.035,10%,,,,,,,,,,
21/12/2019 21:00,16728.7,8%,,,,,,,,,,
21/12/2019 22:00,12423.263,6%,,,,,,,,,,
21/12/2019 23:00,9840.165,5%,,,,,,,,,,
22/12/2019 00:00,10485.997,5%,,,,,,,,,,
22/12/2019 01:00,12760.166,6%,,,,,,,,,,
22/12/2019 02:00,14791.804,7%,,,,,,,,,,
22/12/2019 03:00,16104.324,8%,,,,,,,,,,
22/12/2019 04:00,16818.462,8%,,,,,,,,,,
22/12/2019 05:00,16813.487,8%,,,,,,,,,,
22/12/2019 06:00,15914.401,8%,,,,,,,,,,
22/12/2019 07:00,14916.701,7%,,,,,,,,,,
22/12/2019 08:00,14639.204,7%,,,,,,,,,,
22/12/2019 09:00,14650.657,7%,,,,,,,,,,
22/12/2019 10:00,14075.201,7%,,,,,,,,,,
22/12/2019 11:00,12726.435,6%,,,,,,,,,,
22/12/2019 12:00,12030.772,6%,,,,,,,,,,
22/12/2019 13:00,12166.125,6%,,,,,,,,,,
22/12/2019 14:00,13742.378,7%,,,,,,,,,,
22/12/2019 15:00,15155.163,8%,,,,,,,,,,
22/12/2019 16:00,16937.646,8%,,,,,,,,,,
22/12/2019 17:00,19853.91,10%,,,,,,,,,,
22/12/2019 18:00,22163.589,11%,,,,,,,,,,
22/12/2019 19:00,23215.471,12%,,,,,,,,,,
22/12/2019 20:00,23450.838,12%,,,,,,,,,,
22/12/2019 21:00,24172.37,12%,,,,,,,,,,
22/12/2019 22:00,25898.594,13%,,,,,,,,,,
22/12/2019 23:00,26049.877,13%,,,,,,,,,,
23/12/2019 00:00,26067.989,13%,,,,,,,,,,
23/12/2019 01:00,28843.173,14%,,,,,,,,,,
23/12/2019 02:00,34876.407,17%,,,,,,,,,,
23/12/2019 03:00,46704.358,23%,,,,,,,,,,
23/12/2019 04:00,60496.202,30%,,,,,,,,,,
23/12/2019 05:00,66315.467,33%,,,,,,,,,,
23/12/2019 06:00,76453.642,38%,,,,,,,,,,
23/12/2019 07:00,91536.892,46%,,,,,,,,,,
23/12/2019 08:00,89491.7,45%,,,,,,,,,,
23/12/2019 09:00,103706.15,52%,,,,,,,,,,
23/12/2019 10:00,119588.184,60%,,,,,,,,,,
23/12/2019 11:00,127084.164,64%,,,,,,,,,,
23/12/2019 12:00,128766.738,64%,,,,,,,,,,
23/12/2019 13:00,133161.563,67%,,,,,,,,,,
23/12/2019 14:00,127177.577,64%,,,,,,,,,,
23/12/2019 15:00,119887.521,60%,,,,,,,,,,
23/12/2019 16:00,109406.75,55%,,,,,,,,,,
23/12/2019 17:00,103159.101,52%,,,,,,,,,,
23/12/2019 18:00,97429.884,49%,,,,,,,,,,
23/12/2019 19:00,89896.011,45%,,,,,,,,,,
23/12/2019 20:00,86381.262,43%,,,,,,,,,,
23/12/2019 21:00,74197.23,37%,,,,,,,,,,
23/12/2019 22:00,64008.843,32%,,,,,,,,,,
23/12/2019 23:00,60486.872,30%,,,,,,,,,,
24/12/2019 00:00,55811.359,28%,,,,,,,,,,
24/12/2019 01:00,46905.39,23%,,,,,,,,,,
24/12/2019 02:00,42859.074,21%,,,,,,,,,,
24/12/2019 03:00,37041.285,19%,,,,,,,,,,
24/12/2019 04:00,34231.821,17%,,,,,,,,,,
24/12/2019 05:00,33346.135,17%,,,,,,,,,,
24/12/2019 06:00,29210.401,15%,,,,,,,,,,
24/12/2019 07:00,24460.967,12%,,,,,,,,,,
24/12/2019 08:00,20289.008,10%,,,,,,,,,,
24/12/2019 09:00,17266.519,9%,,,,,,,,,,
24/12/2019 10:00,15321.948,8%,,,,,,,,,,
24/12/2019 11:00,16362.869,8%,,,,,,,,,,
24/12/2019 12:00,19677.317,10%,,,,,,,,,,
24/12/2019 13:00,23671.536,12%,,,,,,,,,,
24/12/2019 14:00,30585.944,15%,,,,,,,,,,
24/12/2019 15:00,40221.484,20%,,,,,,,,,,
24/12/2019 16:00,45488.756,23%,,,,,,,,,,
24/12/2019 17:00,50778.202,25%,,,,,,,,,,
24/12/2019 18:00,52752.937,26%,,,,,,,,,,
24/12/2019 19:00,51810.223,26%,,,,,,,,,,
24/12/2019 20:00,53326.529,27%,,,,,,,,,,
24/12/2019 21:00,52792.345,26%,,,,,,,,,,
24/12/2019 22:00,52741.737,26%,,,,,,,,,,
24/12/2019 23:00,57782.877,29%,,,,,,,,,,
25/12/2019 00:00,58759.759,29%,,,,,,,,,,
25/12/2019 01:00,57124.671,29%,,,,,,,,,,
25/12/2019 02:00,53931.156,27%,,,,,,,,,,
25/12/2019 03:00,55811.095,28%,,,,,,,,,,
25/12/2019 04:00,56697.998,28%,,,,,,,,,,
25/12/2019 05:00,54581.069,27%,,,,,,,,,,
25/12/2019 06:00,49730.029,25%,,,,,,,,,,
25/12/2019 07:00,43951.192,22%,,,,,,,,,,
25/12/2019 08:00,38456.381,19%,,,,,,,,,,
25/12/2019 09:00,33821.542,17%,,,,,,,,,,
25/12/2019 10:00,28824.206,14%,,,,,,,,,,
25/12/2019 11:00,24096.199,12%,,,,,,,,,,
25/12/2019 12:00,18723.316,9%,,,,,,,,,,
25/12/2019 13:00,15614.683,8%,,,,,,,,,,
25/12/2019 14:00,12847.56,6%,,,,,,,,,,
25/12/2019 15:00,8159.823,4%,,,,,,,,,,
25/12/2019 16:00,4091.836,2%,,,,,,,,,,
25/12/2019 17:00,2248.454,1%,,,,,,,,,,
25/12/2019 18:00,2330.897,1%,,,,,,,,,,
25/12/2019 19:00,4774.591,2%,,,,,,,,,,
25/12/2019 20:00,10858.978,5%,,,,,,,,,,
25/12/2019 21:00,18692.873,9%,,,,,,,,,,
25/12/2019 22:00,24900.969,12%,,,,,,,,,,
25/12/2019 23:00,33952.669,17%,,,,,,,,,,
26/12/2019 00:00,43977.174,22%,,,,,,,,,,
26/12/2019 01:00,53233.058,27%,,,,,,,,,,
26/12/2019 02:00,62913.824,31%,,,,,,,,,,
26/12/2019 03:00,69030.799,35%,,,,,,,,,,
26/12/2019 04:00,77124.548,39%,,,,,,,,,,
26/12/2019 05:00,85964.894,43%,,,,,,,,,,
26/12/2019 06:00,92707.735,46%,,,,,,,,,,
26/12/2019 07:00,100254.255,50%,,,,,,,,,,
26/12/2019 08:00,107224.247,54%,,,,,,,,,,
26/12/2019 09:00,100749.832,50%,,,,,,,,,,
26/12/2019 10:00,96842.957,48%,,,,,,,,,,
26/12/2019 11:00,91330.003,46%,,,,,,,,,,
26/12/2019 12:00,86505.55,43%,,,,,,,,,,
26/12/2019 13:00,80300.981,40%,,,,,,,,,,
26/12/2019 14:00,80007.945,40%,,,,,,,,,,
26/12/2019 15:00,77127.685,39%,,,,,,,,,,
26/12/2019 16:00,73430.072,37%,,,,,,,,,,
26/12/2019 17:00,75248.453,38%,,,,,,,,,,
26/12/2019 18:00,77526.668,39%,,,,,,,,,,
26/12/2019 19:00,79558.442,40%,,,,,,,,,,
26/12/2019 20:00,79016.638,40%,,,,,,,,,,
26/12/2019 21:00,80659.781,40%,,,,,,,,,,
26/12/2019 22:00,75783.271,38%,,,,,,,,,,
26/12/2019 23:00,66318.283,33%,,,,,,,,,,
27/12/2019 00:00,66827.599,33%,,,,,,,,,,
27/12/2019 01:00,66005.72,33%,,,,,,,,,,
27/12/2019 02:00,64015.619,32%,,,,,,,,,,
27/12/2019 03:00,62555.855,31%,,,,,,,,,,
27/12/2019 04:00,58764.654,29%,,,,,,,,,,
27/12/2019 05:00,57783.288,29%,,,,,,,,,,
27/12/2019 06:00,69000.764,35%,,,,,,,,,,
27/12/2019 07:00,71318.978,36%,,,,,,,,,,
27/12/2019 08:00,68646.634,34%,,,,,,,,,,
27/12/2019 09:00,80453.916,40%,,,,,,,,,,
27/12/2019 10:00,91884.19,46%,,,,,,,,,,
27/12/2019 11:00,108163.425,54%,,,,,,,,,,
27/12/2019 12:00,113157.876,57%,,,,,,,,,,
27/12/2019 13:00,112226.392,56%,,,,,,,,,,
27/12/2019 14:00,115432,58%,,,,,,,,,,
27/12/2019 15:00,106429.838,53%,,,,,,,,,,
27/12/2019 16:00,104509.427,52%,,,,,,,,,,
27/12/2019 17:00,103157.77,52%,,,,,,,,,,
27/12/2019 18:00,103704.558,52%,,,,,,,,,,
27/12/2019 19:00,91331.168,46%,,,,,,,,,,
27/12/2019 20:00,74494.637,37%,,,,,,,,,,
27/12/2019 21:00,64917.172,32%,,,,,,,,,,
27/12/2019 22:00,63044.266,32%,,,,,,,,,,
27/12/2019 23:00,69245.434,35%,,,,,,,,,,
28/12/2019 00:00,92709.076,46%,,,,,,,,,,
28/12/2019 01:00,108842.502,54%,,,,,,,,,,
28/12/2019 02:00,83375.52,42%,,,,,,,,,,
28/12/2019 03:00,87581.125,44%,,,,,,,,,,
28/12/2019 04:00,90149.08,45%,,,,,,,,,,
28/12/2019 05:00,94047.19,47%,,,,,,,,,,
28/12/2019 06:00,100931.808,50%,,,,,,,,,,
28/12/2019 07:00,110689.823,55%,,,,,,,,,,
28/12/2019 08:00,142290.146,71%,,,,,,,,,,
28/12/2019 09:00,161211.712,81%,,,,,,,,,,
28/12/2019 10:00,165451.911,83%,,,,,,,,,,
28/12/2019 11:00,150768.351,75%,,,,,,,,,,
28/12/2019 12:00,144306.118,72%,,,,,,,,,,
28/12/2019 13:00,151331.898,76%,,,,,,,,,,
28/12/2019 14:00,149386.342,75%,,,,,,,,,,
28/12/2019 15:00,149179.864,75%,,,,,,,,,,
28/12/2019 16:00,153292.552,77%,,,,,,,,,,
28/12/2019 17:00,141109.773,71%,,,,,,,,,,
28/12/2019 18:00,138560.942,69%,,,,,,,,,,
28/12/2019 19:00,147904.162,74%,,,,,,,,,,
28/12/2019 20:00,151594.274,76%,,,,,,,,,,
28/12/2019 21:00,151939.054,76%,,,,,,,,,,
28/12/2019 22:00,151137.951,76%,,,,,,,,,,
28/12/2019 23:00,149974.399,75%,,,,,,,,,,
29/12/2019 00:00,150290.714,75%,,,,,,,,,,
29/12/2019 01:00,160608.816,80%,,,,,,,,,,
29/12/2019 02:00,176325.159,88%,,,,,,,,,,
29/12/2019 03:00,180274.092,90%,,,,,,,,,,
29/12/2019 04:00,180607.215,90%,,,,,,,,,,
29/12/2019 05:00,182862.674,91%,,,,,,,,,,
29/12/2019 06:00,185809.315,93%,,,,,,,,,,
29/12/2019 07:00,186098.351,93%,,,,,,,,,,
29/12/2019 08:00,185143.124,93%,,,,,,,,,,
29/12/2019 09:00,183175.096,92%,,,,,,,,,,
29/12/2019 10:00,179870.052,90%,,,,,,,,,,
29/12/2019 11:00,174234.517,87%,,,,,,,,,,
29/12/2019 12:00,171182.377,86%,,,,,,,,,,
29/12/2019 13:00,172664.825,86%,,,,,,,,,,
29/12/2019 14:00,173477.691,87%,,,,,,,,,,
29/12/2019 15:00,174954.035,87%,,,,,,,,,,
29/12/2019 16:00,176040.46,88%,,,,,,,,,,
29/12/2019 17:00,176275.978,88%,,,,,,,,,,
29/12/2019 18:00,174012.088,87%,,,,,,,,,,
29/12/2019 19:00,168570.017,84%,,,,,,,,,,
29/12/2019 20:00,163203.469,82%,,,,,,,,,,
29/12/2019 21:00,161176.09,81%,,,,,,,,,,
29/12/2019 22:00,162351.334,81%,,,,,,,,,,
29/12/2019 23:00,161533.915,81%,,,,,,,,,,
30/12/2019 00:00,156145.239,78%,,,,,,,,,,
30/12/2019 01:00,146386.981,73%,,,,,,,,,,
30/12/2019 02:00,137314.592,69%,,,,,,,,,,
30/12/2019 03:00,127355.732,64%,,,,,,,,,,
30/12/2019 04:00,123599.037,62%,,,,,,,,,,
30/12/2019 05:00,117948.391,59%,,,,,,,,,,
30/12/2019 06:00,110482.947,55%,,,,,,,,,,
30/12/2019 07:00,108543.229,54%,,,,,,,,,,
30/12/2019 08:00,103704.811,52%,,,,,,,,,,
30/12/2019 09:00,96300.527,48%,,,,,,,,,,
30/12/2019 10:00,91884.062,46%,,,,,,,,,,
30/12/2019 11:00,97670.755,49%,,,,,,,,,,
30/12/2019 12:00,100292.411,50%,,,,,,,,,,
30/12/2019 13:00,102194.253,51%,,,,,,,,,,
30/12/2019 14:00,105904.906,53%,,,,,,,,,,
30/12/2019 15:00,108698.972,54%,,,,,,,,,,
30/12/2019 16:00,105069.16,53%,,,,,,,,,,
30/12/2019 17:00,100940.307,50%,,,,,,,,,,
30/12/2019 18:00,100411.984,50%,,,,,,,,,,
30/12/2019 19:00,96843.463,48%,,,,,,,,,,
30/12/2019 20:00,87147.071,44%,,,,,,,,,,
30/12/2019 21:00,72097.279,36%,,,,,,,,,,
30/12/2019 22:00,58766.008,29%,,,,,,,,,,
30/12/2019 23:00,50803.658,25%,,,,,,,,,,
31/12/2019 00:00,41131.25,21%,,,,,,,,,,
31/12/2019 01:00,27149.641,14%,,,,,,,,,,
31/12/2019 02:00,22788.292,11%,,,,,,,,,,
31/12/2019 03:00,25695.416,13%,,,,,,,,,,
31/12/2019 04:00,12823.367,6%,,,,,,,,,,
31/12/2019 05:00,6394.173,3%,,,,,,,,,,
31/12/2019 06:00,4151.871,2%,,,,,,,,,,
31/12/2019 07:00,2622.223,1%,,,,,,,,,,
31/12/2019 08:00,2132.651,1%,,,,,,,,,,
31/12/2019 09:00,2476.791,1%,,,,,,,,,,
31/12/2019 10:00,3062.149,2%,,,,,,,,,,
31/12/2019 11:00,5752.349,3%,,,,,,,,,,
31/12/2019 12:00,12498.667,6%,,,,,,,,,,
31/12/2019 13:00,19998.442,10%,,,,,,,,,,
31/12/2019 14:00,26836.477,13%,,,,,,,,,,
31/12/2019 15:00,31549.982,16%,,,,,,,,,,
31/12/2019 16:00,36552.092,18%,,,,,,,,,,
31/12/2019 17:00,42770.353,21%,,,,,,,,,,
31/12/2019 18:00,49049.28,25%,,,,,,,,,,
31/12/2019 19:00,52883.402,26%,,,,,,,,,,
31/12/2019 20:00,50800.067,25%,,,,,,,,,,
31/12/2019 21:00,50633.899,25%,,,,,,,,,,
31/12/2019 22:00,55602.035,28%,,,,,,,,,,
31/12/2019 23:00,55502.673,28%,,,,,,,,,,
