# Renewables.ninja Wind power (Point API) - 56.377, -3.583 - Version: 1.4 - License: https://creativecommons.org/licenses/by-nc/4.0/ - Reference: https://doi.org/10.1016/j.energy.2016.08.068
# Units: time in UTC, electricity in kW
# {"units": {"time": "UTC", "electricity": "kW"}, "params": {"lat": "56.377467201148704", "lon": "-3.582998744929", "date_from": "2019-01-01", "date_to": "2019-12-31", "dataset": "merra2", "header": "true", "local_time": "false", "capacity": "200000", "height": "80", "turbine": "Vestas V90 2000", "raw": "false"}}
time,electricity
2019-01-01 00:00,167994.090
2019-01-01 01:00,155251.082
2019-01-01 02:00,137370.517
2019-01-01 03:00,116297.448
2019-01-01 04:00,96290.183
2019-01-01 05:00,84161.186
2019-01-01 06:00,71208.165
2019-01-01 07:00,68835.195
2019-01-01 08:00,66317.502
2019-01-01 09:00,64017.133
2019-01-01 10:00,55564.036
2019-01-01 11:00,44606.471
2019-01-01 12:00,36585.991
2019-01-01 13:00,41179.028
2019-01-01 14:00,47853.871
2019-01-01 15:00,51296.384
2019-01-01 16:00,47131.691
2019-01-01 17:00,41997.576
2019-01-01 18:00,37832.840
2019-01-01 19:00,34590.548
2019-01-01 20:00,31905.094
2019-01-01 21:00,30255.098
2019-01-01 22:00,28019.821
2019-01-01 23:00,25481.237
2019-01-02 00:00,22890.008
2019-01-02 01:00,20248.588
2019-01-02 02:00,16865.401
2019-01-02 03:00,13851.464
2019-01-02 04:00,10810.143
2019-01-02 05:00,7661.510
2019-01-02 06:00,5144.926
2019-01-02 07:00,3567.480
2019-01-02 08:00,3191.502
2019-01-02 09:00,4530.824
2019-01-02 10:00,6482.963
2019-01-02 11:00,7370.398
2019-01-02 12:00,8412.982
2019-01-02 13:00,8994.024
2019-01-02 14:00,9549.980
2019-01-02 15:00,9457.680
2019-01-02 16:00,9035.078
2019-01-02 17:00,9485.754
2019-01-02 18:00,10694.579
2019-01-02 19:00,11554.977
2019-01-02 20:00,11424.786
2019-01-02 21:00,11945.036
2019-01-02 22:00,14356.258
2019-01-02 23:00,17026.383
2019-01-03 00:00,17341.749
2019-01-03 01:00,15756.567
2019-01-03 02:00,14045.362
2019-01-03 03:00,14104.695
2019-01-03 04:00,15281.104
2019-01-03 05:00,17169.478
2019-01-03 06:00,20454.925
2019-01-03 07:00,25032.504
2019-01-03 08:00,29578.216
2019-01-03 09:00,31880.462
2019-01-03 10:00,28293.151
2019-01-03 11:00,21409.481
2019-01-03 12:00,17050.555
2019-01-03 13:00,18709.583
2019-01-03 14:00,25490.809
2019-01-03 15:00,33999.865
2019-01-03 16:00,37863.180
2019-01-03 17:00,41007.630
2019-01-03 18:00,46989.518
2019-01-03 19:00,51806.174
2019-01-03 20:00,47206.579
2019-01-03 21:00,38335.720
2019-01-03 22:00,38905.127
2019-01-03 23:00,42823.312
2019-01-04 00:00,46245.713
2019-01-04 01:00,46934.734
2019-01-04 02:00,49451.472
2019-01-04 03:00,53926.028
2019-01-04 04:00,54883.645
2019-01-04 05:00,55977.122
2019-01-04 06:00,58374.438
2019-01-04 07:00,62780.852
2019-01-04 08:00,65738.231
2019-01-04 09:00,66553.873
2019-01-04 10:00,64013.478
2019-01-04 11:00,62629.876
2019-01-04 12:00,61848.879
2019-01-04 13:00,65545.447
2019-01-04 14:00,75803.144
2019-01-04 15:00,82750.563
2019-01-04 16:00,83101.163
2019-01-04 17:00,77123.710
2019-01-04 18:00,71553.050
2019-01-04 19:00,67372.506
2019-01-04 20:00,63940.063
2019-01-04 21:00,63550.804
2019-01-04 22:00,64527.819
2019-01-04 23:00,65029.409
2019-01-05 00:00,65035.196
2019-01-05 01:00,64083.466
2019-01-05 02:00,62238.040
2019-01-05 03:00,58285.130
2019-01-05 04:00,54033.831
2019-01-05 05:00,51818.628
2019-01-05 06:00,49737.309
2019-01-05 07:00,45052.025
2019-01-05 08:00,38906.323
2019-01-05 09:00,35157.431
2019-01-05 10:00,36853.339
2019-01-05 11:00,39013.435
2019-01-05 12:00,40168.769
2019-01-05 13:00,41912.118
2019-01-05 14:00,43871.698
2019-01-05 15:00,44944.141
2019-01-05 16:00,45579.526
2019-01-05 17:00,44450.915
2019-01-05 18:00,42305.045
2019-01-05 19:00,39105.092
2019-01-05 20:00,41817.518
2019-01-05 21:00,50197.444
2019-01-05 22:00,59992.343
2019-01-05 23:00,68714.460
2019-01-06 00:00,79744.415
2019-01-06 01:00,86035.850
2019-01-06 02:00,84126.065
2019-01-06 03:00,83341.332
2019-01-06 04:00,83951.024
2019-01-06 05:00,78203.523
2019-01-06 06:00,65773.914
2019-01-06 07:00,56502.722
2019-01-06 08:00,46142.198
2019-01-06 09:00,34262.863
2019-01-06 10:00,23307.374
2019-01-06 11:00,14457.697
2019-01-06 12:00,9620.939
2019-01-06 13:00,8181.492
2019-01-06 14:00,6063.262
2019-01-06 15:00,2867.021
2019-01-06 16:00,2331.594
2019-01-06 17:00,4222.982
2019-01-06 18:00,8367.567
2019-01-06 19:00,16289.661
2019-01-06 20:00,28431.747
2019-01-06 21:00,43956.557
2019-01-06 22:00,62240.789
2019-01-06 23:00,86076.412
2019-01-07 00:00,108536.529
2019-01-07 01:00,120625.667
2019-01-07 02:00,125916.681
2019-01-07 03:00,149571.626
2019-01-07 04:00,166199.877
2019-01-07 05:00,174473.718
2019-01-07 06:00,185803.686
2019-01-07 07:00,193211.678
2019-01-07 08:00,195188.252
2019-01-07 09:00,195121.508
2019-01-07 10:00,195682.511
2019-01-07 11:00,195656.701
2019-01-07 12:00,196734.977
2019-01-07 13:00,197547.983
2019-01-07 14:00,198022.107
2019-01-07 15:00,198143.524
2019-01-07 16:00,197988.981
2019-01-07 17:00,197419.896
2019-01-07 18:00,196672.732
2019-01-07 19:00,195351.457
2019-01-07 20:00,193647.432
2019-01-07 21:00,191503.180
2019-01-07 22:00,188646.638
2019-01-07 23:00,183633.105
2019-01-08 00:00,179154.501
2019-01-08 01:00,174968.687
2019-01-08 02:00,167903.211
2019-01-08 03:00,157628.579
2019-01-08 04:00,144588.728
2019-01-08 05:00,128682.807
2019-01-08 06:00,110910.672
2019-01-08 07:00,105069.407
2019-01-08 08:00,98219.097
2019-01-08 09:00,92710.028
2019-01-08 10:00,82792.150
2019-01-08 11:00,74718.167
2019-01-08 12:00,71521.554
2019-01-08 13:00,73776.706
2019-01-08 14:00,74710.594
2019-01-08 15:00,78605.579
2019-01-08 16:00,80720.902
2019-01-08 17:00,78979.265
2019-01-08 18:00,72324.606
2019-01-08 19:00,67760.089
2019-01-08 20:00,65727.113
2019-01-08 21:00,62579.840
2019-01-08 22:00,57781.704
2019-01-08 23:00,50200.074
2019-01-09 00:00,40967.765
2019-01-09 01:00,37217.250
2019-01-09 02:00,37729.214
2019-01-09 03:00,36648.458
2019-01-09 04:00,34252.290
2019-01-09 05:00,32110.079
2019-01-09 06:00,24721.494
2019-01-09 07:00,19310.831
2019-01-09 08:00,17563.605
2019-01-09 09:00,12045.396
2019-01-09 10:00,7156.146
2019-01-09 11:00,5031.448
2019-01-09 12:00,5306.799
2019-01-09 13:00,9159.203
2019-01-09 14:00,13794.625
2019-01-09 15:00,20658.798
2019-01-09 16:00,31242.723
2019-01-09 17:00,44459.442
2019-01-09 18:00,57106.716
2019-01-09 19:00,58762.310
2019-01-09 20:00,59802.481
2019-01-09 21:00,67177.044
2019-01-09 22:00,74717.705
2019-01-09 23:00,81124.805
2019-01-10 00:00,80514.411
2019-01-10 01:00,84440.743
2019-01-10 02:00,88300.496
2019-01-10 03:00,81515.204
2019-01-10 04:00,76402.717
2019-01-10 05:00,74719.892
2019-01-10 06:00,75080.440
2019-01-10 07:00,74706.845
2019-01-10 08:00,76706.335
2019-01-10 09:00,74714.221
2019-01-10 10:00,64520.767
2019-01-10 11:00,56920.913
2019-01-10 12:00,56096.538
2019-01-10 13:00,53246.247
2019-01-10 14:00,59175.171
2019-01-10 15:00,68121.470
2019-01-10 16:00,71007.015
2019-01-10 17:00,73765.861
2019-01-10 18:00,70169.238
2019-01-10 19:00,67346.419
2019-01-10 20:00,73805.219
2019-01-10 21:00,79556.155
2019-01-10 22:00,75076.040
2019-01-10 23:00,75788.533
2019-01-11 00:00,81940.420
2019-01-11 01:00,88854.017
2019-01-11 02:00,89265.654
2019-01-11 03:00,85329.155
2019-01-11 04:00,82442.453
2019-01-11 05:00,77760.623
2019-01-11 06:00,71598.823
2019-01-11 07:00,64013.275
2019-01-11 08:00,58272.205
2019-01-11 09:00,57764.367
2019-01-11 10:00,55426.947
2019-01-11 11:00,51542.449
2019-01-11 12:00,53923.750
2019-01-11 13:00,54196.134
2019-01-11 14:00,64104.765
2019-01-11 15:00,80553.983
2019-01-11 16:00,91882.283
2019-01-11 17:00,89404.775
2019-01-11 18:00,90782.062
2019-01-11 19:00,100142.373
2019-01-11 20:00,113157.627
2019-01-11 21:00,119122.293
2019-01-11 22:00,146775.757
2019-01-11 23:00,170307.562
2019-01-12 00:00,175479.990
2019-01-12 01:00,180279.787
2019-01-12 02:00,176286.646
2019-01-12 03:00,175699.024
2019-01-12 04:00,175000.010
2019-01-12 05:00,169704.710
2019-01-12 06:00,168377.230
2019-01-12 07:00,170703.846
2019-01-12 08:00,173555.669
2019-01-12 09:00,175846.024
2019-01-12 10:00,176420.205
2019-01-12 11:00,175382.949
2019-01-12 12:00,171157.498
2019-01-12 13:00,170376.788
2019-01-12 14:00,172766.621
2019-01-12 15:00,172297.042
2019-01-12 16:00,172915.930
2019-01-12 17:00,172300.991
2019-01-12 18:00,171995.436
2019-01-12 19:00,173165.660
2019-01-12 20:00,173517.692
2019-01-12 21:00,177052.747
2019-01-12 22:00,183986.083
2019-01-12 23:00,188713.648
2019-01-13 00:00,191598.948
2019-01-13 01:00,193332.949
2019-01-13 02:00,193677.756
2019-01-13 03:00,192372.444
2019-01-13 04:00,191053.076
2019-01-13 05:00,191406.041
2019-01-13 06:00,192764.003
2019-01-13 07:00,194246.474
2019-01-13 08:00,194496.433
2019-01-13 09:00,192780.693
2019-01-13 10:00,190497.099
2019-01-13 11:00,188648.901
2019-01-13 12:00,188122.686
2019-01-13 13:00,187838.105
2019-01-13 14:00,187070.733
2019-01-13 15:00,185948.874
2019-01-13 16:00,184613.219
2019-01-13 17:00,181014.359
2019-01-13 18:00,174190.905
2019-01-13 19:00,163276.316
2019-01-13 20:00,149116.173
2019-01-13 21:00,133158.180
2019-01-13 22:00,108385.115
2019-01-13 23:00,84479.683
2019-01-14 00:00,67659.487
2019-01-14 01:00,54236.086
2019-01-14 02:00,36866.227
2019-01-14 03:00,24011.321
2019-01-14 04:00,13854.659
2019-01-14 05:00,5986.660
2019-01-14 06:00,2125.533
2019-01-14 07:00,1294.391
2019-01-14 08:00,4407.638
2019-01-14 09:00,14484.835
2019-01-14 10:00,25370.968
2019-01-14 11:00,37243.110
2019-01-14 12:00,45732.011
2019-01-14 13:00,62728.650
2019-01-14 14:00,80167.776
2019-01-14 15:00,86652.150
2019-01-14 16:00,87655.778
2019-01-14 17:00,87699.221
2019-01-14 18:00,100297.570
2019-01-14 19:00,119728.956
2019-01-14 20:00,132206.905
2019-01-14 21:00,140862.673
2019-01-14 22:00,149209.206
2019-01-14 23:00,157283.402
2019-01-15 00:00,166926.946
2019-01-15 01:00,171157.661
2019-01-15 02:00,174239.283
2019-01-15 03:00,175988.896
2019-01-15 04:00,177257.474
2019-01-15 05:00,174482.369
2019-01-15 06:00,165749.776
2019-01-15 07:00,156192.688
2019-01-15 08:00,154133.402
2019-01-15 09:00,158157.951
2019-01-15 10:00,165795.592
2019-01-15 11:00,171293.032
2019-01-15 12:00,168476.593
2019-01-15 13:00,162822.216
2019-01-15 14:00,157791.399
2019-01-15 15:00,162786.239
2019-01-15 16:00,164142.860
2019-01-15 17:00,162570.820
2019-01-15 18:00,167848.735
2019-01-15 19:00,172919.186
2019-01-15 20:00,175195.245
2019-01-15 21:00,176061.219
2019-01-15 22:00,177459.175
2019-01-15 23:00,177774.296
2019-01-16 00:00,175500.142
2019-01-16 01:00,170262.363
2019-01-16 02:00,161860.717
2019-01-16 03:00,146002.872
2019-01-16 04:00,126088.605
2019-01-16 05:00,106972.931
2019-01-16 06:00,93186.883
2019-01-16 07:00,105095.891
2019-01-16 08:00,120318.332
2019-01-16 09:00,127260.493
2019-01-16 10:00,123063.159
2019-01-16 11:00,116597.544
2019-01-16 12:00,120608.112
2019-01-16 13:00,121270.979
2019-01-16 14:00,119366.366
2019-01-16 15:00,120726.198
2019-01-16 16:00,122044.912
2019-01-16 17:00,109945.437
2019-01-16 18:00,102339.423
2019-01-16 19:00,113158.932
2019-01-16 20:00,141618.228
2019-01-16 21:00,151333.939
2019-01-16 22:00,145690.346
2019-01-16 23:00,141446.081
2019-01-17 00:00,135447.609
2019-01-17 01:00,135251.941
2019-01-17 02:00,135184.965
2019-01-17 03:00,137109.039
2019-01-17 04:00,139521.849
2019-01-17 05:00,138273.778
2019-01-17 06:00,134345.526
2019-01-17 07:00,127362.792
2019-01-17 08:00,118260.949
2019-01-17 09:00,106167.039
2019-01-17 10:00,88946.723
2019-01-17 11:00,75251.262
2019-01-17 12:00,64800.056
2019-01-17 13:00,53834.042
2019-01-17 14:00,47249.128
2019-01-17 15:00,46590.035
2019-01-17 16:00,41183.610
2019-01-17 17:00,30145.258
2019-01-17 18:00,20252.389
2019-01-17 19:00,11948.245
2019-01-17 20:00,5456.277
2019-01-17 21:00,1356.403
2019-01-17 22:00,1041.076
2019-01-17 23:00,5044.970
2019-01-18 00:00,12952.866
2019-01-18 01:00,20245.902
2019-01-18 02:00,26524.167
2019-01-18 03:00,26201.698
2019-01-18 04:00,23727.197
2019-01-18 05:00,22780.577
2019-01-18 06:00,24329.672
2019-01-18 07:00,28040.256
2019-01-18 08:00,33090.472
2019-01-18 09:00,37629.589
2019-01-18 10:00,37724.546
2019-01-18 11:00,41136.914
2019-01-18 12:00,46780.067
2019-01-18 13:00,47160.067
2019-01-18 14:00,49053.106
2019-01-18 15:00,59222.803
2019-01-18 16:00,68652.050
2019-01-18 17:00,71005.398
2019-01-18 18:00,72792.570
2019-01-18 19:00,71526.618
2019-01-18 20:00,65154.078
2019-01-18 21:00,60237.705
2019-01-18 22:00,52273.132
2019-01-18 23:00,43330.385
2019-01-19 00:00,33895.310
2019-01-19 01:00,25479.580
2019-01-19 02:00,18254.358
2019-01-19 03:00,12348.469
2019-01-19 04:00,8834.001
2019-01-19 05:00,7642.714
2019-01-19 06:00,7606.629
2019-01-19 07:00,8223.749
2019-01-19 08:00,9009.776
2019-01-19 09:00,9078.827
2019-01-19 10:00,7889.810
2019-01-19 11:00,7076.701
2019-01-19 12:00,6386.739
2019-01-19 13:00,5368.234
2019-01-19 14:00,5065.973
2019-01-19 15:00,5482.129
2019-01-19 16:00,5055.764
2019-01-19 17:00,3987.653
2019-01-19 18:00,2857.435
2019-01-19 19:00,2047.376
2019-01-19 20:00,1437.949
2019-01-19 21:00,1100.600
2019-01-19 22:00,1331.657
2019-01-19 23:00,2398.638
2019-01-20 00:00,4371.477
2019-01-20 01:00,7253.237
2019-01-20 02:00,10267.422
2019-01-20 03:00,12724.965
2019-01-20 04:00,15269.867
2019-01-20 05:00,18565.115
2019-01-20 06:00,22707.701
2019-01-20 07:00,27330.996
2019-01-20 08:00,31648.908
2019-01-20 09:00,36497.165
2019-01-20 10:00,49386.031
2019-01-20 11:00,53353.999
2019-01-20 12:00,72579.459
2019-01-20 13:00,78722.843
2019-01-20 14:00,69610.130
2019-01-20 15:00,65803.425
2019-01-20 16:00,65541.606
2019-01-20 17:00,58866.567
2019-01-20 18:00,53208.201
2019-01-20 19:00,51571.683
2019-01-20 20:00,48319.626
2019-01-20 21:00,43626.069
2019-01-20 22:00,40175.378
2019-01-20 23:00,40191.662
2019-01-21 00:00,40655.493
2019-01-21 01:00,38759.529
2019-01-21 02:00,37000.712
2019-01-21 03:00,36921.424
2019-01-21 04:00,40069.401
2019-01-21 05:00,48143.773
2019-01-21 06:00,58265.535
2019-01-21 07:00,64008.131
2019-01-21 08:00,66219.411
2019-01-21 09:00,69393.001
2019-01-21 10:00,71729.285
2019-01-21 11:00,82934.331
2019-01-21 12:00,87080.833
2019-01-21 13:00,91883.501
2019-01-21 14:00,114640.629
2019-01-21 15:00,129605.479
2019-01-21 16:00,136437.674
2019-01-21 17:00,139081.259
2019-01-21 18:00,138943.545
2019-01-21 19:00,122045.058
2019-01-21 20:00,88853.332
2019-01-21 21:00,63054.994
2019-01-21 22:00,53923.659
2019-01-21 23:00,49052.786
2019-01-22 00:00,50226.739
2019-01-22 01:00,59226.527
2019-01-22 02:00,61519.583
2019-01-22 03:00,62491.152
2019-01-22 04:00,65554.382
2019-01-22 05:00,65028.499
2019-01-22 06:00,61834.517
2019-01-22 07:00,64007.960
2019-01-22 08:00,64008.873
2019-01-22 09:00,53924.861
2019-01-22 10:00,36952.781
2019-01-22 11:00,31530.680
2019-01-22 12:00,40734.158
2019-01-22 13:00,40907.757
2019-01-22 14:00,45893.744
2019-01-22 15:00,52425.662
2019-01-22 16:00,51953.152
2019-01-22 17:00,44155.224
2019-01-22 18:00,37199.689
2019-01-22 19:00,32433.872
2019-01-22 20:00,26935.253
2019-01-22 21:00,26516.737
2019-01-22 22:00,29106.207
2019-01-22 23:00,32152.622
2019-01-23 00:00,37162.915
2019-01-23 01:00,41924.017
2019-01-23 02:00,43968.227
2019-01-23 03:00,44473.214
2019-01-23 04:00,43215.319
2019-01-23 05:00,41811.955
2019-01-23 06:00,40173.767
2019-01-23 07:00,35118.832
2019-01-23 08:00,32032.297
2019-01-23 09:00,26667.801
2019-01-23 10:00,17942.595
2019-01-23 11:00,14011.157
2019-01-23 12:00,14591.504
2019-01-23 13:00,15245.902
2019-01-23 14:00,17149.702
2019-01-23 15:00,21354.858
2019-01-23 16:00,24090.089
2019-01-23 17:00,27354.668
2019-01-23 18:00,30571.416
2019-01-23 19:00,34600.017
2019-01-23 20:00,39265.261
2019-01-23 21:00,39745.539
2019-01-23 22:00,36196.583
2019-01-23 23:00,32785.731
2019-01-24 00:00,35770.589
2019-01-24 01:00,43532.795
2019-01-24 02:00,45640.382
2019-01-24 03:00,44178.396
2019-01-24 04:00,43972.671
2019-01-24 05:00,42518.525
2019-01-24 06:00,38763.655
2019-01-24 07:00,34455.548
2019-01-24 08:00,30474.518
2019-01-24 09:00,25939.129
2019-01-24 10:00,13584.130
2019-01-24 11:00,6961.951
2019-01-24 12:00,6076.461
2019-01-24 13:00,7167.658
2019-01-24 14:00,8259.974
2019-01-24 15:00,10719.097
2019-01-24 16:00,12442.015
2019-01-24 17:00,16605.012
2019-01-24 18:00,23272.939
2019-01-24 19:00,31663.669
2019-01-24 20:00,42555.387
2019-01-24 21:00,51165.593
2019-01-24 22:00,55623.947
2019-01-24 23:00,58359.359
2019-01-25 00:00,76211.132
2019-01-25 01:00,106972.415
2019-01-25 02:00,119895.234
2019-01-25 03:00,128164.735
2019-01-25 04:00,133421.436
2019-01-25 05:00,145317.075
2019-01-25 06:00,150165.990
2019-01-25 07:00,145878.422
2019-01-25 08:00,134345.490
2019-01-25 09:00,117907.420
2019-01-25 10:00,112610.961
2019-01-25 11:00,96840.815
2019-01-25 12:00,91332.683
2019-01-25 13:00,105069.362
2019-01-25 14:00,114754.215
2019-01-25 15:00,129700.737
2019-01-25 16:00,133156.942
2019-01-25 17:00,129327.759
2019-01-25 18:00,105055.959
2019-01-25 19:00,105698.690
2019-01-25 20:00,131087.217
2019-01-25 21:00,128001.748
2019-01-25 22:00,109378.509
2019-01-25 23:00,95514.902
2019-01-26 00:00,109634.854
2019-01-26 01:00,102612.114
2019-01-26 02:00,113240.927
2019-01-26 03:00,125309.036
2019-01-26 04:00,128815.536
2019-01-26 05:00,130175.262
2019-01-26 06:00,132680.952
2019-01-26 07:00,137080.267
2019-01-26 08:00,153222.770
2019-01-26 09:00,154742.540
2019-01-26 10:00,155899.143
2019-01-26 11:00,146206.597
2019-01-26 12:00,134187.651
2019-01-26 13:00,114445.652
2019-01-26 14:00,96291.286
2019-01-26 15:00,72326.967
2019-01-26 16:00,60992.497
2019-01-26 17:00,66834.883
2019-01-26 18:00,88851.823
2019-01-26 19:00,137348.479
2019-01-26 20:00,178908.286
2019-01-26 21:00,184699.519
2019-01-26 22:00,182946.372
2019-01-26 23:00,179477.169
2019-01-27 00:00,176296.625
2019-01-27 01:00,175845.585
2019-01-27 02:00,179489.100
2019-01-27 03:00,183883.896
2019-01-27 04:00,188243.136
2019-01-27 05:00,191597.191
2019-01-27 06:00,193648.559
2019-01-27 07:00,194195.952
2019-01-27 08:00,193978.154
2019-01-27 09:00,192826.224
2019-01-27 10:00,190616.243
2019-01-27 11:00,187561.319
2019-01-27 12:00,184253.406
2019-01-27 13:00,180935.235
2019-01-27 14:00,177264.580
2019-01-27 15:00,172055.676
2019-01-27 16:00,164525.199
2019-01-27 17:00,155873.993
2019-01-27 18:00,145349.169
2019-01-27 19:00,134806.514
2019-01-27 20:00,123722.646
2019-01-27 21:00,117121.261
2019-01-27 22:00,110482.848
2019-01-27 23:00,103705.102
2019-01-28 00:00,100970.381
2019-01-28 01:00,93527.560
2019-01-28 02:00,88936.243
2019-01-28 03:00,85664.057
2019-01-28 04:00,80255.971
2019-01-28 05:00,75252.886
2019-01-28 06:00,75783.956
2019-01-28 07:00,75246.624
2019-01-28 08:00,69474.699
2019-01-28 09:00,55964.493
2019-01-28 10:00,40485.002
2019-01-28 11:00,34065.627
2019-01-28 12:00,37710.796
2019-01-28 13:00,43026.849
2019-01-28 14:00,53656.273
2019-01-28 15:00,69360.519
2019-01-28 16:00,82001.635
2019-01-28 17:00,86826.882
2019-01-28 18:00,99028.100
2019-01-28 19:00,86073.062
2019-01-28 20:00,81314.294
2019-01-28 21:00,89692.056
2019-01-28 22:00,80681.710
2019-01-28 23:00,80617.530
2019-01-29 00:00,75974.182
2019-01-29 01:00,73867.750
2019-01-29 02:00,72162.459
2019-01-29 03:00,64503.913
2019-01-29 04:00,61353.642
2019-01-29 05:00,55973.996
2019-01-29 06:00,48375.892
2019-01-29 07:00,41942.718
2019-01-29 08:00,38634.569
2019-01-29 09:00,34092.604
2019-01-29 10:00,29442.843
2019-01-29 11:00,29811.831
2019-01-29 12:00,34337.507
2019-01-29 13:00,40044.333
2019-01-29 14:00,44950.453
2019-01-29 15:00,53926.384
2019-01-29 16:00,63094.894
2019-01-29 17:00,64008.205
2019-01-29 18:00,57583.381
2019-01-29 19:00,51911.840
2019-01-29 20:00,49805.347
2019-01-29 21:00,48303.628
2019-01-29 22:00,46979.974
2019-01-29 23:00,46137.352
2019-01-30 00:00,45658.356
2019-01-30 01:00,44362.897
2019-01-30 02:00,40164.467
2019-01-30 03:00,36573.155
2019-01-30 04:00,33488.245
2019-01-30 05:00,31868.725
2019-01-30 06:00,31861.428
2019-01-30 07:00,33157.125
2019-01-30 08:00,35197.646
2019-01-30 09:00,32395.823
2019-01-30 10:00,25104.091
2019-01-30 11:00,27569.301
2019-01-30 12:00,30791.414
2019-01-30 13:00,26849.926
2019-01-30 14:00,24737.300
2019-01-30 15:00,31592.673
2019-01-30 16:00,40168.119
2019-01-30 17:00,42637.539
2019-01-30 18:00,42166.099
2019-01-30 19:00,40172.191
2019-01-30 20:00,38333.491
2019-01-30 21:00,34186.177
2019-01-30 22:00,27903.278
2019-01-30 23:00,23380.662
2019-01-31 00:00,22064.677
2019-01-31 01:00,20696.359
2019-01-31 02:00,17531.772
2019-01-31 03:00,11538.049
2019-01-31 04:00,5971.083
2019-01-31 05:00,4218.310
2019-01-31 06:00,4009.248
2019-01-31 07:00,4289.822
2019-01-31 08:00,4277.164
2019-01-31 09:00,5395.326
2019-01-31 10:00,6486.642
2019-01-31 11:00,8265.749
2019-01-31 12:00,11123.594
2019-01-31 13:00,14692.752
2019-01-31 14:00,16472.664
2019-01-31 15:00,19978.203
2019-01-31 16:00,26451.236
2019-01-31 17:00,28991.583
2019-01-31 18:00,29687.895
2019-01-31 19:00,30379.136
2019-01-31 20:00,30474.110
2019-01-31 21:00,30988.642
2019-01-31 22:00,33883.484
2019-01-31 23:00,35774.883
2019-02-01 00:00,35549.860
2019-02-01 01:00,35105.236
2019-02-01 02:00,35177.115
2019-02-01 03:00,35772.973
2019-02-01 04:00,39211.544
2019-02-01 05:00,43647.241
2019-02-01 06:00,46141.418
2019-02-01 07:00,49526.630
2019-02-01 08:00,52744.488
2019-02-01 09:00,54401.872
2019-02-01 10:00,44852.750
2019-02-01 11:00,39090.350
2019-02-01 12:00,45045.865
2019-02-01 13:00,48099.548
2019-02-01 14:00,47905.264
2019-02-01 15:00,52785.454
2019-02-01 16:00,60971.071
2019-02-01 17:00,64518.342
2019-02-01 18:00,70506.069
2019-02-01 19:00,94315.240
2019-02-01 20:00,110464.657
2019-02-01 21:00,121393.855
2019-02-01 22:00,113389.932
2019-02-01 23:00,105069.822
2019-02-02 00:00,90780.387
2019-02-02 01:00,89902.472
2019-02-02 02:00,94235.878
2019-02-02 03:00,100143.480
2019-02-02 04:00,104147.630
2019-02-02 05:00,104171.253
2019-02-02 06:00,101414.843
2019-02-02 07:00,97196.579
2019-02-02 08:00,91879.958
2019-02-02 09:00,75246.682
2019-02-02 10:00,55596.293
2019-02-02 11:00,52864.039
2019-02-02 12:00,62614.471
2019-02-02 13:00,61417.700
2019-02-02 14:00,44607.595
2019-02-02 15:00,35743.727
2019-02-02 16:00,36747.177
2019-02-02 17:00,41530.015
2019-02-02 18:00,43962.719
2019-02-02 19:00,42614.570
2019-02-02 20:00,39226.000
2019-02-02 21:00,35197.086
2019-02-02 22:00,32196.273
2019-02-02 23:00,33924.115
2019-02-03 00:00,41494.648
2019-02-03 01:00,52777.430
2019-02-03 02:00,62522.354
2019-02-03 03:00,75179.173
2019-02-03 04:00,92383.797
2019-02-03 05:00,93842.641
2019-02-03 06:00,81757.524
2019-02-03 07:00,81770.865
2019-02-03 08:00,88635.732
2019-02-03 09:00,91330.589
2019-02-03 10:00,127087.251
2019-02-03 11:00,123404.781
2019-02-03 12:00,110482.909
2019-02-03 13:00,93973.781
2019-02-03 14:00,83911.902
2019-02-03 15:00,84458.575
2019-02-03 16:00,83915.580
2019-02-03 17:00,77125.050
2019-02-03 18:00,74356.075
2019-02-03 19:00,68744.445
2019-02-03 20:00,63501.150
2019-02-03 21:00,48939.910
2019-02-03 22:00,33002.424
2019-02-03 23:00,36503.645
2019-02-04 00:00,55724.055
2019-02-04 01:00,72853.537
2019-02-04 02:00,140841.262
2019-02-04 03:00,158693.304
2019-02-04 04:00,144995.172
2019-02-04 05:00,130705.828
2019-02-04 06:00,123882.630
2019-02-04 07:00,130502.153
2019-02-04 08:00,140311.052
2019-02-04 09:00,124977.990
2019-02-04 10:00,107813.207
2019-02-04 11:00,116596.925
2019-02-04 12:00,125449.792
2019-02-04 13:00,129534.184
2019-02-04 14:00,128725.748
2019-02-04 15:00,119728.102
2019-02-04 16:00,110483.181
2019-02-04 17:00,93803.655
2019-02-04 18:00,86083.556
2019-02-04 19:00,79146.993
2019-02-04 20:00,71871.239
2019-02-04 21:00,68650.793
2019-02-04 22:00,68650.550
2019-02-04 23:00,64150.541
2019-02-05 00:00,52981.721
2019-02-05 01:00,42521.399
2019-02-05 02:00,34638.786
2019-02-05 03:00,26087.344
2019-02-05 04:00,17486.745
2019-02-05 05:00,10207.414
2019-02-05 06:00,4804.095
2019-02-05 07:00,2166.345
2019-02-05 08:00,5157.876
2019-02-05 09:00,11419.206
2019-02-05 10:00,16594.883
2019-02-05 11:00,27734.416
2019-02-05 12:00,45220.694
2019-02-05 13:00,55958.816
2019-02-05 14:00,68644.332
2019-02-05 15:00,97106.876
2019-02-05 16:00,115364.952
2019-02-05 17:00,114826.708
2019-02-05 18:00,96843.489
2019-02-05 19:00,112596.931
2019-02-05 20:00,103705.915
2019-02-05 21:00,113544.181
2019-02-05 22:00,121435.260
2019-02-05 23:00,124314.815
2019-02-06 00:00,114750.492
2019-02-06 01:00,96844.010
2019-02-06 02:00,88851.743
2019-02-06 03:00,77986.078
2019-02-06 04:00,73693.297
2019-02-06 05:00,67344.239
2019-02-06 06:00,62991.503
2019-02-06 07:00,62184.616
2019-02-06 08:00,60969.193
2019-02-06 09:00,66547.433
2019-02-06 10:00,63006.041
2019-02-06 11:00,66319.317
2019-02-06 12:00,78203.299
2019-02-06 13:00,93979.169
2019-02-06 14:00,110344.668
2019-02-06 15:00,119103.428
2019-02-06 16:00,130971.370
2019-02-06 17:00,135768.060
2019-02-06 18:00,126031.222
2019-02-06 19:00,103340.428
2019-02-06 20:00,82546.881
2019-02-06 21:00,62810.470
2019-02-06 22:00,44108.128
2019-02-06 23:00,29642.874
2019-02-07 00:00,22766.970
2019-02-07 01:00,18904.351
2019-02-07 02:00,20250.274
2019-02-07 03:00,22571.478
2019-02-07 04:00,26485.830
2019-02-07 05:00,26388.415
2019-02-07 06:00,18534.771
2019-02-07 07:00,7082.236
2019-02-07 08:00,2957.778
2019-02-07 09:00,10609.773
2019-02-07 10:00,25996.153
2019-02-07 11:00,39339.608
2019-02-07 12:00,53933.694
2019-02-07 13:00,74718.438
2019-02-07 14:00,86734.022
2019-02-07 15:00,94613.463
2019-02-07 16:00,103706.115
2019-02-07 17:00,105391.719
2019-02-07 18:00,102612.103
2019-02-07 19:00,97314.378
2019-02-07 20:00,100142.651
2019-02-07 21:00,89399.909
2019-02-07 22:00,82806.823
2019-02-07 23:00,78209.626
2019-02-08 00:00,66835.619
2019-02-08 01:00,56986.735
2019-02-08 02:00,65989.214
2019-02-08 03:00,80892.032
2019-02-08 04:00,97669.501
2019-02-08 05:00,109262.466
2019-02-08 06:00,119837.310
2019-02-08 07:00,132207.556
2019-02-08 08:00,156244.636
2019-02-08 09:00,167277.949
2019-02-08 10:00,184347.523
2019-02-08 11:00,184606.595
2019-02-08 12:00,191087.397
2019-02-08 13:00,195045.329
2019-02-08 14:00,196253.533
2019-02-08 15:00,197590.038
2019-02-08 16:00,197156.141
2019-02-08 17:00,196847.390
2019-02-08 18:00,197459.787
2019-02-08 19:00,197468.403
2019-02-08 20:00,196484.225
2019-02-08 21:00,194710.584
2019-02-08 22:00,193166.968
2019-02-08 23:00,191598.231
2019-02-09 00:00,188252.028
2019-02-09 01:00,173224.875
2019-02-09 02:00,129412.996
2019-02-09 03:00,120665.176
2019-02-09 04:00,147905.814
2019-02-09 05:00,171154.127
2019-02-09 06:00,186709.999
2019-02-09 07:00,193820.297
2019-02-09 08:00,197175.178
2019-02-09 09:00,197780.778
2019-02-09 10:00,197936.562
2019-02-09 11:00,197758.837
2019-02-09 12:00,197362.002
2019-02-09 13:00,196786.514
2019-02-09 14:00,194388.793
2019-02-09 15:00,190382.932
2019-02-09 16:00,183644.327
2019-02-09 17:00,175707.932
2019-02-09 18:00,167497.553
2019-02-09 19:00,155475.751
2019-02-09 20:00,136439.669
2019-02-09 21:00,123065.979
2019-02-09 22:00,114144.349
2019-02-09 23:00,105735.809
2019-02-10 00:00,96752.963
2019-02-10 01:00,87376.461
2019-02-10 02:00,77661.777
2019-02-10 03:00,68870.747
2019-02-10 04:00,62521.897
2019-02-10 05:00,62847.236
2019-02-10 06:00,62656.660
2019-02-10 07:00,59995.547
2019-02-10 08:00,55710.322
2019-02-10 09:00,48141.033
2019-02-10 10:00,40438.769
2019-02-10 11:00,63290.129
2019-02-10 12:00,74105.152
2019-02-10 13:00,66834.435
2019-02-10 14:00,50431.037
2019-02-10 15:00,42427.879
2019-02-10 16:00,45478.767
2019-02-10 17:00,49249.267
2019-02-10 18:00,55826.009
2019-02-10 19:00,67363.199
2019-02-10 20:00,80429.488
2019-02-10 21:00,90771.806
2019-02-10 22:00,96292.212
2019-02-10 23:00,101079.478
2019-02-11 00:00,98139.766
2019-02-11 01:00,89486.198
2019-02-11 02:00,75403.413
2019-02-11 03:00,65036.465
2019-02-11 04:00,56131.243
2019-02-11 05:00,50270.143
2019-02-11 06:00,42654.437
2019-02-11 07:00,32758.643
2019-02-11 08:00,23350.841
2019-02-11 09:00,12343.161
2019-02-11 10:00,3820.958
2019-02-11 11:00,7037.258
2019-02-11 12:00,21864.964
2019-02-11 13:00,33188.058
2019-02-11 14:00,34160.357
2019-02-11 15:00,34120.800
2019-02-11 16:00,38699.473
2019-02-11 17:00,41972.836
2019-02-11 18:00,45277.951
2019-02-11 19:00,56323.773
2019-02-11 20:00,68175.452
2019-02-11 21:00,72326.607
2019-02-11 22:00,72142.814
2019-02-11 23:00,72848.332
2019-02-12 00:00,71721.344
2019-02-12 01:00,87648.447
2019-02-12 02:00,93382.962
2019-02-12 03:00,95540.611
2019-02-12 04:00,115113.271
2019-02-12 05:00,129743.913
2019-02-12 06:00,145304.406
2019-02-12 07:00,149569.633
2019-02-12 08:00,146015.795
2019-02-12 09:00,159076.399
2019-02-12 10:00,167127.332
2019-02-12 11:00,176357.197
2019-02-12 12:00,179946.152
2019-02-12 13:00,173405.624
2019-02-12 14:00,171738.985
2019-02-12 15:00,170704.407
2019-02-12 16:00,165781.902
2019-02-12 17:00,161709.873
2019-02-12 18:00,149571.177
2019-02-12 19:00,135399.323
2019-02-12 20:00,117870.089
2019-02-12 21:00,105081.005
2019-02-12 22:00,95212.242
2019-02-12 23:00,86377.564
2019-02-13 00:00,72847.866
2019-02-13 01:00,63469.626
2019-02-13 02:00,82275.026
2019-02-13 03:00,127928.083
2019-02-13 04:00,143566.354
2019-02-13 05:00,137179.657
2019-02-13 06:00,144423.048
2019-02-13 07:00,153820.581
2019-02-13 08:00,154602.959
2019-02-13 09:00,151739.859
2019-02-13 10:00,151310.908
2019-02-13 11:00,155034.916
2019-02-13 12:00,155300.648
2019-02-13 13:00,153074.263
2019-02-13 14:00,150543.700
2019-02-13 15:00,144848.177
2019-02-13 16:00,140353.031
2019-02-13 17:00,140065.649
2019-02-13 18:00,143994.397
2019-02-13 19:00,150880.744
2019-02-13 20:00,155372.720
2019-02-13 21:00,158796.250
2019-02-13 22:00,159845.985
2019-02-13 23:00,155248.925
2019-02-14 00:00,145551.598
2019-02-14 01:00,138317.503
2019-02-14 02:00,140063.548
2019-02-14 03:00,137195.585
2019-02-14 04:00,132207.301
2019-02-14 05:00,128963.769
2019-02-14 06:00,127585.595
2019-02-14 07:00,119726.404
2019-02-14 08:00,104523.528
2019-02-14 09:00,83662.265
2019-02-14 10:00,72324.831
2019-02-14 11:00,84373.997
2019-02-14 12:00,87394.478
2019-02-14 13:00,87761.493
2019-02-14 14:00,84689.384
2019-02-14 15:00,78382.948
2019-02-14 16:00,72259.232
2019-02-14 17:00,78210.324
2019-02-14 18:00,79020.703
2019-02-14 19:00,73244.182
2019-02-14 20:00,69767.627
2019-02-14 21:00,66837.555
2019-02-14 22:00,66831.937
2019-02-14 23:00,70394.123
2019-02-15 00:00,71534.456
2019-02-15 01:00,72225.532
2019-02-15 02:00,70664.131
2019-02-15 03:00,68643.115
2019-02-15 04:00,64014.978
2019-02-15 05:00,58756.752
2019-02-15 06:00,55728.297
2019-02-15 07:00,60651.914
2019-02-15 08:00,72707.108
2019-02-15 09:00,73882.248
2019-02-15 10:00,79002.951
2019-02-15 11:00,101198.075
2019-02-15 12:00,116320.251
2019-02-15 13:00,129399.500
2019-02-15 14:00,135475.918
2019-02-15 15:00,139404.026
2019-02-15 16:00,140696.023
2019-02-15 17:00,124843.645
2019-02-15 18:00,114500.295
2019-02-15 19:00,113158.995
2019-02-15 20:00,135628.703
2019-02-15 21:00,145352.016
2019-02-15 22:00,150175.299
2019-02-15 23:00,151707.852
2019-02-16 00:00,149976.923
2019-02-16 01:00,148827.812
2019-02-16 02:00,139305.681
2019-02-16 03:00,132574.888
2019-02-16 04:00,117905.705
2019-02-16 05:00,111889.443
2019-02-16 06:00,115543.333
2019-02-16 07:00,116217.335
2019-02-16 08:00,119909.168
2019-02-16 09:00,107514.940
2019-02-16 10:00,107390.408
2019-02-16 11:00,114848.040
2019-02-16 12:00,117906.419
2019-02-16 13:00,113596.055
2019-02-16 14:00,101556.899
2019-02-16 15:00,95700.180
2019-02-16 16:00,101223.224
2019-02-16 17:00,105118.881
2019-02-16 18:00,103159.293
2019-02-16 19:00,101449.988
2019-02-16 20:00,91494.553
2019-02-16 21:00,105068.922
2019-02-16 22:00,118430.992
2019-02-16 23:00,140738.274
2019-02-17 00:00,153645.755
2019-02-17 01:00,162768.202
2019-02-17 02:00,166300.996
2019-02-17 03:00,164941.674
2019-02-17 04:00,162438.573
2019-02-17 05:00,154829.173
2019-02-17 06:00,145246.080
2019-02-17 07:00,136518.805
2019-02-17 08:00,127088.656
2019-02-17 09:00,122556.725
2019-02-17 10:00,127138.213
2019-02-17 11:00,136465.693
2019-02-17 12:00,148095.602
2019-02-17 13:00,159031.003
2019-02-17 14:00,155783.413
2019-02-17 15:00,153637.157
2019-02-17 16:00,150887.839
2019-02-17 17:00,146502.108
2019-02-17 18:00,150328.948
2019-02-17 19:00,157254.829
2019-02-17 20:00,164315.875
2019-02-17 21:00,173173.032
2019-02-17 22:00,176485.235
2019-02-17 23:00,175149.891
2019-02-18 00:00,172437.338
2019-02-18 01:00,169915.148
2019-02-18 02:00,169381.652
2019-02-18 03:00,167538.256
2019-02-18 04:00,165875.860
2019-02-18 05:00,166724.765
2019-02-18 06:00,165920.615
2019-02-18 07:00,165773.116
2019-02-18 08:00,165350.877
2019-02-18 09:00,168310.221
2019-02-18 10:00,178279.504
2019-02-18 11:00,182298.415
2019-02-18 12:00,182063.172
2019-02-18 13:00,176059.998
2019-02-18 14:00,168142.947
2019-02-18 15:00,162138.265
2019-02-18 16:00,154870.919
2019-02-18 17:00,148639.823
2019-02-18 18:00,139395.360
2019-02-18 19:00,133670.508
2019-02-18 20:00,129163.277
2019-02-18 21:00,126523.040
2019-02-18 22:00,119044.481
2019-02-18 23:00,116788.451
2019-02-19 00:00,113157.648
2019-02-19 01:00,113691.346
2019-02-19 02:00,106639.953
2019-02-19 03:00,104546.686
2019-02-19 04:00,104392.718
2019-02-19 05:00,99593.599
2019-02-19 06:00,90839.402
2019-02-19 07:00,81457.069
2019-02-19 08:00,72328.482
2019-02-19 09:00,57682.590
2019-02-19 10:00,64476.140
2019-02-19 11:00,69428.301
2019-02-19 12:00,62769.014
2019-02-19 13:00,58541.604
2019-02-19 14:00,48808.465
2019-02-19 15:00,41446.051
2019-02-19 16:00,40742.349
2019-02-19 17:00,42416.710
2019-02-19 18:00,53926.416
2019-02-19 19:00,64013.347
2019-02-19 20:00,71006.473
2019-02-19 21:00,77126.992
2019-02-19 22:00,83354.053
2019-02-19 23:00,87012.512
2019-02-20 00:00,88602.669
2019-02-20 01:00,91880.049
2019-02-20 02:00,98768.528
2019-02-20 03:00,110483.423
2019-02-20 04:00,117122.888
2019-02-20 05:00,127830.596
2019-02-20 06:00,113158.919
2019-02-20 07:00,129299.599
2019-02-20 08:00,135922.251
2019-02-20 09:00,144166.973
2019-02-20 10:00,159747.927
2019-02-20 11:00,168755.343
2019-02-20 12:00,171424.499
2019-02-20 13:00,168061.949
2019-02-20 14:00,158811.046
2019-02-20 15:00,149460.676
2019-02-20 16:00,139212.708
2019-02-20 17:00,131719.888
2019-02-20 18:00,128902.503
2019-02-20 19:00,115628.774
2019-02-20 20:00,105068.814
2019-02-20 21:00,96843.302
2019-02-20 22:00,97667.617
2019-02-20 23:00,99023.645
2019-02-21 00:00,97431.553
2019-02-21 01:00,89427.576
2019-02-21 02:00,90711.225
2019-02-21 03:00,80141.531
2019-02-21 04:00,72857.496
2019-02-21 05:00,76951.652
2019-02-21 06:00,74766.942
2019-02-21 07:00,71008.807
2019-02-21 08:00,68526.394
2019-02-21 09:00,65548.748
2019-02-21 10:00,75248.601
2019-02-21 11:00,97547.944
2019-02-21 12:00,98384.863
2019-02-21 13:00,95998.701
2019-02-21 14:00,89945.348
2019-02-21 15:00,75864.255
2019-02-21 16:00,70475.394
2019-02-21 17:00,73384.887
2019-02-21 18:00,76801.364
2019-02-21 19:00,82617.919
2019-02-21 20:00,92887.268
2019-02-21 21:00,105069.627
2019-02-21 22:00,113691.339
2019-02-21 23:00,117096.064
2019-02-22 00:00,117122.681
2019-02-22 01:00,117788.211
2019-02-22 02:00,116072.892
2019-02-22 03:00,116070.684
2019-02-22 04:00,121373.029
2019-02-22 05:00,129167.219
2019-02-22 06:00,135483.606
2019-02-22 07:00,151563.435
2019-02-22 08:00,145282.476
2019-02-22 09:00,134815.222
2019-02-22 10:00,113158.088
2019-02-22 11:00,94453.832
2019-02-22 12:00,96292.343
2019-02-22 13:00,112124.539
2019-02-22 14:00,116596.356
2019-02-22 15:00,107928.923
2019-02-22 16:00,98218.331
2019-02-22 17:00,95742.837
2019-02-22 18:00,102064.828
2019-02-22 19:00,103159.241
2019-02-22 20:00,99595.714
2019-02-22 21:00,96502.514
2019-02-22 22:00,89403.584
2019-02-22 23:00,84460.938
2019-02-23 00:00,81686.727
2019-02-23 01:00,75732.159
2019-02-23 02:00,75531.760
2019-02-23 03:00,78027.069
2019-02-23 04:00,79399.319
2019-02-23 05:00,80100.886
2019-02-23 06:00,82559.864
2019-02-23 07:00,87730.325
2019-02-23 08:00,86377.785
2019-02-23 09:00,82243.465
2019-02-23 10:00,81999.438
2019-02-23 11:00,85934.760
2019-02-23 12:00,100914.759
2019-02-23 13:00,115783.896
2019-02-23 14:00,129862.849
2019-02-23 15:00,125201.079
2019-02-23 16:00,110467.533
2019-02-23 17:00,106429.669
2019-02-23 18:00,92821.061
2019-02-23 19:00,84981.169
2019-02-23 20:00,77857.315
2019-02-23 21:00,66832.704
2019-02-23 22:00,54402.201
2019-02-23 23:00,37363.316
2019-02-24 00:00,26804.113
2019-02-24 01:00,18826.775
2019-02-24 02:00,14923.979
2019-02-24 03:00,10714.303
2019-02-24 04:00,4512.175
2019-02-24 05:00,879.143
2019-02-24 06:00,3997.292
2019-02-24 07:00,15111.023
2019-02-24 08:00,21686.330
2019-02-24 09:00,21872.435
2019-02-24 10:00,21266.233
2019-02-24 11:00,25437.142
2019-02-24 12:00,31601.220
2019-02-24 13:00,36256.038
2019-02-24 14:00,37011.303
2019-02-24 15:00,35444.882
2019-02-24 16:00,35775.818
2019-02-24 17:00,41631.833
2019-02-24 18:00,49766.519
2019-02-24 19:00,56483.721
2019-02-24 20:00,56416.524
2019-02-24 21:00,54874.571
2019-02-24 22:00,51353.109
2019-02-24 23:00,49558.453
2019-02-25 00:00,49107.129
2019-02-25 01:00,45545.640
2019-02-25 02:00,41664.156
2019-02-25 03:00,38345.606
2019-02-25 04:00,32015.533
2019-02-25 05:00,26222.262
2019-02-25 06:00,21852.453
2019-02-25 07:00,17235.259
2019-02-25 08:00,12048.941
2019-02-25 09:00,8088.113
2019-02-25 10:00,5588.803
2019-02-25 11:00,6120.259
2019-02-25 12:00,10050.653
2019-02-25 13:00,10523.327
2019-02-25 14:00,9330.716
2019-02-25 15:00,10056.620
2019-02-25 16:00,16330.779
2019-02-25 17:00,27397.299
2019-02-25 18:00,39025.563
2019-02-25 19:00,46147.212
2019-02-25 20:00,51814.203
2019-02-25 21:00,61731.341
2019-02-25 22:00,74719.286
2019-02-25 23:00,87914.102
2019-02-26 00:00,95742.516
2019-02-26 01:00,96842.140
2019-02-26 02:00,96158.845
2019-02-26 03:00,94368.083
2019-02-26 04:00,90196.920
2019-02-26 05:00,82903.700
2019-02-26 06:00,72325.979
2019-02-26 07:00,59990.225
2019-02-26 08:00,46144.210
2019-02-26 09:00,30658.977
2019-02-26 10:00,21497.828
2019-02-26 11:00,17687.753
2019-02-26 12:00,13398.390
2019-02-26 13:00,9661.116
2019-02-26 14:00,6230.800
2019-02-26 15:00,4251.280
2019-02-26 16:00,4044.888
2019-02-26 17:00,5036.005
2019-02-26 18:00,6859.849
2019-02-26 19:00,9181.364
2019-02-26 20:00,12217.930
2019-02-26 21:00,14946.977
2019-02-26 22:00,16670.645
2019-02-26 23:00,19382.447
2019-02-27 00:00,24925.246
2019-02-27 01:00,31642.256
2019-02-27 02:00,38561.726
2019-02-27 03:00,45296.794
2019-02-27 04:00,49738.847
2019-02-27 05:00,50627.719
2019-02-27 06:00,50195.578
2019-02-27 07:00,48603.212
2019-02-27 08:00,43892.489
2019-02-27 09:00,34559.894
2019-02-27 10:00,29428.674
2019-02-27 11:00,35773.036
2019-02-27 12:00,40723.281
2019-02-27 13:00,46434.729
2019-02-27 14:00,43860.093
2019-02-27 15:00,36879.218
2019-02-27 16:00,35569.343
2019-02-27 17:00,35787.630
2019-02-27 18:00,32380.865
2019-02-27 19:00,28121.720
2019-02-27 20:00,22788.540
2019-02-27 21:00,17218.314
2019-02-27 22:00,13991.416
2019-02-27 23:00,16494.642
2019-02-28 00:00,23994.380
2019-02-28 01:00,34469.742
2019-02-28 02:00,43427.029
2019-02-28 03:00,48942.931
2019-02-28 04:00,51754.954
2019-02-28 05:00,45488.391
2019-02-28 06:00,37482.117
2019-02-28 07:00,36755.954
2019-02-28 08:00,32833.072
2019-02-28 09:00,24618.655
2019-02-28 10:00,24877.128
2019-02-28 11:00,22250.387
2019-02-28 12:00,18690.599
2019-02-28 13:00,15371.418
2019-02-28 14:00,12344.269
2019-02-28 15:00,9575.972
2019-02-28 16:00,6916.953
2019-02-28 17:00,4752.465
2019-02-28 18:00,2220.828
2019-02-28 19:00,1384.431
2019-02-28 20:00,1818.395
2019-02-28 21:00,1752.374
2019-02-28 22:00,1149.424
2019-02-28 23:00,910.353
2019-03-01 00:00,1459.670
2019-03-01 01:00,3818.518
2019-03-01 02:00,7913.011
2019-03-01 03:00,10564.575
2019-03-01 04:00,9781.220
2019-03-01 05:00,6254.556
2019-03-01 06:00,2564.675
2019-03-01 07:00,1542.459
2019-03-01 08:00,2935.090
2019-03-01 09:00,6641.258
2019-03-01 10:00,11019.430
2019-03-01 11:00,14037.115
2019-03-01 12:00,18203.922
2019-03-01 13:00,21680.440
2019-03-01 14:00,24524.432
2019-03-01 15:00,23300.402
2019-03-01 16:00,26993.770
2019-03-01 17:00,44614.195
2019-03-01 18:00,54649.664
2019-03-01 19:00,54876.356
2019-03-01 20:00,56943.991
2019-03-01 21:00,61408.885
2019-03-01 22:00,61535.691
2019-03-01 23:00,51311.173
2019-03-02 00:00,48525.599
2019-03-02 01:00,48425.307
2019-03-02 02:00,48761.069
2019-03-02 03:00,53742.425
2019-03-02 04:00,58262.796
2019-03-02 05:00,63496.345
2019-03-02 06:00,41756.553
2019-03-02 07:00,35558.668
2019-03-02 08:00,32503.199
2019-03-02 09:00,37536.020
2019-03-02 10:00,58916.280
2019-03-02 11:00,96841.291
2019-03-02 12:00,146248.353
2019-03-02 13:00,175001.929
2019-03-02 14:00,186056.767
2019-03-02 15:00,189858.135
2019-03-02 16:00,184463.413
2019-03-02 17:00,178157.062
2019-03-02 18:00,182497.690
2019-03-02 19:00,181049.311
2019-03-02 20:00,185146.627
2019-03-02 21:00,190960.280
2019-03-02 22:00,194688.852
2019-03-02 23:00,196593.742
2019-03-03 00:00,197502.173
2019-03-03 01:00,197862.322
2019-03-03 02:00,198002.161
2019-03-03 03:00,197991.628
2019-03-03 04:00,197748.104
2019-03-03 05:00,196983.642
2019-03-03 06:00,195713.136
2019-03-03 07:00,193663.236
2019-03-03 08:00,192778.703
2019-03-03 09:00,191410.973
2019-03-03 10:00,189576.384
2019-03-03 11:00,188137.465
2019-03-03 12:00,181129.130
2019-03-03 13:00,165324.271
2019-03-03 14:00,132172.267
2019-03-03 15:00,84187.540
2019-03-03 16:00,55603.451
2019-03-03 17:00,43944.221
2019-03-03 18:00,33987.976
2019-03-03 19:00,21475.913
2019-03-03 20:00,15279.487
2019-03-03 21:00,23543.321
2019-03-03 22:00,42537.912
2019-03-03 23:00,63212.907
2019-03-04 00:00,89097.693
2019-03-04 01:00,99447.447
2019-03-04 02:00,96842.242
2019-03-04 03:00,88899.097
2019-03-04 04:00,87248.875
2019-03-04 05:00,87583.918
2019-03-04 06:00,91880.651
2019-03-04 07:00,96840.932
2019-03-04 08:00,97500.126
2019-03-04 09:00,96291.640
2019-03-04 10:00,117910.358
2019-03-04 11:00,140064.684
2019-03-04 12:00,147346.140
2019-03-04 13:00,147354.213
2019-03-04 14:00,141820.019
2019-03-04 15:00,129945.576
2019-03-04 16:00,118619.852
2019-03-04 17:00,112785.675
2019-03-04 18:00,106037.733
2019-03-04 19:00,99085.315
2019-03-04 20:00,94291.086
2019-03-04 21:00,89757.205
2019-03-04 22:00,82644.976
2019-03-04 23:00,74346.595
2019-03-05 00:00,62340.646
2019-03-05 01:00,55138.816
2019-03-05 02:00,46166.117
2019-03-05 03:00,36521.300
2019-03-05 04:00,28806.027
2019-03-05 05:00,24696.783
2019-03-05 06:00,22155.985
2019-03-05 07:00,19229.143
2019-03-05 08:00,14899.197
2019-03-05 09:00,12614.883
2019-03-05 10:00,12535.607
2019-03-05 11:00,12961.145
2019-03-05 12:00,16817.785
2019-03-05 13:00,18049.488
2019-03-05 14:00,14059.811
2019-03-05 15:00,8530.659
2019-03-05 16:00,8009.588
2019-03-05 17:00,9412.356
2019-03-05 18:00,9185.175
2019-03-05 19:00,8233.406
2019-03-05 20:00,10359.500
2019-03-05 21:00,16462.717
2019-03-05 22:00,24155.161
2019-03-05 23:00,32472.422
2019-03-06 00:00,43443.769
2019-03-06 01:00,56370.093
2019-03-06 02:00,72322.056
2019-03-06 03:00,90064.942
2019-03-06 04:00,110483.232
2019-03-06 05:00,126234.825
2019-03-06 06:00,140344.237
2019-03-06 07:00,146140.006
2019-03-06 08:00,145772.704
2019-03-06 09:00,141615.737
2019-03-06 10:00,122044.009
2019-03-06 11:00,88302.690
2019-03-06 12:00,58472.666
2019-03-06 13:00,38746.942
2019-03-06 14:00,26190.898
2019-03-06 15:00,19676.261
2019-03-06 16:00,20810.158
2019-03-06 17:00,31257.648
2019-03-06 18:00,40616.576
2019-03-06 19:00,41210.212
2019-03-06 20:00,37154.351
2019-03-06 21:00,32443.911
2019-03-06 22:00,29012.103
2019-03-06 23:00,26367.817
2019-03-07 00:00,22355.010
2019-03-07 01:00,18626.941
2019-03-07 02:00,20150.404
2019-03-07 03:00,28805.304
2019-03-07 04:00,51815.723
2019-03-07 05:00,77815.666
2019-03-07 06:00,100193.054
2019-03-07 07:00,111463.387
2019-03-07 08:00,125460.101
2019-03-07 09:00,142145.420
2019-03-07 10:00,164249.108
2019-03-07 11:00,174852.664
2019-03-07 12:00,178724.073
2019-03-07 13:00,180565.238
2019-03-07 14:00,179625.770
2019-03-07 15:00,173477.001
2019-03-07 16:00,166193.415
2019-03-07 17:00,160259.821
2019-03-07 18:00,151722.663
2019-03-07 19:00,137869.033
2019-03-07 20:00,117836.354
2019-03-07 21:00,100098.188
2019-03-07 22:00,80782.710
2019-03-07 23:00,69324.820
2019-03-08 00:00,59990.532
2019-03-08 01:00,54485.623
2019-03-08 02:00,40545.332
2019-03-08 03:00,30917.266
2019-03-08 04:00,34671.495
2019-03-08 05:00,29620.853
2019-03-08 06:00,27547.263
2019-03-08 07:00,33341.475
2019-03-08 08:00,38923.967
2019-03-08 09:00,51056.495
2019-03-08 10:00,72501.151
2019-03-08 11:00,95740.781
2019-03-08 12:00,117026.525
2019-03-08 13:00,120246.690
2019-03-08 14:00,118830.471
2019-03-08 15:00,121334.120
2019-03-08 16:00,110942.830
2019-03-08 17:00,105755.042
2019-03-08 18:00,116878.937
2019-03-08 19:00,170178.292
2019-03-08 20:00,188573.693
2019-03-08 21:00,189406.172
2019-03-08 22:00,189862.552
2019-03-08 23:00,190062.363
2019-03-09 00:00,188617.987
2019-03-09 01:00,186135.272
2019-03-09 02:00,182881.297
2019-03-09 03:00,180466.331
2019-03-09 04:00,178511.017
2019-03-09 05:00,172293.930
2019-03-09 06:00,161025.565
2019-03-09 07:00,142049.116
2019-03-09 08:00,117368.400
2019-03-09 09:00,128812.461
2019-03-09 10:00,142201.480
2019-03-09 11:00,145013.021
2019-03-09 12:00,157641.034
2019-03-09 13:00,172929.377
2019-03-09 14:00,181124.272
2019-03-09 15:00,180036.703
2019-03-09 16:00,175992.263
2019-03-09 17:00,162757.757
2019-03-09 18:00,145216.741
2019-03-09 19:00,118610.515
2019-03-09 20:00,102064.275
2019-03-09 21:00,94410.977
2019-03-09 22:00,78439.618
2019-03-09 23:00,69845.752
2019-03-10 00:00,59108.917
2019-03-10 01:00,50721.618
2019-03-10 02:00,36978.155
2019-03-10 03:00,24368.808
2019-03-10 04:00,17616.469
2019-03-10 05:00,16960.970
2019-03-10 06:00,23176.321
2019-03-10 07:00,30401.373
2019-03-10 08:00,41061.679
2019-03-10 09:00,74508.458
2019-03-10 10:00,118531.469
2019-03-10 11:00,151212.659
2019-03-10 12:00,166187.463
2019-03-10 13:00,178043.776
2019-03-10 14:00,181029.363
2019-03-10 15:00,183317.415
2019-03-10 16:00,184801.081
2019-03-10 17:00,184855.786
2019-03-10 18:00,183995.358
2019-03-10 19:00,182735.616
2019-03-10 20:00,180983.134
2019-03-10 21:00,180661.470
2019-03-10 22:00,178187.395
2019-03-10 23:00,173366.999
2019-03-11 00:00,170904.125
2019-03-11 01:00,170406.539
2019-03-11 02:00,169785.227
2019-03-11 03:00,167785.715
2019-03-11 04:00,162959.448
2019-03-11 05:00,158583.055
2019-03-11 06:00,157289.299
2019-03-11 07:00,146635.762
2019-03-11 08:00,118649.255
2019-03-11 09:00,120319.539
2019-03-11 10:00,135508.732
2019-03-11 11:00,129265.029
2019-03-11 12:00,116049.256
2019-03-11 13:00,101082.148
2019-03-11 14:00,98718.012
2019-03-11 15:00,91883.113
2019-03-11 16:00,90390.291
2019-03-11 17:00,94635.896
2019-03-11 18:00,121166.904
2019-03-11 19:00,155458.286
2019-03-11 20:00,173666.112
2019-03-11 21:00,185139.953
2019-03-11 22:00,191407.237
2019-03-11 23:00,192691.856
2019-03-12 00:00,181761.167
2019-03-12 01:00,166879.655
2019-03-12 02:00,162587.319
2019-03-12 03:00,162406.795
2019-03-12 04:00,153174.323
2019-03-12 05:00,150407.105
2019-03-12 06:00,147758.235
2019-03-12 07:00,143570.093
2019-03-12 08:00,139369.073
2019-03-12 09:00,143569.053
2019-03-12 10:00,158906.374
2019-03-12 11:00,172061.391
2019-03-12 12:00,181068.308
2019-03-12 13:00,189127.805
2019-03-12 14:00,194215.942
2019-03-12 15:00,196258.873
2019-03-12 16:00,197264.367
2019-03-12 17:00,197595.437
2019-03-12 18:00,196225.237
2019-03-12 19:00,193829.314
2019-03-12 20:00,193145.759
2019-03-12 21:00,193133.247
2019-03-12 22:00,193958.302
2019-03-12 23:00,194594.534
2019-03-13 00:00,195577.121
2019-03-13 01:00,197403.264
2019-03-13 02:00,198254.330
2019-03-13 03:00,198140.713
2019-03-13 04:00,198253.673
2019-03-13 05:00,197778.936
2019-03-13 06:00,195622.389
2019-03-13 07:00,192053.314
2019-03-13 08:00,188449.783
2019-03-13 09:00,185477.728
2019-03-13 10:00,184231.273
2019-03-13 11:00,184375.926
2019-03-13 12:00,183883.624
2019-03-13 13:00,181556.733
2019-03-13 14:00,180179.866
2019-03-13 15:00,165822.234
2019-03-13 16:00,155311.277
2019-03-13 17:00,149895.825
2019-03-13 18:00,138944.791
2019-03-13 19:00,132684.404
2019-03-13 20:00,142896.540
2019-03-13 21:00,160223.960
2019-03-13 22:00,173996.506
2019-03-13 23:00,173679.548
2019-03-14 00:00,170205.296
2019-03-14 01:00,170186.955
2019-03-14 02:00,165748.524
2019-03-14 03:00,159349.973
2019-03-14 04:00,152864.923
2019-03-14 05:00,159345.092
2019-03-14 06:00,174465.111
2019-03-14 07:00,173754.371
2019-03-14 08:00,170586.939
2019-03-14 09:00,174771.642
2019-03-14 10:00,179573.076
2019-03-14 11:00,179995.382
2019-03-14 12:00,182228.562
2019-03-14 13:00,183736.420
2019-03-14 14:00,181273.566
2019-03-14 15:00,172401.386
2019-03-14 16:00,155565.350
2019-03-14 17:00,146173.589
2019-03-14 18:00,135570.634
2019-03-14 19:00,119999.238
2019-03-14 20:00,109487.019
2019-03-14 21:00,97317.820
2019-03-14 22:00,82791.565
2019-03-14 23:00,83084.789
2019-03-15 00:00,90804.670
2019-03-15 01:00,111837.905
2019-03-15 02:00,132335.893
2019-03-15 03:00,151944.585
2019-03-15 04:00,169205.777
2019-03-15 05:00,180951.738
2019-03-15 06:00,184732.034
2019-03-15 07:00,183679.962
2019-03-15 08:00,184964.633
2019-03-15 09:00,190119.101
2019-03-15 10:00,192384.967
2019-03-15 11:00,193136.637
2019-03-15 12:00,192817.861
2019-03-15 13:00,192574.941
2019-03-15 14:00,191089.590
2019-03-15 15:00,186934.413
2019-03-15 16:00,181762.948
2019-03-15 17:00,176022.249
2019-03-15 18:00,166433.843
2019-03-15 19:00,152689.299
2019-03-15 20:00,141686.450
2019-03-15 21:00,128524.321
2019-03-15 22:00,109945.455
2019-03-15 23:00,93893.223
2019-03-16 00:00,81043.727
2019-03-16 01:00,69354.012
2019-03-16 02:00,58495.341
2019-03-16 03:00,42759.992
2019-03-16 04:00,30916.262
2019-03-16 05:00,21126.306
2019-03-16 06:00,18040.617
2019-03-16 07:00,22469.152
2019-03-16 08:00,40651.067
2019-03-16 09:00,64016.344
2019-03-16 10:00,78932.190
2019-03-16 11:00,68898.284
2019-03-16 12:00,49733.313
2019-03-16 13:00,43850.169
2019-03-16 14:00,46530.301
2019-03-16 15:00,52984.422
2019-03-16 16:00,61988.269
2019-03-16 17:00,81025.480
2019-03-16 18:00,94434.027
2019-03-16 19:00,104546.842
2019-03-16 20:00,107514.905
2019-03-16 21:00,105510.559
2019-03-16 22:00,112514.787
2019-03-16 23:00,119621.390
2019-03-17 00:00,142317.555
2019-03-17 01:00,149572.771
2019-03-17 02:00,161526.656
2019-03-17 03:00,165745.474
2019-03-17 04:00,166332.691
2019-03-17 05:00,163645.704
2019-03-17 06:00,157277.584
2019-03-17 07:00,145612.165
2019-03-17 08:00,132830.229
2019-03-17 09:00,134251.891
2019-03-17 10:00,139402.693
2019-03-17 11:00,147353.923
2019-03-17 12:00,153076.067
2019-03-17 13:00,154604.651
2019-03-17 14:00,152698.181
2019-03-17 15:00,145421.697
2019-03-17 16:00,135635.285
2019-03-17 17:00,130216.420
2019-03-17 18:00,124161.748
2019-03-17 19:00,105069.142
2019-03-17 20:00,87357.724
2019-03-17 21:00,88856.555
2019-03-17 22:00,90776.867
2019-03-17 23:00,87856.725
2019-03-18 00:00,80779.846
2019-03-18 01:00,71027.298
2019-03-18 02:00,62130.503
2019-03-18 03:00,51146.549
2019-03-18 04:00,39012.515
2019-03-18 05:00,32024.016
2019-03-18 06:00,29377.505
2019-03-18 07:00,28463.468
2019-03-18 08:00,24228.724
2019-03-18 09:00,20564.449
2019-03-18 10:00,20456.969
2019-03-18 11:00,20075.650
2019-03-18 12:00,20489.138
2019-03-18 13:00,18687.340
2019-03-18 14:00,16336.333
2019-03-18 15:00,15284.649
2019-03-18 16:00,13879.873
2019-03-18 17:00,16404.790
2019-03-18 18:00,20817.545
2019-03-18 19:00,23651.682
2019-03-18 20:00,25192.016
2019-03-18 21:00,27562.588
2019-03-18 22:00,33605.126
2019-03-18 23:00,38330.720
2019-03-19 00:00,40540.042
2019-03-19 01:00,40168.605
2019-03-19 02:00,42144.206
2019-03-19 03:00,47477.522
2019-03-19 04:00,52918.398
2019-03-19 05:00,58267.056
2019-03-19 06:00,64834.853
2019-03-19 07:00,68295.158
2019-03-19 08:00,62483.293
2019-03-19 09:00,93960.429
2019-03-19 10:00,117418.728
2019-03-19 11:00,124593.000
2019-03-19 12:00,123982.134
2019-03-19 13:00,117121.091
2019-03-19 14:00,108867.200
2019-03-19 15:00,95742.550
2019-03-19 16:00,108198.934
2019-03-19 17:00,129389.331
2019-03-19 18:00,126754.822
2019-03-19 19:00,121754.438
2019-03-19 20:00,107486.634
2019-03-19 21:00,112823.658
2019-03-19 22:00,113928.623
2019-03-19 23:00,111771.691
2019-03-20 00:00,104319.379
2019-03-20 01:00,98768.416
2019-03-20 02:00,89446.210
2019-03-20 03:00,83948.144
2019-03-20 04:00,77734.870
2019-03-20 05:00,77126.490
2019-03-20 06:00,70476.428
2019-03-20 07:00,50552.539
2019-03-20 08:00,38797.150
2019-03-20 09:00,46896.047
2019-03-20 10:00,63405.347
2019-03-20 11:00,81187.636
2019-03-20 12:00,100866.695
2019-03-20 13:00,115259.114
2019-03-20 14:00,126484.258
2019-03-20 15:00,129140.440
2019-03-20 16:00,133009.368
2019-03-20 17:00,144848.561
2019-03-20 18:00,155349.011
2019-03-20 19:00,158320.781
2019-03-20 20:00,161210.527
2019-03-20 21:00,170311.684
2019-03-20 22:00,173249.518
2019-03-20 23:00,170397.628
2019-03-21 00:00,165740.020
2019-03-21 01:00,160047.902
2019-03-21 02:00,154386.873
2019-03-21 03:00,151981.550
2019-03-21 04:00,147752.644
2019-03-21 05:00,140923.111
2019-03-21 06:00,118724.544
2019-03-21 07:00,91827.100
2019-03-21 08:00,75451.690
2019-03-21 09:00,62126.559
2019-03-21 10:00,53612.648
2019-03-21 11:00,45784.233
2019-03-21 12:00,36859.783
2019-03-21 13:00,27661.866
2019-03-21 14:00,20441.144
2019-03-21 15:00,21502.201
2019-03-21 16:00,32987.566
2019-03-21 17:00,49738.650
2019-03-21 18:00,66036.768
2019-03-21 19:00,72702.231
2019-03-21 20:00,83714.374
2019-03-21 21:00,89952.335
2019-03-21 22:00,78687.206
2019-03-21 23:00,80794.919
2019-03-22 00:00,89401.099
2019-03-22 01:00,102611.419
2019-03-22 02:00,116302.342
2019-03-22 03:00,132065.043
2019-03-22 04:00,138044.925
2019-03-22 05:00,161862.982
2019-03-22 06:00,165752.437
2019-03-22 07:00,173171.014
2019-03-22 08:00,185283.420
2019-03-22 09:00,187820.276
2019-03-22 10:00,187949.208
2019-03-22 11:00,183399.302
2019-03-22 12:00,179571.472
2019-03-22 13:00,175839.459
2019-03-22 14:00,175839.018
2019-03-22 15:00,177827.933
2019-03-22 16:00,176652.880
2019-03-22 17:00,171421.476
2019-03-22 18:00,168282.529
2019-03-22 19:00,166655.363
2019-03-22 20:00,165147.579
2019-03-22 21:00,166188.158
2019-03-22 22:00,169040.807
2019-03-22 23:00,167096.419
2019-03-23 00:00,164526.574
2019-03-23 01:00,165804.945
2019-03-23 02:00,166538.024
2019-03-23 03:00,164575.369
2019-03-23 04:00,160357.551
2019-03-23 05:00,154910.384
2019-03-23 06:00,145207.726
2019-03-23 07:00,126810.311
2019-03-23 08:00,116699.929
2019-03-23 09:00,130641.968
2019-03-23 10:00,132184.838
2019-03-23 11:00,123573.723
2019-03-23 12:00,113273.864
2019-03-23 13:00,105394.678
2019-03-23 14:00,104514.474
2019-03-23 15:00,106259.371
2019-03-23 16:00,89401.949
2019-03-23 17:00,77171.278
2019-03-23 18:00,78856.827
2019-03-23 19:00,73380.585
2019-03-23 20:00,72975.266
2019-03-23 21:00,81913.073
2019-03-23 22:00,89588.969
2019-03-23 23:00,100144.779
2019-03-24 00:00,113690.631
2019-03-24 01:00,117619.534
2019-03-24 02:00,123572.718
2019-03-24 03:00,127273.346
2019-03-24 04:00,134812.904
2019-03-24 05:00,141391.609
2019-03-24 06:00,146867.956
2019-03-24 07:00,161982.695
2019-03-24 08:00,173585.659
2019-03-24 09:00,180526.481
2019-03-24 10:00,186939.010
2019-03-24 11:00,189553.156
2019-03-24 12:00,191404.531
2019-03-24 13:00,193131.431
2019-03-24 14:00,192997.935
2019-03-24 15:00,189626.506
2019-03-24 16:00,185803.398
2019-03-24 17:00,183202.611
2019-03-24 18:00,181152.168
2019-03-24 19:00,177692.101
2019-03-24 20:00,173384.245
2019-03-24 21:00,168132.663
2019-03-24 22:00,165737.184
2019-03-24 23:00,163605.285
2019-03-25 00:00,159795.568
2019-03-25 01:00,152304.992
2019-03-25 02:00,138021.348
2019-03-25 03:00,112208.899
2019-03-25 04:00,113618.301
2019-03-25 05:00,119682.815
2019-03-25 06:00,113198.827
2019-03-25 07:00,92706.128
2019-03-25 08:00,81347.853
2019-03-25 09:00,68226.522
2019-03-25 10:00,49716.623
2019-03-25 11:00,40202.606
2019-03-25 12:00,41959.051
2019-03-25 13:00,49950.658
2019-03-25 14:00,56876.700
2019-03-25 15:00,60994.616
2019-03-25 16:00,50364.434
2019-03-25 17:00,37891.732
2019-03-25 18:00,36062.208
2019-03-25 19:00,41172.172
2019-03-25 20:00,50691.834
2019-03-25 21:00,59585.477
2019-03-25 22:00,67285.322
2019-03-25 23:00,72862.856
2019-03-26 00:00,76347.086
2019-03-26 01:00,82005.594
2019-03-26 02:00,90303.031
2019-03-26 03:00,93085.501
2019-03-26 04:00,97712.630
2019-03-26 05:00,99594.332
2019-03-26 06:00,97747.360
2019-03-26 07:00,90778.237
2019-03-26 08:00,102610.422
2019-03-26 09:00,122559.117
2019-03-26 10:00,129568.674
2019-03-26 11:00,136034.887
2019-03-26 12:00,141567.737
2019-03-26 13:00,144002.668
2019-03-26 14:00,144850.445
2019-03-26 15:00,142679.709
2019-03-26 16:00,130304.687
2019-03-26 17:00,114970.939
2019-03-26 18:00,112445.196
2019-03-26 19:00,106429.557
2019-03-26 20:00,98800.309
2019-03-26 21:00,100948.021
2019-03-26 22:00,103254.409
2019-03-26 23:00,105458.589
2019-03-27 00:00,100910.575
2019-03-27 01:00,99130.509
2019-03-27 02:00,94381.842
2019-03-27 03:00,99690.014
2019-03-27 04:00,102063.752
2019-03-27 05:00,100832.073
2019-03-27 06:00,100745.256
2019-03-27 07:00,93741.884
2019-03-27 08:00,95191.634
2019-03-27 09:00,112330.179
2019-03-27 10:00,120940.334
2019-03-27 11:00,125021.228
2019-03-27 12:00,127104.246
2019-03-27 13:00,128578.118
2019-03-27 14:00,128816.217
2019-03-27 15:00,119538.875
2019-03-27 16:00,103705.755
2019-03-27 17:00,90780.433
2019-03-27 18:00,96282.850
2019-03-27 19:00,92710.233
2019-03-27 20:00,92125.416
2019-03-27 21:00,97670.267
2019-03-27 22:00,98411.135
2019-03-27 23:00,94004.651
2019-03-28 00:00,93470.405
2019-03-28 01:00,86737.921
2019-03-28 02:00,83161.429
2019-03-28 03:00,82543.798
2019-03-28 04:00,82687.096
2019-03-28 05:00,83902.370
2019-03-28 06:00,82674.908
2019-03-28 07:00,75982.156
2019-03-28 08:00,89693.422
2019-03-28 09:00,111462.953
2019-03-28 10:00,114222.181
2019-03-28 11:00,118236.624
2019-03-28 12:00,126591.359
2019-03-28 13:00,135892.271
2019-03-28 14:00,143003.325
2019-03-28 15:00,144846.380
2019-03-28 16:00,135214.680
2019-03-28 17:00,129666.117
2019-03-28 18:00,135092.190
2019-03-28 19:00,132438.167
2019-03-28 20:00,124958.363
2019-03-28 21:00,120526.857
2019-03-28 22:00,113460.184
2019-03-28 23:00,113131.241
2019-03-29 00:00,105586.360
2019-03-29 01:00,117973.332
2019-03-29 02:00,128831.859
2019-03-29 03:00,139088.787
2019-03-29 04:00,134700.744
2019-03-29 05:00,137990.752
2019-03-29 06:00,134345.385
2019-03-29 07:00,127952.574
2019-03-29 08:00,123571.804
2019-03-29 09:00,126739.483
2019-03-29 10:00,129373.949
2019-03-29 11:00,130654.015
2019-03-29 12:00,129106.360
2019-03-29 13:00,128083.528
2019-03-29 14:00,124094.773
2019-03-29 15:00,109203.647
2019-03-29 16:00,89292.839
2019-03-29 17:00,75498.640
2019-03-29 18:00,78715.376
2019-03-29 19:00,83199.517
2019-03-29 20:00,83428.143
2019-03-29 21:00,81897.814
2019-03-29 22:00,79556.644
2019-03-29 23:00,80096.986
2019-03-30 00:00,79559.144
2019-03-30 01:00,70029.442
2019-03-30 02:00,58819.376
2019-03-30 03:00,56713.729
2019-03-30 04:00,58994.837
2019-03-30 05:00,51805.850
2019-03-30 06:00,44948.423
2019-03-30 07:00,41283.156
2019-03-30 08:00,47969.942
2019-03-30 09:00,56137.689
2019-03-30 10:00,62653.476
2019-03-30 11:00,68175.573
2019-03-30 12:00,73382.691
2019-03-30 13:00,75508.736
2019-03-30 14:00,76921.680
2019-03-30 15:00,76426.070
2019-03-30 16:00,72465.723
2019-03-30 17:00,62754.525
2019-03-30 18:00,58811.799
2019-03-30 19:00,51818.932
2019-03-30 20:00,42791.470
2019-03-30 21:00,36139.342
2019-03-30 22:00,30503.459
2019-03-30 23:00,26440.323
2019-03-31 00:00,23811.984
2019-03-31 01:00,22041.532
2019-03-31 02:00,20251.841
2019-03-31 03:00,19979.248
2019-03-31 04:00,18960.298
2019-03-31 05:00,17307.334
2019-03-31 06:00,15419.131
2019-03-31 07:00,9087.899
2019-03-31 08:00,4018.568
2019-03-31 09:00,2063.537
2019-03-31 10:00,2156.217
2019-03-31 11:00,2941.144
2019-03-31 12:00,4356.453
2019-03-31 13:00,5993.149
2019-03-31 14:00,7526.246
2019-03-31 15:00,9430.215
2019-03-31 16:00,13515.104
2019-03-31 17:00,22477.588
2019-03-31 18:00,39917.201
2019-03-31 19:00,53804.790
2019-03-31 20:00,56496.634
2019-03-31 21:00,51691.013
2019-03-31 22:00,46852.090
2019-03-31 23:00,43688.346
2019-04-01 00:00,40690.083
2019-04-01 01:00,39261.028
2019-04-01 02:00,40785.298
2019-04-01 03:00,42075.296
2019-04-01 04:00,44613.102
2019-04-01 05:00,43297.126
2019-04-01 06:00,40279.377
2019-04-01 07:00,42775.964
2019-04-01 08:00,52746.091
2019-04-01 09:00,70707.899
2019-04-01 10:00,80990.824
2019-04-01 11:00,86632.404
2019-04-01 12:00,94111.374
2019-04-01 13:00,101840.423
2019-04-01 14:00,105682.490
2019-04-01 15:00,101453.072
2019-04-01 16:00,92798.410
2019-04-01 17:00,90235.358
2019-04-01 18:00,88849.026
2019-04-01 19:00,82549.664
2019-04-01 20:00,71007.373
2019-04-01 21:00,65030.323
2019-04-01 22:00,51410.452
2019-04-01 23:00,42714.912
2019-04-02 00:00,34238.721
2019-04-02 01:00,26103.047
2019-04-02 02:00,24205.760
2019-04-02 03:00,29198.424
2019-04-02 04:00,35874.731
2019-04-02 05:00,39321.677
2019-04-02 06:00,36385.389
2019-04-02 07:00,28795.444
2019-04-02 08:00,31260.512
2019-04-02 09:00,26603.008
2019-04-02 10:00,17349.175
2019-04-02 11:00,10376.029
2019-04-02 12:00,7351.552
2019-04-02 13:00,8024.049
2019-04-02 14:00,11451.398
2019-04-02 15:00,17679.537
2019-04-02 16:00,26572.122
2019-04-02 17:00,33894.915
2019-04-02 18:00,47277.753
2019-04-02 19:00,60409.186
2019-04-02 20:00,78894.773
2019-04-02 21:00,100033.597
2019-04-02 22:00,121509.286
2019-04-02 23:00,140336.396
2019-04-03 00:00,153145.436
2019-04-03 01:00,162592.083
2019-04-03 02:00,178056.729
2019-04-03 03:00,180155.104
2019-04-03 04:00,178227.227
2019-04-03 05:00,177261.558
2019-04-03 06:00,174957.775
2019-04-03 07:00,168926.670
2019-04-03 08:00,154727.542
2019-04-03 09:00,145318.378
2019-04-03 10:00,132688.012
2019-04-03 11:00,127476.111
2019-04-03 12:00,121475.711
2019-04-03 13:00,117147.097
2019-04-03 14:00,116597.293
2019-04-03 15:00,121767.613
2019-04-03 16:00,123837.221
2019-04-03 17:00,114827.036
2019-04-03 18:00,105378.272
2019-04-03 19:00,104524.152
2019-04-03 20:00,104331.190
2019-04-03 21:00,107007.468
2019-04-03 22:00,118415.975
2019-04-03 23:00,127218.005
2019-04-04 00:00,127403.430
2019-04-04 01:00,113762.559
2019-04-04 02:00,105068.964
2019-04-04 03:00,103868.415
2019-04-04 04:00,89399.664
2019-04-04 05:00,72319.505
2019-04-04 06:00,57870.003
2019-04-04 07:00,48169.919
2019-04-04 08:00,53531.565
2019-04-04 09:00,71055.433
2019-04-04 10:00,87338.071
2019-04-04 11:00,101247.188
2019-04-04 12:00,117921.061
2019-04-04 13:00,133926.337
2019-04-04 14:00,142094.188
2019-04-04 15:00,143628.839
2019-04-04 16:00,149563.874
2019-04-04 17:00,151081.807
2019-04-04 18:00,149967.090
2019-04-04 19:00,147346.932
2019-04-04 20:00,141480.993
2019-04-04 21:00,144725.152
2019-04-04 22:00,146296.357
2019-04-04 23:00,141026.568
2019-04-05 00:00,136566.701
2019-04-05 01:00,133161.929
2019-04-05 02:00,133961.643
2019-04-05 03:00,133918.633
2019-04-05 04:00,129266.988
2019-04-05 05:00,123057.479
2019-04-05 06:00,113158.944
2019-04-05 07:00,108094.392
2019-04-05 08:00,117717.929
2019-04-05 09:00,127640.383
2019-04-05 10:00,139393.993
2019-04-05 11:00,146545.486
2019-04-05 12:00,148728.168
2019-04-05 13:00,145905.837
2019-04-05 14:00,138496.211
2019-04-05 15:00,126458.065
2019-04-05 16:00,109945.404
2019-04-05 17:00,86771.587
2019-04-05 18:00,75781.966
2019-04-05 19:00,78206.709
2019-04-05 20:00,68650.752
2019-04-05 21:00,53348.672
2019-04-05 22:00,37341.517
2019-04-05 23:00,32749.016
2019-04-06 00:00,29748.195
2019-04-06 01:00,28890.609
2019-04-06 02:00,33091.330
2019-04-06 03:00,38425.536
2019-04-06 04:00,46691.676
2019-04-06 05:00,55595.752
2019-04-06 06:00,59158.464
2019-04-06 07:00,51377.447
2019-04-06 08:00,44178.067
2019-04-06 09:00,52829.660
2019-04-06 10:00,59156.689
2019-04-06 11:00,64518.703
2019-04-06 12:00,75786.795
2019-04-06 13:00,83977.455
2019-04-06 14:00,84947.759
2019-04-06 15:00,84461.196
2019-04-06 16:00,82571.532
2019-04-06 17:00,82928.590
2019-04-06 18:00,97437.914
2019-04-06 19:00,106972.785
2019-04-06 20:00,105783.555
2019-04-06 21:00,101513.773
2019-04-06 22:00,96547.951
2019-04-06 23:00,91997.116
2019-04-07 00:00,91883.653
2019-04-07 01:00,89368.247
2019-04-07 02:00,82637.171
2019-04-07 03:00,78208.720
2019-04-07 04:00,77128.888
2019-04-07 05:00,80571.376
2019-04-07 06:00,86937.009
2019-04-07 07:00,96201.240
2019-04-07 08:00,105494.257
2019-04-07 09:00,110371.943
2019-04-07 10:00,109479.154
2019-04-07 11:00,105860.022
2019-04-07 12:00,102612.049
2019-04-07 13:00,101168.845
2019-04-07 14:00,100288.587
2019-04-07 15:00,98769.444
2019-04-07 16:00,95741.394
2019-04-07 17:00,89838.794
2019-04-07 18:00,91329.545
2019-04-07 19:00,90024.679
2019-04-07 20:00,90778.058
2019-04-07 21:00,88298.293
2019-04-07 22:00,88984.958
2019-04-07 23:00,91329.111
2019-04-08 00:00,91929.998
2019-04-08 01:00,91879.027
2019-04-08 02:00,92930.357
2019-04-08 03:00,90845.511
2019-04-08 04:00,88854.104
2019-04-08 05:00,85128.987
2019-04-08 06:00,75591.611
2019-04-08 07:00,76520.847
2019-04-08 08:00,76431.518
2019-04-08 09:00,73789.542
2019-04-08 10:00,71052.553
2019-04-08 11:00,69722.533
2019-04-08 12:00,68652.880
2019-04-08 13:00,68792.225
2019-04-08 14:00,70478.156
2019-04-08 15:00,72066.771
2019-04-08 16:00,72857.192
2019-04-08 17:00,68999.820
2019-04-08 18:00,61922.713
2019-04-08 19:00,66837.474
2019-04-08 20:00,72319.403
2019-04-08 21:00,72987.450
2019-04-08 22:00,74300.490
2019-04-08 23:00,72400.933
2019-04-09 00:00,74404.599
2019-04-09 01:00,76148.600
2019-04-09 02:00,80095.373
2019-04-09 03:00,84457.170
2019-04-09 04:00,84458.879
2019-04-09 05:00,82551.403
2019-04-09 06:00,74402.079
2019-04-09 07:00,74711.262
2019-04-09 08:00,73408.995
2019-04-09 09:00,71593.693
2019-04-09 10:00,69858.600
2019-04-09 11:00,68983.765
2019-04-09 12:00,68315.319
2019-04-09 13:00,66098.431
2019-04-09 14:00,62477.835
2019-04-09 15:00,58485.007
2019-04-09 16:00,53738.980
2019-04-09 17:00,44687.399
2019-04-09 18:00,36722.993
2019-04-09 19:00,35176.309
2019-04-09 20:00,29791.204
2019-04-09 21:00,22471.527
2019-04-09 22:00,14770.687
2019-04-09 23:00,8690.966
2019-04-10 00:00,4554.223
2019-04-10 01:00,2163.647
2019-04-10 02:00,1025.626
2019-04-10 03:00,1269.243
2019-04-10 04:00,1799.338
2019-04-10 05:00,2528.181
2019-04-10 06:00,2708.516
2019-04-10 07:00,1990.202
2019-04-10 08:00,1821.833
2019-04-10 09:00,1680.039
2019-04-10 10:00,936.832
2019-04-10 11:00,1172.992
2019-04-10 12:00,2413.527
2019-04-10 13:00,4252.913
2019-04-10 14:00,5035.600
2019-04-10 15:00,5040.434
2019-04-10 16:00,4670.295
2019-04-10 17:00,6499.807
2019-04-10 18:00,12532.488
2019-04-10 19:00,19287.734
2019-04-10 20:00,23716.465
2019-04-10 21:00,25059.735
2019-04-10 22:00,24002.061
2019-04-10 23:00,22810.514
2019-04-11 00:00,20170.446
2019-04-11 01:00,17726.949
2019-04-11 02:00,16547.744
2019-04-11 03:00,15727.947
2019-04-11 04:00,15472.146
2019-04-11 05:00,15662.712
2019-04-11 06:00,14538.833
2019-04-11 07:00,10717.999
2019-04-11 08:00,9345.673
2019-04-11 09:00,5254.384
2019-04-11 10:00,4511.249
2019-04-11 11:00,7267.388
2019-04-11 12:00,9781.005
2019-04-11 13:00,11098.413
2019-04-11 14:00,11038.876
2019-04-11 15:00,10657.515
2019-04-11 16:00,9963.527
2019-04-11 17:00,9841.412
2019-04-11 18:00,10870.386
2019-04-11 19:00,11448.406
2019-04-11 20:00,10814.589
2019-04-11 21:00,10844.056
2019-04-11 22:00,11502.472
2019-04-11 23:00,11561.255
2019-04-12 00:00,10391.971
2019-04-12 01:00,7771.533
2019-04-12 02:00,4897.097
2019-04-12 03:00,2167.436
2019-04-12 04:00,885.583
2019-04-12 05:00,1621.712
2019-04-12 06:00,4248.610
2019-04-12 07:00,8029.761
2019-04-12 08:00,18367.945
2019-04-12 09:00,28808.620
2019-04-12 10:00,38126.838
2019-04-12 11:00,43227.383
2019-04-12 12:00,45264.304
2019-04-12 13:00,50925.406
2019-04-12 14:00,62654.449
2019-04-12 15:00,77440.803
2019-04-12 16:00,89692.056
2019-04-12 17:00,91522.042
2019-04-12 18:00,86873.777
2019-04-12 19:00,94468.261
2019-04-12 20:00,97669.116
2019-04-12 21:00,87718.392
2019-04-12 22:00,79242.589
2019-04-12 23:00,71729.359
2019-04-13 00:00,61061.844
2019-04-13 01:00,57106.565
2019-04-13 02:00,60415.217
2019-04-13 03:00,64900.190
2019-04-13 04:00,68409.405
2019-04-13 05:00,71008.840
2019-04-13 06:00,67748.790
2019-04-13 07:00,86614.230
2019-04-13 08:00,113157.666
2019-04-13 09:00,121303.604
2019-04-13 10:00,122244.828
2019-04-13 11:00,123787.339
2019-04-13 12:00,126092.305
2019-04-13 13:00,129669.442
2019-04-13 14:00,130560.615
2019-04-13 15:00,130216.211
2019-04-13 16:00,129037.826
2019-04-13 17:00,121278.130
2019-04-13 18:00,110483.108
2019-04-13 19:00,101873.216
2019-04-13 20:00,101021.017
2019-04-13 21:00,102145.309
2019-04-13 22:00,97668.416
2019-04-13 23:00,90386.109
2019-04-14 00:00,82765.457
2019-04-14 01:00,76125.691
2019-04-14 02:00,73386.791
2019-04-14 03:00,71527.563
2019-04-14 04:00,76560.684
2019-04-14 05:00,83200.167
2019-04-14 06:00,86788.689
2019-04-14 07:00,95616.119
2019-04-14 08:00,112463.300
2019-04-14 09:00,111799.100
2019-04-14 10:00,114221.237
2019-04-14 11:00,119672.444
2019-04-14 12:00,123396.553
2019-04-14 13:00,124488.071
2019-04-14 14:00,124626.406
2019-04-14 15:00,123066.155
2019-04-14 16:00,116070.963
2019-04-14 17:00,103956.364
2019-04-14 18:00,93104.715
2019-04-14 19:00,89400.753
2019-04-14 20:00,87130.495
2019-04-14 21:00,87179.529
2019-04-14 22:00,86028.968
2019-04-14 23:00,83221.215
2019-04-15 00:00,86684.615
2019-04-15 01:00,91100.986
2019-04-15 02:00,90174.398
2019-04-15 03:00,90478.903
2019-04-15 04:00,92705.934
2019-04-15 05:00,91647.108
2019-04-15 06:00,98337.009
2019-04-15 07:00,125874.647
2019-04-15 08:00,143198.078
2019-04-15 09:00,154377.224
2019-04-15 10:00,164080.223
2019-04-15 11:00,169784.677
2019-04-15 12:00,172046.155
2019-04-15 13:00,173235.047
2019-04-15 14:00,174149.564
2019-04-15 15:00,174724.254
2019-04-15 16:00,171769.978
2019-04-15 17:00,161683.133
2019-04-15 18:00,154397.496
2019-04-15 19:00,153020.473
2019-04-15 20:00,150103.673
2019-04-15 21:00,144855.886
2019-04-15 22:00,138022.017
2019-04-15 23:00,127065.831
2019-04-16 00:00,116071.406
2019-04-16 01:00,106343.883
2019-04-16 02:00,97667.136
2019-04-16 03:00,93304.253
2019-04-16 04:00,90481.708
2019-04-16 05:00,81635.226
2019-04-16 06:00,67024.616
2019-04-16 07:00,78849.748
2019-04-16 08:00,84329.954
2019-04-16 09:00,90307.603
2019-04-16 10:00,97122.373
2019-04-16 11:00,102434.503
2019-04-16 12:00,104524.553
2019-04-16 13:00,103705.409
2019-04-16 14:00,100143.044
2019-04-16 15:00,93462.225
2019-04-16 16:00,86375.689
2019-04-16 17:00,79826.029
2019-04-16 18:00,85008.112
2019-04-16 19:00,86380.503
2019-04-16 20:00,84459.949
2019-04-16 21:00,81455.384
2019-04-16 22:00,78250.068
2019-04-16 23:00,75030.698
2019-04-17 00:00,71233.443
2019-04-17 01:00,68132.362
2019-04-17 02:00,67578.343
2019-04-17 03:00,69815.690
2019-04-17 04:00,69102.051
2019-04-17 05:00,64009.741
2019-04-17 06:00,53014.035
2019-04-17 07:00,52782.069
2019-04-17 08:00,50676.039
2019-04-17 09:00,53354.134
2019-04-17 10:00,57388.041
2019-04-17 11:00,59152.483
2019-04-17 12:00,59989.847
2019-04-17 13:00,58764.909
2019-04-17 14:00,55945.048
2019-04-17 15:00,52851.287
2019-04-17 16:00,51583.877
2019-04-17 17:00,49242.017
2019-04-17 18:00,48453.293
2019-04-17 19:00,54408.643
2019-04-17 20:00,55927.098
2019-04-17 21:00,50591.561
2019-04-17 22:00,41316.102
2019-04-17 23:00,33625.754
2019-04-18 00:00,27955.385
2019-04-18 01:00,24603.351
2019-04-18 02:00,22539.836
2019-04-18 03:00,24285.448
2019-04-18 04:00,26679.833
2019-04-18 05:00,29746.355
2019-04-18 06:00,32440.943
2019-04-18 07:00,36213.504
2019-04-18 08:00,42109.756
2019-04-18 09:00,46792.664
2019-04-18 10:00,52282.566
2019-04-18 11:00,57411.972
2019-04-18 12:00,63170.379
2019-04-18 13:00,71314.917
2019-04-18 14:00,71871.437
2019-04-18 15:00,70479.590
2019-04-18 16:00,62706.504
2019-04-18 17:00,53854.735
2019-04-18 18:00,51531.289
2019-04-18 19:00,52176.215
2019-04-18 20:00,45700.893
2019-04-18 21:00,39828.609
2019-04-18 22:00,35771.495
2019-04-18 23:00,34192.752
2019-04-19 00:00,32334.021
2019-04-19 01:00,29162.780
2019-04-19 02:00,24864.532
2019-04-19 03:00,20041.897
2019-04-19 04:00,15280.193
2019-04-19 05:00,12216.770
2019-04-19 06:00,10013.229
2019-04-19 07:00,8589.868
2019-04-19 08:00,9259.735
2019-04-19 09:00,14079.885
2019-04-19 10:00,29842.590
2019-04-19 11:00,43408.572
2019-04-19 12:00,51815.283
2019-04-19 13:00,56358.287
2019-04-19 14:00,56075.147
2019-04-19 15:00,52753.778
2019-04-19 16:00,43964.970
2019-04-19 17:00,34099.973
2019-04-19 18:00,33677.218
2019-04-19 19:00,30681.110
2019-04-19 20:00,26923.299
2019-04-19 21:00,26596.473
2019-04-19 22:00,29058.214
2019-04-19 23:00,33626.712
2019-04-20 00:00,40340.495
2019-04-20 01:00,46186.737
2019-04-20 02:00,49529.962
2019-04-20 03:00,50132.015
2019-04-20 04:00,49052.749
2019-04-20 05:00,42417.647
2019-04-20 06:00,32066.357
2019-04-20 07:00,21119.721
2019-04-20 08:00,14765.810
2019-04-20 09:00,19495.948
2019-04-20 10:00,26636.614
2019-04-20 11:00,29143.409
2019-04-20 12:00,28676.813
2019-04-20 13:00,27279.275
2019-04-20 14:00,26570.164
2019-04-20 15:00,25870.661
2019-04-20 16:00,24652.582
2019-04-20 17:00,23543.354
2019-04-20 18:00,23541.904
2019-04-20 19:00,22305.938
2019-04-20 20:00,20212.098
2019-04-20 21:00,16395.225
2019-04-20 22:00,13555.419
2019-04-20 23:00,15983.620
2019-04-21 00:00,24777.437
2019-04-21 01:00,35556.698
2019-04-21 02:00,43966.441
2019-04-21 03:00,48146.611
2019-04-21 04:00,47927.926
2019-04-21 05:00,47116.701
2019-04-21 06:00,43234.421
2019-04-21 07:00,29380.333
2019-04-21 08:00,21719.289
2019-04-21 09:00,30995.467
2019-04-21 10:00,58270.932
2019-04-21 11:00,73186.290
2019-04-21 12:00,83109.553
2019-04-21 13:00,91342.882
2019-04-21 14:00,96818.170
2019-04-21 15:00,95742.546
2019-04-21 16:00,88298.791
2019-04-21 17:00,80630.448
2019-04-21 18:00,81998.552
2019-04-21 19:00,88773.943
2019-04-21 20:00,91901.015
2019-04-21 21:00,93260.626
2019-04-21 22:00,92709.422
2019-04-21 23:00,89895.459
2019-04-22 00:00,85006.340
2019-04-22 01:00,77779.729
2019-04-22 02:00,69170.695
2019-04-22 03:00,55039.935
2019-04-22 04:00,42093.366
2019-04-22 05:00,34772.890
2019-04-22 06:00,28438.366
2019-04-22 07:00,18711.860
2019-04-22 08:00,20683.031
2019-04-22 09:00,52665.912
2019-04-22 10:00,79393.102
2019-04-22 11:00,97283.664
2019-04-22 12:00,102064.794
2019-04-22 13:00,98305.263
2019-04-22 14:00,92019.309
2019-04-22 15:00,86827.248
2019-04-22 16:00,81148.845
2019-04-22 17:00,75250.371
2019-04-22 18:00,75037.572
2019-04-22 19:00,77665.292
2019-04-22 20:00,72854.431
2019-04-22 21:00,68271.454
2019-04-22 22:00,65353.857
2019-04-22 23:00,64007.845
2019-04-23 00:00,61836.635
2019-04-23 01:00,56857.300
2019-04-23 02:00,51087.777
2019-04-23 03:00,45478.229
2019-04-23 04:00,45838.490
2019-04-23 05:00,46390.768
2019-04-23 06:00,49395.009
2019-04-23 07:00,61391.788
2019-04-23 08:00,78423.900
2019-04-23 09:00,93501.691
2019-04-23 10:00,111288.417
2019-04-23 11:00,118479.666
2019-04-23 12:00,120869.496
2019-04-23 13:00,119045.372
2019-04-23 14:00,118278.210
2019-04-23 15:00,118984.989
2019-04-23 16:00,118795.881
2019-04-23 17:00,114278.733
2019-04-23 18:00,107590.741
2019-04-23 19:00,106096.353
2019-04-23 20:00,101546.957
2019-04-23 21:00,100630.365
2019-04-23 22:00,93344.127
2019-04-23 23:00,87598.303
2019-04-24 00:00,81252.432
2019-04-24 01:00,81859.476
2019-04-24 02:00,84461.928
2019-04-24 03:00,86101.102
2019-04-24 04:00,94140.969
2019-04-24 05:00,101244.288
2019-04-24 06:00,104380.205
2019-04-24 07:00,120303.312
2019-04-24 08:00,133066.167
2019-04-24 09:00,140611.785
2019-04-24 10:00,146210.802
2019-04-24 11:00,149833.694
2019-04-24 12:00,152639.830
2019-04-24 13:00,151682.086
2019-04-24 14:00,147985.899
2019-04-24 15:00,142050.207
2019-04-24 16:00,135448.986
2019-04-24 17:00,129726.034
2019-04-24 18:00,121962.814
2019-04-24 19:00,113318.560
2019-04-24 20:00,110483.128
2019-04-24 21:00,105376.689
2019-04-24 22:00,88304.791
2019-04-24 23:00,65281.611
2019-04-25 00:00,44209.963
2019-04-25 01:00,29497.158
2019-04-25 02:00,22275.045
2019-04-25 03:00,23539.352
2019-04-25 04:00,27712.791
2019-04-25 05:00,33357.311
2019-04-25 06:00,32744.406
2019-04-25 07:00,27709.628
2019-04-25 08:00,30209.002
2019-04-25 09:00,46151.736
2019-04-25 10:00,66987.961
2019-04-25 11:00,83653.558
2019-04-25 12:00,104675.820
2019-04-25 13:00,117395.585
2019-04-25 14:00,115544.554
2019-04-25 15:00,107100.285
2019-04-25 16:00,93735.032
2019-04-25 17:00,75245.638
2019-04-25 18:00,62317.780
2019-04-25 19:00,57125.773
2019-04-25 20:00,55499.995
2019-04-25 21:00,52279.892
2019-04-25 22:00,47085.211
2019-04-25 23:00,41073.216
2019-04-26 00:00,36404.435
2019-04-26 01:00,28804.257
2019-04-26 02:00,24314.288
2019-04-26 03:00,23648.015
2019-04-26 04:00,24666.433
2019-04-26 05:00,27201.279
2019-04-26 06:00,41392.009
2019-04-26 07:00,64832.094
2019-04-26 08:00,82544.179
2019-04-26 09:00,96843.835
2019-04-26 10:00,108791.068
2019-04-26 11:00,127157.528
2019-04-26 12:00,140245.755
2019-04-26 13:00,148164.792
2019-04-26 14:00,151498.224
2019-04-26 15:00,148659.105
2019-04-26 16:00,131443.386
2019-04-26 17:00,103534.763
2019-04-26 18:00,83914.435
2019-04-26 19:00,81506.361
2019-04-26 20:00,86074.227
2019-04-26 21:00,73378.710
2019-04-26 22:00,68122.933
2019-04-26 23:00,73867.383
2019-04-27 00:00,71532.427
2019-04-27 01:00,66837.302
2019-04-27 02:00,57429.586
2019-04-27 03:00,49537.129
2019-04-27 04:00,40109.940
2019-04-27 05:00,31706.727
2019-04-27 06:00,22465.336
2019-04-27 07:00,17099.990
2019-04-27 08:00,17509.564
2019-04-27 09:00,17903.437
2019-04-27 10:00,16448.995
2019-04-27 11:00,12868.142
2019-04-27 12:00,11846.322
2019-04-27 13:00,13351.381
2019-04-27 14:00,15723.488
2019-04-27 15:00,19843.277
2019-04-27 16:00,23641.930
2019-04-27 17:00,22715.535
2019-04-27 18:00,19806.781
2019-04-27 19:00,20272.072
2019-04-27 20:00,17997.987
2019-04-27 21:00,13585.592
2019-04-27 22:00,11707.196
2019-04-27 23:00,13341.545
2019-04-28 00:00,18461.824
2019-04-28 01:00,19104.703
2019-04-28 02:00,18556.212
2019-04-28 03:00,15863.920
2019-04-28 04:00,9435.475
2019-04-28 05:00,5484.126
2019-04-28 06:00,2764.690
2019-04-28 07:00,1509.557
2019-04-28 08:00,2326.177
2019-04-28 09:00,4030.994
2019-04-28 10:00,4226.231
2019-04-28 11:00,4438.502
2019-04-28 12:00,5659.458
2019-04-28 13:00,7038.630
2019-04-28 14:00,8427.339
2019-04-28 15:00,8452.767
2019-04-28 16:00,8139.555
2019-04-28 17:00,8825.932
2019-04-28 18:00,11479.084
2019-04-28 19:00,15888.537
2019-04-28 20:00,18555.110
2019-04-28 21:00,18433.612
2019-04-28 22:00,16487.059
2019-04-28 23:00,15028.977
2019-04-29 00:00,13781.831
2019-04-29 01:00,12217.595
2019-04-29 02:00,10593.690
2019-04-29 03:00,8371.515
2019-04-29 04:00,7403.298
2019-04-29 05:00,6813.390
2019-04-29 06:00,5987.040
2019-04-29 07:00,6341.033
2019-04-29 08:00,8634.778
2019-04-29 09:00,13014.170
2019-04-29 10:00,18524.642
2019-04-29 11:00,22738.854
2019-04-29 12:00,26591.731
2019-04-29 13:00,28623.588
2019-04-29 14:00,29319.698
2019-04-29 15:00,29072.991
2019-04-29 16:00,28023.669
2019-04-29 17:00,27810.162
2019-04-29 18:00,30293.597
2019-04-29 19:00,37631.894
2019-04-29 20:00,38366.179
2019-04-29 21:00,30919.981
2019-04-29 22:00,24577.358
2019-04-29 23:00,19769.695
2019-04-30 00:00,15451.020
2019-04-30 01:00,13396.466
2019-04-30 02:00,11923.674
2019-04-30 03:00,9417.703
2019-04-30 04:00,6382.389
2019-04-30 05:00,4836.322
2019-04-30 06:00,4007.906
2019-04-30 07:00,5005.952
2019-04-30 08:00,9167.638
2019-04-30 09:00,20246.118
2019-04-30 10:00,28424.260
2019-04-30 11:00,30838.498
2019-04-30 12:00,31725.745
2019-04-30 13:00,32077.775
2019-04-30 14:00,31655.311
2019-04-30 15:00,28796.457
2019-04-30 16:00,24289.968
2019-04-30 17:00,18966.224
2019-04-30 18:00,13707.520
2019-04-30 19:00,11649.317
2019-04-30 20:00,9339.856
2019-04-30 21:00,8079.049
2019-04-30 22:00,6056.038
2019-04-30 23:00,4456.854
2019-05-01 00:00,3904.178
2019-05-01 01:00,4621.338
2019-05-01 02:00,5603.345
2019-05-01 03:00,6955.046
2019-05-01 04:00,8155.967
2019-05-01 05:00,8366.050
2019-05-01 06:00,7055.081
2019-05-01 07:00,7887.877
2019-05-01 08:00,8153.684
2019-05-01 09:00,6747.049
2019-05-01 10:00,6755.652
2019-05-01 11:00,7435.439
2019-05-01 12:00,8056.128
2019-05-01 13:00,9383.686
2019-05-01 14:00,11600.059
2019-05-01 15:00,14320.800
2019-05-01 16:00,18544.317
2019-05-01 17:00,23315.241
2019-05-01 18:00,30556.624
2019-05-01 19:00,45995.155
2019-05-01 20:00,61886.329
2019-05-01 21:00,66156.525
2019-05-01 22:00,64114.466
2019-05-01 23:00,59668.574
2019-05-02 00:00,54399.948
2019-05-02 01:00,52450.721
2019-05-02 02:00,53923.913
2019-05-02 03:00,55052.423
2019-05-02 04:00,53924.331
2019-05-02 05:00,45044.973
2019-05-02 06:00,30386.291
2019-05-02 07:00,33172.515
2019-05-02 08:00,33367.505
2019-05-02 09:00,27243.792
2019-05-02 10:00,22570.738
2019-05-02 11:00,22827.579
2019-05-02 12:00,25935.430
2019-05-02 13:00,30968.747
2019-05-02 14:00,39148.632
2019-05-02 15:00,49868.057
2019-05-02 16:00,61020.813
2019-05-02 17:00,69137.516
2019-05-02 18:00,63404.635
2019-05-02 19:00,49424.979
2019-05-02 20:00,40665.156
2019-05-02 21:00,31694.981
2019-05-02 22:00,25186.013
2019-05-02 23:00,23562.158
2019-05-03 00:00,25273.249
2019-05-03 01:00,28425.201
2019-05-03 02:00,30917.389
2019-05-03 03:00,30494.877
2019-05-03 04:00,30827.385
2019-05-03 05:00,31483.677
2019-05-03 06:00,31912.182
2019-05-03 07:00,46562.090
2019-05-03 08:00,56039.040
2019-05-03 09:00,63249.300
2019-05-03 10:00,71719.839
2019-05-03 11:00,82000.047
2019-05-03 12:00,91962.066
2019-05-03 13:00,100300.922
2019-05-03 14:00,105206.973
2019-05-03 15:00,106429.462
2019-05-03 16:00,102610.407
2019-05-03 17:00,95741.622
2019-05-03 18:00,84460.241
2019-05-03 19:00,78373.811
2019-05-03 20:00,82114.740
2019-05-03 21:00,85006.266
2019-05-03 22:00,85376.826
2019-05-03 23:00,86224.083
2019-05-04 00:00,82692.703
2019-05-04 01:00,89818.637
2019-05-04 02:00,93261.330
2019-05-04 03:00,95938.367
2019-05-04 04:00,97787.513
2019-05-04 05:00,89547.104
2019-05-04 06:00,88077.508
2019-05-04 07:00,123717.523
2019-05-04 08:00,127558.072
2019-05-04 09:00,123063.880
2019-05-04 10:00,113690.263
2019-05-04 11:00,102064.749
2019-05-04 12:00,90820.788
2019-05-04 13:00,80948.613
2019-05-04 14:00,73841.850
2019-05-04 15:00,70476.332
2019-05-04 16:00,65594.314
2019-05-04 17:00,57786.666
2019-05-04 18:00,48149.810
2019-05-04 19:00,46160.594
2019-05-04 20:00,43451.327
2019-05-04 21:00,37104.433
2019-05-04 22:00,34634.641
2019-05-04 23:00,35542.710
2019-05-05 00:00,38206.974
2019-05-05 01:00,41400.133
2019-05-05 02:00,43877.121
2019-05-05 03:00,44063.048
2019-05-05 04:00,46859.641
2019-05-05 05:00,46587.956
2019-05-05 06:00,38130.176
2019-05-05 07:00,56434.569
2019-05-05 08:00,68553.179
2019-05-05 09:00,72307.291
2019-05-05 10:00,73840.962
2019-05-05 11:00,73965.445
2019-05-05 12:00,74333.522
2019-05-05 13:00,77663.059
2019-05-05 14:00,83188.044
2019-05-05 15:00,88854.770
2019-05-05 16:00,92250.805
2019-05-05 17:00,88852.673
2019-05-05 18:00,76378.214
2019-05-05 19:00,73386.665
2019-05-05 20:00,75239.613
2019-05-05 21:00,69240.784
2019-05-05 22:00,58970.274
2019-05-05 23:00,49676.043
2019-05-06 00:00,42856.198
2019-05-06 01:00,42194.713
2019-05-06 02:00,42423.558
2019-05-06 03:00,37063.078
2019-05-06 04:00,33262.089
2019-05-06 05:00,28972.374
2019-05-06 06:00,24772.917
2019-05-06 07:00,28802.949
2019-05-06 08:00,26879.259
2019-05-06 09:00,21519.410
2019-05-06 10:00,16296.006
2019-05-06 11:00,10949.647
2019-05-06 12:00,7078.080
2019-05-06 13:00,4568.237
2019-05-06 14:00,2962.643
2019-05-06 15:00,2291.077
2019-05-06 16:00,2477.962
2019-05-06 17:00,3394.963
2019-05-06 18:00,5480.678
2019-05-06 19:00,8555.640
2019-05-06 20:00,11664.313
2019-05-06 21:00,12966.123
2019-05-06 22:00,13446.044
2019-05-06 23:00,13391.334
2019-05-07 00:00,12964.555
2019-05-07 01:00,12217.969
2019-05-07 02:00,11022.912
2019-05-07 03:00,10215.504
2019-05-07 04:00,9350.431
2019-05-07 05:00,9146.457
2019-05-07 06:00,8852.537
2019-05-07 07:00,12178.496
2019-05-07 08:00,16526.086
2019-05-07 09:00,20053.861
2019-05-07 10:00,25106.166
2019-05-07 11:00,30371.300
2019-05-07 12:00,34625.594
2019-05-07 13:00,37021.272
2019-05-07 14:00,37595.314
2019-05-07 15:00,37427.825
2019-05-07 16:00,37921.500
2019-05-07 17:00,38542.295
2019-05-07 18:00,40363.532
2019-05-07 19:00,45479.039
2019-05-07 20:00,54058.923
2019-05-07 21:00,55879.362
2019-05-07 22:00,53222.232
2019-05-07 23:00,49484.204
2019-05-08 00:00,46585.547
2019-05-08 01:00,45838.856
2019-05-08 02:00,46858.792
2019-05-08 03:00,47213.134
2019-05-08 04:00,52302.581
2019-05-08 05:00,50976.306
2019-05-08 06:00,56002.301
2019-05-08 07:00,67725.176
2019-05-08 08:00,82931.741
2019-05-08 09:00,96875.856
2019-05-08 10:00,113158.552
2019-05-08 11:00,125890.222
2019-05-08 12:00,131989.386
2019-05-08 13:00,134340.183
2019-05-08 14:00,135735.020
2019-05-08 15:00,135585.462
2019-05-08 16:00,133646.315
2019-05-08 17:00,127765.447
2019-05-08 18:00,116998.931
2019-05-08 19:00,113047.475
2019-05-08 20:00,115543.590
2019-05-08 21:00,114436.926
2019-05-08 22:00,110483.268
2019-05-08 23:00,106429.824
2019-05-09 00:00,100960.442
2019-05-09 01:00,95740.248
2019-05-09 02:00,90123.472
2019-05-09 03:00,83916.044
2019-05-09 04:00,79714.083
2019-05-09 05:00,71530.014
2019-05-09 06:00,59995.176
2019-05-09 07:00,83909.234
2019-05-09 08:00,90780.826
2019-05-09 09:00,77570.685
2019-05-09 10:00,59453.672
2019-05-09 11:00,44018.995
2019-05-09 12:00,32084.859
2019-05-09 13:00,23423.280
2019-05-09 14:00,17675.263
2019-05-09 15:00,14178.386
2019-05-09 16:00,11560.731
2019-05-09 17:00,9263.698
2019-05-09 18:00,7638.599
2019-05-09 19:00,7036.305
2019-05-09 20:00,7266.671
2019-05-09 21:00,8148.107
2019-05-09 22:00,8379.767
2019-05-09 23:00,7865.790
2019-05-10 00:00,7045.089
2019-05-10 01:00,5872.857
2019-05-10 02:00,4780.171
2019-05-10 03:00,3923.129
2019-05-10 04:00,4016.088
2019-05-10 05:00,4462.517
2019-05-10 06:00,3941.242
2019-05-10 07:00,3460.334
2019-05-10 08:00,3398.070
2019-05-10 09:00,4177.408
2019-05-10 10:00,5535.221
2019-05-10 11:00,7141.935
2019-05-10 12:00,8263.569
2019-05-10 13:00,8407.628
2019-05-10 14:00,7884.376
2019-05-10 15:00,6736.031
2019-05-10 16:00,4847.825
2019-05-10 17:00,3447.438
2019-05-10 18:00,3030.885
2019-05-10 19:00,3709.925
2019-05-10 20:00,4844.272
2019-05-10 21:00,5154.184
2019-05-10 22:00,4554.765
2019-05-10 23:00,3309.778
2019-05-11 00:00,2167.009
2019-05-11 01:00,2423.724
2019-05-11 02:00,5501.489
2019-05-11 03:00,11655.220
2019-05-11 04:00,20245.972
2019-05-11 05:00,25593.407
2019-05-11 06:00,25700.442
2019-05-11 07:00,29352.521
2019-05-11 08:00,30069.625
2019-05-11 09:00,26116.759
2019-05-11 10:00,21482.536
2019-05-11 11:00,19681.448
2019-05-11 12:00,19977.493
2019-05-11 13:00,21413.814
2019-05-11 14:00,24033.066
2019-05-11 15:00,27683.887
2019-05-11 16:00,29870.644
2019-05-11 17:00,30762.842
2019-05-11 18:00,27651.134
2019-05-11 19:00,26679.524
2019-05-11 20:00,24392.721
2019-05-11 21:00,22039.421
2019-05-11 22:00,20250.153
2019-05-11 23:00,18563.679
2019-05-12 00:00,19188.215
2019-05-12 01:00,19664.750
2019-05-12 02:00,18621.441
2019-05-12 03:00,17144.421
2019-05-12 04:00,14281.497
2019-05-12 05:00,10082.248
2019-05-12 06:00,4849.587
2019-05-12 07:00,3525.179
2019-05-12 08:00,5811.676
2019-05-12 09:00,9054.164
2019-05-12 10:00,11895.035
2019-05-12 11:00,14319.213
2019-05-12 12:00,16550.988
2019-05-12 13:00,19143.314
2019-05-12 14:00,21106.411
2019-05-12 15:00,20047.770
2019-05-12 16:00,18558.022
2019-05-12 17:00,17911.625
2019-05-12 18:00,17734.415
2019-05-12 19:00,17185.919
2019-05-12 20:00,16564.862
2019-05-12 21:00,16320.598
2019-05-12 22:00,17173.720
2019-05-12 23:00,19154.442
2019-05-13 00:00,20449.671
2019-05-13 01:00,19249.852
2019-05-13 02:00,17185.189
2019-05-13 03:00,15399.280
2019-05-13 04:00,15189.378
2019-05-13 05:00,15774.229
2019-05-13 06:00,12214.097
2019-05-13 07:00,14622.012
2019-05-13 08:00,23832.030
2019-05-13 09:00,23603.108
2019-05-13 10:00,28855.080
2019-05-13 11:00,36219.607
2019-05-13 12:00,39498.889
2019-05-13 13:00,38985.257
2019-05-13 14:00,39215.962
2019-05-13 15:00,45484.431
2019-05-13 16:00,49525.377
2019-05-13 17:00,46521.259
2019-05-13 18:00,44614.146
2019-05-13 19:00,46589.370
2019-05-13 20:00,47617.112
2019-05-13 21:00,46318.169
2019-05-13 22:00,43840.901
2019-05-13 23:00,41862.366
2019-05-14 00:00,38701.513
2019-05-14 01:00,33965.781
2019-05-14 02:00,29026.548
2019-05-14 03:00,21678.081
2019-05-14 04:00,16500.924
2019-05-14 05:00,14844.342
2019-05-14 06:00,10906.504
2019-05-14 07:00,6376.535
2019-05-14 08:00,8575.578
2019-05-14 09:00,9307.855
2019-05-14 10:00,11410.768
2019-05-14 11:00,13592.106
2019-05-14 12:00,14862.003
2019-05-14 13:00,15439.079
2019-05-14 14:00,16192.981
2019-05-14 15:00,17143.225
2019-05-14 16:00,17905.591
2019-05-14 17:00,18578.849
2019-05-14 18:00,19375.514
2019-05-14 19:00,19473.854
2019-05-14 20:00,17071.075
2019-05-14 21:00,13102.951
2019-05-14 22:00,8366.235
2019-05-14 23:00,4424.817
2019-05-15 00:00,1831.573
2019-05-15 01:00,809.950
2019-05-15 02:00,817.629
2019-05-15 03:00,1188.236
2019-05-15 04:00,1091.298
2019-05-15 05:00,895.967
2019-05-15 06:00,890.888
2019-05-15 07:00,1234.892
2019-05-15 08:00,3285.640
2019-05-15 09:00,4976.427
2019-05-15 10:00,7483.185
2019-05-15 11:00,9727.121
2019-05-15 12:00,10807.559
2019-05-15 13:00,10679.850
2019-05-15 14:00,10670.765
2019-05-15 15:00,11822.141
2019-05-15 16:00,16580.526
2019-05-15 17:00,27478.613
2019-05-15 18:00,42036.433
2019-05-15 19:00,48600.538
2019-05-15 20:00,50655.918
2019-05-15 21:00,47299.986
2019-05-15 22:00,44607.359
2019-05-15 23:00,41722.139
2019-05-16 00:00,42650.389
2019-05-16 01:00,42423.911
2019-05-16 02:00,43224.762
2019-05-16 03:00,45137.316
2019-05-16 04:00,45040.037
2019-05-16 05:00,41582.576
2019-05-16 06:00,39382.031
2019-05-16 07:00,44466.448
2019-05-16 08:00,50195.758
2019-05-16 09:00,55184.235
2019-05-16 10:00,62803.225
2019-05-16 11:00,70837.461
2019-05-16 12:00,76125.063
2019-05-16 13:00,77661.609
2019-05-16 14:00,76432.413
2019-05-16 15:00,76505.756
2019-05-16 16:00,78062.249
2019-05-16 17:00,80451.963
2019-05-16 18:00,77243.244
2019-05-16 19:00,71528.689
2019-05-16 20:00,74715.424
2019-05-16 21:00,71530.854
2019-05-16 22:00,64792.065
2019-05-16 23:00,55360.411
2019-05-17 00:00,45040.077
2019-05-17 01:00,37562.406
2019-05-17 02:00,34890.882
2019-05-17 03:00,37179.626
2019-05-17 04:00,41929.354
2019-05-17 05:00,39989.560
2019-05-17 06:00,32070.393
2019-05-17 07:00,46963.091
2019-05-17 08:00,64527.861
2019-05-17 09:00,77502.654
2019-05-17 10:00,83163.446
2019-05-17 11:00,86899.802
2019-05-17 12:00,90590.946
2019-05-17 13:00,94615.776
2019-05-17 14:00,97670.571
2019-05-17 15:00,97895.249
2019-05-17 16:00,94497.002
2019-05-17 17:00,88301.756
2019-05-17 18:00,75274.791
2019-05-17 19:00,68973.737
2019-05-17 20:00,75155.627
2019-05-17 21:00,79037.592
2019-05-17 22:00,79561.031
2019-05-17 23:00,81411.271
2019-05-18 00:00,88083.023
2019-05-18 01:00,84042.324
2019-05-18 02:00,81573.630
2019-05-18 03:00,77126.079
2019-05-18 04:00,77094.107
2019-05-18 05:00,76338.850
2019-05-18 06:00,78202.604
2019-05-18 07:00,88300.280
2019-05-18 08:00,88304.005
2019-05-18 09:00,81248.298
2019-05-18 10:00,73651.949
2019-05-18 11:00,65034.188
2019-05-18 12:00,55597.524
2019-05-18 13:00,46146.602
2019-05-18 14:00,35769.555
2019-05-18 15:00,26600.780
2019-05-18 16:00,20030.719
2019-05-18 17:00,14746.873
2019-05-18 18:00,10573.623
2019-05-18 19:00,9007.311
2019-05-18 20:00,9524.146
2019-05-18 21:00,10905.924
2019-05-18 22:00,13007.954
2019-05-18 23:00,14322.048
2019-05-19 00:00,14179.683
2019-05-19 01:00,13378.202
2019-05-19 02:00,11766.440
2019-05-19 03:00,9537.176
2019-05-19 04:00,7252.093
2019-05-19 05:00,4883.545
2019-05-19 06:00,2989.771
2019-05-19 07:00,3467.455
2019-05-19 08:00,4803.508
2019-05-19 09:00,7128.176
2019-05-19 10:00,11641.707
2019-05-19 11:00,15900.643
2019-05-19 12:00,18099.809
2019-05-19 13:00,18667.555
2019-05-19 14:00,18381.873
2019-05-19 15:00,18149.501
2019-05-19 16:00,19054.303
2019-05-19 17:00,19595.165
2019-05-19 18:00,19056.481
2019-05-19 19:00,21104.971
2019-05-19 20:00,26549.144
2019-05-19 21:00,29739.146
2019-05-19 22:00,30586.763
2019-05-19 23:00,30917.620
2019-05-20 00:00,32231.663
2019-05-20 01:00,34212.133
2019-05-20 02:00,36038.225
2019-05-20 03:00,35934.265
2019-05-20 04:00,34475.293
2019-05-20 05:00,27981.352
2019-05-20 06:00,19015.527
2019-05-20 07:00,12406.555
2019-05-20 08:00,5469.895
2019-05-20 09:00,2255.810
2019-05-20 10:00,2191.586
2019-05-20 11:00,2602.727
2019-05-20 12:00,2998.120
2019-05-20 13:00,3398.845
2019-05-20 14:00,4501.317
2019-05-20 15:00,6671.304
2019-05-20 16:00,9576.617
2019-05-20 17:00,12750.363
2019-05-20 18:00,15009.618
2019-05-20 19:00,16980.524
2019-05-20 20:00,18561.502
2019-05-20 21:00,19123.941
2019-05-20 22:00,20228.169
2019-05-20 23:00,23051.105
2019-05-21 00:00,27195.727
2019-05-21 01:00,32194.494
2019-05-21 02:00,36143.987
2019-05-21 03:00,38761.833
2019-05-21 04:00,36659.759
2019-05-21 05:00,31300.806
2019-05-21 06:00,33028.245
2019-05-21 07:00,32004.381
2019-05-21 08:00,27310.174
2019-05-21 09:00,21876.884
2019-05-21 10:00,18683.897
2019-05-21 11:00,19077.661
2019-05-21 12:00,22147.971
2019-05-21 13:00,25419.891
2019-05-21 14:00,27338.841
2019-05-21 15:00,29694.154
2019-05-21 16:00,33730.964
2019-05-21 17:00,37949.130
2019-05-21 18:00,37605.344
2019-05-21 19:00,37518.207
2019-05-21 20:00,42400.033
2019-05-21 21:00,45896.064
2019-05-21 22:00,46173.584
2019-05-21 23:00,46945.519
2019-05-22 00:00,49994.028
2019-05-22 01:00,54529.273
2019-05-22 02:00,57237.321
2019-05-22 03:00,60493.170
2019-05-22 04:00,64650.118
2019-05-22 05:00,55702.436
2019-05-22 06:00,57774.163
2019-05-22 07:00,62207.656
2019-05-22 08:00,65911.261
2019-05-22 09:00,67725.660
2019-05-22 10:00,69175.433
2019-05-22 11:00,75017.675
2019-05-22 12:00,84193.428
2019-05-22 13:00,94379.949
2019-05-22 14:00,102064.369
2019-05-22 15:00,109406.642
2019-05-22 16:00,119018.139
2019-05-22 17:00,126093.197
2019-05-22 18:00,120901.064
2019-05-22 19:00,115543.030
2019-05-22 20:00,115545.253
2019-05-22 21:00,111652.358
2019-05-22 22:00,105069.337
2019-05-22 23:00,102691.056
2019-05-23 00:00,93776.879
2019-05-23 01:00,90826.248
2019-05-23 02:00,91662.348
2019-05-23 03:00,90779.082
2019-05-23 04:00,93258.415
2019-05-23 05:00,91183.708
2019-05-23 06:00,99628.600
2019-05-23 07:00,106429.654
2019-05-23 08:00,109952.240
2019-05-23 09:00,115550.127
2019-05-23 10:00,123607.374
2019-05-23 11:00,135303.752
2019-05-23 12:00,144654.540
2019-05-23 13:00,150041.322
2019-05-23 14:00,156412.067
2019-05-23 15:00,159529.697
2019-05-23 16:00,158255.344
2019-05-23 17:00,153609.792
2019-05-23 18:00,142056.429
2019-05-23 19:00,120243.645
2019-05-23 20:00,109859.331
2019-05-23 21:00,106972.703
2019-05-23 22:00,107298.831
2019-05-23 23:00,109800.475
2019-05-24 00:00,111288.650
2019-05-24 01:00,108867.200
2019-05-24 02:00,105121.116
2019-05-24 03:00,99420.862
2019-05-24 04:00,90247.750
2019-05-24 05:00,80497.057
2019-05-24 06:00,77670.189
2019-05-24 07:00,72984.398
2019-05-24 08:00,66111.751
2019-05-24 09:00,58738.676
2019-05-24 10:00,50321.501
2019-05-24 11:00,44609.238
2019-05-24 12:00,40282.602
2019-05-24 13:00,37677.224
2019-05-24 14:00,39431.636
2019-05-24 15:00,45944.928
2019-05-24 16:00,49902.744
2019-05-24 17:00,55605.365
2019-05-24 18:00,51998.292
2019-05-24 19:00,40687.860
2019-05-24 20:00,33967.004
2019-05-24 21:00,28908.493
2019-05-24 22:00,22503.977
2019-05-24 23:00,15339.789
2019-05-25 00:00,9830.014
2019-05-25 01:00,6216.146
2019-05-25 02:00,4228.467
2019-05-25 03:00,4226.567
2019-05-25 04:00,5987.844
2019-05-25 05:00,8265.121
2019-05-25 06:00,8175.818
2019-05-25 07:00,9768.527
2019-05-25 08:00,12671.940
2019-05-25 09:00,17622.660
2019-05-25 10:00,20875.911
2019-05-25 11:00,26617.126
2019-05-25 12:00,34238.324
2019-05-25 13:00,44537.251
2019-05-25 14:00,51218.626
2019-05-25 15:00,48231.343
2019-05-25 16:00,38339.417
2019-05-25 17:00,27565.446
2019-05-25 18:00,19378.813
2019-05-25 19:00,18048.556
2019-05-25 20:00,22672.550
2019-05-25 21:00,26803.724
2019-05-25 22:00,20247.644
2019-05-25 23:00,10810.527
2019-05-26 00:00,8434.138
2019-05-26 01:00,5606.603
2019-05-26 02:00,7808.123
2019-05-26 03:00,9687.899
2019-05-26 04:00,12522.045
2019-05-26 05:00,22258.022
2019-05-26 06:00,26601.883
2019-05-26 07:00,28581.725
2019-05-26 08:00,46578.122
2019-05-26 09:00,81454.037
2019-05-26 10:00,127088.217
2019-05-26 11:00,155675.119
2019-05-26 12:00,170394.548
2019-05-26 13:00,180155.734
2019-05-26 14:00,186448.145
2019-05-26 15:00,188473.754
2019-05-26 16:00,187567.737
2019-05-26 17:00,183466.496
2019-05-26 18:00,174234.775
2019-05-26 19:00,161532.967
2019-05-26 20:00,149034.170
2019-05-26 21:00,128589.544
2019-05-26 22:00,111480.243
2019-05-26 23:00,90892.748
2019-05-27 00:00,72151.469
2019-05-27 01:00,56436.702
2019-05-27 02:00,46145.705
2019-05-27 03:00,40999.037
2019-05-27 04:00,36154.752
2019-05-27 05:00,29244.184
2019-05-27 06:00,24714.812
2019-05-27 07:00,19191.072
2019-05-27 08:00,13287.256
2019-05-27 09:00,7790.714
2019-05-27 10:00,4159.865
2019-05-27 11:00,2434.942
2019-05-27 12:00,1554.473
2019-05-27 13:00,1084.019
2019-05-27 14:00,1013.948
2019-05-27 15:00,1275.101
2019-05-27 16:00,2078.477
2019-05-27 17:00,4261.432
2019-05-27 18:00,8202.268
2019-05-27 19:00,11746.375
2019-05-27 20:00,13588.223
2019-05-27 21:00,11085.504
2019-05-27 22:00,7145.487
2019-05-27 23:00,5841.814
2019-05-28 00:00,8209.131
2019-05-28 01:00,14556.703
2019-05-28 02:00,24652.194
2019-05-28 03:00,33389.000
2019-05-28 04:00,39294.930
2019-05-28 05:00,36545.005
2019-05-28 06:00,39963.227
2019-05-28 07:00,36318.530
2019-05-28 08:00,28513.710
2019-05-28 09:00,22470.738
2019-05-28 10:00,19008.909
2019-05-28 11:00,17235.386
2019-05-28 12:00,17352.732
2019-05-28 13:00,19000.678
2019-05-28 14:00,20472.283
2019-05-28 15:00,21472.686
2019-05-28 16:00,19400.642
2019-05-28 17:00,14801.737
2019-05-28 18:00,10071.765
2019-05-28 19:00,7349.717
2019-05-28 20:00,6554.910
2019-05-28 21:00,5624.344
2019-05-28 22:00,5104.420
2019-05-28 23:00,5651.075
2019-05-29 00:00,6732.507
2019-05-29 01:00,7430.308
2019-05-29 02:00,7477.705
2019-05-29 03:00,6225.801
2019-05-29 04:00,4403.374
2019-05-29 05:00,2577.971
2019-05-29 06:00,7032.950
2019-05-29 07:00,17626.915
2019-05-29 08:00,23997.584
2019-05-29 09:00,28350.944
2019-05-29 10:00,35925.042
2019-05-29 11:00,43965.578
2019-05-29 12:00,47034.716
2019-05-29 13:00,44604.856
2019-05-29 14:00,39584.204
2019-05-29 15:00,36124.034
2019-05-29 16:00,28138.390
2019-05-29 17:00,17851.467
2019-05-29 18:00,10318.638
2019-05-29 19:00,5709.775
2019-05-29 20:00,2502.830
2019-05-29 21:00,2980.397
2019-05-29 22:00,5817.690
2019-05-29 23:00,9010.572
2019-05-30 00:00,10522.700
2019-05-30 01:00,10826.168
2019-05-30 02:00,15073.221
2019-05-30 03:00,20063.803
2019-05-30 04:00,24080.335
2019-05-30 05:00,26463.547
2019-05-30 06:00,23016.585
2019-05-30 07:00,20674.418
2019-05-30 08:00,16411.907
2019-05-30 09:00,9858.495
2019-05-30 10:00,7110.608
2019-05-30 11:00,8176.304
2019-05-30 12:00,7043.032
2019-05-30 13:00,6194.738
2019-05-30 14:00,7410.691
2019-05-30 15:00,9009.752
2019-05-30 16:00,8927.922
2019-05-30 17:00,12275.952
2019-05-30 18:00,19970.678
2019-05-30 19:00,28597.515
2019-05-30 20:00,35576.001
2019-05-30 21:00,34073.403
2019-05-30 22:00,25052.874
2019-05-30 23:00,15126.708
2019-05-31 00:00,9680.719
2019-05-31 01:00,8055.735
2019-05-31 02:00,9005.403
2019-05-31 03:00,11249.281
2019-05-31 04:00,15901.630
2019-05-31 05:00,15369.746
2019-05-31 06:00,16285.520
2019-05-31 07:00,21412.734
2019-05-31 08:00,33480.902
2019-05-31 09:00,51816.331
2019-05-31 10:00,75100.686
2019-05-31 11:00,93259.764
2019-05-31 12:00,108830.030
2019-05-31 13:00,124101.982
2019-05-31 14:00,129550.027
2019-05-31 15:00,119333.459
2019-05-31 16:00,116072.141
2019-05-31 17:00,113690.111
2019-05-31 18:00,104229.764
2019-05-31 19:00,97000.243
2019-05-31 20:00,110455.205
2019-05-31 21:00,97668.040
2019-05-31 22:00,90210.498
2019-05-31 23:00,91882.860
2019-06-01 00:00,98492.142
2019-06-01 01:00,106810.291
2019-06-01 02:00,107333.076
2019-06-01 03:00,98220.242
2019-06-01 04:00,87038.116
2019-06-01 05:00,72319.210
2019-06-01 06:00,62728.349
2019-06-01 07:00,57783.275
2019-06-01 08:00,73028.047
2019-06-01 09:00,100144.899
2019-06-01 10:00,105069.504
2019-06-01 11:00,90534.600
2019-06-01 12:00,82000.514
2019-06-01 13:00,86380.728
2019-06-01 14:00,79236.143
2019-06-01 15:00,71168.437
2019-06-01 16:00,57778.230
2019-06-01 17:00,41820.159
2019-06-01 18:00,24701.859
2019-06-01 19:00,16272.347
2019-06-01 20:00,17618.629
2019-06-01 21:00,25521.164
2019-06-01 22:00,37143.130
2019-06-01 23:00,45838.999
2019-06-02 00:00,49729.238
2019-06-02 01:00,52653.262
2019-06-02 02:00,73922.674
2019-06-02 03:00,83911.226
2019-06-02 04:00,82000.749
2019-06-02 05:00,92526.912
2019-06-02 06:00,98217.787
2019-06-02 07:00,97879.135
2019-06-02 08:00,95739.676
2019-06-02 09:00,104354.579
2019-06-02 10:00,120121.157
2019-06-02 11:00,126739.723
2019-06-02 12:00,129315.426
2019-06-02 13:00,140426.075
2019-06-02 14:00,154008.570
2019-06-02 15:00,159520.305
2019-06-02 16:00,156382.464
2019-06-02 17:00,146536.346
2019-06-02 18:00,133576.454
2019-06-02 19:00,138359.898
2019-06-02 20:00,152555.154
2019-06-02 21:00,160265.769
2019-06-02 22:00,167490.169
2019-06-02 23:00,168761.707
2019-06-03 00:00,173678.236
2019-06-03 01:00,177260.969
2019-06-03 02:00,179957.758
2019-06-03 03:00,181950.288
2019-06-03 04:00,180676.758
2019-06-03 05:00,178207.080
2019-06-03 06:00,178607.450
2019-06-03 07:00,181761.656
2019-06-03 08:00,184599.392
2019-06-03 09:00,185859.296
2019-06-03 10:00,186694.431
2019-06-03 11:00,187069.558
2019-06-03 12:00,186630.972
2019-06-03 13:00,184013.508
2019-06-03 14:00,178789.134
2019-06-03 15:00,170964.018
2019-06-03 16:00,159100.995
2019-06-03 17:00,139560.036
2019-06-03 18:00,112404.608
2019-06-03 19:00,86531.476
2019-06-03 20:00,76669.210
2019-06-03 21:00,70072.586
2019-06-03 22:00,60993.766
2019-06-03 23:00,58761.007
2019-06-04 00:00,54401.298
2019-06-04 01:00,46746.330
2019-06-04 02:00,38971.657
2019-06-04 03:00,35214.728
2019-06-04 04:00,29812.637
2019-06-04 05:00,24400.882
2019-06-04 06:00,26543.190
2019-06-04 07:00,24373.323
2019-06-04 08:00,21806.050
2019-06-04 09:00,17486.592
2019-06-04 10:00,12214.218
2019-06-04 11:00,8472.202
2019-06-04 12:00,6922.331
2019-06-04 13:00,9439.980
2019-06-04 14:00,14319.046
2019-06-04 15:00,19805.237
2019-06-04 16:00,28036.774
2019-06-04 17:00,38342.735
2019-06-04 18:00,45699.052
2019-06-04 19:00,49735.039
2019-06-04 20:00,51239.726
2019-06-04 21:00,58793.582
2019-06-04 22:00,65329.314
2019-06-04 23:00,67752.008
2019-06-05 00:00,69227.821
2019-06-05 01:00,85186.038
2019-06-05 02:00,82000.288
2019-06-05 03:00,74099.131
2019-06-05 04:00,71527.455
2019-06-05 05:00,69784.018
2019-06-05 06:00,72150.498
2019-06-05 07:00,75254.822
2019-06-05 08:00,76001.644
2019-06-05 09:00,65039.178
2019-06-05 10:00,50657.224
2019-06-05 11:00,38383.755
2019-06-05 12:00,29155.213
2019-06-05 13:00,24529.670
2019-06-05 14:00,21017.038
2019-06-05 15:00,28802.821
2019-06-05 16:00,39930.760
2019-06-05 17:00,33488.219
2019-06-05 18:00,34607.869
2019-06-05 19:00,35882.287
2019-06-05 20:00,38660.367
2019-06-05 21:00,35405.889
2019-06-05 22:00,30917.844
2019-06-05 23:00,30613.645
2019-06-06 00:00,26182.783
2019-06-06 01:00,22255.564
2019-06-06 02:00,22467.082
2019-06-06 03:00,18522.028
2019-06-06 04:00,12678.910
2019-06-06 05:00,8673.685
2019-06-06 06:00,7790.651
2019-06-06 07:00,8264.404
2019-06-06 08:00,11144.257
2019-06-06 09:00,12387.717
2019-06-06 10:00,15938.474
2019-06-06 11:00,23541.574
2019-06-06 12:00,33438.505
2019-06-06 13:00,47716.324
2019-06-06 14:00,63021.989
2019-06-06 15:00,75247.792
2019-06-06 16:00,79381.784
2019-06-06 17:00,78207.949
2019-06-06 18:00,71525.966
2019-06-06 19:00,62577.581
2019-06-06 20:00,59352.559
2019-06-06 21:00,56515.220
2019-06-06 22:00,52928.483
2019-06-06 23:00,49046.829
2019-06-07 00:00,44537.131
2019-06-07 01:00,37966.209
2019-06-07 02:00,30423.636
2019-06-07 03:00,22186.732
2019-06-07 04:00,13793.070
2019-06-07 05:00,6585.079
2019-06-07 06:00,5638.911
2019-06-07 07:00,10375.801
2019-06-07 08:00,17139.945
2019-06-07 09:00,19306.158
2019-06-07 10:00,21971.930
2019-06-07 11:00,29092.839
2019-06-07 12:00,34980.487
2019-06-07 13:00,39865.315
2019-06-07 14:00,47892.271
2019-06-07 15:00,54875.991
2019-06-07 16:00,53401.055
2019-06-07 17:00,46584.638
2019-06-07 18:00,41127.215
2019-06-07 19:00,39188.370
2019-06-07 20:00,40165.736
2019-06-07 21:00,38064.682
2019-06-07 22:00,32036.682
2019-06-07 23:00,32901.383
2019-06-08 00:00,41696.669
2019-06-08 01:00,51146.239
2019-06-08 02:00,57776.666
2019-06-08 03:00,60742.688
2019-06-08 04:00,63625.772
2019-06-08 05:00,61488.120
2019-06-08 06:00,50641.319
2019-06-08 07:00,38340.643
2019-06-08 08:00,37621.371
2019-06-08 09:00,37576.194
2019-06-08 10:00,37616.427
2019-06-08 11:00,38841.415
2019-06-08 12:00,39527.170
2019-06-08 13:00,38339.337
2019-06-08 14:00,35428.326
2019-06-08 15:00,30872.313
2019-06-08 16:00,26316.699
2019-06-08 17:00,22320.148
2019-06-08 18:00,20973.316
2019-06-08 19:00,24735.619
2019-06-08 20:00,33756.047
2019-06-08 21:00,41113.601
2019-06-08 22:00,41137.997
2019-06-08 23:00,35833.421
2019-06-09 00:00,30918.987
2019-06-09 01:00,27831.862
2019-06-09 02:00,27919.515
2019-06-09 03:00,28884.093
2019-06-09 04:00,30660.017
2019-06-09 05:00,29200.309
2019-06-09 06:00,32576.816
2019-06-09 07:00,35776.584
2019-06-09 08:00,38690.294
2019-06-09 09:00,42891.879
2019-06-09 10:00,43992.358
2019-06-09 11:00,45024.735
2019-06-09 12:00,46584.246
2019-06-09 13:00,48441.848
2019-06-09 14:00,49052.756
2019-06-09 15:00,46547.975
2019-06-09 16:00,42449.531
2019-06-09 17:00,37414.813
2019-06-09 18:00,30000.796
2019-06-09 19:00,26185.216
2019-06-09 20:00,26930.298
2019-06-09 21:00,27506.946
2019-06-09 22:00,26321.003
2019-06-09 23:00,24505.780
2019-06-10 00:00,22775.931
2019-06-10 01:00,21535.905
2019-06-10 02:00,20857.475
2019-06-10 03:00,21396.298
2019-06-10 04:00,22472.355
2019-06-10 05:00,18119.870
2019-06-10 06:00,13294.137
2019-06-10 07:00,9995.611
2019-06-10 08:00,7147.254
2019-06-10 09:00,5561.246
2019-06-10 10:00,5123.205
2019-06-10 11:00,6008.643
2019-06-10 12:00,7624.315
2019-06-10 13:00,9035.816
2019-06-10 14:00,10599.176
2019-06-10 15:00,12547.511
2019-06-10 16:00,15408.522
2019-06-10 17:00,19548.775
2019-06-10 18:00,22909.564
2019-06-10 19:00,24434.278
2019-06-10 20:00,23045.472
2019-06-10 21:00,20396.844
2019-06-10 22:00,16488.780
2019-06-10 23:00,15245.054
2019-06-11 00:00,19109.488
2019-06-11 01:00,26776.673
2019-06-11 02:00,35894.677
2019-06-11 03:00,41662.225
2019-06-11 04:00,42145.403
2019-06-11 05:00,48151.260
2019-06-11 06:00,68233.679
2019-06-11 07:00,79567.305
2019-06-11 08:00,85974.210
2019-06-11 09:00,86306.541
2019-06-11 10:00,84458.501
2019-06-11 11:00,84462.743
2019-06-11 12:00,88852.852
2019-06-11 13:00,94846.219
2019-06-11 14:00,100066.257
2019-06-11 15:00,100589.224
2019-06-11 16:00,99960.359
2019-06-11 17:00,98793.548
2019-06-11 18:00,87991.986
2019-06-11 19:00,75247.620
2019-06-11 20:00,78202.147
2019-06-11 21:00,93261.323
2019-06-11 22:00,108008.949
2019-06-11 23:00,116006.040
2019-06-12 00:00,126963.652
2019-06-12 01:00,131516.348
2019-06-12 02:00,137085.085
2019-06-12 03:00,138694.083
2019-06-12 04:00,140615.166
2019-06-12 05:00,145772.305
2019-06-12 06:00,155560.010
2019-06-12 07:00,163161.469
2019-06-12 08:00,167490.640
2019-06-12 09:00,168752.826
2019-06-12 10:00,169137.411
2019-06-12 11:00,168259.091
2019-06-12 12:00,167298.442
2019-06-12 13:00,165748.487
2019-06-12 14:00,162533.133
2019-06-12 15:00,160285.716
2019-06-12 16:00,158725.651
2019-06-12 17:00,159702.800
2019-06-12 18:00,161535.899
2019-06-12 19:00,161025.929
2019-06-12 20:00,157659.486
2019-06-12 21:00,156467.757
2019-06-12 22:00,154887.431
2019-06-12 23:00,154662.898
2019-06-13 00:00,154007.720
2019-06-13 01:00,154813.889
2019-06-13 02:00,155861.961
2019-06-13 03:00,148813.430
2019-06-13 04:00,141850.460
2019-06-13 05:00,134342.889
2019-06-13 06:00,125512.721
2019-06-13 07:00,113158.730
2019-06-13 08:00,105383.802
2019-06-13 09:00,100480.675
2019-06-13 10:00,89905.466
2019-06-13 11:00,76532.805
2019-06-13 12:00,62885.026
2019-06-13 13:00,49055.313
2019-06-13 14:00,36661.714
2019-06-13 15:00,27508.716
2019-06-13 16:00,19240.212
2019-06-13 17:00,12012.402
2019-06-13 18:00,7646.829
2019-06-13 19:00,5716.801
2019-06-13 20:00,10752.389
2019-06-13 21:00,22111.319
2019-06-13 22:00,30276.463
2019-06-13 23:00,35732.693
2019-06-14 00:00,42673.541
2019-06-14 01:00,53007.637
2019-06-14 02:00,57779.056
2019-06-14 03:00,54879.229
2019-06-14 04:00,54076.915
2019-06-14 05:00,56456.971
2019-06-14 06:00,68855.599
2019-06-14 07:00,76123.438
2019-06-14 08:00,80062.303
2019-06-14 09:00,79620.951
2019-06-14 10:00,76751.192
2019-06-14 11:00,72847.976
2019-06-14 12:00,67354.345
2019-06-14 13:00,60974.802
2019-06-14 14:00,57783.251
2019-06-14 15:00,60992.183
2019-06-14 16:00,62970.734
2019-06-14 17:00,56862.437
2019-06-14 18:00,46581.340
2019-06-14 19:00,42787.378
2019-06-14 20:00,45510.217
2019-06-14 21:00,49533.252
2019-06-14 22:00,53593.096
2019-06-14 23:00,56813.018
2019-06-15 00:00,66424.410
2019-06-15 01:00,74711.460
2019-06-15 02:00,71527.435
2019-06-15 03:00,59411.968
2019-06-15 04:00,42301.410
2019-06-15 05:00,33888.107
2019-06-15 06:00,32107.511
2019-06-15 07:00,39068.416
2019-06-15 08:00,44173.174
2019-06-15 09:00,43336.095
2019-06-15 10:00,43958.647
2019-06-15 11:00,53345.788
2019-06-15 12:00,65548.152
2019-06-15 13:00,72027.399
2019-06-15 14:00,74524.974
2019-06-15 15:00,73379.267
2019-06-15 16:00,65688.920
2019-06-15 17:00,51896.397
2019-06-15 18:00,40944.522
2019-06-15 19:00,35592.247
2019-06-15 20:00,35032.287
2019-06-15 21:00,38212.211
2019-06-15 22:00,40983.545
2019-06-15 23:00,38450.298
2019-06-16 00:00,37112.998
2019-06-16 01:00,38443.544
2019-06-16 02:00,41089.961
2019-06-16 03:00,45446.933
2019-06-16 04:00,43838.605
2019-06-16 05:00,39399.603
2019-06-16 06:00,42371.180
2019-06-16 07:00,43346.554
2019-06-16 08:00,47401.392
2019-06-16 09:00,52748.087
2019-06-16 10:00,59187.426
2019-06-16 11:00,66246.218
2019-06-16 12:00,69657.893
2019-06-16 13:00,68643.806
2019-06-16 14:00,65032.566
2019-06-16 15:00,61580.370
2019-06-16 16:00,55922.731
2019-06-16 17:00,48686.734
2019-06-16 18:00,39641.332
2019-06-16 19:00,40924.605
2019-06-16 20:00,52284.035
2019-06-16 21:00,60987.797
2019-06-16 22:00,68944.410
2019-06-16 23:00,79019.165
2019-06-17 00:00,108156.385
2019-06-17 01:00,130491.774
2019-06-17 02:00,142772.642
2019-06-17 03:00,147766.554
2019-06-17 04:00,136437.993
2019-06-17 05:00,133163.303
2019-06-17 06:00,138491.712
2019-06-17 07:00,146197.274
2019-06-17 08:00,148906.756
2019-06-17 09:00,151103.026
2019-06-17 10:00,155562.715
2019-06-17 11:00,159185.697
2019-06-17 12:00,162407.376
2019-06-17 13:00,162490.961
2019-06-17 14:00,158942.731
2019-06-17 15:00,153899.143
2019-06-17 16:00,140809.555
2019-06-17 17:00,126394.634
2019-06-17 18:00,102615.120
2019-06-17 19:00,80197.411
2019-06-17 20:00,63212.124
2019-06-17 21:00,54780.791
2019-06-17 22:00,50098.262
2019-06-17 23:00,48946.897
2019-06-18 00:00,49053.236
2019-06-18 01:00,50299.926
2019-06-18 02:00,50303.125
2019-06-18 03:00,53929.268
2019-06-18 04:00,58220.530
2019-06-18 05:00,57782.144
2019-06-18 06:00,99265.521
2019-06-18 07:00,132999.238
2019-06-18 08:00,147912.189
2019-06-18 09:00,151866.676
2019-06-18 10:00,151011.382
2019-06-18 11:00,147757.445
2019-06-18 12:00,142053.263
2019-06-18 13:00,135385.680
2019-06-18 14:00,124478.523
2019-06-18 15:00,111277.467
2019-06-18 16:00,95742.067
2019-06-18 17:00,79794.324
2019-06-18 18:00,60630.687
2019-06-18 19:00,42629.161
2019-06-18 20:00,37074.225
2019-06-18 21:00,36863.212
2019-06-18 22:00,34333.276
2019-06-18 23:00,32517.463
2019-06-19 00:00,32079.225
2019-06-19 01:00,30420.263
2019-06-19 02:00,28569.522
2019-06-19 03:00,27254.591
2019-06-19 04:00,24332.407
2019-06-19 05:00,18163.201
2019-06-19 06:00,21361.111
2019-06-19 07:00,26595.088
2019-06-19 08:00,33948.685
2019-06-19 09:00,40170.511
2019-06-19 10:00,46189.192
2019-06-19 11:00,52274.458
2019-06-19 12:00,56640.818
2019-06-19 13:00,59070.227
2019-06-19 14:00,63133.565
2019-06-19 15:00,67347.748
2019-06-19 16:00,68126.500
2019-06-19 17:00,62926.916
2019-06-19 18:00,49753.718
2019-06-19 19:00,36701.485
2019-06-19 20:00,32783.556
2019-06-19 21:00,30276.463
2019-06-19 22:00,28390.048
2019-06-19 23:00,28211.395
2019-06-20 00:00,29619.823
2019-06-20 01:00,31425.632
2019-06-20 02:00,34950.689
2019-06-20 03:00,40941.196
2019-06-20 04:00,47433.875
2019-06-20 05:00,53485.285
2019-06-20 06:00,74247.625
2019-06-20 07:00,89254.604
2019-06-20 08:00,104524.464
2019-06-20 09:00,118822.933
2019-06-20 10:00,129831.045
2019-06-20 11:00,133825.440
2019-06-20 12:00,134517.807
2019-06-20 13:00,133164.320
2019-06-20 14:00,130798.241
2019-06-20 15:00,128061.424
2019-06-20 16:00,123969.008
2019-06-20 17:00,117353.258
2019-06-20 18:00,105069.471
2019-06-20 19:00,85766.159
2019-06-20 20:00,75251.011
2019-06-20 21:00,72322.904
2019-06-20 22:00,67346.077
2019-06-20 23:00,66189.633
2019-06-21 00:00,69218.660
2019-06-21 01:00,74712.938
2019-06-21 02:00,75545.313
2019-06-21 03:00,72542.100
2019-06-21 04:00,69718.791
2019-06-21 05:00,70478.135
2019-06-21 06:00,79430.406
2019-06-21 07:00,81457.617
2019-06-21 08:00,84003.809
2019-06-21 09:00,85665.600
2019-06-21 10:00,87069.145
2019-06-21 11:00,87711.626
2019-06-21 12:00,84457.022
2019-06-21 13:00,78931.945
2019-06-21 14:00,71292.666
2019-06-21 15:00,62022.398
2019-06-21 16:00,51953.931
2019-06-21 17:00,42308.107
2019-06-21 18:00,32294.433
2019-06-21 19:00,24855.418
2019-06-21 20:00,22862.658
2019-06-21 21:00,22835.344
2019-06-21 22:00,23566.918
2019-06-21 23:00,23297.463
2019-06-22 00:00,21720.878
2019-06-22 01:00,19856.599
2019-06-22 02:00,20057.309
2019-06-22 03:00,21604.546
2019-06-22 04:00,20251.465
2019-06-22 05:00,18197.484
2019-06-22 06:00,15306.035
2019-06-22 07:00,19331.641
2019-06-22 08:00,27234.187
2019-06-22 09:00,36129.292
2019-06-22 10:00,38489.154
2019-06-22 11:00,34379.418
2019-06-22 12:00,26321.098
2019-06-22 13:00,18880.099
2019-06-22 14:00,13784.069
2019-06-22 15:00,9786.700
2019-06-22 16:00,7205.061
2019-06-22 17:00,5549.125
2019-06-22 18:00,5115.907
2019-06-22 19:00,6345.107
2019-06-22 20:00,9820.730
2019-06-22 21:00,12682.441
2019-06-22 22:00,12796.430
2019-06-22 23:00,13585.293
2019-06-23 00:00,17193.157
2019-06-23 01:00,22199.515
2019-06-23 02:00,26781.851
2019-06-23 03:00,36472.975
2019-06-23 04:00,45480.146
2019-06-23 05:00,36848.144
2019-06-23 06:00,32584.261
2019-06-23 07:00,34871.414
2019-06-23 08:00,33701.570
2019-06-23 09:00,33998.399
2019-06-23 10:00,36663.904
2019-06-23 11:00,41266.021
2019-06-23 12:00,49752.699
2019-06-23 13:00,61869.645
2019-06-23 14:00,74840.205
2019-06-23 15:00,82568.423
2019-06-23 16:00,81460.293
2019-06-23 17:00,70476.565
2019-06-23 18:00,63291.639
2019-06-23 19:00,63397.813
2019-06-23 20:00,69228.956
2019-06-23 21:00,74711.550
2019-06-23 22:00,74716.921
2019-06-23 23:00,72854.918
2019-06-24 00:00,77041.543
2019-06-24 01:00,85902.625
2019-06-24 02:00,80926.257
2019-06-24 03:00,83103.335
2019-06-24 04:00,83357.813
2019-06-24 05:00,83909.516
2019-06-24 06:00,84458.655
2019-06-24 07:00,107985.956
2019-06-24 08:00,120246.746
2019-06-24 09:00,124486.532
2019-06-24 10:00,117371.623
2019-06-24 11:00,105313.094
2019-06-24 12:00,92016.184
2019-06-24 13:00,78731.879
2019-06-24 14:00,66313.840
2019-06-24 15:00,60491.940
2019-06-24 16:00,54674.455
2019-06-24 17:00,48835.363
2019-06-24 18:00,40473.613
2019-06-24 19:00,34179.566
2019-06-24 20:00,36947.886
2019-06-24 21:00,43440.582
2019-06-24 22:00,45496.940
2019-06-24 23:00,46589.253
2019-06-25 00:00,47183.844
2019-06-25 01:00,51530.923
2019-06-25 02:00,60325.098
2019-06-25 03:00,65036.916
2019-06-25 04:00,69892.966
2019-06-25 05:00,57657.776
2019-06-25 06:00,63542.364
2019-06-25 07:00,72324.377
2019-06-25 08:00,70478.127
2019-06-25 09:00,64243.728
2019-06-25 10:00,56886.729
2019-06-25 11:00,51020.277
2019-06-25 12:00,48594.822
2019-06-25 13:00,48212.567
2019-06-25 14:00,50073.572
2019-06-25 15:00,50634.832
2019-06-25 16:00,50192.303
2019-06-25 17:00,49553.106
2019-06-25 18:00,46426.301
2019-06-25 19:00,36532.158
2019-06-25 20:00,31474.732
2019-06-25 21:00,30979.941
2019-06-25 22:00,30921.718
2019-06-25 23:00,32484.394
2019-06-26 00:00,34967.418
2019-06-26 01:00,36370.852
2019-06-26 02:00,40167.298
2019-06-26 03:00,36317.710
2019-06-26 04:00,28557.287
2019-06-26 05:00,19967.018
2019-06-26 06:00,14367.760
2019-06-26 07:00,8319.344
2019-06-26 08:00,4447.620
2019-06-26 09:00,2918.437
2019-06-26 10:00,2895.757
2019-06-26 11:00,3657.993
2019-06-26 12:00,3826.616
2019-06-26 13:00,3555.428
2019-06-26 14:00,3421.307
2019-06-26 15:00,3568.572
2019-06-26 16:00,4764.851
2019-06-26 17:00,6682.514
2019-06-26 18:00,8376.811
2019-06-26 19:00,11113.046
2019-06-26 20:00,14672.929
2019-06-26 21:00,15381.850
2019-06-26 22:00,12854.144
2019-06-26 23:00,9006.618
2019-06-27 00:00,5897.716
2019-06-27 01:00,5707.161
2019-06-27 02:00,6842.599
2019-06-27 03:00,9732.570
2019-06-27 04:00,14656.819
2019-06-27 05:00,15178.439
2019-06-27 06:00,9900.345
2019-06-27 07:00,7432.100
2019-06-27 08:00,4388.478
2019-06-27 09:00,1835.651
2019-06-27 10:00,503.788
2019-06-27 11:00,558.865
2019-06-27 12:00,1425.819
2019-06-27 13:00,1791.006
2019-06-27 14:00,4787.854
2019-06-27 15:00,10154.615
2019-06-27 16:00,20249.352
2019-06-27 17:00,34792.829
2019-06-27 18:00,44610.995
2019-06-27 19:00,44511.848
2019-06-27 20:00,40165.466
2019-06-27 21:00,32674.540
2019-06-27 22:00,26439.257
2019-06-27 23:00,22354.433
2019-06-28 00:00,19047.679
2019-06-28 01:00,16474.546
2019-06-28 02:00,14020.404
2019-06-28 03:00,11768.560
2019-06-28 04:00,10095.149
2019-06-28 05:00,9788.011
2019-06-28 06:00,15215.869
2019-06-28 07:00,18849.067
2019-06-28 08:00,27411.616
2019-06-28 09:00,33544.172
2019-06-28 10:00,40166.114
2019-06-28 11:00,46144.124
2019-06-28 12:00,49523.983
2019-06-28 13:00,51712.772
2019-06-28 14:00,52196.158
2019-06-28 15:00,50197.784
2019-06-28 16:00,47952.396
2019-06-28 17:00,44169.246
2019-06-28 18:00,38781.165
2019-06-28 19:00,36885.813
2019-06-28 20:00,38481.277
2019-06-28 21:00,39282.892
2019-06-28 22:00,32490.656
2019-06-28 23:00,23543.090
2019-06-29 00:00,16424.172
2019-06-29 01:00,13585.082
2019-06-29 02:00,14810.005
2019-06-29 03:00,17535.492
2019-06-29 04:00,19199.470
2019-06-29 05:00,15206.805
2019-06-29 06:00,16033.890
2019-06-29 07:00,23830.792
2019-06-29 08:00,30407.347
2019-06-29 09:00,38768.476
2019-06-29 10:00,42138.008
2019-06-29 11:00,26554.561
2019-06-29 12:00,23541.043
2019-06-29 13:00,27587.709
2019-06-29 14:00,23541.427
2019-06-29 15:00,16685.325
2019-06-29 16:00,11117.150
2019-06-29 17:00,11313.919
2019-06-29 18:00,8403.875
2019-06-29 19:00,11361.375
2019-06-29 20:00,22462.144
2019-06-29 21:00,36757.194
2019-06-29 22:00,48391.096
2019-06-29 23:00,59008.584
2019-06-30 00:00,75789.199
2019-06-30 01:00,86870.610
2019-06-30 02:00,95915.996
2019-06-30 03:00,106802.532
2019-06-30 04:00,99071.344
2019-06-30 05:00,101056.895
2019-06-30 06:00,131939.056
2019-06-30 07:00,149195.169
2019-06-30 08:00,161272.331
2019-06-30 09:00,170435.424
2019-06-30 10:00,173597.553
2019-06-30 11:00,172044.958
2019-06-30 12:00,171439.174
2019-06-30 13:00,174060.088
2019-06-30 14:00,175852.940
2019-06-30 15:00,175787.439
2019-06-30 16:00,175635.764
2019-06-30 17:00,174635.060
2019-06-30 18:00,168944.041
2019-06-30 19:00,155996.273
2019-06-30 20:00,152143.942
2019-06-30 21:00,152305.648
2019-06-30 22:00,152647.948
2019-06-30 23:00,154072.359
2019-07-01 00:00,154005.856
2019-07-01 01:00,152687.919
2019-07-01 02:00,149181.318
2019-07-01 03:00,143923.259
2019-07-01 04:00,136410.576
2019-07-01 05:00,128042.423
2019-07-01 06:00,134488.924
2019-07-01 07:00,147917.709
2019-07-01 08:00,154390.558
2019-07-01 09:00,159697.922
2019-07-01 10:00,158461.217
2019-07-01 11:00,152302.975
2019-07-01 12:00,145852.212
2019-07-01 13:00,141522.061
2019-07-01 14:00,137400.912
2019-07-01 15:00,133157.233
2019-07-01 16:00,130152.829
2019-07-01 17:00,123063.022
2019-07-01 18:00,105069.539
2019-07-01 19:00,79895.999
2019-07-01 20:00,73590.644
2019-07-01 21:00,82006.083
2019-07-01 22:00,88853.271
2019-07-01 23:00,91878.782
2019-07-02 00:00,84116.937
2019-07-02 01:00,80098.562
2019-07-02 02:00,79014.725
2019-07-02 03:00,75925.927
2019-07-02 04:00,70892.055
2019-07-02 05:00,63050.245
2019-07-02 06:00,79553.574
2019-07-02 07:00,97668.907
2019-07-02 08:00,109945.481
2019-07-02 09:00,114613.435
2019-07-02 10:00,114858.429
2019-07-02 11:00,114730.684
2019-07-02 12:00,112443.439
2019-07-02 13:00,108041.801
2019-07-02 14:00,103159.006
2019-07-02 15:00,99594.867
2019-07-02 16:00,96842.646
2019-07-02 17:00,92327.685
2019-07-02 18:00,82003.990
2019-07-02 19:00,68008.205
2019-07-02 20:00,60494.255
2019-07-02 21:00,58268.692
2019-07-02 22:00,55418.273
2019-07-02 23:00,51875.416
2019-07-03 00:00,47669.930
2019-07-03 01:00,42401.614
2019-07-03 02:00,36711.514
2019-07-03 03:00,30420.271
2019-07-03 04:00,27435.585
2019-07-03 05:00,23086.291
2019-07-03 06:00,22579.389
2019-07-03 07:00,29885.214
2019-07-03 08:00,37291.194
2019-07-03 09:00,42841.553
2019-07-03 10:00,48000.358
2019-07-03 11:00,54361.611
2019-07-03 12:00,60836.057
2019-07-03 13:00,65753.489
2019-07-03 14:00,69318.625
2019-07-03 15:00,73657.008
2019-07-03 16:00,77545.486
2019-07-03 17:00,80098.605
2019-07-03 18:00,76363.699
2019-07-03 19:00,67110.024
2019-07-03 20:00,59030.737
2019-07-03 21:00,58135.625
2019-07-03 22:00,59903.137
2019-07-03 23:00,64518.443
2019-07-04 00:00,66581.367
2019-07-04 01:00,66319.990
2019-07-04 02:00,65036.289
2019-07-04 03:00,65549.756
2019-07-04 04:00,66435.873
2019-07-04 05:00,71216.632
2019-07-04 06:00,84461.591
2019-07-04 07:00,107604.351
2019-07-04 08:00,124338.638
2019-07-04 09:00,133700.963
2019-07-04 10:00,138915.616
2019-07-04 11:00,139041.860
2019-07-04 12:00,138419.587
2019-07-04 13:00,143997.450
2019-07-04 14:00,149183.189
2019-07-04 15:00,147344.274
2019-07-04 16:00,139433.993
2019-07-04 17:00,129979.123
2019-07-04 18:00,121529.254
2019-07-04 19:00,116482.345
2019-07-04 20:00,117602.817
2019-07-04 21:00,111416.395
2019-07-04 22:00,103112.055
2019-07-04 23:00,88852.203
2019-07-05 00:00,82000.759
2019-07-05 01:00,76106.685
2019-07-05 02:00,83074.583
2019-07-05 03:00,79069.110
2019-07-05 04:00,64015.254
2019-07-05 05:00,46846.332
2019-07-05 06:00,43543.141
2019-07-05 07:00,39664.975
2019-07-05 08:00,41269.108
2019-07-05 09:00,51005.000
2019-07-05 10:00,66807.105
2019-07-05 11:00,88854.031
2019-07-05 12:00,114952.481
2019-07-05 13:00,132203.692
2019-07-05 14:00,141008.854
2019-07-05 15:00,141164.535
2019-07-05 16:00,140065.807
2019-07-05 17:00,132587.051
2019-07-05 18:00,120927.776
2019-07-05 19:00,108298.009
2019-07-05 20:00,101036.588
2019-07-05 21:00,92209.970
2019-07-05 22:00,84463.088
2019-07-05 23:00,85010.149
2019-07-06 00:00,86881.392
2019-07-06 01:00,79554.829
2019-07-06 02:00,71061.660
2019-07-06 03:00,65696.475
2019-07-06 04:00,60989.976
2019-07-06 05:00,56356.476
2019-07-06 06:00,68431.629
2019-07-06 07:00,68128.122
2019-07-06 08:00,60354.375
2019-07-06 09:00,49754.249
2019-07-06 10:00,38326.143
2019-07-06 11:00,27883.004
2019-07-06 12:00,20250.476
2019-07-06 13:00,15378.618
2019-07-06 14:00,12882.107
2019-07-06 15:00,11948.465
2019-07-06 16:00,12541.841
2019-07-06 17:00,14832.936
2019-07-06 18:00,18975.139
2019-07-06 19:00,23007.982
2019-07-06 20:00,26163.373
2019-07-06 21:00,24636.638
2019-07-06 22:00,20253.846
2019-07-06 23:00,15793.509
2019-07-07 00:00,12805.185
2019-07-07 01:00,13592.426
2019-07-07 02:00,16628.016
2019-07-07 03:00,20420.851
2019-07-07 04:00,22822.239
2019-07-07 05:00,23828.137
2019-07-07 06:00,27124.719
2019-07-07 07:00,26365.669
2019-07-07 08:00,24223.299
2019-07-07 09:00,24310.988
2019-07-07 10:00,26570.969
2019-07-07 11:00,29554.880
2019-07-07 12:00,33424.696
2019-07-07 13:00,36822.180
2019-07-07 14:00,38983.456
2019-07-07 15:00,37069.335
2019-07-07 16:00,32259.025
2019-07-07 17:00,26067.473
2019-07-07 18:00,21050.278
2019-07-07 19:00,17131.467
2019-07-07 20:00,14888.025
2019-07-07 21:00,13233.814
2019-07-07 22:00,12213.244
2019-07-07 23:00,11589.045
2019-07-08 00:00,11508.016
2019-07-08 01:00,10855.520
2019-07-08 02:00,9499.062
2019-07-08 03:00,8077.861
2019-07-08 04:00,9644.139
2019-07-08 05:00,11484.192
2019-07-08 06:00,10557.517
2019-07-08 07:00,12553.970
2019-07-08 08:00,14103.821
2019-07-08 09:00,15139.806
2019-07-08 10:00,15676.532
2019-07-08 11:00,17451.802
2019-07-08 12:00,18950.582
2019-07-08 13:00,20322.247
2019-07-08 14:00,20248.947
2019-07-08 15:00,19685.145
2019-07-08 16:00,17428.715
2019-07-08 17:00,14934.218
2019-07-08 18:00,13080.104
2019-07-08 19:00,13005.676
2019-07-08 20:00,14251.954
2019-07-08 21:00,14353.308
2019-07-08 22:00,14801.503
2019-07-08 23:00,16431.644
2019-07-09 00:00,19137.019
2019-07-09 01:00,23539.002
2019-07-09 02:00,28274.107
2019-07-09 03:00,31384.383
2019-07-09 04:00,33216.333
2019-07-09 05:00,34302.373
2019-07-09 06:00,32638.248
2019-07-09 07:00,35512.772
2019-07-09 08:00,42104.917
2019-07-09 09:00,47089.355
2019-07-09 10:00,52753.155
2019-07-09 11:00,56233.137
2019-07-09 12:00,57785.151
2019-07-09 13:00,60985.037
2019-07-09 14:00,66826.640
2019-07-09 15:00,75150.128
2019-07-09 16:00,79555.262
2019-07-09 17:00,76775.573
2019-07-09 18:00,64526.840
2019-07-09 19:00,61927.645
2019-07-09 20:00,64473.009
2019-07-09 21:00,63359.733
2019-07-09 22:00,60986.998
2019-07-09 23:00,52571.042
2019-07-10 00:00,43097.892
2019-07-10 01:00,41544.443
2019-07-10 02:00,43612.428
2019-07-10 03:00,46587.084
2019-07-10 04:00,48551.121
2019-07-10 05:00,45091.603
2019-07-10 06:00,43928.443
2019-07-10 07:00,41389.968
2019-07-10 08:00,41526.670
2019-07-10 09:00,43678.297
2019-07-10 10:00,45485.962
2019-07-10 11:00,46953.239
2019-07-10 12:00,46587.907
2019-07-10 13:00,46587.640
2019-07-10 14:00,47031.673
2019-07-10 15:00,45044.398
2019-07-10 16:00,40796.235
2019-07-10 17:00,35773.427
2019-07-10 18:00,33171.194
2019-07-10 19:00,32900.561
2019-07-10 20:00,30708.870
2019-07-10 21:00,28081.793
2019-07-10 22:00,26319.272
2019-07-10 23:00,24045.135
2019-07-11 00:00,21551.671
2019-07-11 01:00,19181.739
2019-07-11 02:00,16655.068
2019-07-11 03:00,13558.297
2019-07-11 04:00,12214.563
2019-07-11 05:00,11557.051
2019-07-11 06:00,11565.454
2019-07-11 07:00,16972.856
2019-07-11 08:00,22649.114
2019-07-11 09:00,25212.382
2019-07-11 10:00,24204.103
2019-07-11 11:00,23552.845
2019-07-11 12:00,26853.967
2019-07-11 13:00,30819.318
2019-07-11 14:00,34256.530
2019-07-11 15:00,39093.777
2019-07-11 16:00,44121.298
2019-07-11 17:00,49428.225
2019-07-11 18:00,51474.414
2019-07-11 19:00,54396.945
2019-07-11 20:00,62240.534
2019-07-11 21:00,68786.310
2019-07-11 22:00,71315.335
2019-07-11 23:00,74034.498
2019-07-12 00:00,76786.252
2019-07-12 01:00,78204.849
2019-07-12 02:00,79265.936
2019-07-12 03:00,72850.850
2019-07-12 04:00,60000.413
2019-07-12 05:00,40044.255
2019-07-12 06:00,30914.110
2019-07-12 07:00,31362.765
2019-07-12 08:00,29242.564
2019-07-12 09:00,26596.028
2019-07-12 10:00,26120.723
2019-07-12 11:00,26452.728
2019-07-12 12:00,25239.945
2019-07-12 13:00,23570.623
2019-07-12 14:00,20767.404
2019-07-12 15:00,19068.096
2019-07-12 16:00,16408.105
2019-07-12 17:00,14041.128
2019-07-12 18:00,11863.934
2019-07-12 19:00,9799.494
2019-07-12 20:00,8875.699
2019-07-12 21:00,8839.895
2019-07-12 22:00,8267.086
2019-07-12 23:00,7324.684
2019-07-13 00:00,5888.633
2019-07-13 01:00,5104.256
2019-07-13 02:00,5517.254
2019-07-13 03:00,6292.688
2019-07-13 04:00,7164.856
2019-07-13 05:00,7964.781
2019-07-13 06:00,9315.465
2019-07-13 07:00,12067.272
2019-07-13 08:00,13572.828
2019-07-13 09:00,14923.493
2019-07-13 10:00,17963.915
2019-07-13 11:00,21247.888
2019-07-13 12:00,23904.184
2019-07-13 13:00,26170.586
2019-07-13 14:00,27333.838
2019-07-13 15:00,28741.353
2019-07-13 16:00,30742.465
2019-07-13 17:00,31729.211
2019-07-13 18:00,30058.327
2019-07-13 19:00,27579.193
2019-07-13 20:00,28061.952
2019-07-13 21:00,24641.512
2019-07-13 22:00,20440.792
2019-07-13 23:00,17928.180
2019-07-14 00:00,15963.560
2019-07-14 01:00,14503.828
2019-07-14 02:00,14308.223
2019-07-14 03:00,14158.198
2019-07-14 04:00,13759.630
2019-07-14 05:00,10409.511
2019-07-14 06:00,8142.469
2019-07-14 07:00,4817.387
2019-07-14 08:00,2724.968
2019-07-14 09:00,1856.579
2019-07-14 10:00,1236.303
2019-07-14 11:00,1265.367
2019-07-14 12:00,1869.480
2019-07-14 13:00,2206.834
2019-07-14 14:00,2070.643
2019-07-14 15:00,1583.737
2019-07-14 16:00,1590.309
2019-07-14 17:00,1536.197
2019-07-14 18:00,2639.574
2019-07-14 19:00,7035.083
2019-07-14 20:00,15845.359
2019-07-14 21:00,21406.171
2019-07-14 22:00,22194.050
2019-07-14 23:00,20564.719
2019-07-15 00:00,16727.516
2019-07-15 01:00,12351.192
2019-07-15 02:00,9009.056
2019-07-15 03:00,7850.222
2019-07-15 04:00,6776.460
2019-07-15 05:00,4214.102
2019-07-15 06:00,2090.027
2019-07-15 07:00,984.281
2019-07-15 08:00,1940.311
2019-07-15 09:00,3881.736
2019-07-15 10:00,5718.642
2019-07-15 11:00,7693.083
2019-07-15 12:00,9423.084
2019-07-15 13:00,10872.670
2019-07-15 14:00,12213.076
2019-07-15 15:00,13558.292
2019-07-15 16:00,14734.409
2019-07-15 17:00,16703.808
2019-07-15 18:00,18836.945
2019-07-15 19:00,20204.162
2019-07-15 20:00,22634.522
2019-07-15 21:00,24604.003
2019-07-15 22:00,24311.432
2019-07-15 23:00,23307.971
2019-07-16 00:00,23162.348
2019-07-16 01:00,22437.585
2019-07-16 02:00,20033.444
2019-07-16 03:00,16981.289
2019-07-16 04:00,14454.519
2019-07-16 05:00,10815.634
2019-07-16 06:00,6404.560
2019-07-16 07:00,6114.379
2019-07-16 08:00,8407.335
2019-07-16 09:00,11574.840
2019-07-16 10:00,16209.708
2019-07-16 11:00,22468.768
2019-07-16 12:00,29841.876
2019-07-16 13:00,38222.265
2019-07-16 14:00,44857.254
2019-07-16 15:00,49047.396
2019-07-16 16:00,50599.058
2019-07-16 17:00,46580.582
2019-07-16 18:00,38339.826
2019-07-16 19:00,32241.698
2019-07-16 20:00,29375.719
2019-07-16 21:00,24960.209
2019-07-16 22:00,22791.593
2019-07-16 23:00,25611.636
2019-07-17 00:00,32696.444
2019-07-17 01:00,41127.454
2019-07-17 02:00,47347.464
2019-07-17 03:00,46671.002
2019-07-17 04:00,45484.132
2019-07-17 05:00,36297.081
2019-07-17 06:00,26268.210
2019-07-17 07:00,31957.189
2019-07-17 08:00,53295.894
2019-07-17 09:00,77108.035
2019-07-17 10:00,92705.741
2019-07-17 11:00,104226.857
2019-07-17 12:00,109406.797
2019-07-17 13:00,112459.786
2019-07-17 14:00,114750.688
2019-07-17 15:00,116072.504
2019-07-17 16:00,111267.364
2019-07-17 17:00,96843.917
2019-07-17 18:00,80095.746
2019-07-17 19:00,71000.123
2019-07-17 20:00,57785.815
2019-07-17 21:00,48154.053
2019-07-17 22:00,43659.305
2019-07-17 23:00,51198.233
2019-07-18 00:00,54284.660
2019-07-18 01:00,52949.639
2019-07-18 02:00,53293.742
2019-07-18 03:00,57782.886
2019-07-18 04:00,57154.719
2019-07-18 05:00,51817.245
2019-07-18 06:00,60986.697
2019-07-18 07:00,74912.693
2019-07-18 08:00,90080.281
2019-07-18 09:00,105295.221
2019-07-18 10:00,116072.662
2019-07-18 11:00,121053.828
2019-07-18 12:00,122828.067
2019-07-18 13:00,122045.414
2019-07-18 14:00,117966.612
2019-07-18 15:00,113690.415
2019-07-18 16:00,108867.200
2019-07-18 17:00,93257.791
2019-07-18 18:00,79011.880
2019-07-18 19:00,75782.854
2019-07-18 20:00,75837.073
2019-07-18 21:00,74206.037
2019-07-18 22:00,70474.494
2019-07-18 23:00,67365.968
2019-07-19 00:00,62929.580
2019-07-19 01:00,58991.013
2019-07-19 02:00,54928.720
2019-07-19 03:00,50834.378
2019-07-19 04:00,46141.170
2019-07-19 05:00,33393.552
2019-07-19 06:00,30843.006
2019-07-19 07:00,33478.986
2019-07-19 08:00,33877.180
2019-07-19 09:00,35087.375
2019-07-19 10:00,36961.412
2019-07-19 11:00,37228.730
2019-07-19 12:00,35048.217
2019-07-19 13:00,30670.913
2019-07-19 14:00,27959.819
2019-07-19 15:00,28797.265
2019-07-19 16:00,33667.065
2019-07-19 17:00,39796.879
2019-07-19 18:00,45517.090
2019-07-19 19:00,56090.955
2019-07-19 20:00,61819.065
2019-07-19 21:00,58689.744
2019-07-19 22:00,52751.554
2019-07-19 23:00,48601.442
2019-07-20 00:00,41215.841
2019-07-20 01:00,39309.638
2019-07-20 02:00,32082.527
2019-07-20 03:00,30478.248
2019-07-20 04:00,27256.818
2019-07-20 05:00,19879.265
2019-07-20 06:00,15442.816
2019-07-20 07:00,16851.869
2019-07-20 08:00,20422.453
2019-07-20 09:00,28268.041
2019-07-20 10:00,42654.852
2019-07-20 11:00,59196.273
2019-07-20 12:00,73091.771
2019-07-20 13:00,82000.490
2019-07-20 14:00,81822.314
2019-07-20 15:00,78279.808
2019-07-20 16:00,78815.683
2019-07-20 17:00,83087.197
2019-07-20 18:00,89400.428
2019-07-20 19:00,88853.507
2019-07-20 20:00,78845.906
2019-07-20 21:00,66315.963
2019-07-20 22:00,56305.874
2019-07-20 23:00,53194.529
2019-07-21 00:00,53748.262
2019-07-21 01:00,54403.171
2019-07-21 02:00,56785.196
2019-07-21 03:00,60936.425
2019-07-21 04:00,57569.434
2019-07-21 05:00,40156.910
2019-07-21 06:00,38758.892
2019-07-21 07:00,50554.043
2019-07-21 08:00,55599.241
2019-07-21 09:00,60490.530
2019-07-21 10:00,67077.466
2019-07-21 11:00,80100.892
2019-07-21 12:00,98780.366
2019-07-21 13:00,100468.524
2019-07-21 14:00,98769.224
2019-07-21 15:00,111288.135
2019-07-21 16:00,126927.492
2019-07-21 17:00,140446.842
2019-07-21 18:00,157628.855
2019-07-21 19:00,165740.066
2019-07-21 20:00,157793.358
2019-07-21 21:00,147194.762
2019-07-21 22:00,127084.868
2019-07-21 23:00,114330.635
2019-07-22 00:00,85639.777
2019-07-22 01:00,71001.532
2019-07-22 02:00,68644.810
2019-07-22 03:00,62828.383
2019-07-22 04:00,68962.130
2019-07-22 05:00,75253.927
2019-07-22 06:00,105797.656
2019-07-22 07:00,130375.148
2019-07-22 08:00,164077.819
2019-07-22 09:00,180480.909
2019-07-22 10:00,185950.389
2019-07-22 11:00,187095.933
2019-07-22 12:00,186606.788
2019-07-22 13:00,185813.379
2019-07-22 14:00,184051.689
2019-07-22 15:00,179492.284
2019-07-22 16:00,171498.749
2019-07-22 17:00,157901.687
2019-07-22 18:00,140066.443
2019-07-22 19:00,129173.494
2019-07-22 20:00,116574.869
2019-07-22 21:00,95738.763
2019-07-22 22:00,84199.059
2019-07-22 23:00,78787.278
2019-07-23 00:00,78206.701
2019-07-23 01:00,83131.003
2019-07-23 02:00,83937.886
2019-07-23 03:00,87143.481
2019-07-23 04:00,81182.634
2019-07-23 05:00,62908.099
2019-07-23 06:00,74850.578
2019-07-23 07:00,93259.105
2019-07-23 08:00,89973.740
2019-07-23 09:00,86350.622
2019-07-23 10:00,88304.586
2019-07-23 11:00,89402.085
2019-07-23 12:00,86076.451
2019-07-23 13:00,77183.890
2019-07-23 14:00,67163.187
2019-07-23 15:00,57794.598
2019-07-23 16:00,50987.100
2019-07-23 17:00,43967.445
2019-07-23 18:00,33615.566
2019-07-23 19:00,31436.225
2019-07-23 20:00,42196.142
2019-07-23 21:00,53507.580
2019-07-23 22:00,60492.678
2019-07-23 23:00,63153.190
2019-07-24 00:00,58256.982
2019-07-24 01:00,58860.749
2019-07-24 02:00,63348.988
2019-07-24 03:00,69179.696
2019-07-24 04:00,54399.565
2019-07-24 05:00,48149.188
2019-07-24 06:00,32687.119
2019-07-24 07:00,26065.627
2019-07-24 08:00,50657.532
2019-07-24 09:00,82917.929
2019-07-24 10:00,95740.716
2019-07-24 11:00,92289.089
2019-07-24 12:00,81575.190
2019-07-24 13:00,77126.544
2019-07-24 14:00,76488.581
2019-07-24 15:00,64744.757
2019-07-24 16:00,50778.422
2019-07-24 17:00,52275.566
2019-07-24 18:00,48528.377
2019-07-24 19:00,51081.201
2019-07-24 20:00,49734.935
2019-07-24 21:00,46561.108
2019-07-24 22:00,42504.643
2019-07-24 23:00,38887.406
2019-07-25 00:00,38563.333
2019-07-25 01:00,34310.409
2019-07-25 02:00,29437.586
2019-07-25 03:00,21441.543
2019-07-25 04:00,20843.639
2019-07-25 05:00,25556.740
2019-07-25 06:00,25126.161
2019-07-25 07:00,30520.896
2019-07-25 08:00,42900.058
2019-07-25 09:00,54881.657
2019-07-25 10:00,66529.048
2019-07-25 11:00,77130.823
2019-07-25 12:00,83911.228
2019-07-25 13:00,83222.658
2019-07-25 14:00,79560.312
2019-07-25 15:00,72855.390
2019-07-25 16:00,64011.655
2019-07-25 17:00,64019.649
2019-07-25 18:00,75365.708
2019-07-25 19:00,64986.718
2019-07-25 20:00,56532.873
2019-07-25 21:00,48913.936
2019-07-25 22:00,35769.152
2019-07-25 23:00,22466.943
2019-07-26 00:00,12835.172
2019-07-26 01:00,6782.103
2019-07-26 02:00,4229.934
2019-07-26 03:00,3998.709
2019-07-26 04:00,4349.614
2019-07-26 05:00,5985.315
2019-07-26 06:00,7681.390
2019-07-26 07:00,17296.458
2019-07-26 08:00,27744.468
2019-07-26 09:00,33782.026
2019-07-26 10:00,38199.400
2019-07-26 11:00,46139.625
2019-07-26 12:00,54485.358
2019-07-26 13:00,60987.447
2019-07-26 14:00,71554.604
2019-07-26 15:00,78163.869
2019-07-26 16:00,61519.583
2019-07-26 17:00,37969.676
2019-07-26 18:00,26601.241
2019-07-26 19:00,23998.842
2019-07-26 20:00,20205.696
2019-07-26 21:00,16819.076
2019-07-26 22:00,16009.400
2019-07-26 23:00,11613.339
2019-07-27 00:00,5373.415
2019-07-27 01:00,3029.013
2019-07-27 02:00,4354.723
2019-07-27 03:00,5745.043
2019-07-27 04:00,6080.790
2019-07-27 05:00,7907.485
2019-07-27 06:00,10201.698
2019-07-27 07:00,9649.913
2019-07-27 08:00,10467.754
2019-07-27 09:00,13595.542
2019-07-27 10:00,16410.326
2019-07-27 11:00,15903.392
2019-07-27 12:00,18558.802
2019-07-27 13:00,24430.088
2019-07-27 14:00,30664.936
2019-07-27 15:00,37558.155
2019-07-27 16:00,43542.169
2019-07-27 17:00,43721.511
2019-07-27 18:00,40685.331
2019-07-27 19:00,33436.033
2019-07-27 20:00,35399.033
2019-07-27 21:00,42490.386
2019-07-27 22:00,48603.674
2019-07-27 23:00,53930.618
2019-07-28 00:00,59783.128
2019-07-28 01:00,62237.282
2019-07-28 02:00,66973.381
2019-07-28 03:00,70480.343
2019-07-28 04:00,73385.451
2019-07-28 05:00,66827.942
2019-07-28 06:00,60316.895
2019-07-28 07:00,69705.556
2019-07-28 08:00,82006.462
2019-07-28 09:00,90780.185
2019-07-28 10:00,93646.630
2019-07-28 11:00,90328.515
2019-07-28 12:00,84457.673
2019-07-28 13:00,79018.106
2019-07-28 14:00,73071.473
2019-07-28 15:00,69277.318
2019-07-28 16:00,66836.350
2019-07-28 17:00,61920.631
2019-07-28 18:00,51220.781
2019-07-28 19:00,40470.382
2019-07-28 20:00,45776.866
2019-07-28 21:00,58967.939
2019-07-28 22:00,61031.559
2019-07-28 23:00,53935.228
2019-07-29 00:00,46958.913
2019-07-29 01:00,41003.036
2019-07-29 02:00,36260.370
2019-07-29 03:00,33394.828
2019-07-29 04:00,30277.133
2019-07-29 05:00,22468.966
2019-07-29 06:00,16396.043
2019-07-29 07:00,15167.240
2019-07-29 08:00,13601.026
2019-07-29 09:00,12901.385
2019-07-29 10:00,14009.827
2019-07-29 11:00,16658.861
2019-07-29 12:00,18395.476
2019-07-29 13:00,19793.069
2019-07-29 14:00,20174.650
2019-07-29 15:00,19027.381
2019-07-29 16:00,18243.068
2019-07-29 17:00,16733.538
2019-07-29 18:00,15314.652
2019-07-29 19:00,16986.259
2019-07-29 20:00,22875.062
2019-07-29 21:00,27325.615
2019-07-29 22:00,28278.613
2019-07-29 23:00,26593.860
2019-07-30 00:00,23497.980
2019-07-30 01:00,20430.407
2019-07-30 02:00,17928.632
2019-07-30 03:00,14022.564
2019-07-30 04:00,9128.582
2019-07-30 05:00,4480.782
2019-07-30 06:00,1522.491
2019-07-30 07:00,1359.805
2019-07-30 08:00,3199.669
2019-07-30 09:00,5747.359
2019-07-30 10:00,9957.641
2019-07-30 11:00,15501.714
2019-07-30 12:00,21450.155
2019-07-30 13:00,23046.345
2019-07-30 14:00,20246.259
2019-07-30 15:00,18559.683
2019-07-30 16:00,20251.114
2019-07-30 17:00,24181.877
2019-07-30 18:00,26951.283
2019-07-30 19:00,35034.045
2019-07-30 20:00,47584.161
2019-07-30 21:00,53929.263
2019-07-30 22:00,57774.798
2019-07-30 23:00,57876.184
2019-07-31 00:00,60494.719
2019-07-31 01:00,65505.003
2019-07-31 02:00,67834.415
2019-07-31 03:00,68865.304
2019-07-31 04:00,68646.895
2019-07-31 05:00,61372.064
2019-07-31 06:00,49447.362
2019-07-31 07:00,50296.123
2019-07-31 08:00,52064.046
2019-07-31 09:00,49051.956
2019-07-31 10:00,42441.676
2019-07-31 11:00,33606.602
2019-07-31 12:00,26083.238
2019-07-31 13:00,21024.035
2019-07-31 14:00,17207.898
2019-07-31 15:00,13349.890
2019-07-31 16:00,9426.866
2019-07-31 17:00,6421.736
2019-07-31 18:00,4571.378
2019-07-31 19:00,4032.711
2019-07-31 20:00,4419.300
2019-07-31 21:00,4768.991
2019-07-31 22:00,4606.863
2019-07-31 23:00,4710.684
2019-08-01 00:00,5036.432
2019-08-01 01:00,5736.900
2019-08-01 02:00,7406.660
2019-08-01 03:00,9680.399
2019-08-01 04:00,12717.059
2019-08-01 05:00,13952.090
2019-08-01 06:00,10706.268
2019-08-01 07:00,11314.802
2019-08-01 08:00,12080.674
2019-08-01 09:00,13298.083
2019-08-01 10:00,13912.435
2019-08-01 11:00,14062.749
2019-08-01 12:00,14239.162
2019-08-01 13:00,14658.143
2019-08-01 14:00,15686.407
2019-08-01 15:00,18487.369
2019-08-01 16:00,21408.789
2019-08-01 17:00,23120.713
2019-08-01 18:00,22646.004
2019-08-01 19:00,23083.344
2019-08-01 20:00,25108.057
2019-08-01 21:00,22726.021
2019-08-01 22:00,19415.756
2019-08-01 23:00,16657.132
2019-08-02 00:00,14025.150
2019-08-02 01:00,13483.746
2019-08-02 02:00,14729.520
2019-08-02 03:00,16740.725
2019-08-02 04:00,18446.191
2019-08-02 05:00,16911.664
2019-08-02 06:00,12771.213
2019-08-02 07:00,9839.522
2019-08-02 08:00,7379.837
2019-08-02 09:00,5988.217
2019-08-02 10:00,5463.256
2019-08-02 11:00,5397.272
2019-08-02 12:00,5478.449
2019-08-02 13:00,5524.861
2019-08-02 14:00,5707.170
2019-08-02 15:00,7093.147
2019-08-02 16:00,9291.292
2019-08-02 17:00,11207.013
2019-08-02 18:00,13847.114
2019-08-02 19:00,17660.292
2019-08-02 20:00,20053.342
2019-08-02 21:00,18465.335
2019-08-02 22:00,15235.438
2019-08-02 23:00,11479.576
2019-08-03 00:00,8177.348
2019-08-03 01:00,5988.964
2019-08-03 02:00,4426.139
2019-08-03 03:00,3013.029
2019-08-03 04:00,2149.624
2019-08-03 05:00,2284.716
2019-08-03 06:00,2204.748
2019-08-03 07:00,2639.829
2019-08-03 08:00,3229.222
2019-08-03 09:00,4040.366
2019-08-03 10:00,5071.209
2019-08-03 11:00,6383.152
2019-08-03 12:00,8117.913
2019-08-03 13:00,9956.444
2019-08-03 14:00,11887.776
2019-08-03 15:00,14066.313
2019-08-03 16:00,18484.414
2019-08-03 17:00,26578.037
2019-08-03 18:00,33405.995
2019-08-03 19:00,38206.897
2019-08-03 20:00,36687.667
2019-08-03 21:00,30926.904
2019-08-03 22:00,27342.302
2019-08-03 23:00,26049.150
2019-08-04 00:00,26256.985
2019-08-04 01:00,27691.748
2019-08-04 02:00,29974.619
2019-08-04 03:00,32826.972
2019-08-04 04:00,36983.884
2019-08-04 05:00,34833.949
2019-08-04 06:00,30898.601
2019-08-04 07:00,33488.132
2019-08-04 08:00,37176.623
2019-08-04 09:00,41559.950
2019-08-04 10:00,47123.861
2019-08-04 11:00,50191.996
2019-08-04 12:00,48233.077
2019-08-04 13:00,44606.857
2019-08-04 14:00,41516.575
2019-08-04 15:00,40172.851
2019-08-04 16:00,39866.742
2019-08-04 17:00,37736.426
2019-08-04 18:00,35109.137
2019-08-04 19:00,37230.770
2019-08-04 20:00,41376.159
2019-08-04 21:00,39016.513
2019-08-04 22:00,33378.707
2019-08-04 23:00,30068.811
2019-08-05 00:00,30921.014
2019-08-05 01:00,35261.143
2019-08-05 02:00,34876.124
2019-08-05 03:00,31855.873
2019-08-05 04:00,28188.064
2019-08-05 05:00,23256.793
2019-08-05 06:00,22126.536
2019-08-05 07:00,25699.916
2019-08-05 08:00,35363.553
2019-08-05 09:00,42406.942
2019-08-05 10:00,51942.143
2019-08-05 11:00,65426.699
2019-08-05 12:00,77030.864
2019-08-05 13:00,80276.328
2019-08-05 14:00,76384.659
2019-08-05 15:00,70346.716
2019-08-05 16:00,64657.539
2019-08-05 17:00,56116.440
2019-08-05 18:00,38335.761
2019-08-05 19:00,31760.766
2019-08-05 20:00,34850.514
2019-08-05 21:00,34941.233
2019-08-05 22:00,32338.325
2019-08-05 23:00,31090.724
2019-08-06 00:00,29181.786
2019-08-06 01:00,27436.204
2019-08-06 02:00,28307.274
2019-08-06 03:00,30485.360
2019-08-06 04:00,31006.172
2019-08-06 05:00,28979.303
2019-08-06 06:00,21824.946
2019-08-06 07:00,17710.376
2019-08-06 08:00,19234.845
2019-08-06 09:00,19948.185
2019-08-06 10:00,18762.702
2019-08-06 11:00,17256.498
2019-08-06 12:00,16259.268
2019-08-06 13:00,15731.167
2019-08-06 14:00,14650.686
2019-08-06 15:00,13783.280
2019-08-06 16:00,13730.823
2019-08-06 17:00,13237.189
2019-08-06 18:00,12469.743
2019-08-06 19:00,13309.059
2019-08-06 20:00,15397.334
2019-08-06 21:00,16371.093
2019-08-06 22:00,16823.597
2019-08-06 23:00,19121.805
2019-08-07 00:00,22726.101
2019-08-07 01:00,27040.466
2019-08-07 02:00,32298.228
2019-08-07 03:00,38953.933
2019-08-07 04:00,45719.475
2019-08-07 05:00,44610.834
2019-08-07 06:00,38883.154
2019-08-07 07:00,42041.880
2019-08-07 08:00,44467.029
2019-08-07 09:00,42996.748
2019-08-07 10:00,41837.496
2019-08-07 11:00,42539.197
2019-08-07 12:00,44112.785
2019-08-07 13:00,46578.837
2019-08-07 14:00,48119.215
2019-08-07 15:00,47673.519
2019-08-07 16:00,40163.782
2019-08-07 17:00,28744.241
2019-08-07 18:00,27032.414
2019-08-07 19:00,35793.686
2019-08-07 20:00,45744.996
2019-08-07 21:00,49627.709
2019-08-07 22:00,50184.939
2019-08-07 23:00,48573.865
2019-08-08 00:00,45555.307
2019-08-08 01:00,42465.775
2019-08-08 02:00,40401.993
2019-08-08 03:00,38459.067
2019-08-08 04:00,39582.130
2019-08-08 05:00,37052.752
2019-08-08 06:00,26156.788
2019-08-08 07:00,21192.946
2019-08-08 08:00,15946.962
2019-08-08 09:00,11229.398
2019-08-08 10:00,8062.160
2019-08-08 11:00,5083.080
2019-08-08 12:00,2475.205
2019-08-08 13:00,1809.501
2019-08-08 14:00,2752.137
2019-08-08 15:00,6697.512
2019-08-08 16:00,18388.987
2019-08-08 17:00,36742.546
2019-08-08 18:00,51238.952
2019-08-08 19:00,70473.839
2019-08-08 20:00,75134.306
2019-08-08 21:00,73381.833
2019-08-08 22:00,77664.747
2019-08-08 23:00,82653.627
2019-08-09 00:00,94583.789
2019-08-09 01:00,102421.552
2019-08-09 02:00,98221.181
2019-08-09 03:00,103157.894
2019-08-09 04:00,124961.650
2019-08-09 05:00,142756.509
2019-08-09 06:00,154005.789
2019-08-09 07:00,165037.645
2019-08-09 08:00,176061.809
2019-08-09 09:00,180817.244
2019-08-09 10:00,181795.715
2019-08-09 11:00,180029.190
2019-08-09 12:00,173445.246
2019-08-09 13:00,155672.400
2019-08-09 14:00,124525.712
2019-08-09 15:00,78767.100
2019-08-09 16:00,46283.618
2019-08-09 17:00,27257.090
2019-08-09 18:00,22472.587
2019-08-09 19:00,30425.480
2019-08-09 20:00,42606.698
2019-08-09 21:00,45932.717
2019-08-09 22:00,43957.035
2019-08-09 23:00,40104.901
2019-08-10 00:00,31667.553
2019-08-10 01:00,24129.761
2019-08-10 02:00,16377.405
2019-08-10 03:00,11126.882
2019-08-10 04:00,8839.769
2019-08-10 05:00,8444.274
2019-08-10 06:00,7871.942
2019-08-10 07:00,8139.134
2019-08-10 08:00,10030.686
2019-08-10 09:00,10905.792
2019-08-10 10:00,9548.681
2019-08-10 11:00,8267.632
2019-08-10 12:00,7204.382
2019-08-10 13:00,6940.829
2019-08-10 14:00,8260.152
2019-08-10 15:00,10134.094
2019-08-10 16:00,13592.493
2019-08-10 17:00,20253.467
2019-08-10 18:00,24627.202
2019-08-10 19:00,34244.140
2019-08-10 20:00,38991.190
2019-08-10 21:00,41951.597
2019-08-10 22:00,46858.198
2019-08-10 23:00,49049.391
2019-08-11 00:00,47314.556
2019-08-11 01:00,49508.758
2019-08-11 02:00,51860.665
2019-08-11 03:00,56252.326
2019-08-11 04:00,62238.278
2019-08-11 05:00,60124.432
2019-08-11 06:00,55221.099
2019-08-11 07:00,68789.230
2019-08-11 08:00,71765.217
2019-08-11 09:00,67575.463
2019-08-11 10:00,59021.385
2019-08-11 11:00,50437.952
2019-08-11 12:00,43784.638
2019-08-11 13:00,39130.667
2019-08-11 14:00,35186.920
2019-08-11 15:00,31573.414
2019-08-11 16:00,27980.563
2019-08-11 17:00,23058.659
2019-08-11 18:00,20692.534
2019-08-11 19:00,19259.979
2019-08-11 20:00,16511.999
2019-08-11 21:00,13998.527
2019-08-11 22:00,11504.184
2019-08-11 23:00,9046.957
2019-08-12 00:00,7811.268
2019-08-12 01:00,8027.065
2019-08-12 02:00,10044.270
2019-08-12 03:00,13512.684
2019-08-12 04:00,16747.307
2019-08-12 05:00,17971.194
2019-08-12 06:00,15154.664
2019-08-12 07:00,15934.075
2019-08-12 08:00,15281.596
2019-08-12 09:00,15649.861
2019-08-12 10:00,16888.579
2019-08-12 11:00,19098.284
2019-08-12 12:00,21267.927
2019-08-12 13:00,23543.976
2019-08-12 14:00,26783.744
2019-08-12 15:00,30589.721
2019-08-12 16:00,33503.568
2019-08-12 17:00,32063.466
2019-08-12 18:00,29036.244
2019-08-12 19:00,37573.205
2019-08-12 20:00,46839.502
2019-08-12 21:00,51259.180
2019-08-12 22:00,53689.935
2019-08-12 23:00,52769.127
2019-08-13 00:00,50561.013
2019-08-13 01:00,48385.541
2019-08-13 02:00,46003.621
2019-08-13 03:00,46729.859
2019-08-13 04:00,48872.499
2019-08-13 05:00,42787.925
2019-08-13 06:00,33085.925
2019-08-13 07:00,33946.158
2019-08-13 08:00,36321.921
2019-08-13 09:00,39549.550
2019-08-13 10:00,42495.991
2019-08-13 11:00,47571.055
2019-08-13 12:00,58760.503
2019-08-13 13:00,72850.118
2019-08-13 14:00,79333.516
2019-08-13 15:00,78194.246
2019-08-13 16:00,74184.317
2019-08-13 17:00,63404.550
2019-08-13 18:00,51313.439
2019-08-13 19:00,46581.023
2019-08-13 20:00,43342.366
2019-08-13 21:00,39055.096
2019-08-13 22:00,34039.102
2019-08-13 23:00,29815.578
2019-08-14 00:00,25553.487
2019-08-14 01:00,20677.734
2019-08-14 02:00,16037.468
2019-08-14 03:00,11112.742
2019-08-14 04:00,7033.571
2019-08-14 05:00,4919.020
2019-08-14 06:00,5074.598
2019-08-14 07:00,10349.381
2019-08-14 08:00,24125.485
2019-08-14 09:00,40457.743
2019-08-14 10:00,56888.708
2019-08-14 11:00,65670.099
2019-08-14 12:00,62338.907
2019-08-14 13:00,55828.955
2019-08-14 14:00,51198.841
2019-08-14 15:00,49512.907
2019-08-14 16:00,49688.067
2019-08-14 17:00,48146.228
2019-08-14 18:00,55502.513
2019-08-14 19:00,66835.797
2019-08-14 20:00,72102.300
2019-08-14 21:00,70998.499
2019-08-14 22:00,64523.989
2019-08-14 23:00,62062.665
2019-08-15 00:00,54882.472
2019-08-15 01:00,61500.452
2019-08-15 02:00,65547.680
2019-08-15 03:00,70482.273
2019-08-15 04:00,80008.733
2019-08-15 05:00,88972.611
2019-08-15 06:00,104523.515
2019-08-15 07:00,138297.459
2019-08-15 08:00,155801.580
2019-08-15 09:00,156928.427
2019-08-15 10:00,149305.326
2019-08-15 11:00,133140.680
2019-08-15 12:00,111288.182
2019-08-15 13:00,98811.159
2019-08-15 14:00,105792.083
2019-08-15 15:00,102182.706
2019-08-15 16:00,84846.679
2019-08-15 17:00,72078.454
2019-08-15 18:00,48018.986
2019-08-15 19:00,38667.709
2019-08-15 20:00,50034.533
2019-08-15 21:00,62245.081
2019-08-15 22:00,69706.741
2019-08-15 23:00,87839.377
2019-08-16 00:00,84828.507
2019-08-16 01:00,89153.853
2019-08-16 02:00,82354.247
2019-08-16 03:00,83986.068
2019-08-16 04:00,85005.562
2019-08-16 05:00,96515.660
2019-08-16 06:00,111175.720
2019-08-16 07:00,134187.284
2019-08-16 08:00,159134.273
2019-08-16 09:00,172531.683
2019-08-16 10:00,173532.259
2019-08-16 11:00,165147.995
2019-08-16 12:00,154784.339
2019-08-16 13:00,147756.510
2019-08-16 14:00,136437.137
2019-08-16 15:00,115545.350
2019-08-16 16:00,92698.448
2019-08-16 17:00,59092.961
2019-08-16 18:00,47024.461
2019-08-16 19:00,51813.380
2019-08-16 20:00,56782.329
2019-08-16 21:00,65831.726
2019-08-16 22:00,74713.872
2019-08-16 23:00,86376.565
2019-08-17 00:00,87380.072
2019-08-17 01:00,78679.764
2019-08-17 02:00,67710.417
2019-08-17 03:00,75784.030
2019-08-17 04:00,82803.519
2019-08-17 05:00,98219.481
2019-08-17 06:00,93522.365
2019-08-17 07:00,111288.418
2019-08-17 08:00,134809.486
2019-08-17 09:00,146786.839
2019-08-17 10:00,154433.598
2019-08-17 11:00,159346.882
2019-08-17 12:00,160422.846
2019-08-17 13:00,161203.848
2019-08-17 14:00,162338.744
2019-08-17 15:00,160723.849
2019-08-17 16:00,148797.816
2019-08-17 17:00,127652.288
2019-08-17 18:00,125949.815
2019-08-17 19:00,128996.483
2019-08-17 20:00,127372.922
2019-08-17 21:00,123573.293
2019-08-17 22:00,126992.647
2019-08-17 23:00,130787.020
2019-08-18 00:00,133024.076
2019-08-18 01:00,133157.429
2019-08-18 02:00,132511.239
2019-08-18 03:00,131580.427
2019-08-18 04:00,134344.644
2019-08-18 05:00,129861.502
2019-08-18 06:00,127418.802
2019-08-18 07:00,138943.749
2019-08-18 08:00,146737.550
2019-08-18 09:00,152306.205
2019-08-18 10:00,158586.895
2019-08-18 11:00,165744.949
2019-08-18 12:00,173194.707
2019-08-18 13:00,176485.266
2019-08-18 14:00,174593.371
2019-08-18 15:00,169430.224
2019-08-18 16:00,160070.078
2019-08-18 17:00,142933.452
2019-08-18 18:00,128855.477
2019-08-18 19:00,122467.096
2019-08-18 20:00,102611.934
2019-08-18 21:00,100592.419
2019-08-18 22:00,96290.799
2019-08-18 23:00,95851.282
2019-08-19 00:00,96842.577
2019-08-19 01:00,98770.251
2019-08-19 02:00,99579.799
2019-08-19 03:00,105069.015
2019-08-19 04:00,108292.129
2019-08-19 05:00,108071.003
2019-08-19 06:00,108068.914
2019-08-19 07:00,128323.594
2019-08-19 08:00,143071.839
2019-08-19 09:00,145215.433
2019-08-19 10:00,144851.589
2019-08-19 11:00,142750.292
2019-08-19 12:00,139394.148
2019-08-19 13:00,135552.261
2019-08-19 14:00,133637.755
2019-08-19 15:00,132686.901
2019-08-19 16:00,127340.620
2019-08-19 17:00,107028.335
2019-08-19 18:00,92774.249
2019-08-19 19:00,86378.305
2019-08-19 20:00,73444.914
2019-08-19 21:00,66824.264
2019-08-19 22:00,61554.786
2019-08-19 23:00,61555.946
2019-08-20 00:00,57774.612
2019-08-20 01:00,52884.904
2019-08-20 02:00,46585.825
2019-08-20 03:00,41959.271
2019-08-20 04:00,36824.359
2019-08-20 05:00,31594.457
2019-08-20 06:00,24322.048
2019-08-20 07:00,18569.946
2019-08-20 08:00,17983.810
2019-08-20 09:00,18160.738
2019-08-20 10:00,22351.444
2019-08-20 11:00,30135.165
2019-08-20 12:00,39269.445
2019-08-20 13:00,48145.728
2019-08-20 14:00,56190.570
2019-08-20 15:00,60111.654
2019-08-20 16:00,57577.540
2019-08-20 17:00,47646.731
2019-08-20 18:00,42216.868
2019-08-20 19:00,45751.305
2019-08-20 20:00,48600.481
2019-08-20 21:00,46727.869
2019-08-20 22:00,43894.755
2019-08-20 23:00,38894.493
2019-08-21 00:00,33767.898
2019-08-21 01:00,32884.374
2019-08-21 02:00,31455.519
2019-08-21 03:00,33382.822
2019-08-21 04:00,38338.545
2019-08-21 05:00,40300.861
2019-08-21 06:00,33489.003
2019-08-21 07:00,46217.401
2019-08-21 08:00,74537.897
2019-08-21 09:00,100116.628
2019-08-21 10:00,122553.374
2019-08-21 11:00,138918.930
2019-08-21 12:00,145594.554
2019-08-21 13:00,142353.008
2019-08-21 14:00,140663.668
2019-08-21 15:00,149978.034
2019-08-21 16:00,161739.265
2019-08-21 17:00,166220.569
2019-08-21 18:00,162659.906
2019-08-21 19:00,153105.361
2019-08-21 20:00,131344.354
2019-08-21 21:00,100646.261
2019-08-21 22:00,81545.746
2019-08-21 23:00,70475.712
2019-08-22 00:00,54876.362
2019-08-22 01:00,45489.184
2019-08-22 02:00,47709.796
2019-08-22 03:00,59345.357
2019-08-22 04:00,73976.421
2019-08-22 05:00,79019.340
2019-08-22 06:00,68942.373
2019-08-22 07:00,82755.610
2019-08-22 08:00,117316.628
2019-08-22 09:00,136434.043
2019-08-22 10:00,149182.257
2019-08-22 11:00,156759.522
2019-08-22 12:00,164550.902
2019-08-22 13:00,168667.161
2019-08-22 14:00,174904.366
2019-08-22 15:00,174807.644
2019-08-22 16:00,173237.347
2019-08-22 17:00,160050.297
2019-08-22 18:00,151386.347
2019-08-22 19:00,146159.426
2019-08-22 20:00,138661.747
2019-08-22 21:00,133450.468
2019-08-22 22:00,132689.208
2019-08-22 23:00,138045.167
2019-08-23 00:00,144847.897
2019-08-23 01:00,148428.083
2019-08-23 02:00,147565.759
2019-08-23 03:00,143681.271
2019-08-23 04:00,136975.231
2019-08-23 05:00,127036.932
2019-08-23 06:00,110482.977
2019-08-23 07:00,117634.695
2019-08-23 08:00,131416.310
2019-08-23 09:00,138949.417
2019-08-23 10:00,142660.112
2019-08-23 11:00,139703.826
2019-08-23 12:00,132577.720
2019-08-23 13:00,123019.907
2019-08-23 14:00,111285.396
2019-08-23 15:00,97670.313
2019-08-23 16:00,75783.517
2019-08-23 17:00,57845.140
2019-08-23 18:00,57503.098
2019-08-23 19:00,65028.674
2019-08-23 20:00,67480.232
2019-08-23 21:00,72319.367
2019-08-23 22:00,59385.918
2019-08-23 23:00,57174.020
2019-08-24 00:00,56907.089
2019-08-24 01:00,56653.197
2019-08-24 02:00,58441.482
2019-08-24 03:00,54876.078
2019-08-24 04:00,52282.477
2019-08-24 05:00,51809.101
2019-08-24 06:00,43352.416
2019-08-24 07:00,31128.882
2019-08-24 08:00,34394.775
2019-08-24 09:00,43853.173
2019-08-24 10:00,46147.322
2019-08-24 11:00,45141.440
2019-08-24 12:00,43728.418
2019-08-24 13:00,39683.452
2019-08-24 14:00,31603.540
2019-08-24 15:00,20977.155
2019-08-24 16:00,13398.356
2019-08-24 17:00,14100.730
2019-08-24 18:00,16005.689
2019-08-24 19:00,18567.226
2019-08-24 20:00,17801.052
2019-08-24 21:00,16906.616
2019-08-24 22:00,16044.745
2019-08-24 23:00,14311.817
2019-08-25 00:00,12086.683
2019-08-25 01:00,9866.008
2019-08-25 02:00,9233.463
2019-08-25 03:00,10085.637
2019-08-25 04:00,12862.572
2019-08-25 05:00,15974.488
2019-08-25 06:00,15668.168
2019-08-25 07:00,8915.570
2019-08-25 08:00,5211.643
2019-08-25 09:00,5474.173
2019-08-25 10:00,10298.236
2019-08-25 11:00,19347.390
2019-08-25 12:00,23814.177
2019-08-25 13:00,26105.127
2019-08-25 14:00,31026.006
2019-08-25 15:00,38334.935
2019-08-25 16:00,39782.255
2019-08-25 17:00,35276.306
2019-08-25 18:00,38398.846
2019-08-25 19:00,41356.843
2019-08-25 20:00,39156.158
2019-08-25 21:00,39166.216
2019-08-25 22:00,38406.310
2019-08-25 23:00,41511.992
2019-08-26 00:00,42788.735
2019-08-26 01:00,40308.068
2019-08-26 02:00,36465.160
2019-08-26 03:00,35998.868
2019-08-26 04:00,37989.006
2019-08-26 05:00,39588.163
2019-08-26 06:00,33295.960
2019-08-26 07:00,42654.781
2019-08-26 08:00,64017.696
2019-08-26 09:00,73382.649
2019-08-26 10:00,73698.662
2019-08-26 11:00,73516.537
2019-08-26 12:00,71007.386
2019-08-26 13:00,66097.689
2019-08-26 14:00,62242.777
2019-08-26 15:00,62016.441
2019-08-26 16:00,60918.164
2019-08-26 17:00,50015.151
2019-08-26 18:00,40173.460
2019-08-26 19:00,33112.741
2019-08-26 20:00,26546.317
2019-08-26 21:00,25891.768
2019-08-26 22:00,29297.761
2019-08-26 23:00,32730.627
2019-08-27 00:00,33896.165
2019-08-27 01:00,31150.052
2019-08-27 02:00,26947.927
2019-08-27 03:00,21564.585
2019-08-27 04:00,16810.532
2019-08-27 05:00,12509.067
2019-08-27 06:00,7973.785
2019-08-27 07:00,5366.650
2019-08-27 08:00,7462.206
2019-08-27 09:00,10715.082
2019-08-27 10:00,14158.495
2019-08-27 11:00,19496.971
2019-08-27 12:00,23804.951
2019-08-27 13:00,25413.456
2019-08-27 14:00,26296.511
2019-08-27 15:00,26543.064
2019-08-27 16:00,26163.710
2019-08-27 17:00,21980.403
2019-08-27 18:00,19232.788
2019-08-27 19:00,23547.091
2019-08-27 20:00,27941.013
2019-08-27 21:00,30563.683
2019-08-27 22:00,32775.644
2019-08-27 23:00,36519.423
2019-08-28 00:00,42802.398
2019-08-28 01:00,47301.614
2019-08-28 02:00,55390.635
2019-08-28 03:00,54548.043
2019-08-28 04:00,56360.143
2019-08-28 05:00,63906.492
2019-08-28 06:00,64327.950
2019-08-28 07:00,65806.241
2019-08-28 08:00,99592.927
2019-08-28 09:00,121612.429
2019-08-28 10:00,126093.559
2019-08-28 11:00,118934.463
2019-08-28 12:00,114752.381
2019-08-28 13:00,115344.342
2019-08-28 14:00,114808.679
2019-08-28 15:00,108212.550
2019-08-28 16:00,100300.738
2019-08-28 17:00,88298.350
2019-08-28 18:00,73816.013
2019-08-28 19:00,62246.172
2019-08-28 20:00,48592.600
2019-08-28 21:00,40716.305
2019-08-28 22:00,38960.351
2019-08-28 23:00,44120.136
2019-08-29 00:00,50350.507
2019-08-29 01:00,58770.860
2019-08-29 02:00,66318.666
2019-08-29 03:00,71529.551
2019-08-29 04:00,74414.653
2019-08-29 05:00,73379.969
2019-08-29 06:00,63859.989
2019-08-29 07:00,85622.283
2019-08-29 08:00,115100.763
2019-08-29 09:00,138497.167
2019-08-29 10:00,154384.822
2019-08-29 11:00,161212.942
2019-08-29 12:00,160695.870
2019-08-29 13:00,164475.708
2019-08-29 14:00,172532.663
2019-08-29 15:00,164152.579
2019-08-29 16:00,155140.732
2019-08-29 17:00,152666.196
2019-08-29 18:00,151440.019
2019-08-29 19:00,157113.211
2019-08-29 20:00,158157.815
2019-08-29 21:00,162782.580
2019-08-29 22:00,166444.650
2019-08-29 23:00,165741.971
2019-08-30 00:00,162798.112
2019-08-30 01:00,158469.211
2019-08-30 02:00,155339.913
2019-08-30 03:00,152320.702
2019-08-30 04:00,149568.788
2019-08-30 05:00,150235.762
2019-08-30 06:00,155566.304
2019-08-30 07:00,162350.419
2019-08-30 08:00,169890.916
2019-08-30 09:00,178622.020
2019-08-30 10:00,182201.035
2019-08-30 11:00,182087.102
2019-08-30 12:00,180281.776
2019-08-30 13:00,174417.339
2019-08-30 14:00,167507.213
2019-08-30 15:00,161461.099
2019-08-30 16:00,149966.422
2019-08-30 17:00,132821.210
2019-08-30 18:00,109826.279
2019-08-30 19:00,75251.741
2019-08-30 20:00,54406.726
2019-08-30 21:00,42271.882
2019-08-30 22:00,47353.627
2019-08-30 23:00,70482.766
2019-08-31 00:00,119041.510
2019-08-31 01:00,155130.567
2019-08-31 02:00,162347.283
2019-08-31 03:00,155311.787
2019-08-31 04:00,147761.513
2019-08-31 05:00,142307.769
2019-08-31 06:00,143207.931
2019-08-31 07:00,159712.665
2019-08-31 08:00,164077.996
2019-08-31 09:00,148482.455
2019-08-31 10:00,137748.785
2019-08-31 11:00,144838.749
2019-08-31 12:00,158167.928
2019-08-31 13:00,166920.542
2019-08-31 14:00,167045.969
2019-08-31 15:00,160171.647
2019-08-31 16:00,152308.987
2019-08-31 17:00,133631.602
2019-08-31 18:00,118049.971
2019-08-31 19:00,116962.273
2019-08-31 20:00,113585.568
2019-08-31 21:00,109406.689
2019-08-31 22:00,113691.198
2019-08-31 23:00,115544.751
2019-09-01 00:00,114228.302
2019-09-01 01:00,115543.039
2019-09-01 02:00,116111.088
2019-09-01 03:00,113816.693
2019-09-01 04:00,105904.025
2019-09-01 05:00,96293.290
2019-09-01 06:00,76520.655
2019-09-01 07:00,81067.487
2019-09-01 08:00,94435.959
2019-09-01 09:00,89790.442
2019-09-01 10:00,83465.640
2019-09-01 11:00,80442.032
2019-09-01 12:00,80164.217
2019-09-01 13:00,79757.331
2019-09-01 14:00,78999.225
2019-09-01 15:00,75784.726
2019-09-01 16:00,68649.002
2019-09-01 17:00,54811.292
2019-09-01 18:00,47386.428
2019-09-01 19:00,46585.589
2019-09-01 20:00,46925.719
2019-09-01 21:00,44160.909
2019-09-01 22:00,39100.417
2019-09-01 23:00,34990.444
2019-09-02 00:00,33006.250
2019-09-02 01:00,36180.697
2019-09-02 02:00,37124.455
2019-09-02 03:00,46148.318
2019-09-02 04:00,55054.200
2019-09-02 05:00,59463.455
2019-09-02 06:00,49551.233
2019-09-02 07:00,55435.942
2019-09-02 08:00,98769.557
2019-09-02 09:00,142862.746
2019-09-02 10:00,162969.400
2019-09-02 11:00,173062.509
2019-09-02 12:00,177056.481
2019-09-02 13:00,180484.563
2019-09-02 14:00,179539.332
2019-09-02 15:00,176476.752
2019-09-02 16:00,172248.927
2019-09-02 17:00,168032.099
2019-09-02 18:00,164238.621
2019-09-02 19:00,158431.567
2019-09-02 20:00,150746.286
2019-09-02 21:00,142055.531
2019-09-02 22:00,130090.861
2019-09-02 23:00,116597.609
2019-09-03 00:00,105894.549
2019-09-03 01:00,95189.671
2019-09-03 02:00,83007.659
2019-09-03 03:00,77130.896
2019-09-03 04:00,70481.826
2019-09-03 05:00,62270.811
2019-09-03 06:00,49738.947
2019-09-03 07:00,34806.715
2019-09-03 08:00,40170.652
2019-09-03 09:00,51812.568
2019-09-03 10:00,58666.407
2019-09-03 11:00,63298.424
2019-09-03 12:00,73828.012
2019-09-03 13:00,86707.578
2019-09-03 14:00,96841.241
2019-09-03 15:00,108817.352
2019-09-03 16:00,100527.971
2019-09-03 17:00,86381.688
2019-09-03 18:00,82005.940
2019-09-03 19:00,78208.124
2019-09-03 20:00,73382.120
2019-09-03 21:00,64528.780
2019-09-03 22:00,62081.773
2019-09-03 23:00,70998.934
2019-09-04 00:00,81455.309
2019-09-04 01:00,86379.867
2019-09-04 02:00,82549.857
2019-09-04 03:00,79935.941
2019-09-04 04:00,75561.798
2019-09-04 05:00,73713.756
2019-09-04 06:00,77166.661
2019-09-04 07:00,79212.162
2019-09-04 08:00,97670.261
2019-09-04 09:00,87070.023
2019-09-04 10:00,58753.648
2019-09-04 11:00,19250.593
2019-09-04 12:00,26614.459
2019-09-04 13:00,80592.907
2019-09-04 14:00,125821.585
2019-09-04 15:00,140949.544
2019-09-04 16:00,150747.558
2019-09-04 17:00,166464.237
2019-09-04 18:00,169998.075
2019-09-04 19:00,161534.375
2019-09-04 20:00,157943.177
2019-09-04 21:00,154595.504
2019-09-04 22:00,152228.285
2019-09-04 23:00,145886.973
2019-09-05 00:00,133146.601
2019-09-05 01:00,115536.723
2019-09-05 02:00,96188.516
2019-09-05 03:00,81457.172
2019-09-05 04:00,82003.586
2019-09-05 05:00,82002.407
2019-09-05 06:00,76090.470
2019-09-05 07:00,67347.999
2019-09-05 08:00,106429.794
2019-09-05 09:00,131402.818
2019-09-05 10:00,143097.917
2019-09-05 11:00,145043.003
2019-09-05 12:00,139539.296
2019-09-05 13:00,141561.077
2019-09-05 14:00,152922.948
2019-09-05 15:00,155913.988
2019-09-05 16:00,136811.653
2019-09-05 17:00,122046.941
2019-09-05 18:00,122043.783
2019-09-05 19:00,117123.471
2019-09-05 20:00,114751.751
2019-09-05 21:00,138046.580
2019-09-05 22:00,157290.533
2019-09-05 23:00,163423.795
2019-09-06 00:00,171660.033
2019-09-06 01:00,174541.526
2019-09-06 02:00,169327.723
2019-09-06 03:00,158453.255
2019-09-06 04:00,150209.771
2019-09-06 05:00,136911.118
2019-09-06 06:00,117122.447
2019-09-06 07:00,111035.606
2019-09-06 08:00,127337.786
2019-09-06 09:00,136372.217
2019-09-06 10:00,141036.729
2019-09-06 11:00,143571.449
2019-09-06 12:00,142813.542
2019-09-06 13:00,142299.746
2019-09-06 14:00,138411.782
2019-09-06 15:00,135199.700
2019-09-06 16:00,120238.448
2019-09-06 17:00,100115.274
2019-09-06 18:00,95187.931
2019-09-06 19:00,93920.189
2019-09-06 20:00,85419.318
2019-09-06 21:00,79196.555
2019-09-06 22:00,73925.050
2019-09-06 23:00,68129.833
2019-09-07 00:00,67345.818
2019-09-07 01:00,64528.566
2019-09-07 02:00,60390.053
2019-09-07 03:00,55673.296
2019-09-07 04:00,48802.695
2019-09-07 05:00,47642.298
2019-09-07 06:00,44614.182
2019-09-07 07:00,35209.934
2019-09-07 08:00,38137.690
2019-09-07 09:00,27600.451
2019-09-07 10:00,16573.410
2019-09-07 11:00,11613.932
2019-09-07 12:00,10018.439
2019-09-07 13:00,9539.698
2019-09-07 14:00,8252.169
2019-09-07 15:00,7033.116
2019-09-07 16:00,6773.157
2019-09-07 17:00,6794.441
2019-09-07 18:00,6456.070
2019-09-07 19:00,6212.241
2019-09-07 20:00,5237.777
2019-09-07 21:00,4535.916
2019-09-07 22:00,4903.276
2019-09-07 23:00,4461.124
2019-09-08 00:00,3766.772
2019-09-08 01:00,4874.352
2019-09-08 02:00,7882.006
2019-09-08 03:00,10951.792
2019-09-08 04:00,12695.906
2019-09-08 05:00,13569.296
2019-09-08 06:00,11278.635
2019-09-08 07:00,6062.719
2019-09-08 08:00,5712.052
2019-09-08 09:00,8162.562
2019-09-08 10:00,11555.014
2019-09-08 11:00,13391.879
2019-09-08 12:00,15533.514
2019-09-08 13:00,17154.183
2019-09-08 14:00,16536.353
2019-09-08 15:00,15754.281
2019-09-08 16:00,17791.611
2019-09-08 17:00,19516.398
2019-09-08 18:00,21193.670
2019-09-08 19:00,22540.525
2019-09-08 20:00,22467.008
2019-09-08 21:00,23861.235
2019-09-08 22:00,29753.127
2019-09-08 23:00,37397.284
2019-09-09 00:00,43508.484
2019-09-09 01:00,47714.079
2019-09-09 02:00,49910.748
2019-09-09 03:00,48974.990
2019-09-09 04:00,49926.690
2019-09-09 05:00,49589.776
2019-09-09 06:00,46986.104
2019-09-09 07:00,40540.633
2019-09-09 08:00,34612.173
2019-09-09 09:00,35790.148
2019-09-09 10:00,35574.689
2019-09-09 11:00,29493.879
2019-09-09 12:00,22483.315
2019-09-09 13:00,16427.830
2019-09-09 14:00,10271.113
2019-09-09 15:00,6638.843
2019-09-09 16:00,4280.360
2019-09-09 17:00,2591.478
2019-09-09 18:00,2175.620
2019-09-09 19:00,4780.329
2019-09-09 20:00,8426.501
2019-09-09 21:00,11524.583
2019-09-09 22:00,16697.375
2019-09-09 23:00,24206.529
2019-09-10 00:00,31346.634
2019-09-10 01:00,34538.902
2019-09-10 02:00,38343.215
2019-09-10 03:00,39684.527
2019-09-10 04:00,36274.337
2019-09-10 05:00,30305.340
2019-09-10 06:00,22099.707
2019-09-10 07:00,11523.421
2019-09-10 08:00,5010.136
2019-09-10 09:00,3020.453
2019-09-10 10:00,7239.799
2019-09-10 11:00,20822.433
2019-09-10 12:00,43343.030
2019-09-10 13:00,71707.040
2019-09-10 14:00,88852.085
2019-09-10 15:00,102611.313
2019-09-10 16:00,110496.619
2019-09-10 17:00,111468.853
2019-09-10 18:00,131926.951
2019-09-10 19:00,155389.611
2019-09-10 20:00,169023.765
2019-09-10 21:00,176285.083
2019-09-10 22:00,180273.955
2019-09-10 23:00,179584.688
2019-09-11 00:00,175837.474
2019-09-11 01:00,169355.803
2019-09-11 02:00,166193.021
2019-09-11 03:00,167482.529
2019-09-11 04:00,166120.889
2019-09-11 05:00,158163.121
2019-09-11 06:00,152719.296
2019-09-11 07:00,151686.162
2019-09-11 08:00,157275.747
2019-09-11 09:00,165947.536
2019-09-11 10:00,173583.466
2019-09-11 11:00,180479.674
2019-09-11 12:00,182727.577
2019-09-11 13:00,181221.129
2019-09-11 14:00,176117.378
2019-09-11 15:00,167491.371
2019-09-11 16:00,147348.590
2019-09-11 17:00,134017.171
2019-09-11 18:00,137120.403
2019-09-11 19:00,121887.023
2019-09-11 20:00,112225.348
2019-09-11 21:00,109033.777
2019-09-11 22:00,109696.024
2019-09-11 23:00,105738.194
2019-09-12 00:00,98979.015
2019-09-12 01:00,97668.413
2019-09-12 02:00,94995.852
2019-09-12 03:00,89400.081
2019-09-12 04:00,86217.410
2019-09-12 05:00,82831.296
2019-09-12 06:00,72850.899
2019-09-12 07:00,53238.599
2019-09-12 08:00,62950.711
2019-09-12 09:00,76587.515
2019-09-12 10:00,72399.052
2019-09-12 11:00,62320.503
2019-09-12 12:00,55125.640
2019-09-12 13:00,55601.374
2019-09-12 14:00,67352.774
2019-09-12 15:00,88358.326
2019-09-12 16:00,106301.109
2019-09-12 17:00,100708.071
2019-09-12 18:00,88299.481
2019-09-12 19:00,93652.062
2019-09-12 20:00,96291.946
2019-09-12 21:00,96841.432
2019-09-12 22:00,96464.120
2019-09-12 23:00,95740.167
2019-09-13 00:00,93515.566
2019-09-13 01:00,91361.763
2019-09-13 02:00,90386.109
2019-09-13 03:00,91329.776
2019-09-13 04:00,95188.828
2019-09-13 05:00,94288.076
2019-09-13 06:00,84461.513
2019-09-13 07:00,60134.507
2019-09-13 08:00,83567.085
2019-09-13 09:00,99071.709
2019-09-13 10:00,106429.674
2019-09-13 11:00,108253.268
2019-09-13 12:00,104141.971
2019-09-13 13:00,106972.785
2019-09-13 14:00,105993.664
2019-09-13 15:00,112930.570
2019-09-13 16:00,98217.846
2019-09-13 17:00,79554.823
2019-09-13 18:00,66865.825
2019-09-13 19:00,66062.137
2019-09-13 20:00,69475.048
2019-09-13 21:00,70958.432
2019-09-13 22:00,65542.231
2019-09-13 23:00,60138.643
2019-09-14 00:00,56253.131
2019-09-14 01:00,59148.054
2019-09-14 02:00,70481.304
2019-09-14 03:00,76828.943
2019-09-14 04:00,79554.327
2019-09-14 05:00,82817.919
2019-09-14 06:00,101334.517
2019-09-14 07:00,127085.773
2019-09-14 08:00,162700.063
2019-09-14 09:00,178002.665
2019-09-14 10:00,183441.044
2019-09-14 11:00,186171.305
2019-09-14 12:00,186072.044
2019-09-14 13:00,186044.846
2019-09-14 14:00,185542.171
2019-09-14 15:00,185144.100
2019-09-14 16:00,187027.885
2019-09-14 17:00,188244.173
2019-09-14 18:00,186456.361
2019-09-14 19:00,179858.374
2019-09-14 20:00,168318.193
2019-09-14 21:00,157089.845
2019-09-14 22:00,157849.512
2019-09-14 23:00,161536.020
2019-09-15 00:00,164006.930
2019-09-15 01:00,164613.621
2019-09-15 02:00,164168.084
2019-09-15 03:00,162894.621
2019-09-15 04:00,162335.778
2019-09-15 05:00,150412.773
2019-09-15 06:00,140386.046
2019-09-15 07:00,127991.149
2019-09-15 08:00,126271.582
2019-09-15 09:00,117123.209
2019-09-15 10:00,111420.354
2019-09-15 11:00,125286.559
2019-09-15 12:00,130267.635
2019-09-15 13:00,126587.337
2019-09-15 14:00,114222.188
2019-09-15 15:00,107256.787
2019-09-15 16:00,87812.268
2019-09-15 17:00,71534.400
2019-09-15 18:00,61429.586
2019-09-15 19:00,53931.747
2019-09-15 20:00,48571.777
2019-09-15 21:00,44295.077
2019-09-15 22:00,41163.536
2019-09-15 23:00,40172.013
2019-09-16 00:00,37984.007
2019-09-16 01:00,37223.708
2019-09-16 02:00,40346.552
2019-09-16 03:00,51810.249
2019-09-16 04:00,61652.593
2019-09-16 05:00,69982.084
2019-09-16 06:00,71838.538
2019-09-16 07:00,62845.126
2019-09-16 08:00,78573.637
2019-09-16 09:00,106373.452
2019-09-16 10:00,113507.069
2019-09-16 11:00,119391.693
2019-09-16 12:00,126592.947
2019-09-16 13:00,133158.001
2019-09-16 14:00,137047.948
2019-09-16 15:00,136651.553
2019-09-16 16:00,123430.692
2019-09-16 17:00,105489.429
2019-09-16 18:00,105752.969
2019-09-16 19:00,109312.331
2019-09-16 20:00,106277.754
2019-09-16 21:00,105968.394
2019-09-16 22:00,105069.841
2019-09-16 23:00,98942.430
2019-09-17 00:00,92242.242
2019-09-17 01:00,83103.582
2019-09-17 02:00,81551.165
2019-09-17 03:00,78204.256
2019-09-17 04:00,72321.701
2019-09-17 05:00,67422.056
2019-09-17 06:00,69270.649
2019-09-17 07:00,53622.326
2019-09-17 08:00,72319.077
2019-09-17 09:00,80553.258
2019-09-17 10:00,66314.031
2019-09-17 11:00,50455.669
2019-09-17 12:00,39553.038
2019-09-17 13:00,35003.750
2019-09-17 14:00,31781.739
2019-09-17 15:00,27074.103
2019-09-17 16:00,20245.057
2019-09-17 17:00,14644.768
2019-09-17 18:00,10792.159
2019-09-17 19:00,8106.027
2019-09-17 20:00,5988.427
2019-09-17 21:00,5301.711
2019-09-17 22:00,6885.862
2019-09-17 23:00,9630.461
2019-09-18 00:00,11946.769
2019-09-18 01:00,12147.936
2019-09-18 02:00,11122.687
2019-09-18 03:00,9888.905
2019-09-18 04:00,10183.309
2019-09-18 05:00,14122.226
2019-09-18 06:00,23540.898
2019-09-18 07:00,31866.278
2019-09-18 08:00,35811.947
2019-09-18 09:00,41647.659
2019-09-18 10:00,51818.469
2019-09-18 11:00,62659.760
2019-09-18 12:00,68644.361
2019-09-18 13:00,72847.457
2019-09-18 14:00,73847.735
2019-09-18 15:00,70483.207
2019-09-18 16:00,59411.108
2019-09-18 17:00,58849.687
2019-09-18 18:00,64204.712
2019-09-18 19:00,62664.519
2019-09-18 20:00,56129.413
2019-09-18 21:00,49104.769
2019-09-18 22:00,41816.297
2019-09-18 23:00,35961.490
2019-09-19 00:00,33668.845
2019-09-19 01:00,35864.647
2019-09-19 02:00,39183.371
2019-09-19 03:00,42179.521
2019-09-19 04:00,42261.550
2019-09-19 05:00,40208.702
2019-09-19 06:00,37515.858
2019-09-19 07:00,28279.095
2019-09-19 08:00,28040.874
2019-09-19 09:00,30335.157
2019-09-19 10:00,29555.072
2019-09-19 11:00,32247.036
2019-09-19 12:00,36008.565
2019-09-19 13:00,39470.061
2019-09-19 14:00,42482.908
2019-09-19 15:00,42449.390
2019-09-19 16:00,35123.767
2019-09-19 17:00,34326.164
2019-09-19 18:00,38740.764
2019-09-19 19:00,37430.202
2019-09-19 20:00,33743.300
2019-09-19 21:00,30520.088
2019-09-19 22:00,28058.136
2019-09-19 23:00,25918.455
2019-09-20 00:00,23010.065
2019-09-20 01:00,20722.283
2019-09-20 02:00,18557.914
2019-09-20 03:00,15702.679
2019-09-20 04:00,13158.460
2019-09-20 05:00,11383.529
2019-09-20 06:00,10426.324
2019-09-20 07:00,9333.265
2019-09-20 08:00,5575.776
2019-09-20 09:00,3894.362
2019-09-20 10:00,6379.962
2019-09-20 11:00,9660.772
2019-09-20 12:00,13893.135
2019-09-20 13:00,18485.082
2019-09-20 14:00,21489.563
2019-09-20 15:00,21767.515
2019-09-20 16:00,20234.476
2019-09-20 17:00,23762.845
2019-09-20 18:00,37915.229
2019-09-20 19:00,53152.537
2019-09-20 20:00,60328.310
2019-09-20 21:00,57776.054
2019-09-20 22:00,52114.637
2019-09-20 23:00,46581.262
2019-09-21 00:00,41463.865
2019-09-21 01:00,39277.620
2019-09-21 02:00,43622.661
2019-09-21 03:00,52799.853
2019-09-21 04:00,60993.133
2019-09-21 05:00,62759.226
2019-09-21 06:00,62500.905
2019-09-21 07:00,53438.516
2019-09-21 08:00,49590.886
2019-09-21 09:00,62089.026
2019-09-21 10:00,75248.842
2019-09-21 11:00,91879.834
2019-09-21 12:00,100143.571
2019-09-21 13:00,104346.305
2019-09-21 14:00,104299.424
2019-09-21 15:00,96844.236
2019-09-21 16:00,84115.472
2019-09-21 17:00,75798.071
2019-09-21 18:00,84459.703
2019-09-21 19:00,80099.900
2019-09-21 20:00,71527.988
2019-09-21 21:00,66319.397
2019-09-21 22:00,62189.459
2019-09-21 23:00,58270.666
2019-09-22 00:00,55603.561
2019-09-22 01:00,53927.261
2019-09-22 02:00,51562.032
2019-09-22 03:00,48604.522
2019-09-22 04:00,47564.604
2019-09-22 05:00,49647.008
2019-09-22 06:00,52935.856
2019-09-22 07:00,52284.726
2019-09-22 08:00,50190.213
2019-09-22 09:00,50457.216
2019-09-22 10:00,49739.483
2019-09-22 11:00,49735.638
2019-09-22 12:00,52745.739
2019-09-22 13:00,55449.092
2019-09-22 14:00,55200.190
2019-09-22 15:00,49047.645
2019-09-22 16:00,38884.976
2019-09-22 17:00,37133.011
2019-09-22 18:00,43448.110
2019-09-22 19:00,46216.031
2019-09-22 20:00,45047.893
2019-09-22 21:00,40952.006
2019-09-22 22:00,33568.942
2019-09-22 23:00,25104.420
2019-09-23 00:00,19152.586
2019-09-23 01:00,14575.329
2019-09-23 02:00,11368.699
2019-09-23 03:00,12174.507
2019-09-23 04:00,19978.893
2019-09-23 05:00,31450.499
2019-09-23 06:00,36798.386
2019-09-23 07:00,35910.864
2019-09-23 08:00,31085.483
2019-09-23 09:00,34747.893
2019-09-23 10:00,45045.323
2019-09-23 11:00,56708.470
2019-09-23 12:00,66828.331
2019-09-23 13:00,74192.889
2019-09-23 14:00,76473.222
2019-09-23 15:00,66522.294
2019-09-23 16:00,51045.303
2019-09-23 17:00,49639.242
2019-09-23 18:00,57043.558
2019-09-23 19:00,65545.794
2019-09-23 20:00,80029.708
2019-09-23 21:00,92610.429
2019-09-23 22:00,105768.832
2019-09-23 23:00,103158.232
2019-09-24 00:00,93471.286
2019-09-24 01:00,83909.411
2019-09-24 02:00,64017.735
2019-09-24 03:00,49731.647
2019-09-24 04:00,43745.322
2019-09-24 05:00,36214.389
2019-09-24 06:00,36011.752
2019-09-24 07:00,28952.861
2019-09-24 08:00,20703.024
2019-09-24 09:00,25099.611
2019-09-24 10:00,31120.478
2019-09-24 11:00,37814.211
2019-09-24 12:00,48149.776
2019-09-24 13:00,57206.680
2019-09-24 14:00,61965.968
2019-09-24 15:00,61809.825
2019-09-24 16:00,55570.079
2019-09-24 17:00,50730.353
2019-09-24 18:00,55250.364
2019-09-24 19:00,55271.629
2019-09-24 20:00,53597.485
2019-09-24 21:00,48808.864
2019-09-24 22:00,49623.995
2019-09-24 23:00,49716.710
2019-09-25 00:00,51338.939
2019-09-25 01:00,43445.700
2019-09-25 02:00,37852.833
2019-09-25 03:00,35770.864
2019-09-25 04:00,31859.809
2019-09-25 05:00,27289.023
2019-09-25 06:00,23413.380
2019-09-25 07:00,18471.920
2019-09-25 08:00,15797.560
2019-09-25 09:00,18089.985
2019-09-25 10:00,23098.532
2019-09-25 11:00,30118.006
2019-09-25 12:00,36340.090
2019-09-25 13:00,42232.544
2019-09-25 14:00,46680.529
2019-09-25 15:00,46316.901
2019-09-25 16:00,43961.929
2019-09-25 17:00,53547.474
2019-09-25 18:00,65772.248
2019-09-25 19:00,65448.022
2019-09-25 20:00,65034.465
2019-09-25 21:00,64647.549
2019-09-25 22:00,65170.201
2019-09-25 23:00,70775.380
2019-09-26 00:00,78205.233
2019-09-26 01:00,86731.353
2019-09-26 02:00,89849.589
2019-09-26 03:00,86223.716
2019-09-26 04:00,75596.797
2019-09-26 05:00,73825.627
2019-09-26 06:00,69324.060
2019-09-26 07:00,64526.564
2019-09-26 08:00,68124.125
2019-09-26 09:00,72114.526
2019-09-26 10:00,76990.893
2019-09-26 11:00,87124.127
2019-09-26 12:00,100292.803
2019-09-26 13:00,111562.986
2019-09-26 14:00,111671.651
2019-09-26 15:00,95555.525
2019-09-26 16:00,83032.094
2019-09-26 17:00,74274.370
2019-09-26 18:00,66320.693
2019-09-26 19:00,56047.153
2019-09-26 20:00,56197.994
2019-09-26 21:00,50856.595
2019-09-26 22:00,44681.690
2019-09-26 23:00,43599.913
2019-09-27 00:00,44887.228
2019-09-27 01:00,45014.744
2019-09-27 02:00,46143.846
2019-09-27 03:00,47117.859
2019-09-27 04:00,48269.501
2019-09-27 05:00,49421.144
2019-09-27 06:00,45496.627
2019-09-27 07:00,35413.427
2019-09-27 08:00,25079.991
2019-09-27 09:00,16605.948
2019-09-27 10:00,9607.981
2019-09-27 11:00,5098.301
2019-09-27 12:00,2875.099
2019-09-27 13:00,2277.753
2019-09-27 14:00,3703.220
2019-09-27 15:00,8258.188
2019-09-27 16:00,15216.979
2019-09-27 17:00,27021.802
2019-09-27 18:00,44483.023
2019-09-27 19:00,57345.545
2019-09-27 20:00,62874.901
2019-09-27 21:00,61557.511
2019-09-27 22:00,54906.100
2019-09-27 23:00,45279.164
2019-09-28 00:00,36513.766
2019-09-28 01:00,22028.405
2019-09-28 02:00,17345.049
2019-09-28 03:00,16641.567
2019-09-28 04:00,21516.884
2019-09-28 05:00,32413.038
2019-09-28 06:00,43695.980
2019-09-28 07:00,47112.111
2019-09-28 08:00,44650.590
2019-09-28 09:00,65033.621
2019-09-28 10:00,74710.474
2019-09-28 11:00,78618.513
2019-09-28 12:00,78204.461
2019-09-28 13:00,74025.772
2019-09-28 14:00,65539.993
2019-09-28 15:00,51815.684
2019-09-28 16:00,31003.363
2019-09-28 17:00,25145.420
2019-09-28 18:00,20725.484
2019-09-28 19:00,10854.603
2019-09-28 20:00,6094.364
2019-09-28 21:00,4982.108
2019-09-28 22:00,8339.887
2019-09-28 23:00,18883.857
2019-09-29 00:00,34765.460
2019-09-29 01:00,50653.130
2019-09-29 02:00,60054.670
2019-09-29 03:00,61677.664
2019-09-29 04:00,63002.497
2019-09-29 05:00,64016.892
2019-09-29 06:00,66316.712
2019-09-29 07:00,77220.819
2019-09-29 08:00,93829.696
2019-09-29 09:00,93906.246
2019-09-29 10:00,82569.945
2019-09-29 11:00,77667.780
2019-09-29 12:00,74486.005
2019-09-29 13:00,71382.434
2019-09-29 14:00,68125.122
2019-09-29 15:00,60989.455
2019-09-29 16:00,50193.048
2019-09-29 17:00,40570.059
2019-09-29 18:00,33443.129
2019-09-29 19:00,29964.738
2019-09-29 20:00,27510.753
2019-09-29 21:00,27908.620
2019-09-29 22:00,31331.609
2019-09-29 23:00,37027.245
2019-09-30 00:00,43967.555
2019-09-30 01:00,46587.088
2019-09-30 02:00,45040.824
2019-09-30 03:00,40294.479
2019-09-30 04:00,34658.883
2019-09-30 05:00,31030.297
2019-09-30 06:00,27006.805
2019-09-30 07:00,22428.589
2019-09-30 08:00,19496.181
2019-09-30 09:00,14402.695
2019-09-30 10:00,7576.420
2019-09-30 11:00,3032.710
2019-09-30 12:00,1254.741
2019-09-30 13:00,1030.061
2019-09-30 14:00,7728.814
2019-09-30 15:00,22823.203
2019-09-30 16:00,41421.888
2019-09-30 17:00,62703.319
2019-09-30 18:00,79695.294
2019-09-30 19:00,86379.336
2019-09-30 20:00,87352.046
2019-09-30 21:00,85006.859
2019-09-30 22:00,82540.821
2019-09-30 23:00,78203.818
2019-10-01 00:00,80867.446
2019-10-01 01:00,85984.717
2019-10-01 02:00,91332.829
2019-10-01 03:00,90114.175
2019-10-01 04:00,87325.733
2019-10-01 05:00,85005.152
2019-10-01 06:00,80985.796
2019-10-01 07:00,72321.716
2019-10-01 08:00,65819.796
2019-10-01 09:00,87647.713
2019-10-01 10:00,79273.194
2019-10-01 11:00,65545.768
2019-10-01 12:00,52751.441
2019-10-01 13:00,46146.941
2019-10-01 14:00,46114.618
2019-10-01 15:00,48595.131
2019-10-01 16:00,45235.817
2019-10-01 17:00,46808.649
2019-10-01 18:00,54408.150
2019-10-01 19:00,55593.930
2019-10-01 20:00,56694.935
2019-10-01 21:00,58709.682
2019-10-01 22:00,62227.244
2019-10-01 23:00,65542.888
2019-10-02 00:00,69467.289
2019-10-02 01:00,71608.663
2019-10-02 02:00,73592.177
2019-10-02 03:00,79556.252
2019-10-02 04:00,88300.634
2019-10-02 05:00,97670.502
2019-10-02 06:00,101331.198
2019-10-02 07:00,91330.883
2019-10-02 08:00,69434.334
2019-10-02 09:00,102450.003
2019-10-02 10:00,111641.052
2019-10-02 11:00,96290.058
2019-10-02 12:00,75811.387
2019-10-02 13:00,58544.295
2019-10-02 14:00,47591.157
2019-10-02 15:00,41050.490
2019-10-02 16:00,35223.407
2019-10-02 17:00,38036.776
2019-10-02 18:00,40889.453
2019-10-02 19:00,38519.845
2019-10-02 20:00,33480.152
2019-10-02 21:00,29427.656
2019-10-02 22:00,26175.444
2019-10-02 23:00,21113.170
2019-10-03 00:00,16814.955
2019-10-03 01:00,13582.602
2019-10-03 02:00,10808.648
2019-10-03 03:00,9740.706
2019-10-03 04:00,10544.094
2019-10-03 05:00,14119.267
2019-10-03 06:00,19388.554
2019-10-03 07:00,20389.858
2019-10-03 08:00,22291.778
2019-10-03 09:00,35957.600
2019-10-03 10:00,55174.303
2019-10-03 11:00,76093.605
2019-10-03 12:00,92707.884
2019-10-03 13:00,101512.493
2019-10-03 14:00,103944.630
2019-10-03 15:00,102422.124
2019-10-03 16:00,102610.423
2019-10-03 17:00,108500.814
2019-10-03 18:00,117243.868
2019-10-03 19:00,120102.098
2019-10-03 20:00,121514.694
2019-10-03 21:00,128325.644
2019-10-03 22:00,132209.779
2019-10-03 23:00,134337.537
2019-10-04 00:00,133699.160
2019-10-04 01:00,125328.880
2019-10-04 02:00,114355.851
2019-10-04 03:00,118315.144
2019-10-04 04:00,118696.302
2019-10-04 05:00,118845.348
2019-10-04 06:00,118062.616
2019-10-04 07:00,113159.138
2019-10-04 08:00,114752.460
2019-10-04 09:00,135695.946
2019-10-04 10:00,139696.912
2019-10-04 11:00,124282.871
2019-10-04 12:00,105682.101
2019-10-04 13:00,103704.637
2019-10-04 14:00,98770.116
2019-10-04 15:00,85901.513
2019-10-04 16:00,65656.311
2019-10-04 17:00,61342.035
2019-10-04 18:00,65037.230
2019-10-04 19:00,62239.227
2019-10-04 20:00,60986.278
2019-10-04 21:00,53438.820
2019-10-04 22:00,39437.236
2019-10-04 23:00,37765.556
2019-10-05 00:00,43332.745
2019-10-05 01:00,46138.923
2019-10-05 02:00,52284.231
2019-10-05 03:00,50780.945
2019-10-05 04:00,46456.106
2019-10-05 05:00,47415.931
2019-10-05 06:00,52530.334
2019-10-05 07:00,52270.844
2019-10-05 08:00,47452.617
2019-10-05 09:00,46918.964
2019-10-05 10:00,53272.771
2019-10-05 11:00,59977.351
2019-10-05 12:00,64774.250
2019-10-05 13:00,71007.381
2019-10-05 14:00,76477.557
2019-10-05 15:00,73613.863
2019-10-05 16:00,80366.840
2019-10-05 17:00,94688.116
2019-10-05 18:00,102063.638
2019-10-05 19:00,103681.749
2019-10-05 20:00,110324.995
2019-10-05 21:00,125055.060
2019-10-05 22:00,136846.857
2019-10-05 23:00,142576.836
2019-10-06 00:00,143565.463
2019-10-06 01:00,147861.015
2019-10-06 02:00,151658.625
2019-10-06 03:00,149170.584
2019-10-06 04:00,139709.251
2019-10-06 05:00,128811.508
2019-10-06 06:00,116158.914
2019-10-06 07:00,106429.695
2019-10-06 08:00,100976.164
2019-10-06 09:00,101549.611
2019-10-06 10:00,111224.189
2019-10-06 11:00,124084.455
2019-10-06 12:00,123573.872
2019-10-06 13:00,120579.249
2019-10-06 14:00,103899.825
2019-10-06 15:00,74183.656
2019-10-06 16:00,50319.387
2019-10-06 17:00,58991.869
2019-10-06 18:00,78207.986
2019-10-06 19:00,88040.844
2019-10-06 20:00,81928.638
2019-10-06 21:00,93329.661
2019-10-06 22:00,109038.460
2019-10-06 23:00,109796.106
2019-10-07 00:00,107514.797
2019-10-07 01:00,109755.394
2019-10-07 02:00,127066.504
2019-10-07 03:00,130676.610
2019-10-07 04:00,128327.365
2019-10-07 05:00,152692.183
2019-10-07 06:00,162337.040
2019-10-07 07:00,170268.402
2019-10-07 08:00,173071.524
2019-10-07 09:00,175879.858
2019-10-07 10:00,174722.145
2019-10-07 11:00,166198.376
2019-10-07 12:00,145184.686
2019-10-07 13:00,117147.346
2019-10-07 14:00,125566.011
2019-10-07 15:00,126190.303
2019-10-07 16:00,120911.611
2019-10-07 17:00,123063.078
2019-10-07 18:00,125735.727
2019-10-07 19:00,127725.228
2019-10-07 20:00,111719.323
2019-10-07 21:00,104524.540
2019-10-07 22:00,103086.016
2019-10-07 23:00,103158.720
2019-10-08 00:00,105069.095
2019-10-08 01:00,124759.426
2019-10-08 02:00,131382.741
2019-10-08 03:00,137594.732
2019-10-08 04:00,141356.571
2019-10-08 05:00,150123.878
2019-10-08 06:00,156730.840
2019-10-08 07:00,154849.230
2019-10-08 08:00,155980.582
2019-10-08 09:00,166193.833
2019-10-08 10:00,177275.956
2019-10-08 11:00,184596.814
2019-10-08 12:00,187885.094
2019-10-08 13:00,185861.308
2019-10-08 14:00,181125.026
2019-10-08 15:00,176469.950
2019-10-08 16:00,170654.286
2019-10-08 17:00,165017.090
2019-10-08 18:00,160192.354
2019-10-08 19:00,157538.137
2019-10-08 20:00,154743.686
2019-10-08 21:00,155122.597
2019-10-08 22:00,157623.236
2019-10-08 23:00,159209.680
2019-10-09 00:00,161821.908
2019-10-09 01:00,162526.254
2019-10-09 02:00,162500.089
2019-10-09 03:00,161209.464
2019-10-09 04:00,159713.171
2019-10-09 05:00,158927.035
2019-10-09 06:00,157283.128
2019-10-09 07:00,156024.702
2019-10-09 08:00,156656.696
2019-10-09 09:00,161107.483
2019-10-09 10:00,170188.832
2019-10-09 11:00,175573.798
2019-10-09 12:00,175842.083
2019-10-09 13:00,176840.196
2019-10-09 14:00,174237.285
2019-10-09 15:00,167488.817
2019-10-09 16:00,166898.047
2019-10-09 17:00,166869.726
2019-10-09 18:00,166636.671
2019-10-09 19:00,169719.631
2019-10-09 20:00,172901.925
2019-10-09 21:00,173537.172
2019-10-09 22:00,173263.781
2019-10-09 23:00,172313.085
2019-10-10 00:00,170003.956
2019-10-10 01:00,167497.828
2019-10-10 02:00,163565.842
2019-10-10 03:00,155967.878
2019-10-10 04:00,148774.399
2019-10-10 05:00,141343.227
2019-10-10 06:00,133859.724
2019-10-10 07:00,125038.456
2019-10-10 08:00,118073.244
2019-10-10 09:00,113691.350
2019-10-10 10:00,112393.379
2019-10-10 11:00,112348.436
2019-10-10 12:00,116261.629
2019-10-10 13:00,96972.666
2019-10-10 14:00,76472.774
2019-10-10 15:00,74711.565
2019-10-10 16:00,91835.267
2019-10-10 17:00,117236.572
2019-10-10 18:00,153376.533
2019-10-10 19:00,164342.922
2019-10-10 20:00,164250.692
2019-10-10 21:00,157600.947
2019-10-10 22:00,147762.072
2019-10-10 23:00,151107.322
2019-10-11 00:00,155187.863
2019-10-11 01:00,155309.984
2019-10-11 02:00,160050.921
2019-10-11 03:00,161850.890
2019-10-11 04:00,160050.146
2019-10-11 05:00,158253.222
2019-10-11 06:00,154761.826
2019-10-11 07:00,152931.248
2019-10-11 08:00,153175.803
2019-10-11 09:00,161133.575
2019-10-11 10:00,168750.472
2019-10-11 11:00,175419.654
2019-10-11 12:00,179741.422
2019-10-11 13:00,180973.455
2019-10-11 14:00,181127.874
2019-10-11 15:00,177449.912
2019-10-11 16:00,172459.144
2019-10-11 17:00,167127.208
2019-10-11 18:00,163279.724
2019-10-11 19:00,158778.650
2019-10-11 20:00,151737.006
2019-10-11 21:00,139737.910
2019-10-11 22:00,119057.132
2019-10-11 23:00,107333.334
2019-10-12 00:00,95189.856
2019-10-12 01:00,84571.651
2019-10-12 02:00,77684.225
2019-10-12 03:00,71647.481
2019-10-12 04:00,74465.597
2019-10-12 05:00,79555.449
2019-10-12 06:00,79429.797
2019-10-12 07:00,73847.241
2019-10-12 08:00,62248.129
2019-10-12 09:00,78610.363
2019-10-12 10:00,96292.868
2019-10-12 11:00,102063.670
2019-10-12 12:00,104383.353
2019-10-12 13:00,101030.438
2019-10-12 14:00,92708.958
2019-10-12 15:00,81604.071
2019-10-12 16:00,67521.835
2019-10-12 17:00,65681.279
2019-10-12 18:00,60976.331
2019-10-12 19:00,53925.099
2019-10-12 20:00,48601.239
2019-10-12 21:00,38777.819
2019-10-12 22:00,29780.517
2019-10-12 23:00,20313.817
2019-10-13 00:00,12321.062
2019-10-13 01:00,7744.187
2019-10-13 02:00,5033.900
2019-10-13 03:00,2473.166
2019-10-13 04:00,3864.752
2019-10-13 05:00,7521.158
2019-10-13 06:00,12213.514
2019-10-13 07:00,17194.517
2019-10-13 08:00,19704.882
2019-10-13 09:00,20409.990
2019-10-13 10:00,20688.854
2019-10-13 11:00,22387.093
2019-10-13 12:00,21170.349
2019-10-13 13:00,19557.038
2019-10-13 14:00,18562.898
2019-10-13 15:00,17163.524
2019-10-13 16:00,15397.620
2019-10-13 17:00,10855.300
2019-10-13 18:00,5030.506
2019-10-13 19:00,1620.647
2019-10-13 20:00,1826.580
2019-10-13 21:00,5863.206
2019-10-13 22:00,10281.499
2019-10-13 23:00,14125.231
2019-10-14 00:00,19155.884
2019-10-14 01:00,26596.189
2019-10-14 02:00,31591.287
2019-10-14 03:00,33877.432
2019-10-14 04:00,31696.979
2019-10-14 05:00,26053.467
2019-10-14 06:00,20581.855
2019-10-14 07:00,15961.132
2019-10-14 08:00,9728.670
2019-10-14 09:00,5472.787
2019-10-14 10:00,4798.782
2019-10-14 11:00,5030.345
2019-10-14 12:00,5352.512
2019-10-14 13:00,7038.517
2019-10-14 14:00,14087.946
2019-10-14 15:00,20878.585
2019-10-14 16:00,27711.691
2019-10-14 17:00,38865.548
2019-10-14 18:00,46463.306
2019-10-14 19:00,47479.895
2019-10-14 20:00,46471.448
2019-10-14 21:00,42191.776
2019-10-14 22:00,38338.263
2019-10-14 23:00,34310.328
2019-10-15 00:00,31088.121
2019-10-15 01:00,27895.423
2019-10-15 02:00,23698.657
2019-10-15 03:00,19311.374
2019-10-15 04:00,16582.640
2019-10-15 05:00,12891.058
2019-10-15 06:00,9505.298
2019-10-15 07:00,7300.763
2019-10-15 08:00,6828.079
2019-10-15 09:00,7574.750
2019-10-15 10:00,8301.048
2019-10-15 11:00,8987.687
2019-10-15 12:00,7162.053
2019-10-15 13:00,5954.673
2019-10-15 14:00,6437.928
2019-10-15 15:00,6030.588
2019-10-15 16:00,5819.836
2019-10-15 17:00,9052.773
2019-10-15 18:00,15244.040
2019-10-15 19:00,21297.053
2019-10-15 20:00,26898.873
2019-10-15 21:00,33488.016
2019-10-15 22:00,39113.882
2019-10-15 23:00,46046.359
2019-10-16 00:00,59201.031
2019-10-16 01:00,54047.744
2019-10-16 02:00,58607.325
2019-10-16 03:00,53089.286
2019-10-16 04:00,50788.281
2019-10-16 05:00,48595.241
2019-10-16 06:00,50921.672
2019-10-16 07:00,51159.293
2019-10-16 08:00,37635.500
2019-10-16 09:00,22463.897
2019-10-16 10:00,22469.185
2019-10-16 11:00,51139.176
2019-10-16 12:00,86879.926
2019-10-16 13:00,99728.039
2019-10-16 14:00,93040.981
2019-10-16 15:00,70056.269
2019-10-16 16:00,49741.932
2019-10-16 17:00,48376.330
2019-10-16 18:00,46391.198
2019-10-16 19:00,43968.381
2019-10-16 20:00,41305.608
2019-10-16 21:00,37003.746
2019-10-16 22:00,30921.843
2019-10-16 23:00,25531.634
2019-10-17 00:00,23847.364
2019-10-17 01:00,23231.787
2019-10-17 02:00,21704.213
2019-10-17 03:00,17867.801
2019-10-17 04:00,15528.132
2019-10-17 05:00,17320.118
2019-10-17 06:00,18350.041
2019-10-17 07:00,17388.897
2019-10-17 08:00,16188.476
2019-10-17 09:00,17776.406
2019-10-17 10:00,23845.857
2019-10-17 11:00,33485.410
2019-10-17 12:00,45486.427
2019-10-17 13:00,55108.196
2019-10-17 14:00,60496.579
2019-10-17 15:00,63227.493
2019-10-17 16:00,76625.486
2019-10-17 17:00,90780.153
2019-10-17 18:00,90521.325
2019-10-17 19:00,87376.474
2019-10-17 20:00,86356.628
2019-10-17 21:00,88264.657
2019-10-17 22:00,77225.611
2019-10-17 23:00,62886.099
2019-10-18 00:00,50986.715
2019-10-18 01:00,42671.750
2019-10-18 02:00,36104.175
2019-10-18 03:00,27752.393
2019-10-18 04:00,18713.615
2019-10-18 05:00,12788.144
2019-10-18 06:00,7379.816
2019-10-18 07:00,4423.265
2019-10-18 08:00,4020.828
2019-10-18 09:00,5164.363
2019-10-18 10:00,7808.600
2019-10-18 11:00,10112.643
2019-10-18 12:00,13984.329
2019-10-18 13:00,16775.368
2019-10-18 14:00,17931.017
2019-10-18 15:00,17384.947
2019-10-18 16:00,19380.596
2019-10-18 17:00,25192.786
2019-10-18 18:00,33465.267
2019-10-18 19:00,41779.112
2019-10-18 20:00,47814.245
2019-10-18 21:00,52282.152
2019-10-18 22:00,59427.857
2019-10-18 23:00,62932.822
2019-10-19 00:00,71548.759
2019-10-19 01:00,76363.980
2019-10-19 02:00,74473.506
2019-10-19 03:00,86772.791
2019-10-19 04:00,86068.849
2019-10-19 05:00,94598.298
2019-10-19 06:00,109945.057
2019-10-19 07:00,118202.003
2019-10-19 08:00,119726.173
2019-10-19 09:00,136439.240
2019-10-19 10:00,133873.102
2019-10-19 11:00,131715.348
2019-10-19 12:00,129096.003
2019-10-19 13:00,122554.857
2019-10-19 14:00,112014.807
2019-10-19 15:00,102074.622
2019-10-19 16:00,99593.096
2019-10-19 17:00,104523.819
2019-10-19 18:00,105460.900
2019-10-19 19:00,112123.393
2019-10-19 20:00,117630.829
2019-10-19 21:00,126186.444
2019-10-19 22:00,128466.764
2019-10-19 23:00,132204.901
2019-10-20 00:00,132204.083
2019-10-20 01:00,130450.140
2019-10-20 02:00,130372.004
2019-10-20 03:00,129713.153
2019-10-20 04:00,128323.644
2019-10-20 05:00,128674.142
2019-10-20 06:00,130292.551
2019-10-20 07:00,130153.362
2019-10-20 08:00,121073.966
2019-10-20 09:00,111288.383
2019-10-20 10:00,120141.609
2019-10-20 11:00,123572.091
2019-10-20 12:00,117636.401
2019-10-20 13:00,111943.608
2019-10-20 14:00,102386.183
2019-10-20 15:00,83152.740
2019-10-20 16:00,72326.072
2019-10-20 17:00,74963.059
2019-10-20 18:00,68498.784
2019-10-20 19:00,61390.556
2019-10-20 20:00,58756.099
2019-10-20 21:00,63767.172
2019-10-20 22:00,68915.171
2019-10-20 23:00,66137.791
2019-10-21 00:00,58474.012
2019-10-21 01:00,53313.306
2019-10-21 02:00,43964.515
2019-10-21 03:00,33718.620
2019-10-21 04:00,29714.957
2019-10-21 05:00,22869.496
2019-10-21 06:00,17508.328
2019-10-21 07:00,15633.345
2019-10-21 08:00,8307.071
2019-10-21 09:00,1768.408
2019-10-21 10:00,6310.856
2019-10-21 11:00,24432.206
2019-10-21 12:00,37913.108
2019-10-21 13:00,45041.704
2019-10-21 14:00,46990.261
2019-10-21 15:00,48144.038
2019-10-21 16:00,58718.236
2019-10-21 17:00,79485.501
2019-10-21 18:00,94013.797
2019-10-21 19:00,100395.800
2019-10-21 20:00,105183.281
2019-10-21 21:00,109406.624
2019-10-21 22:00,112129.021
2019-10-21 23:00,106972.652
2019-10-22 00:00,106429.440
2019-10-22 01:00,110991.452
2019-10-22 02:00,110015.573
2019-10-22 03:00,123574.264
2019-10-22 04:00,127768.559
2019-10-22 05:00,127503.667
2019-10-22 06:00,128976.209
2019-10-22 07:00,128811.827
2019-10-22 08:00,124209.893
2019-10-22 09:00,107630.977
2019-10-22 10:00,109945.543
2019-10-22 11:00,121382.745
2019-10-22 12:00,133011.403
2019-10-22 13:00,131330.219
2019-10-22 14:00,128908.863
2019-10-22 15:00,123616.847
2019-10-22 16:00,123571.904
2019-10-22 17:00,122047.331
2019-10-22 18:00,121305.684
2019-10-22 19:00,121957.436
2019-10-22 20:00,122045.821
2019-10-22 21:00,118312.409
2019-10-22 22:00,118352.751
2019-10-22 23:00,117379.694
2019-10-23 00:00,117422.493
2019-10-23 01:00,117542.675
2019-10-23 02:00,116596.846
2019-10-23 03:00,110483.197
2019-10-23 04:00,98960.355
2019-10-23 05:00,96844.798
2019-10-23 06:00,106972.673
2019-10-23 07:00,100448.438
2019-10-23 08:00,96841.953
2019-10-23 09:00,97029.449
2019-10-23 10:00,104298.410
2019-10-23 11:00,146240.180
2019-10-23 12:00,161530.966
2019-10-23 13:00,162578.811
2019-10-23 14:00,156469.639
2019-10-23 15:00,150734.461
2019-10-23 16:00,148475.469
2019-10-23 17:00,150971.845
2019-10-23 18:00,153870.907
2019-10-23 19:00,153005.307
2019-10-23 20:00,150783.980
2019-10-23 21:00,150279.186
2019-10-23 22:00,145284.941
2019-10-23 23:00,139999.957
2019-10-24 00:00,130123.560
2019-10-24 01:00,114092.857
2019-10-24 02:00,102546.072
2019-10-24 03:00,98768.390
2019-10-24 04:00,93917.430
2019-10-24 05:00,92386.113
2019-10-24 06:00,98533.792
2019-10-24 07:00,95741.348
2019-10-24 08:00,89526.093
2019-10-24 09:00,87512.872
2019-10-24 10:00,87243.118
2019-10-24 11:00,92531.493
2019-10-24 12:00,97809.415
2019-10-24 13:00,97685.409
2019-10-24 14:00,88241.302
2019-10-24 15:00,87855.715
2019-10-24 16:00,95188.014
2019-10-24 17:00,90718.992
2019-10-24 18:00,77411.719
2019-10-24 19:00,69087.848
2019-10-24 20:00,61607.926
2019-10-24 21:00,60991.067
2019-10-24 22:00,72394.026
2019-10-24 23:00,86381.982
2019-10-25 00:00,92001.673
2019-10-25 01:00,95147.440
2019-10-25 02:00,96356.762
2019-10-25 03:00,96026.183
2019-10-25 04:00,88852.786
2019-10-25 05:00,95363.676
2019-10-25 06:00,104448.315
2019-10-25 07:00,106564.897
2019-10-25 08:00,97667.282
2019-10-25 09:00,81136.698
2019-10-25 10:00,92951.992
2019-10-25 11:00,106751.839
2019-10-25 12:00,89318.546
2019-10-25 13:00,66827.038
2019-10-25 14:00,47300.390
2019-10-25 15:00,40615.479
2019-10-25 16:00,35467.494
2019-10-25 17:00,31701.470
2019-10-25 18:00,31414.555
2019-10-25 19:00,33628.796
2019-10-25 20:00,42198.024
2019-10-25 21:00,54402.331
2019-10-25 22:00,67582.323
2019-10-25 23:00,76893.622
2019-10-26 00:00,79553.007
2019-10-26 01:00,85599.297
2019-10-26 02:00,87744.186
2019-10-26 03:00,84120.357
2019-10-26 04:00,88968.331
2019-10-26 05:00,94108.351
2019-10-26 06:00,97669.244
2019-10-26 07:00,100140.485
2019-10-26 08:00,88750.338
2019-10-26 09:00,68074.305
2019-10-26 10:00,86000.405
2019-10-26 11:00,118735.677
2019-10-26 12:00,129323.384
2019-10-26 13:00,131709.617
2019-10-26 14:00,128324.753
2019-10-26 15:00,126092.319
2019-10-26 16:00,134481.978
2019-10-26 17:00,136436.920
2019-10-26 18:00,139251.667
2019-10-26 19:00,145664.736
2019-10-26 20:00,144429.702
2019-10-26 21:00,150090.134
2019-10-26 22:00,153906.816
2019-10-26 23:00,157291.602
2019-10-27 00:00,165742.347
2019-10-27 01:00,169061.534
2019-10-27 02:00,173159.170
2019-10-27 03:00,176065.361
2019-10-27 04:00,177265.160
2019-10-27 05:00,177265.805
2019-10-27 06:00,176874.512
2019-10-27 07:00,174004.614
2019-10-27 08:00,168308.141
2019-10-27 09:00,162339.909
2019-10-27 10:00,158646.040
2019-10-27 11:00,153187.892
2019-10-27 12:00,144354.036
2019-10-27 13:00,132205.651
2019-10-27 14:00,114220.603
2019-10-27 15:00,89044.724
2019-10-27 16:00,82832.390
2019-10-27 17:00,83090.165
2019-10-27 18:00,79042.895
2019-10-27 19:00,77977.662
2019-10-27 20:00,75856.153
2019-10-27 21:00,72318.656
2019-10-27 22:00,66952.703
2019-10-27 23:00,63287.485
2019-10-28 00:00,60489.481
2019-10-28 01:00,59776.040
2019-10-28 02:00,57994.405
2019-10-28 03:00,55695.970
2019-10-28 04:00,57999.314
2019-10-28 05:00,58764.165
2019-10-28 06:00,56218.069
2019-10-28 07:00,53415.292
2019-10-28 08:00,48802.087
2019-10-28 09:00,36044.885
2019-10-28 10:00,29255.331
2019-10-28 11:00,42396.458
2019-10-28 12:00,46892.314
2019-10-28 13:00,46146.374
2019-10-28 14:00,41709.574
2019-10-28 15:00,33235.788
2019-10-28 16:00,31852.373
2019-10-28 17:00,34120.474
2019-10-28 18:00,37522.572
2019-10-28 19:00,45488.886
2019-10-28 20:00,46579.445
2019-10-28 21:00,49012.525
2019-10-28 22:00,50769.522
2019-10-28 23:00,52277.778
2019-10-29 00:00,54880.647
2019-10-29 01:00,53678.897
2019-10-29 02:00,52278.122
2019-10-29 03:00,52273.752
2019-10-29 04:00,52604.208
2019-10-29 05:00,51418.272
2019-10-29 06:00,50242.058
2019-10-29 07:00,50297.395
2019-10-29 08:00,47067.437
2019-10-29 09:00,36281.223
2019-10-29 10:00,32909.817
2019-10-29 11:00,41464.693
2019-10-29 12:00,42734.560
2019-10-29 13:00,38980.998
2019-10-29 14:00,30918.342
2019-10-29 15:00,26738.510
2019-10-29 16:00,31271.015
2019-10-29 17:00,35607.615
2019-10-29 18:00,37437.068
2019-10-29 19:00,38814.939
2019-10-29 20:00,39307.920
2019-10-29 21:00,38517.600
2019-10-29 22:00,37890.053
2019-10-29 23:00,35861.850
2019-10-30 00:00,31154.844
2019-10-30 01:00,27701.323
2019-10-30 02:00,24539.683
2019-10-30 03:00,23262.204
2019-10-30 04:00,23544.645
2019-10-30 05:00,25735.095
2019-10-30 06:00,29196.040
2019-10-30 07:00,32042.360
2019-10-30 08:00,33532.364
2019-10-30 09:00,30876.890
2019-10-30 10:00,34194.423
2019-10-30 11:00,38319.690
2019-10-30 12:00,37355.550
2019-10-30 13:00,36021.208
2019-10-30 14:00,34016.016
2019-10-30 15:00,33666.912
2019-10-30 16:00,45483.905
2019-10-30 17:00,55852.965
2019-10-30 18:00,62006.766
2019-10-30 19:00,64526.622
2019-10-30 20:00,68128.901
2019-10-30 21:00,62769.364
2019-10-30 22:00,55086.820
2019-10-30 23:00,50191.866
2019-10-31 00:00,48108.072
2019-10-31 01:00,45684.908
2019-10-31 02:00,43420.584
2019-10-31 03:00,37494.816
2019-10-31 04:00,31700.723
2019-10-31 05:00,28803.884
2019-10-31 06:00,26497.754
2019-10-31 07:00,24332.656
2019-10-31 08:00,26213.157
2019-10-31 09:00,23595.423
2019-10-31 10:00,22778.992
2019-10-31 11:00,46915.571
2019-10-31 12:00,61576.033
2019-10-31 13:00,58757.568
2019-10-31 14:00,49729.202
2019-10-31 15:00,45147.869
2019-10-31 16:00,51183.212
2019-10-31 17:00,62993.155
2019-10-31 18:00,65766.799
2019-10-31 19:00,60982.889
2019-10-31 20:00,54796.418
2019-10-31 21:00,48597.750
2019-10-31 22:00,49362.467
2019-10-31 23:00,48244.710
2019-11-01 00:00,46632.142
2019-11-01 01:00,47745.971
2019-11-01 02:00,50188.411
2019-11-01 03:00,52274.269
2019-11-01 04:00,49057.665
2019-11-01 05:00,47642.960
2019-11-01 06:00,45580.886
2019-11-01 07:00,43940.140
2019-11-01 08:00,43733.381
2019-11-01 09:00,43960.979
2019-11-01 10:00,46148.348
2019-11-01 11:00,49731.370
2019-11-01 12:00,54163.413
2019-11-01 13:00,64058.515
2019-11-01 14:00,65604.000
2019-11-01 15:00,65545.292
2019-11-01 16:00,62229.510
2019-11-01 17:00,56920.936
2019-11-01 18:00,49917.498
2019-11-01 19:00,41761.645
2019-11-01 20:00,38235.938
2019-11-01 21:00,38974.502
2019-11-01 22:00,45040.063
2019-11-01 23:00,57780.608
2019-11-02 00:00,70820.720
2019-11-02 01:00,82000.414
2019-11-02 02:00,89399.911
2019-11-02 03:00,91327.585
2019-11-02 04:00,80096.293
2019-11-02 05:00,62534.767
2019-11-02 06:00,41535.766
2019-11-02 07:00,27786.921
2019-11-02 08:00,21523.826
2019-11-02 09:00,16364.296
2019-11-02 10:00,10138.221
2019-11-02 11:00,7841.012
2019-11-02 12:00,4940.162
2019-11-02 13:00,4615.622
2019-11-02 14:00,8323.925
2019-11-02 15:00,14517.235
2019-11-02 16:00,20175.527
2019-11-02 17:00,25150.752
2019-11-02 18:00,34300.208
2019-11-02 19:00,44718.198
2019-11-02 20:00,53423.896
2019-11-02 21:00,59635.850
2019-11-02 22:00,59256.405
2019-11-02 23:00,57082.447
2019-11-03 00:00,62261.189
2019-11-03 01:00,76215.816
2019-11-03 02:00,92708.657
2019-11-03 03:00,112108.650
2019-11-03 04:00,115720.766
2019-11-03 05:00,118121.433
2019-11-03 06:00,133857.044
2019-11-03 07:00,128902.339
2019-11-03 08:00,120883.821
2019-11-03 09:00,112590.514
2019-11-03 10:00,104340.972
2019-11-03 11:00,106189.306
2019-11-03 12:00,103011.119
2019-11-03 13:00,85855.979
2019-11-03 14:00,79012.252
2019-11-03 15:00,83914.257
2019-11-03 16:00,86564.145
2019-11-03 17:00,91329.653
2019-11-03 18:00,89404.594
2019-11-03 19:00,95741.097
2019-11-03 20:00,93259.969
2019-11-03 21:00,99198.588
2019-11-03 22:00,99915.770
2019-11-03 23:00,96844.435
2019-11-04 00:00,96841.624
2019-11-04 01:00,90778.086
2019-11-04 02:00,85672.896
2019-11-04 03:00,84720.194
2019-11-04 04:00,86544.858
2019-11-04 05:00,96992.548
2019-11-04 06:00,103157.835
2019-11-04 07:00,116597.009
2019-11-04 08:00,127527.375
2019-11-04 09:00,140784.368
2019-11-04 10:00,146267.951
2019-11-04 11:00,149969.346
2019-11-04 12:00,156466.354
2019-11-04 13:00,160144.890
2019-11-04 14:00,162972.906
2019-11-04 15:00,165507.957
2019-11-04 16:00,163124.667
2019-11-04 17:00,157642.258
2019-11-04 18:00,153043.902
2019-11-04 19:00,151460.703
2019-11-04 20:00,150962.175
2019-11-04 21:00,152239.729
2019-11-04 22:00,154905.418
2019-11-04 23:00,154494.514
2019-11-05 00:00,150202.757
2019-11-05 01:00,142932.999
2019-11-05 02:00,135889.661
2019-11-05 03:00,126976.875
2019-11-05 04:00,117123.931
2019-11-05 05:00,106429.893
2019-11-05 06:00,100591.974
2019-11-05 07:00,91332.586
2019-11-05 08:00,81683.583
2019-11-05 09:00,62271.470
2019-11-05 10:00,51156.596
2019-11-05 11:00,64757.625
2019-11-05 12:00,61437.634
2019-11-05 13:00,49740.071
2019-11-05 14:00,37149.886
2019-11-05 15:00,28801.914
2019-11-05 16:00,27530.956
2019-11-05 17:00,27948.975
2019-11-05 18:00,28295.352
2019-11-05 19:00,26733.832
2019-11-05 20:00,24912.741
2019-11-05 21:00,23906.992
2019-11-05 22:00,22632.538
2019-11-05 23:00,20136.421
2019-11-06 00:00,17250.978
2019-11-06 01:00,14927.053
2019-11-06 02:00,12275.004
2019-11-06 03:00,8513.801
2019-11-06 04:00,5841.154
2019-11-06 05:00,7034.091
2019-11-06 06:00,11903.878
2019-11-06 07:00,12637.688
2019-11-06 08:00,10989.127
2019-11-06 09:00,10811.646
2019-11-06 10:00,10604.055
2019-11-06 11:00,11704.337
2019-11-06 12:00,13799.405
2019-11-06 13:00,16802.732
2019-11-06 14:00,22297.034
2019-11-06 15:00,30913.885
2019-11-06 16:00,39105.005
2019-11-06 17:00,46146.762
2019-11-06 18:00,49732.836
2019-11-06 19:00,48758.384
2019-11-06 20:00,47894.724
2019-11-06 21:00,48086.388
2019-11-06 22:00,49048.917
2019-11-06 23:00,50461.508
2019-11-07 00:00,51808.814
2019-11-07 01:00,52077.737
2019-11-07 02:00,52512.903
2019-11-07 03:00,56018.619
2019-11-07 04:00,61047.795
2019-11-07 05:00,69435.692
2019-11-07 06:00,80643.613
2019-11-07 07:00,89404.381
2019-11-07 08:00,96333.183
2019-11-07 09:00,100438.303
2019-11-07 10:00,116026.511
2019-11-07 11:00,128785.353
2019-11-07 12:00,138952.131
2019-11-07 13:00,147205.518
2019-11-07 14:00,149170.213
2019-11-07 15:00,150124.463
2019-11-07 16:00,150943.671
2019-11-07 17:00,139004.618
2019-11-07 18:00,126126.148
2019-11-07 19:00,118937.463
2019-11-07 20:00,114658.183
2019-11-07 21:00,110768.551
2019-11-07 22:00,109406.627
2019-11-07 23:00,108722.112
2019-11-08 00:00,107514.978
2019-11-08 01:00,106753.856
2019-11-08 02:00,105069.060
2019-11-08 03:00,104483.775
2019-11-08 04:00,97139.791
2019-11-08 05:00,90267.311
2019-11-08 06:00,81714.534
2019-11-08 07:00,75247.848
2019-11-08 08:00,69339.317
2019-11-08 09:00,51806.966
2019-11-08 10:00,38631.856
2019-11-08 11:00,36128.140
2019-11-08 12:00,32798.054
2019-11-08 13:00,26594.314
2019-11-08 14:00,20730.101
2019-11-08 15:00,21416.848
2019-11-08 16:00,25550.041
2019-11-08 17:00,23862.627
2019-11-08 18:00,18560.784
2019-11-08 19:00,15257.274
2019-11-08 20:00,15102.999
2019-11-08 21:00,17637.746
2019-11-08 22:00,21333.376
2019-11-08 23:00,25279.422
2019-11-09 00:00,28981.241
2019-11-09 01:00,33297.084
2019-11-09 02:00,38521.524
2019-11-09 03:00,43283.603
2019-11-09 04:00,50784.503
2019-11-09 05:00,57251.411
2019-11-09 06:00,64518.299
2019-11-09 07:00,69040.777
2019-11-09 08:00,71016.887
2019-11-09 09:00,72854.842
2019-11-09 10:00,69526.753
2019-11-09 11:00,60494.326
2019-11-09 12:00,49801.632
2019-11-09 13:00,47903.310
2019-11-09 14:00,52829.918
2019-11-09 15:00,63051.426
2019-11-09 16:00,70691.747
2019-11-09 17:00,70480.449
2019-11-09 18:00,70478.521
2019-11-09 19:00,73545.269
2019-11-09 20:00,79015.411
2019-11-09 21:00,82903.779
2019-11-09 22:00,83911.887
2019-11-09 23:00,82597.171
2019-11-10 00:00,79559.741
2019-11-10 01:00,74929.065
2019-11-10 02:00,69308.778
2019-11-10 03:00,62335.608
2019-11-10 04:00,55893.853
2019-11-10 05:00,53373.281
2019-11-10 06:00,52827.094
2019-11-10 07:00,50653.317
2019-11-10 08:00,46148.406
2019-11-10 09:00,39718.596
2019-11-10 10:00,27010.505
2019-11-10 11:00,12844.320
2019-11-10 12:00,7113.878
2019-11-10 13:00,9011.064
2019-11-10 14:00,14561.761
2019-11-10 15:00,32756.380
2019-11-10 16:00,42118.902
2019-11-10 17:00,48757.775
2019-11-10 18:00,61717.742
2019-11-10 19:00,61722.761
2019-11-10 20:00,70480.349
2019-11-10 21:00,74712.992
2019-11-10 22:00,68215.483
2019-11-10 23:00,70868.146
2019-11-11 00:00,73382.393
2019-11-11 01:00,71911.710
2019-11-11 02:00,65540.105
2019-11-11 03:00,53952.338
2019-11-11 04:00,35778.332
2019-11-11 05:00,26337.046
2019-11-11 06:00,26598.848
2019-11-11 07:00,32449.401
2019-11-11 08:00,48593.038
2019-11-11 09:00,62325.182
2019-11-11 10:00,70809.428
2019-11-11 11:00,92707.258
2019-11-11 12:00,99595.061
2019-11-11 13:00,106429.922
2019-11-11 14:00,111022.024
2019-11-11 15:00,112381.691
2019-11-11 16:00,108528.026
2019-11-11 17:00,100187.240
2019-11-11 18:00,93851.669
2019-11-11 19:00,87473.155
2019-11-11 20:00,85116.386
2019-11-11 21:00,81512.367
2019-11-11 22:00,75248.637
2019-11-11 23:00,68304.037
2019-11-12 00:00,73387.102
2019-11-12 01:00,77893.606
2019-11-12 02:00,87091.132
2019-11-12 03:00,98220.461
2019-11-12 04:00,109807.517
2019-11-12 05:00,120447.361
2019-11-12 06:00,128982.967
2019-11-12 07:00,139458.496
2019-11-12 08:00,142055.286
2019-11-12 09:00,143999.168
2019-11-12 10:00,137579.597
2019-11-12 11:00,131310.142
2019-11-12 12:00,124367.909
2019-11-12 13:00,119728.290
2019-11-12 14:00,115890.899
2019-11-12 15:00,107057.724
2019-11-12 16:00,98054.349
2019-11-12 17:00,90629.472
2019-11-12 18:00,85006.955
2019-11-12 19:00,81837.241
2019-11-12 20:00,78266.494
2019-11-12 21:00,72319.402
2019-11-12 22:00,64016.905
2019-11-12 23:00,54886.352
2019-11-13 00:00,46733.945
2019-11-13 01:00,38224.036
2019-11-13 02:00,29820.544
2019-11-13 03:00,25915.005
2019-11-13 04:00,23288.417
2019-11-13 05:00,18644.406
2019-11-13 06:00,13503.904
2019-11-13 07:00,9079.400
2019-11-13 08:00,7380.256
2019-11-13 09:00,7031.760
2019-11-13 10:00,6228.451
2019-11-13 11:00,7757.749
2019-11-13 12:00,10955.317
2019-11-13 13:00,14698.550
2019-11-13 14:00,19326.003
2019-11-13 15:00,28798.204
2019-11-13 16:00,39913.673
2019-11-13 17:00,49691.737
2019-11-13 18:00,58264.166
2019-11-13 19:00,62889.764
2019-11-13 20:00,68643.096
2019-11-13 21:00,73256.937
2019-11-13 22:00,75251.356
2019-11-13 23:00,74717.378
2019-11-14 00:00,73439.388
2019-11-14 01:00,72325.768
2019-11-14 02:00,74324.091
2019-11-14 03:00,73827.581
2019-11-14 04:00,77129.550
2019-11-14 05:00,81947.091
2019-11-14 06:00,86519.901
2019-11-14 07:00,92706.710
2019-11-14 08:00,96841.268
2019-11-14 09:00,86706.152
2019-11-14 10:00,80095.595
2019-11-14 11:00,78207.535
2019-11-14 12:00,82047.600
2019-11-14 13:00,92649.598
2019-11-14 14:00,98622.513
2019-11-14 15:00,107668.605
2019-11-14 16:00,119587.087
2019-11-14 17:00,123182.899
2019-11-14 18:00,126165.702
2019-11-14 19:00,122324.283
2019-11-14 20:00,117908.647
2019-11-14 21:00,117940.825
2019-11-14 22:00,117925.990
2019-11-14 23:00,114639.817
2019-11-15 00:00,118652.782
2019-11-15 01:00,112585.421
2019-11-15 02:00,112025.569
2019-11-15 03:00,113158.546
2019-11-15 04:00,113159.090
2019-11-15 05:00,114943.177
2019-11-15 06:00,115543.560
2019-11-15 07:00,113158.503
2019-11-15 08:00,109368.989
2019-11-15 09:00,95741.584
2019-11-15 10:00,82219.865
2019-11-15 11:00,73415.662
2019-11-15 12:00,68715.678
2019-11-15 13:00,72162.648
2019-11-15 14:00,69548.832
2019-11-15 15:00,80518.485
2019-11-15 16:00,85008.660
2019-11-15 17:00,83913.903
2019-11-15 18:00,81714.815
2019-11-15 19:00,80103.475
2019-11-15 20:00,77130.424
2019-11-15 21:00,72322.566
2019-11-15 22:00,67595.473
2019-11-15 23:00,63354.445
2019-11-16 00:00,59011.048
2019-11-16 01:00,55705.496
2019-11-16 02:00,53931.271
2019-11-16 03:00,52278.911
2019-11-16 04:00,50329.018
2019-11-16 05:00,50174.706
2019-11-16 06:00,49875.083
2019-11-16 07:00,47491.470
2019-11-16 08:00,43120.700
2019-11-16 09:00,33572.735
2019-11-16 10:00,24323.042
2019-11-16 11:00,18441.782
2019-11-16 12:00,15653.556
2019-11-16 13:00,16029.248
2019-11-16 14:00,19045.894
2019-11-16 15:00,22337.142
2019-11-16 16:00,23760.183
2019-11-16 17:00,23588.483
2019-11-16 18:00,22108.051
2019-11-16 19:00,20541.613
2019-11-16 20:00,19758.144
2019-11-16 21:00,19431.880
2019-11-16 22:00,19153.247
2019-11-16 23:00,18697.387
2019-11-17 00:00,18357.968
2019-11-17 01:00,17760.566
2019-11-17 02:00,17609.212
2019-11-17 03:00,18007.186
2019-11-17 04:00,19885.879
2019-11-17 05:00,22465.439
2019-11-17 06:00,24175.700
2019-11-17 07:00,24126.890
2019-11-17 08:00,23821.403
2019-11-17 09:00,22889.877
2019-11-17 10:00,21248.809
2019-11-17 11:00,20086.213
2019-11-17 12:00,25399.978
2019-11-17 13:00,32499.264
2019-11-17 14:00,38343.763
2019-11-17 15:00,44175.867
2019-11-17 16:00,50953.263
2019-11-17 17:00,56516.835
2019-11-17 18:00,52677.909
2019-11-17 19:00,49522.023
2019-11-17 20:00,48147.658
2019-11-17 21:00,51805.842
2019-11-17 22:00,53547.453
2019-11-17 23:00,49046.953
2019-11-18 00:00,41639.176
2019-11-18 01:00,36424.873
2019-11-18 02:00,35769.606
2019-11-18 03:00,35778.253
2019-11-18 04:00,33482.181
2019-11-18 05:00,32343.101
2019-11-18 06:00,33292.568
2019-11-18 07:00,32785.854
2019-11-18 08:00,30991.262
2019-11-18 09:00,25095.146
2019-11-18 10:00,15337.224
2019-11-18 11:00,9509.356
2019-11-18 12:00,7278.087
2019-11-18 13:00,6710.787
2019-11-18 14:00,5992.612
2019-11-18 15:00,5634.331
2019-11-18 16:00,5518.377
2019-11-18 17:00,4764.221
2019-11-18 18:00,3895.626
2019-11-18 19:00,3539.242
2019-11-18 20:00,3368.540
2019-11-18 21:00,3170.214
2019-11-18 22:00,3391.270
2019-11-18 23:00,3600.693
2019-11-19 00:00,3470.956
2019-11-19 01:00,3209.501
2019-11-19 02:00,3557.943
2019-11-19 03:00,3926.200
2019-11-19 04:00,4592.955
2019-11-19 05:00,5843.684
2019-11-19 06:00,7447.681
2019-11-19 07:00,8737.330
2019-11-19 08:00,9492.274
2019-11-19 09:00,10080.648
2019-11-19 10:00,10684.911
2019-11-19 11:00,12558.438
2019-11-19 12:00,16130.799
2019-11-19 13:00,21925.870
2019-11-19 14:00,30077.146
2019-11-19 15:00,41404.016
2019-11-19 16:00,55600.233
2019-11-19 17:00,61709.127
2019-11-19 18:00,62995.252
2019-11-19 19:00,64549.699
2019-11-19 20:00,62437.236
2019-11-19 21:00,56722.907
2019-11-19 22:00,52981.643
2019-11-19 23:00,49051.521
2019-11-20 00:00,49046.063
2019-11-20 01:00,47723.663
2019-11-20 02:00,49611.917
2019-11-20 03:00,49607.691
2019-11-20 04:00,53574.290
2019-11-20 05:00,60989.576
2019-11-20 06:00,71001.336
2019-11-20 07:00,72262.815
2019-11-20 08:00,74712.506
2019-11-20 09:00,68447.787
2019-11-20 10:00,64008.687
2019-11-20 11:00,60926.900
2019-11-20 12:00,61212.011
2019-11-20 13:00,67897.007
2019-11-20 14:00,72857.912
2019-11-20 15:00,78209.389
2019-11-20 16:00,83798.484
2019-11-20 17:00,82660.404
2019-11-20 18:00,86464.461
2019-11-20 19:00,85772.605
2019-11-20 20:00,81457.979
2019-11-20 21:00,80098.329
2019-11-20 22:00,82546.575
2019-11-20 23:00,82545.973
2019-11-21 00:00,89927.817
2019-11-21 01:00,88299.749
2019-11-21 02:00,82002.471
2019-11-21 03:00,82332.234
2019-11-21 04:00,84511.909
2019-11-21 05:00,92707.544
2019-11-21 06:00,100515.924
2019-11-21 07:00,100842.507
2019-11-21 08:00,99817.425
2019-11-21 09:00,96103.464
2019-11-21 10:00,88612.023
2019-11-21 11:00,87840.128
2019-11-21 12:00,97719.149
2019-11-21 13:00,109094.449
2019-11-21 14:00,107514.691
2019-11-21 15:00,110483.474
2019-11-21 16:00,109406.601
2019-11-21 17:00,106406.128
2019-11-21 18:00,102610.789
2019-11-21 19:00,96845.416
2019-11-21 20:00,91722.007
2019-11-21 21:00,86484.455
2019-11-21 22:00,80800.842
2019-11-21 23:00,75809.930
2019-11-22 00:00,72976.979
2019-11-22 01:00,71535.627
2019-11-22 02:00,70477.445
2019-11-22 03:00,73007.029
2019-11-22 04:00,82908.504
2019-11-22 05:00,82006.586
2019-11-22 06:00,79014.721
2019-11-22 07:00,82296.322
2019-11-22 08:00,82598.732
2019-11-22 09:00,79627.816
2019-11-22 10:00,70805.427
2019-11-22 11:00,66809.388
2019-11-22 12:00,66085.758
2019-11-22 13:00,66830.485
2019-11-22 14:00,71521.825
2019-11-22 15:00,85008.129
2019-11-22 16:00,86166.223
2019-11-22 17:00,85029.161
2019-11-22 18:00,80103.567
2019-11-22 19:00,79698.777
2019-11-22 20:00,75747.617
2019-11-22 21:00,73124.080
2019-11-22 22:00,68647.652
2019-11-22 23:00,73128.174
2019-11-23 00:00,76635.813
2019-11-23 01:00,79006.213
2019-11-23 02:00,81456.191
2019-11-23 03:00,82207.809
2019-11-23 04:00,82820.716
2019-11-23 05:00,87956.979
2019-11-23 06:00,93697.131
2019-11-23 07:00,105457.240
2019-11-23 08:00,102478.507
2019-11-23 09:00,105292.259
2019-11-23 10:00,108086.888
2019-11-23 11:00,114401.360
2019-11-23 12:00,115429.417
2019-11-23 13:00,114621.603
2019-11-23 14:00,111167.458
2019-11-23 15:00,110435.533
2019-11-23 16:00,109406.685
2019-11-23 17:00,110077.519
2019-11-23 18:00,109616.246
2019-11-23 19:00,89399.700
2019-11-23 20:00,68031.384
2019-11-23 21:00,58143.875
2019-11-23 22:00,56562.297
2019-11-23 23:00,58411.028
2019-11-24 00:00,58304.725
2019-11-24 01:00,54396.666
2019-11-24 02:00,49758.113
2019-11-24 03:00,46578.721
2019-11-24 04:00,49531.150
2019-11-24 05:00,51034.046
2019-11-24 06:00,48506.739
2019-11-24 07:00,46136.229
2019-11-24 08:00,44640.739
2019-11-24 09:00,44472.974
2019-11-24 10:00,35610.877
2019-11-24 11:00,26713.577
2019-11-24 12:00,22255.787
2019-11-24 13:00,20347.640
2019-11-24 14:00,23540.164
2019-11-24 15:00,27881.253
2019-11-24 16:00,30330.249
2019-11-24 17:00,28905.078
2019-11-24 18:00,26296.227
2019-11-24 19:00,22996.014
2019-11-24 20:00,19907.010
2019-11-24 21:00,18685.704
2019-11-24 22:00,19166.151
2019-11-24 23:00,20047.544
2019-11-25 00:00,22009.748
2019-11-25 01:00,24219.608
2019-11-25 02:00,26599.768
2019-11-25 03:00,27985.484
2019-11-25 04:00,28334.579
2019-11-25 05:00,28802.934
2019-11-25 06:00,29827.576
2019-11-25 07:00,32256.300
2019-11-25 08:00,37106.167
2019-11-25 09:00,38787.007
2019-11-25 10:00,39930.290
2019-11-25 11:00,41323.808
2019-11-25 12:00,43726.269
2019-11-25 13:00,49547.704
2019-11-25 14:00,56098.541
2019-11-25 15:00,64464.992
2019-11-25 16:00,73383.940
2019-11-25 17:00,76313.890
2019-11-25 18:00,75436.558
2019-11-25 19:00,73380.440
2019-11-25 20:00,76457.018
2019-11-25 21:00,81813.394
2019-11-25 22:00,80204.490
2019-11-25 23:00,79564.127
2019-11-26 00:00,77667.244
2019-11-26 01:00,72325.749
2019-11-26 02:00,69707.652
2019-11-26 03:00,69140.350
2019-11-26 04:00,66315.988
2019-11-26 05:00,67482.024
2019-11-26 06:00,72328.072
2019-11-26 07:00,73281.553
2019-11-26 08:00,75788.173
2019-11-26 09:00,79381.606
2019-11-26 10:00,83721.565
2019-11-26 11:00,86370.353
2019-11-26 12:00,91013.791
2019-11-26 13:00,99595.445
2019-11-26 14:00,103157.819
2019-11-26 15:00,103704.546
2019-11-26 16:00,99274.122
2019-11-26 17:00,90587.881
2019-11-26 18:00,86377.381
2019-11-26 19:00,72261.680
2019-11-26 20:00,62574.661
2019-11-26 21:00,55972.020
2019-11-26 22:00,49737.340
2019-11-26 23:00,45052.102
2019-11-27 00:00,37691.951
2019-11-27 01:00,33744.940
2019-11-27 02:00,34367.233
2019-11-27 03:00,36608.800
2019-11-27 04:00,37523.245
2019-11-27 05:00,38902.399
2019-11-27 06:00,36470.090
2019-11-27 07:00,34824.074
2019-11-27 08:00,29289.097
2019-11-27 09:00,25436.154
2019-11-27 10:00,24195.152
2019-11-27 11:00,24037.507
2019-11-27 12:00,24311.455
2019-11-27 13:00,26055.492
2019-11-27 14:00,29814.217
2019-11-27 15:00,37849.403
2019-11-27 16:00,45960.232
2019-11-27 17:00,49049.076
2019-11-27 18:00,55584.544
2019-11-27 19:00,62553.188
2019-11-27 20:00,66836.698
2019-11-27 21:00,69115.161
2019-11-27 22:00,88981.949
2019-11-27 23:00,98770.555
2019-11-28 00:00,107487.925
2019-11-28 01:00,116596.813
2019-11-28 02:00,128811.472
2019-11-28 03:00,138501.956
2019-11-28 04:00,140839.785
2019-11-28 05:00,140214.061
2019-11-28 06:00,140942.793
2019-11-28 07:00,140150.396
2019-11-28 08:00,137771.721
2019-11-28 09:00,127093.074
2019-11-28 10:00,109945.314
2019-11-28 11:00,98924.662
2019-11-28 12:00,98815.116
2019-11-28 13:00,88300.130
2019-11-28 14:00,79559.574
2019-11-28 15:00,81458.371
2019-11-28 16:00,75414.737
2019-11-28 17:00,73388.829
2019-11-28 18:00,70801.303
2019-11-28 19:00,67060.765
2019-11-28 20:00,63958.527
2019-11-28 21:00,64727.989
2019-11-28 22:00,67497.375
2019-11-28 23:00,70610.961
2019-11-29 00:00,65908.554
2019-11-29 01:00,62053.542
2019-11-29 02:00,59473.864
2019-11-29 03:00,58267.787
2019-11-29 04:00,57782.754
2019-11-29 05:00,56104.400
2019-11-29 06:00,53927.432
2019-11-29 07:00,51133.893
2019-11-29 08:00,48603.167
2019-11-29 09:00,43072.996
2019-11-29 10:00,33449.324
2019-11-29 11:00,24443.701
2019-11-29 12:00,19928.820
2019-11-29 13:00,17945.877
2019-11-29 14:00,19010.316
2019-11-29 15:00,19380.201
2019-11-29 16:00,18623.176
2019-11-29 17:00,17243.435
2019-11-29 18:00,14656.000
2019-11-29 19:00,12490.914
2019-11-29 20:00,10965.924
2019-11-29 21:00,10183.328
2019-11-29 22:00,9379.500
2019-11-29 23:00,8330.464
2019-11-30 00:00,7644.248
2019-11-30 01:00,7464.917
2019-11-30 02:00,7899.472
2019-11-30 03:00,8668.525
2019-11-30 04:00,9865.979
2019-11-30 05:00,11021.839
2019-11-30 06:00,11758.082
2019-11-30 07:00,11417.302
2019-11-30 08:00,10794.843
2019-11-30 09:00,9936.207
2019-11-30 10:00,7308.640
2019-11-30 11:00,4070.124
2019-11-30 12:00,2977.514
2019-11-30 13:00,3265.278
2019-11-30 14:00,5105.642
2019-11-30 15:00,7140.485
2019-11-30 16:00,8867.190
2019-11-30 17:00,9231.353
2019-11-30 18:00,8263.981
2019-11-30 19:00,5957.778
2019-11-30 20:00,3798.706
2019-11-30 21:00,3040.117
2019-11-30 22:00,4153.246
2019-11-30 23:00,7234.521
2019-12-01 00:00,9253.056
2019-12-01 01:00,15468.259
2019-12-01 02:00,24337.832
2019-12-01 03:00,31576.636
2019-12-01 04:00,40381.545
2019-12-01 05:00,46145.945
2019-12-01 06:00,51818.244
2019-12-01 07:00,57164.793
2019-12-01 08:00,56135.076
2019-12-01 09:00,46586.139
2019-12-01 10:00,40442.148
2019-12-01 11:00,38128.959
2019-12-01 12:00,34072.879
2019-12-01 13:00,34827.716
2019-12-01 14:00,48596.205
2019-12-01 15:00,65770.277
2019-12-01 16:00,80098.110
2019-12-01 17:00,84087.653
2019-12-01 18:00,84629.513
2019-12-01 19:00,86150.758
2019-12-01 20:00,90004.416
2019-12-01 21:00,89938.638
2019-12-01 22:00,91344.182
2019-12-01 23:00,85622.688
2019-12-02 00:00,81461.194
2019-12-02 01:00,84222.790
2019-12-02 02:00,88472.387
2019-12-02 03:00,90780.635
2019-12-02 04:00,91495.619
2019-12-02 05:00,89404.285
2019-12-02 06:00,86775.787
2019-12-02 07:00,83017.800
2019-12-02 08:00,81454.155
2019-12-02 09:00,82544.842
2019-12-02 10:00,80057.066
2019-12-02 11:00,85009.936
2019-12-02 12:00,90891.032
2019-12-02 13:00,93348.717
2019-12-02 14:00,98771.055
2019-12-02 15:00,102611.913
2019-12-02 16:00,109406.768
2019-12-02 17:00,123353.205
2019-12-02 18:00,130033.644
2019-12-02 19:00,133492.125
2019-12-02 20:00,133637.733
2019-12-02 21:00,130828.309
2019-12-02 22:00,130914.252
2019-12-02 23:00,131166.273
2019-12-03 00:00,130719.975
2019-12-03 01:00,132237.890
2019-12-03 02:00,137542.437
2019-12-03 03:00,140393.590
2019-12-03 04:00,141429.139
2019-12-03 05:00,136372.353
2019-12-03 06:00,130323.181
2019-12-03 07:00,124625.781
2019-12-03 08:00,123889.989
2019-12-03 09:00,121523.357
2019-12-03 10:00,118456.273
2019-12-03 11:00,116071.895
2019-12-03 12:00,109406.712
2019-12-03 13:00,97125.085
2019-12-03 14:00,90555.954
2019-12-03 15:00,92066.834
2019-12-03 16:00,96281.807
2019-12-03 17:00,88301.330
2019-12-03 18:00,86190.260
2019-12-03 19:00,89434.891
2019-12-03 20:00,92418.879
2019-12-03 21:00,93379.412
2019-12-03 22:00,91944.771
2019-12-03 23:00,95742.576
2019-12-04 00:00,107735.648
2019-12-04 01:00,117092.438
2019-12-04 02:00,118009.723
2019-12-04 03:00,119122.021
2019-12-04 04:00,140073.806
2019-12-04 05:00,138606.000
2019-12-04 06:00,142560.984
2019-12-04 07:00,153074.655
2019-12-04 08:00,157617.064
2019-12-04 09:00,160508.649
2019-12-04 10:00,159708.011
2019-12-04 11:00,154130.810
2019-12-04 12:00,144582.593
2019-12-04 13:00,132602.046
2019-12-04 14:00,129587.716
2019-12-04 15:00,133405.538
2019-12-04 16:00,134340.142
2019-12-04 17:00,136527.764
2019-12-04 18:00,146660.695
2019-12-04 19:00,144912.549
2019-12-04 20:00,148174.133
2019-12-04 21:00,148406.247
2019-12-04 22:00,152083.669
2019-12-04 23:00,154386.567
2019-12-05 00:00,156140.101
2019-12-05 01:00,164549.722
2019-12-05 02:00,168349.046
2019-12-05 03:00,172244.126
2019-12-05 04:00,172530.302
2019-12-05 05:00,170459.633
2019-12-05 06:00,167606.840
2019-12-05 07:00,166389.356
2019-12-05 08:00,166270.757
2019-12-05 09:00,165144.335
2019-12-05 10:00,169860.024
2019-12-05 11:00,178711.483
2019-12-05 12:00,184508.410
2019-12-05 13:00,186342.193
2019-12-05 14:00,188350.291
2019-12-05 15:00,190767.301
2019-12-05 16:00,192843.137
2019-12-05 17:00,194443.095
2019-12-05 18:00,195867.505
2019-12-05 19:00,194233.856
2019-12-05 20:00,188387.199
2019-12-05 21:00,182129.475
2019-12-05 22:00,177135.144
2019-12-05 23:00,173019.609
2019-12-06 00:00,166554.126
2019-12-06 01:00,163221.542
2019-12-06 02:00,159304.955
2019-12-06 03:00,152303.027
2019-12-06 04:00,144061.410
2019-12-06 05:00,136439.418
2019-12-06 06:00,134812.169
2019-12-06 07:00,135110.487
2019-12-06 08:00,127954.961
2019-12-06 09:00,117275.351
2019-12-06 10:00,104807.442
2019-12-06 11:00,98769.898
2019-12-06 12:00,101658.347
2019-12-06 13:00,114772.647
2019-12-06 14:00,123572.021
2019-12-06 15:00,126103.669
2019-12-06 16:00,138752.702
2019-12-06 17:00,138948.030
2019-12-06 18:00,129427.097
2019-12-06 19:00,129518.314
2019-12-06 20:00,128816.077
2019-12-06 21:00,121841.331
2019-12-06 22:00,114221.059
2019-12-06 23:00,112096.861
2019-12-07 00:00,109406.633
2019-12-07 01:00,99584.908
2019-12-07 02:00,83914.275
2019-12-07 03:00,83606.713
2019-12-07 04:00,81704.899
2019-12-07 05:00,79505.549
2019-12-07 06:00,71094.816
2019-12-07 07:00,63508.105
2019-12-07 08:00,53925.776
2019-12-07 09:00,52868.208
2019-12-07 10:00,62749.895
2019-12-07 11:00,77663.443
2019-12-07 12:00,80103.977
2019-12-07 13:00,94723.067
2019-12-07 14:00,109945.119
2019-12-07 15:00,129967.855
2019-12-07 16:00,161229.501
2019-12-07 17:00,167663.988
2019-12-07 18:00,172765.461
2019-12-07 19:00,179755.624
2019-12-07 20:00,183531.398
2019-12-07 21:00,186185.211
2019-12-07 22:00,190603.376
2019-12-07 23:00,192551.121
2019-12-08 00:00,192526.718
2019-12-08 01:00,195917.977
2019-12-08 02:00,197371.982
2019-12-08 03:00,193878.221
2019-12-08 04:00,188118.134
2019-12-08 05:00,181572.268
2019-12-08 06:00,181687.669
2019-12-08 07:00,185434.828
2019-12-08 08:00,185825.207
2019-12-08 09:00,187190.582
2019-12-08 10:00,187806.948
2019-12-08 11:00,188000.884
2019-12-08 12:00,189099.498
2019-12-08 13:00,189330.330
2019-12-08 14:00,187500.339
2019-12-08 15:00,181972.679
2019-12-08 16:00,176793.367
2019-12-08 17:00,170923.293
2019-12-08 18:00,155416.034
2019-12-08 19:00,126141.246
2019-12-08 20:00,106972.938
2019-12-08 21:00,80436.794
2019-12-08 22:00,74582.878
2019-12-08 23:00,91418.067
2019-12-09 00:00,140350.043
2019-12-09 01:00,172261.840
2019-12-09 02:00,178201.805
2019-12-09 03:00,174952.324
2019-12-09 04:00,168429.450
2019-12-09 05:00,161200.493
2019-12-09 06:00,150211.107
2019-12-09 07:00,138032.037
2019-12-09 08:00,127553.774
2019-12-09 09:00,117249.815
2019-12-09 10:00,95189.239
2019-12-09 11:00,77870.280
2019-12-09 12:00,67156.511
2019-12-09 13:00,51762.645
2019-12-09 14:00,43607.793
2019-12-09 15:00,44614.875
2019-12-09 16:00,50288.771
2019-12-09 17:00,44606.862
2019-12-09 18:00,44615.051
2019-12-09 19:00,59999.547
2019-12-09 20:00,74063.321
2019-12-09 21:00,98770.875
2019-12-09 22:00,106972.863
2019-12-09 23:00,100142.603
2019-12-10 00:00,92710.066
2019-12-10 01:00,94944.793
2019-12-10 02:00,101263.442
2019-12-10 03:00,115136.970
2019-12-10 04:00,139445.389
2019-12-10 05:00,148557.586
2019-12-10 06:00,157352.986
2019-12-10 07:00,176079.628
2019-12-10 08:00,181813.036
2019-12-10 09:00,193804.581
2019-12-10 10:00,198018.709
2019-12-10 11:00,198255.390
2019-12-10 12:00,198268.701
2019-12-10 13:00,198126.412
2019-12-10 14:00,195285.807
2019-12-10 15:00,186208.916
2019-12-10 16:00,168764.817
2019-12-10 17:00,168347.517
2019-12-10 18:00,174239.587
2019-12-10 19:00,178508.174
2019-12-10 20:00,181621.897
2019-12-10 21:00,183002.057
2019-12-10 22:00,184354.744
2019-12-10 23:00,183666.732
2019-12-11 00:00,179064.186
2019-12-11 01:00,171013.021
2019-12-11 02:00,164083.399
2019-12-11 03:00,159128.165
2019-12-11 04:00,163804.173
2019-12-11 05:00,172942.776
2019-12-11 06:00,176293.727
2019-12-11 07:00,172057.903
2019-12-11 08:00,164783.696
2019-12-11 09:00,156253.210
2019-12-11 10:00,151254.527
2019-12-11 11:00,149575.016
2019-12-11 12:00,148774.413
2019-12-11 13:00,150129.146
2019-12-11 14:00,150963.607
2019-12-11 15:00,152785.583
2019-12-11 16:00,152317.650
2019-12-11 17:00,150878.185
2019-12-11 18:00,149644.112
2019-12-11 19:00,143574.119
2019-12-11 20:00,141969.989
2019-12-11 21:00,135541.999
2019-12-11 22:00,121115.002
2019-12-11 23:00,113642.940
2019-12-12 00:00,106429.740
2019-12-12 01:00,108708.661
2019-12-12 02:00,99630.163
2019-12-12 03:00,84097.834
2019-12-12 04:00,78711.023
2019-12-12 05:00,73424.432
2019-12-12 06:00,64906.612
2019-12-12 07:00,52595.797
2019-12-12 08:00,43210.628
2019-12-12 09:00,33274.528
2019-12-12 10:00,22355.241
2019-12-12 11:00,15577.505
2019-12-12 12:00,16083.010
2019-12-12 13:00,21158.421
2019-12-12 14:00,29691.121
2019-12-12 15:00,38340.935
2019-12-12 16:00,43649.625
2019-12-12 17:00,49680.737
2019-12-12 18:00,51623.215
2019-12-12 19:00,50215.617
2019-12-12 20:00,46888.942
2019-12-12 21:00,41002.482
2019-12-12 22:00,37653.046
2019-12-12 23:00,37990.887
2019-12-13 00:00,41468.168
2019-12-13 01:00,50813.968
2019-12-13 02:00,62299.676
2019-12-13 03:00,71713.871
2019-12-13 04:00,82283.422
2019-12-13 05:00,89404.474
2019-12-13 06:00,95887.681
2019-12-13 07:00,101153.039
2019-12-13 08:00,105068.891
2019-12-13 09:00,106429.620
2019-12-13 10:00,103704.975
2019-12-13 11:00,100127.463
2019-12-13 12:00,97980.405
2019-12-13 13:00,96293.530
2019-12-13 14:00,91495.437
2019-12-13 15:00,91661.958
2019-12-13 16:00,89671.176
2019-12-13 17:00,84462.123
2019-12-13 18:00,74633.922
2019-12-13 19:00,62576.680
2019-12-13 20:00,52731.506
2019-12-13 21:00,45043.236
2019-12-13 22:00,40244.924
2019-12-13 23:00,42488.767
2019-12-14 00:00,47697.018
2019-12-14 01:00,55404.952
2019-12-14 02:00,62949.301
2019-12-14 03:00,64213.512
2019-12-14 04:00,67351.857
2019-12-14 05:00,72298.761
2019-12-14 06:00,77082.672
2019-12-14 07:00,76363.430
2019-12-14 08:00,77461.841
2019-12-14 09:00,82000.588
2019-12-14 10:00,93927.733
2019-12-14 11:00,110388.174
2019-12-14 12:00,126091.167
2019-12-14 13:00,141230.392
2019-12-14 14:00,147372.254
2019-12-14 15:00,148651.320
2019-12-14 16:00,148772.886
2019-12-14 17:00,146647.863
2019-12-14 18:00,159574.170
2019-12-14 19:00,173254.453
2019-12-14 20:00,175825.034
2019-12-14 21:00,175268.108
2019-12-14 22:00,169089.297
2019-12-14 23:00,158290.317
2019-12-15 00:00,140744.666
2019-12-15 01:00,104701.491
2019-12-15 02:00,100600.694
2019-12-15 03:00,94359.738
2019-12-15 04:00,91590.179
2019-12-15 05:00,79558.644
2019-12-15 06:00,80624.241
2019-12-15 07:00,87229.222
2019-12-15 08:00,84459.776
2019-12-15 09:00,86237.141
2019-12-15 10:00,83157.540
2019-12-15 11:00,82545.843
2019-12-15 12:00,95391.731
2019-12-15 13:00,100142.685
2019-12-15 14:00,107462.823
2019-12-15 15:00,108046.601
2019-12-15 16:00,97363.084
2019-12-15 17:00,83913.655
2019-12-15 18:00,66192.244
2019-12-15 19:00,48154.154
2019-12-15 20:00,36500.405
2019-12-15 21:00,33579.873
2019-12-15 22:00,40657.973
2019-12-15 23:00,56858.874
2019-12-16 00:00,67350.309
2019-12-16 01:00,57773.392
2019-12-16 02:00,54880.304
2019-12-16 03:00,47679.405
2019-12-16 04:00,43390.075
2019-12-16 05:00,38340.607
2019-12-16 06:00,35835.810
2019-12-16 07:00,39085.868
2019-12-16 08:00,46455.185
2019-12-16 09:00,59556.090
2019-12-16 10:00,64130.167
2019-12-16 11:00,71814.418
2019-12-16 12:00,86904.904
2019-12-16 13:00,116897.719
2019-12-16 14:00,128322.855
2019-12-16 15:00,133159.489
2019-12-16 16:00,130112.298
2019-12-16 17:00,126462.407
2019-12-16 18:00,120245.020
2019-12-16 19:00,117256.836
2019-12-16 20:00,111742.878
2019-12-16 21:00,108140.809
2019-12-16 22:00,103704.611
2019-12-16 23:00,98296.193
2019-12-17 00:00,90310.123
2019-12-17 01:00,86446.732
2019-12-17 02:00,85370.977
2019-12-17 03:00,84462.287
2019-12-17 04:00,86010.218
2019-12-17 05:00,77666.861
2019-12-17 06:00,80586.325
2019-12-17 07:00,74716.850
2019-12-17 08:00,69617.751
2019-12-17 09:00,58804.491
2019-12-17 10:00,52746.402
2019-12-17 11:00,48582.282
2019-12-17 12:00,50473.023
2019-12-17 13:00,62734.321
2019-12-17 14:00,79012.409
2019-12-17 15:00,79121.717
2019-12-17 16:00,72858.027
2019-12-17 17:00,67555.379
2019-12-17 18:00,59465.023
2019-12-17 19:00,57108.492
2019-12-17 20:00,58647.063
2019-12-17 21:00,61252.088
2019-12-17 22:00,60939.461
2019-12-17 23:00,58451.884
2019-12-18 00:00,60255.221
2019-12-18 01:00,63390.726
2019-12-18 02:00,58263.863
2019-12-18 03:00,48655.137
2019-12-18 04:00,38241.807
2019-12-18 05:00,33481.486
2019-12-18 06:00,31525.130
2019-12-18 07:00,27082.849
2019-12-18 08:00,24034.418
2019-12-18 09:00,22020.850
2019-12-18 10:00,21038.778
2019-12-18 11:00,21565.484
2019-12-18 12:00,28335.790
2019-12-18 13:00,42780.754
2019-12-18 14:00,65299.500
2019-12-18 15:00,86019.953
2019-12-18 16:00,102842.979
2019-12-18 17:00,120244.898
2019-12-18 18:00,137514.158
2019-12-18 19:00,161528.291
2019-12-18 20:00,172272.751
2019-12-18 21:00,176285.508
2019-12-18 22:00,174011.584
2019-12-18 23:00,164814.526
2019-12-19 00:00,162020.798
2019-12-19 01:00,153067.581
2019-12-19 02:00,161210.201
2019-12-19 03:00,177052.563
2019-12-19 04:00,181276.880
2019-12-19 05:00,171525.575
2019-12-19 06:00,142294.894
2019-12-19 07:00,99714.652
2019-12-19 08:00,78782.508
2019-12-19 09:00,66982.008
2019-12-19 10:00,47100.690
2019-12-19 11:00,29766.057
2019-12-19 12:00,23731.433
2019-12-19 13:00,26089.072
2019-12-19 14:00,41357.680
2019-12-19 15:00,62765.519
2019-12-19 16:00,69018.447
2019-12-19 17:00,70741.382
2019-12-19 18:00,73150.755
2019-12-19 19:00,81456.625
2019-12-19 20:00,91901.948
2019-12-19 21:00,90075.645
2019-12-19 22:00,95741.046
2019-12-19 23:00,98769.299
2019-12-20 00:00,104110.301
2019-12-20 01:00,116072.462
2019-12-20 02:00,123064.266
2019-12-20 03:00,132202.990
2019-12-20 04:00,138497.835
2019-12-20 05:00,140936.865
2019-12-20 06:00,127136.698
2019-12-20 07:00,104524.529
2019-12-20 08:00,75785.730
2019-12-20 09:00,56936.900
2019-12-20 10:00,34694.613
2019-12-20 11:00,18558.659
2019-12-20 12:00,13986.801
2019-12-20 13:00,15011.155
2019-12-20 14:00,16551.522
2019-12-20 15:00,21111.661
2019-12-20 16:00,30324.288
2019-12-20 17:00,45526.526
2019-12-20 18:00,64527.421
2019-12-20 19:00,72007.990
2019-12-20 20:00,95739.915
2019-12-20 21:00,109036.350
2019-12-20 22:00,110322.735
2019-12-20 23:00,110224.320
2019-12-21 00:00,116905.121
2019-12-21 01:00,120406.067
2019-12-21 02:00,111654.910
2019-12-21 03:00,101591.305
2019-12-21 04:00,89925.204
2019-12-21 05:00,74733.598
2019-12-21 06:00,58955.435
2019-12-21 07:00,48149.847
2019-12-21 08:00,36551.055
2019-12-21 09:00,26676.999
2019-12-21 10:00,17342.969
2019-12-21 11:00,14348.173
2019-12-21 12:00,14992.599
2019-12-21 13:00,16582.231
2019-12-21 14:00,20873.224
2019-12-21 15:00,26346.156
2019-12-21 16:00,29037.794
2019-12-21 17:00,27810.048
2019-12-21 18:00,24477.945
2019-12-21 19:00,21716.057
2019-12-21 20:00,19796.035
2019-12-21 21:00,16728.700
2019-12-21 22:00,12423.263
2019-12-21 23:00,9840.165
2019-12-22 00:00,10485.997
2019-12-22 01:00,12760.166
2019-12-22 02:00,14791.804
2019-12-22 03:00,16104.324
2019-12-22 04:00,16818.462
2019-12-22 05:00,16813.487
2019-12-22 06:00,15914.401
2019-12-22 07:00,14916.701
2019-12-22 08:00,14639.204
2019-12-22 09:00,14650.657
2019-12-22 10:00,14075.201
2019-12-22 11:00,12726.435
2019-12-22 12:00,12030.772
2019-12-22 13:00,12166.125
2019-12-22 14:00,13742.378
2019-12-22 15:00,15155.163
2019-12-22 16:00,16937.646
2019-12-22 17:00,19853.910
2019-12-22 18:00,22163.589
2019-12-22 19:00,23215.471
2019-12-22 20:00,23450.838
2019-12-22 21:00,24172.370
2019-12-22 22:00,25898.594
2019-12-22 23:00,26049.877
2019-12-23 00:00,26067.989
2019-12-23 01:00,28843.173
2019-12-23 02:00,34876.407
2019-12-23 03:00,46704.358
2019-12-23 04:00,60496.202
2019-12-23 05:00,66315.467
2019-12-23 06:00,76453.642
2019-12-23 07:00,91536.892
2019-12-23 08:00,89491.700
2019-12-23 09:00,103706.150
2019-12-23 10:00,119588.184
2019-12-23 11:00,127084.164
2019-12-23 12:00,128766.738
2019-12-23 13:00,133161.563
2019-12-23 14:00,127177.577
2019-12-23 15:00,119887.521
2019-12-23 16:00,109406.750
2019-12-23 17:00,103159.101
2019-12-23 18:00,97429.884
2019-12-23 19:00,89896.011
2019-12-23 20:00,86381.262
2019-12-23 21:00,74197.230
2019-12-23 22:00,64008.843
2019-12-23 23:00,60486.872
2019-12-24 00:00,55811.359
2019-12-24 01:00,46905.390
2019-12-24 02:00,42859.074
2019-12-24 03:00,37041.285
2019-12-24 04:00,34231.821
2019-12-24 05:00,33346.135
2019-12-24 06:00,29210.401
2019-12-24 07:00,24460.967
2019-12-24 08:00,20289.008
2019-12-24 09:00,17266.519
2019-12-24 10:00,15321.948
2019-12-24 11:00,16362.869
2019-12-24 12:00,19677.317
2019-12-24 13:00,23671.536
2019-12-24 14:00,30585.944
2019-12-24 15:00,40221.484
2019-12-24 16:00,45488.756
2019-12-24 17:00,50778.202
2019-12-24 18:00,52752.937
2019-12-24 19:00,51810.223
2019-12-24 20:00,53326.529
2019-12-24 21:00,52792.345
2019-12-24 22:00,52741.737
2019-12-24 23:00,57782.877
2019-12-25 00:00,58759.759
2019-12-25 01:00,57124.671
2019-12-25 02:00,53931.156
2019-12-25 03:00,55811.095
2019-12-25 04:00,56697.998
2019-12-25 05:00,54581.069
2019-12-25 06:00,49730.029
2019-12-25 07:00,43951.192
2019-12-25 08:00,38456.381
2019-12-25 09:00,33821.542
2019-12-25 10:00,28824.206
2019-12-25 11:00,24096.199
2019-12-25 12:00,18723.316
2019-12-25 13:00,15614.683
2019-12-25 14:00,12847.560
2019-12-25 15:00,8159.823
2019-12-25 16:00,4091.836
2019-12-25 17:00,2248.454
2019-12-25 18:00,2330.897
2019-12-25 19:00,4774.591
2019-12-25 20:00,10858.978
2019-12-25 21:00,18692.873
2019-12-25 22:00,24900.969
2019-12-25 23:00,33952.669
2019-12-26 00:00,43977.174
2019-12-26 01:00,53233.058
2019-12-26 02:00,62913.824
2019-12-26 03:00,69030.799
2019-12-26 04:00,77124.548
2019-12-26 05:00,85964.894
2019-12-26 06:00,92707.735
2019-12-26 07:00,100254.255
2019-12-26 08:00,107224.247
2019-12-26 09:00,100749.832
2019-12-26 10:00,96842.957
2019-12-26 11:00,91330.003
2019-12-26 12:00,86505.550
2019-12-26 13:00,80300.981
2019-12-26 14:00,80007.945
2019-12-26 15:00,77127.685
2019-12-26 16:00,73430.072
2019-12-26 17:00,75248.453
2019-12-26 18:00,77526.668
2019-12-26 19:00,79558.442
2019-12-26 20:00,79016.638
2019-12-26 21:00,80659.781
2019-12-26 22:00,75783.271
2019-12-26 23:00,66318.283
2019-12-27 00:00,66827.599
2019-12-27 01:00,66005.720
2019-12-27 02:00,64015.619
2019-12-27 03:00,62555.855
2019-12-27 04:00,58764.654
2019-12-27 05:00,57783.288
2019-12-27 06:00,69000.764
2019-12-27 07:00,71318.978
2019-12-27 08:00,68646.634
2019-12-27 09:00,80453.916
2019-12-27 10:00,91884.190
2019-12-27 11:00,108163.425
2019-12-27 12:00,113157.876
2019-12-27 13:00,112226.392
2019-12-27 14:00,115432.000
2019-12-27 15:00,106429.838
2019-12-27 16:00,104509.427
2019-12-27 17:00,103157.770
2019-12-27 18:00,103704.558
2019-12-27 19:00,91331.168
2019-12-27 20:00,74494.637
2019-12-27 21:00,64917.172
2019-12-27 22:00,63044.266
2019-12-27 23:00,69245.434
2019-12-28 00:00,92709.076
2019-12-28 01:00,108842.502
2019-12-28 02:00,83375.520
2019-12-28 03:00,87581.125
2019-12-28 04:00,90149.080
2019-12-28 05:00,94047.190
2019-12-28 06:00,100931.808
2019-12-28 07:00,110689.823
2019-12-28 08:00,142290.146
2019-12-28 09:00,161211.712
2019-12-28 10:00,165451.911
2019-12-28 11:00,150768.351
2019-12-28 12:00,144306.118
2019-12-28 13:00,151331.898
2019-12-28 14:00,149386.342
2019-12-28 15:00,149179.864
2019-12-28 16:00,153292.552
2019-12-28 17:00,141109.773
2019-12-28 18:00,138560.942
2019-12-28 19:00,147904.162
2019-12-28 20:00,151594.274
2019-12-28 21:00,151939.054
2019-12-28 22:00,151137.951
2019-12-28 23:00,149974.399
2019-12-29 00:00,150290.714
2019-12-29 01:00,160608.816
2019-12-29 02:00,176325.159
2019-12-29 03:00,180274.092
2019-12-29 04:00,180607.215
2019-12-29 05:00,182862.674
2019-12-29 06:00,185809.315
2019-12-29 07:00,186098.351
2019-12-29 08:00,185143.124
2019-12-29 09:00,183175.096
2019-12-29 10:00,179870.052
2019-12-29 11:00,174234.517
2019-12-29 12:00,171182.377
2019-12-29 13:00,172664.825
2019-12-29 14:00,173477.691
2019-12-29 15:00,174954.035
2019-12-29 16:00,176040.460
2019-12-29 17:00,176275.978
2019-12-29 18:00,174012.088
2019-12-29 19:00,168570.017
2019-12-29 20:00,163203.469
2019-12-29 21:00,161176.090
2019-12-29 22:00,162351.334
2019-12-29 23:00,161533.915
2019-12-30 00:00,156145.239
2019-12-30 01:00,146386.981
2019-12-30 02:00,137314.592
2019-12-30 03:00,127355.732
2019-12-30 04:00,123599.037
2019-12-30 05:00,117948.391
2019-12-30 06:00,110482.947
2019-12-30 07:00,108543.229
2019-12-30 08:00,103704.811
2019-12-30 09:00,96300.527
2019-12-30 10:00,91884.062
2019-12-30 11:00,97670.755
2019-12-30 12:00,100292.411
2019-12-30 13:00,102194.253
2019-12-30 14:00,105904.906
2019-12-30 15:00,108698.972
2019-12-30 16:00,105069.160
2019-12-30 17:00,100940.307
2019-12-30 18:00,100411.984
2019-12-30 19:00,96843.463
2019-12-30 20:00,87147.071
2019-12-30 21:00,72097.279
2019-12-30 22:00,58766.008
2019-12-30 23:00,50803.658
2019-12-31 00:00,41131.250
2019-12-31 01:00,27149.641
2019-12-31 02:00,22788.292
2019-12-31 03:00,25695.416
2019-12-31 04:00,12823.367
2019-12-31 05:00,6394.173
2019-12-31 06:00,4151.871
2019-12-31 07:00,2622.223
2019-12-31 08:00,2132.651
2019-12-31 09:00,2476.791
2019-12-31 10:00,3062.149
2019-12-31 11:00,5752.349
2019-12-31 12:00,12498.667
2019-12-31 13:00,19998.442
2019-12-31 14:00,26836.477
2019-12-31 15:00,31549.982
2019-12-31 16:00,36552.092
2019-12-31 17:00,42770.353
2019-12-31 18:00,49049.280
2019-12-31 19:00,52883.402
2019-12-31 20:00,50800.067
2019-12-31 21:00,50633.899
2019-12-31 22:00,55602.035
2019-12-31 23:00,55502.673
