# Renewables.ninja Wind power (Point API) - 52.427, -1.963 - Version: 1.4 - License: https://creativecommons.org/licenses/by-nc/4.0/ - Reference: https://doi.org/10.1016/j.energy.2016.08.068,,,,,,,,,,,
# Units: time in UTC, electricity in kW,,,,,,,,,,,
"# {""units"": {""time"": ""UTC"""," ""electricity"": ""kW""}"," ""params"": {""lat"": ""52.42678780602159"""," ""lon"": ""-1.9630862974531453"""," ""date_from"": ""2019-01-01"""," ""date_to"": ""2019-12-31"""," ""dataset"": ""merra2"""," ""header"": ""true"""," ""local_time"": ""false"""," ""capacity"": ""200000"""," ""height"": ""80"""," ""turbine"": ""Vestas V90 2000"""," ""raw"": ""false""}}"
time,electricity,Capacity factor,,,,,,,,,,
01/01/2019 00:00,85845.682,43%,,,,,,,,,,
01/01/2019 01:00,79827.961,40%,,,,,,,,,,
01/01/2019 02:00,75245.51,38%,,,,,,,,,,
01/01/2019 03:00,80310.545,40%,,,,,,,,,,
01/01/2019 04:00,85565.028,43%,,,,,,,,,,
01/01/2019 05:00,87580.968,44%,,,,,,,,,,
01/01/2019 06:00,89740.553,45%,,,,,,,,,,
01/01/2019 07:00,89661.012,45%,,,,,,,,,,
01/01/2019 08:00,82715.87,41%,,,,,,,,,,
01/01/2019 09:00,77670.514,39%,,,,,,,,,,
01/01/2019 10:00,62022.53,31%,,,,,,,,,,
01/01/2019 11:00,68652.742,34%,,,,,,,,,,
01/01/2019 12:00,80270.789,40%,,,,,,,,,,
01/01/2019 13:00,78731.575,39%,,,,,,,,,,
01/01/2019 14:00,72070.493,36%,,,,,,,,,,
01/01/2019 15:00,66836.267,33%,,,,,,,,,,
01/01/2019 16:00,68400.695,34%,,,,,,,,,,
01/01/2019 17:00,68128.737,34%,,,,,,,,,,
01/01/2019 18:00,66830.054,33%,,,,,,,,,,
01/01/2019 19:00,65029.819,33%,,,,,,,,,,
01/01/2019 20:00,62484.049,31%,,,,,,,,,,
01/01/2019 21:00,52810.61,26%,,,,,,,,,,
01/01/2019 22:00,40370.769,20%,,,,,,,,,,
01/01/2019 23:00,30297.989,15%,,,,,,,,,,
02/01/2019 00:00,27038.864,14%,,,,,,,,,,
02/01/2019 01:00,26856.584,13%,,,,,,,,,,
02/01/2019 02:00,24428.236,12%,,,,,,,,,,
02/01/2019 03:00,21981.227,11%,,,,,,,,,,
02/01/2019 04:00,22321.505,11%,,,,,,,,,,
02/01/2019 05:00,23814.863,12%,,,,,,,,,,
02/01/2019 06:00,25912.755,13%,,,,,,,,,,
02/01/2019 07:00,27294.612,14%,,,,,,,,,,
02/01/2019 08:00,26595.717,13%,,,,,,,,,,
02/01/2019 09:00,20452.412,10%,,,,,,,,,,
02/01/2019 10:00,10852.351,5%,,,,,,,,,,
02/01/2019 11:00,5985.76,3%,,,,,,,,,,
02/01/2019 12:00,4797.246,2%,,,,,,,,,,
02/01/2019 13:00,4369.83,2%,,,,,,,,,,
02/01/2019 14:00,5048.277,3%,,,,,,,,,,
02/01/2019 15:00,6656.604,3%,,,,,,,,,,
02/01/2019 16:00,6781.593,3%,,,,,,,,,,
02/01/2019 17:00,5453.161,3%,,,,,,,,,,
02/01/2019 18:00,3550.672,2%,,,,,,,,,,
02/01/2019 19:00,1986.889,1%,,,,,,,,,,
02/01/2019 20:00,1160.333,1%,,,,,,,,,,
02/01/2019 21:00,1249.449,1%,,,,,,,,,,
02/01/2019 22:00,1915.304,1%,,,,,,,,,,
02/01/2019 23:00,2965.408,1%,,,,,,,,,,
03/01/2019 00:00,3948.505,2%,,,,,,,,,,
03/01/2019 01:00,3532.58,2%,,,,,,,,,,
03/01/2019 02:00,2179.093,1%,,,,,,,,,,
03/01/2019 03:00,1423.877,1%,,,,,,,,,,
03/01/2019 04:00,1262.075,1%,,,,,,,,,,
03/01/2019 05:00,1280.13,1%,,,,,,,,,,
03/01/2019 06:00,1104.581,1%,,,,,,,,,,
03/01/2019 07:00,694.942,0%,,,,,,,,,,
03/01/2019 08:00,404.173,0%,,,,,,,,,,
03/01/2019 09:00,606.075,0%,,,,,,,,,,
03/01/2019 10:00,941.773,0%,,,,,,,,,,
03/01/2019 11:00,1268.405,1%,,,,,,,,,,
03/01/2019 12:00,619.913,0%,,,,,,,,,,
03/01/2019 13:00,280.321,0%,,,,,,,,,,
03/01/2019 14:00,336.005,0%,,,,,,,,,,
03/01/2019 15:00,488.205,0%,,,,,,,,,,
03/01/2019 16:00,621.578,0%,,,,,,,,,,
03/01/2019 17:00,859.202,0%,,,,,,,,,,
03/01/2019 18:00,1140.928,1%,,,,,,,,,,
03/01/2019 19:00,1207.012,1%,,,,,,,,,,
03/01/2019 20:00,984.669,0%,,,,,,,,,,
03/01/2019 21:00,997.683,0%,,,,,,,,,,
03/01/2019 22:00,1594.323,1%,,,,,,,,,,
03/01/2019 23:00,1905.312,1%,,,,,,,,,,
04/01/2019 00:00,3556.08,2%,,,,,,,,,,
04/01/2019 01:00,3981.516,2%,,,,,,,,,,
04/01/2019 02:00,2604.542,1%,,,,,,,,,,
04/01/2019 03:00,1908.955,1%,,,,,,,,,,
04/01/2019 04:00,2578.97,1%,,,,,,,,,,
04/01/2019 05:00,4250.732,2%,,,,,,,,,,
04/01/2019 06:00,5831.286,3%,,,,,,,,,,
04/01/2019 07:00,10182.16,5%,,,,,,,,,,
04/01/2019 08:00,16774.976,8%,,,,,,,,,,
04/01/2019 09:00,16356.06,8%,,,,,,,,,,
04/01/2019 10:00,10108.161,5%,,,,,,,,,,
04/01/2019 11:00,9034.904,5%,,,,,,,,,,
04/01/2019 12:00,10889.856,5%,,,,,,,,,,
04/01/2019 13:00,11861.441,6%,,,,,,,,,,
04/01/2019 14:00,16286.036,8%,,,,,,,,,,
04/01/2019 15:00,25277.957,13%,,,,,,,,,,
04/01/2019 16:00,32555.056,16%,,,,,,,,,,
04/01/2019 17:00,38059.038,19%,,,,,,,,,,
04/01/2019 18:00,41780.793,21%,,,,,,,,,,
04/01/2019 19:00,43661.72,22%,,,,,,,,,,
04/01/2019 20:00,42530.668,21%,,,,,,,,,,
04/01/2019 21:00,41382.202,21%,,,,,,,,,,
04/01/2019 22:00,40716.631,20%,,,,,,,,,,
04/01/2019 23:00,40500.291,20%,,,,,,,,,,
05/01/2019 00:00,40232.29,20%,,,,,,,,,,
05/01/2019 01:00,38729.294,19%,,,,,,,,,,
05/01/2019 02:00,37111.518,19%,,,,,,,,,,
05/01/2019 03:00,36204.969,18%,,,,,,,,,,
05/01/2019 04:00,36051.294,18%,,,,,,,,,,
05/01/2019 05:00,34792.161,17%,,,,,,,,,,
05/01/2019 06:00,32488.548,16%,,,,,,,,,,
05/01/2019 07:00,31633.199,16%,,,,,,,,,,
05/01/2019 08:00,29989.173,15%,,,,,,,,,,
05/01/2019 09:00,26600.841,13%,,,,,,,,,,
05/01/2019 10:00,23563.757,12%,,,,,,,,,,
05/01/2019 11:00,23540.636,12%,,,,,,,,,,
05/01/2019 12:00,26871.91,13%,,,,,,,,,,
05/01/2019 13:00,32373.907,16%,,,,,,,,,,
05/01/2019 14:00,40792.599,20%,,,,,,,,,,
05/01/2019 15:00,51810.792,26%,,,,,,,,,,
05/01/2019 16:00,59196.707,30%,,,,,,,,,,
05/01/2019 17:00,62049.383,31%,,,,,,,,,,
05/01/2019 18:00,62211.336,31%,,,,,,,,,,
05/01/2019 19:00,60986.859,30%,,,,,,,,,,
05/01/2019 20:00,57785.707,29%,,,,,,,,,,
05/01/2019 21:00,54996.204,27%,,,,,,,,,,
05/01/2019 22:00,54524.603,27%,,,,,,,,,,
05/01/2019 23:00,55426.009,28%,,,,,,,,,,
06/01/2019 00:00,55530.299,28%,,,,,,,,,,
06/01/2019 01:00,54298.595,27%,,,,,,,,,,
06/01/2019 02:00,52747.544,26%,,,,,,,,,,
06/01/2019 03:00,52741.559,26%,,,,,,,,,,
06/01/2019 04:00,54564.556,27%,,,,,,,,,,
06/01/2019 05:00,59319.649,30%,,,,,,,,,,
06/01/2019 06:00,63740.504,32%,,,,,,,,,,
06/01/2019 07:00,64815.136,32%,,,,,,,,,,
06/01/2019 08:00,64517.759,32%,,,,,,,,,,
06/01/2019 09:00,58784.467,29%,,,,,,,,,,
06/01/2019 10:00,49257.887,25%,,,,,,,,,,
06/01/2019 11:00,38559.167,19%,,,,,,,,,,
06/01/2019 12:00,30389.868,15%,,,,,,,,,,
06/01/2019 13:00,29266.105,15%,,,,,,,,,,
06/01/2019 14:00,36931.288,18%,,,,,,,,,,
06/01/2019 15:00,44813.83,22%,,,,,,,,,,
06/01/2019 16:00,49624.017,25%,,,,,,,,,,
06/01/2019 17:00,48892.346,24%,,,,,,,,,,
06/01/2019 18:00,41823.91,21%,,,,,,,,,,
06/01/2019 19:00,34044.902,17%,,,,,,,,,,
06/01/2019 20:00,27445.451,14%,,,,,,,,,,
06/01/2019 21:00,27034.12,14%,,,,,,,,,,
06/01/2019 22:00,35160.891,18%,,,,,,,,,,
06/01/2019 23:00,43541.974,22%,,,,,,,,,,
07/01/2019 00:00,44382.454,22%,,,,,,,,,,
07/01/2019 01:00,46140.844,23%,,,,,,,,,,
07/01/2019 02:00,44777.965,22%,,,,,,,,,,
07/01/2019 03:00,43588.064,22%,,,,,,,,,,
07/01/2019 04:00,43452.247,22%,,,,,,,,,,
07/01/2019 05:00,47603.43,24%,,,,,,,,,,
07/01/2019 06:00,53832.462,27%,,,,,,,,,,
07/01/2019 07:00,60489.837,30%,,,,,,,,,,
07/01/2019 08:00,66837.335,33%,,,,,,,,,,
07/01/2019 09:00,72292.541,36%,,,,,,,,,,
07/01/2019 10:00,77662.629,39%,,,,,,,,,,
07/01/2019 11:00,93720.974,47%,,,,,,,,,,
07/01/2019 12:00,117906.975,59%,,,,,,,,,,
07/01/2019 13:00,143614.351,72%,,,,,,,,,,
07/01/2019 14:00,156646.221,78%,,,,,,,,,,
07/01/2019 15:00,160509.445,80%,,,,,,,,,,
07/01/2019 16:00,154006.089,77%,,,,,,,,,,
07/01/2019 17:00,144073.987,72%,,,,,,,,,,
07/01/2019 18:00,137602.794,69%,,,,,,,,,,
07/01/2019 19:00,140070.054,70%,,,,,,,,,,
07/01/2019 20:00,133632.532,67%,,,,,,,,,,
07/01/2019 21:00,123994.294,62%,,,,,,,,,,
07/01/2019 22:00,126588.322,63%,,,,,,,,,,
07/01/2019 23:00,129887.196,65%,,,,,,,,,,
08/01/2019 00:00,129715.571,65%,,,,,,,,,,
08/01/2019 01:00,123885.115,62%,,,,,,,,,,
08/01/2019 02:00,113678.983,57%,,,,,,,,,,
08/01/2019 03:00,116597.609,58%,,,,,,,,,,
08/01/2019 04:00,121568.661,61%,,,,,,,,,,
08/01/2019 05:00,128812.406,64%,,,,,,,,,,
08/01/2019 06:00,129384.7,65%,,,,,,,,,,
08/01/2019 07:00,129568.395,65%,,,,,,,,,,
08/01/2019 08:00,119070.798,60%,,,,,,,,,,
08/01/2019 09:00,105656.725,53%,,,,,,,,,,
08/01/2019 10:00,77124.642,39%,,,,,,,,,,
08/01/2019 11:00,92709.906,46%,,,,,,,,,,
08/01/2019 12:00,112268.202,56%,,,,,,,,,,
08/01/2019 13:00,104782.29,52%,,,,,,,,,,
08/01/2019 14:00,93620.959,47%,,,,,,,,,,
08/01/2019 15:00,94621.427,47%,,,,,,,,,,
08/01/2019 16:00,96454.782,48%,,,,,,,,,,
08/01/2019 17:00,96721.35,48%,,,,,,,,,,
08/01/2019 18:00,90084.404,45%,,,,,,,,,,
08/01/2019 19:00,81560.749,41%,,,,,,,,,,
08/01/2019 20:00,74492.491,37%,,,,,,,,,,
08/01/2019 21:00,66314.229,33%,,,,,,,,,,
08/01/2019 22:00,65071.528,33%,,,,,,,,,,
08/01/2019 23:00,61491.37,31%,,,,,,,,,,
09/01/2019 00:00,55962.194,28%,,,,,,,,,,
09/01/2019 01:00,58399.463,29%,,,,,,,,,,
09/01/2019 02:00,60987.477,30%,,,,,,,,,,
09/01/2019 03:00,57010.485,29%,,,,,,,,,,
09/01/2019 04:00,56846.357,28%,,,,,,,,,,
09/01/2019 05:00,58756.509,29%,,,,,,,,,,
09/01/2019 06:00,55820.22,28%,,,,,,,,,,
09/01/2019 07:00,55398.326,28%,,,,,,,,,,
09/01/2019 08:00,53937.544,27%,,,,,,,,,,
09/01/2019 09:00,49460.008,25%,,,,,,,,,,
09/01/2019 10:00,42476.25,21%,,,,,,,,,,
09/01/2019 11:00,53059.922,27%,,,,,,,,,,
09/01/2019 12:00,62766.628,31%,,,,,,,,,,
09/01/2019 13:00,59324.623,30%,,,,,,,,,,
09/01/2019 14:00,50938.811,25%,,,,,,,,,,
09/01/2019 15:00,59449.322,30%,,,,,,,,,,
09/01/2019 16:00,69914.833,35%,,,,,,,,,,
09/01/2019 17:00,72326.516,36%,,,,,,,,,,
09/01/2019 18:00,72857.509,36%,,,,,,,,,,
09/01/2019 19:00,67538.879,34%,,,,,,,,,,
09/01/2019 20:00,56919.062,28%,,,,,,,,,,
09/01/2019 21:00,48028.092,24%,,,,,,,,,,
09/01/2019 22:00,39827.905,20%,,,,,,,,,,
09/01/2019 23:00,33481.517,17%,,,,,,,,,,
10/01/2019 00:00,26993.252,13%,,,,,,,,,,
10/01/2019 01:00,22371.203,11%,,,,,,,,,,
10/01/2019 02:00,22211.346,11%,,,,,,,,,,
10/01/2019 03:00,21650.614,11%,,,,,,,,,,
10/01/2019 04:00,20790.086,10%,,,,,,,,,,
10/01/2019 05:00,24973.261,12%,,,,,,,,,,
10/01/2019 06:00,30916.045,15%,,,,,,,,,,
10/01/2019 07:00,34381.928,17%,,,,,,,,,,
10/01/2019 08:00,36080.888,18%,,,,,,,,,,
10/01/2019 09:00,32709.782,16%,,,,,,,,,,
10/01/2019 10:00,33771.78,17%,,,,,,,,,,
10/01/2019 11:00,34763.053,17%,,,,,,,,,,
10/01/2019 12:00,38341.157,19%,,,,,,,,,,
10/01/2019 13:00,42400.214,21%,,,,,,,,,,
10/01/2019 14:00,48151.589,24%,,,,,,,,,,
10/01/2019 15:00,58479.692,29%,,,,,,,,,,
10/01/2019 16:00,71009.166,36%,,,,,,,,,,
10/01/2019 17:00,75630.343,38%,,,,,,,,,,
10/01/2019 18:00,77666.802,39%,,,,,,,,,,
10/01/2019 19:00,79325.776,40%,,,,,,,,,,
10/01/2019 20:00,67100.312,34%,,,,,,,,,,
10/01/2019 21:00,57212.866,29%,,,,,,,,,,
10/01/2019 22:00,50915.801,25%,,,,,,,,,,
10/01/2019 23:00,46961.829,23%,,,,,,,,,,
11/01/2019 00:00,41692.417,21%,,,,,,,,,,
11/01/2019 01:00,38533.862,19%,,,,,,,,,,
11/01/2019 02:00,40398.338,20%,,,,,,,,,,
11/01/2019 03:00,40846.204,20%,,,,,,,,,,
11/01/2019 04:00,40442.305,20%,,,,,,,,,,
11/01/2019 05:00,40292.385,20%,,,,,,,,,,
11/01/2019 06:00,40733.2,20%,,,,,,,,,,
11/01/2019 07:00,41696.169,21%,,,,,,,,,,
11/01/2019 08:00,42501.547,21%,,,,,,,,,,
11/01/2019 09:00,38797.391,19%,,,,,,,,,,
11/01/2019 10:00,32231.567,16%,,,,,,,,,,
11/01/2019 11:00,31262.826,16%,,,,,,,,,,
11/01/2019 12:00,34203.671,17%,,,,,,,,,,
11/01/2019 13:00,38338.107,19%,,,,,,,,,,
11/01/2019 14:00,41463.984,21%,,,,,,,,,,
11/01/2019 15:00,51406.725,26%,,,,,,,,,,
11/01/2019 16:00,61597.04,31%,,,,,,,,,,
11/01/2019 17:00,68253.913,34%,,,,,,,,,,
11/01/2019 18:00,72377.24,36%,,,,,,,,,,
11/01/2019 19:00,72324.298,36%,,,,,,,,,,
11/01/2019 20:00,75783.417,38%,,,,,,,,,,
11/01/2019 21:00,77670.711,39%,,,,,,,,,,
11/01/2019 22:00,78209.149,39%,,,,,,,,,,
11/01/2019 23:00,75249.046,38%,,,,,,,,,,
12/01/2019 00:00,76294.5,38%,,,,,,,,,,
12/01/2019 01:00,73666.47,37%,,,,,,,,,,
12/01/2019 02:00,69922.305,35%,,,,,,,,,,
12/01/2019 03:00,96840.972,48%,,,,,,,,,,
12/01/2019 04:00,111304.864,56%,,,,,,,,,,
12/01/2019 05:00,116599.132,58%,,,,,,,,,,
12/01/2019 06:00,112605.69,56%,,,,,,,,,,
12/01/2019 07:00,124121.293,62%,,,,,,,,,,
12/01/2019 08:00,123430.251,62%,,,,,,,,,,
12/01/2019 09:00,127891.466,64%,,,,,,,,,,
12/01/2019 10:00,127654.362,64%,,,,,,,,,,
12/01/2019 11:00,130429.358,65%,,,,,,,,,,
12/01/2019 12:00,129717.245,65%,,,,,,,,,,
12/01/2019 13:00,128320.096,64%,,,,,,,,,,
12/01/2019 14:00,127520.409,64%,,,,,,,,,,
12/01/2019 15:00,129691.507,65%,,,,,,,,,,
12/01/2019 16:00,138708.616,69%,,,,,,,,,,
12/01/2019 17:00,145997.037,73%,,,,,,,,,,
12/01/2019 18:00,143541.99,72%,,,,,,,,,,
12/01/2019 19:00,147721.33,74%,,,,,,,,,,
12/01/2019 20:00,148780.32,74%,,,,,,,,,,
12/01/2019 21:00,154371.389,77%,,,,,,,,,,
12/01/2019 22:00,155486.134,78%,,,,,,,,,,
12/01/2019 23:00,155075.283,78%,,,,,,,,,,
13/01/2019 00:00,154908.822,77%,,,,,,,,,,
13/01/2019 01:00,154782.602,77%,,,,,,,,,,
13/01/2019 02:00,159860.805,80%,,,,,,,,,,
13/01/2019 03:00,159559.675,80%,,,,,,,,,,
13/01/2019 04:00,158619.755,79%,,,,,,,,,,
13/01/2019 05:00,154435.54,77%,,,,,,,,,,
13/01/2019 06:00,152686.51,76%,,,,,,,,,,
13/01/2019 07:00,154411.22,77%,,,,,,,,,,
13/01/2019 08:00,156935.377,78%,,,,,,,,,,
13/01/2019 09:00,157637.465,79%,,,,,,,,,,
13/01/2019 10:00,162108.101,81%,,,,,,,,,,
13/01/2019 11:00,170417.55,85%,,,,,,,,,,
13/01/2019 12:00,175845.558,88%,,,,,,,,,,
13/01/2019 13:00,179967.4,90%,,,,,,,,,,
13/01/2019 14:00,181124.258,91%,,,,,,,,,,
13/01/2019 15:00,183718.97,92%,,,,,,,,,,
13/01/2019 16:00,184247.046,92%,,,,,,,,,,
13/01/2019 17:00,182198.428,91%,,,,,,,,,,
13/01/2019 18:00,177284.246,89%,,,,,,,,,,
13/01/2019 19:00,169098.051,85%,,,,,,,,,,
13/01/2019 20:00,163005.796,82%,,,,,,,,,,
13/01/2019 21:00,160035.699,80%,,,,,,,,,,
13/01/2019 22:00,158876.768,79%,,,,,,,,,,
13/01/2019 23:00,156418.757,78%,,,,,,,,,,
14/01/2019 00:00,154609.991,77%,,,,,,,,,,
14/01/2019 01:00,149973.718,75%,,,,,,,,,,
14/01/2019 02:00,145568.349,73%,,,,,,,,,,
14/01/2019 03:00,141024.78,71%,,,,,,,,,,
14/01/2019 04:00,135105.456,68%,,,,,,,,,,
14/01/2019 05:00,126091.008,63%,,,,,,,,,,
14/01/2019 06:00,114869.498,57%,,,,,,,,,,
14/01/2019 07:00,103569.431,52%,,,,,,,,,,
14/01/2019 08:00,94381.999,47%,,,,,,,,,,
14/01/2019 09:00,82616.228,41%,,,,,,,,,,
14/01/2019 10:00,72091.778,36%,,,,,,,,,,
14/01/2019 11:00,68009.246,34%,,,,,,,,,,
14/01/2019 12:00,67818.858,34%,,,,,,,,,,
14/01/2019 13:00,57860.458,29%,,,,,,,,,,
14/01/2019 14:00,50771.395,25%,,,,,,,,,,
14/01/2019 15:00,55604.063,28%,,,,,,,,,,
14/01/2019 16:00,62096.47,31%,,,,,,,,,,
14/01/2019 17:00,62553.02,31%,,,,,,,,,,
14/01/2019 18:00,63910.606,32%,,,,,,,,,,
14/01/2019 19:00,66350.582,33%,,,,,,,,,,
14/01/2019 20:00,69831.619,35%,,,,,,,,,,
14/01/2019 21:00,73380.18,37%,,,,,,,,,,
14/01/2019 22:00,75629.742,38%,,,,,,,,,,
14/01/2019 23:00,74899.245,37%,,,,,,,,,,
15/01/2019 00:00,71529.627,36%,,,,,,,,,,
15/01/2019 01:00,76512.253,38%,,,,,,,,,,
15/01/2019 02:00,80751.139,40%,,,,,,,,,,
15/01/2019 03:00,77661.668,39%,,,,,,,,,,
15/01/2019 04:00,73379.064,37%,,,,,,,,,,
15/01/2019 05:00,74717.358,37%,,,,,,,,,,
15/01/2019 06:00,74715.418,37%,,,,,,,,,,
15/01/2019 07:00,74109.293,37%,,,,,,,,,,
15/01/2019 08:00,75275.467,38%,,,,,,,,,,
15/01/2019 09:00,71406.704,36%,,,,,,,,,,
15/01/2019 10:00,68131.461,34%,,,,,,,,,,
15/01/2019 11:00,78903.786,39%,,,,,,,,,,
15/01/2019 12:00,85006.953,43%,,,,,,,,,,
15/01/2019 13:00,79014.902,40%,,,,,,,,,,
15/01/2019 14:00,72328.513,36%,,,,,,,,,,
15/01/2019 15:00,80193.102,40%,,,,,,,,,,
15/01/2019 16:00,85681.656,43%,,,,,,,,,,
15/01/2019 17:00,83687.587,42%,,,,,,,,,,
15/01/2019 18:00,77662.681,39%,,,,,,,,,,
15/01/2019 19:00,86532.798,43%,,,,,,,,,,
15/01/2019 20:00,109758.787,55%,,,,,,,,,,
15/01/2019 21:00,107730.276,54%,,,,,,,,,,
15/01/2019 22:00,111375.966,56%,,,,,,,,,,
15/01/2019 23:00,120862.53,60%,,,,,,,,,,
16/01/2019 00:00,128814.385,64%,,,,,,,,,,
16/01/2019 01:00,125367.777,63%,,,,,,,,,,
16/01/2019 02:00,127463.242,64%,,,,,,,,,,
16/01/2019 03:00,139402.334,70%,,,,,,,,,,
16/01/2019 04:00,144740.218,72%,,,,,,,,,,
16/01/2019 05:00,142432.54,71%,,,,,,,,,,
16/01/2019 06:00,137373.899,69%,,,,,,,,,,
16/01/2019 07:00,139402.638,70%,,,,,,,,,,
16/01/2019 08:00,136407.282,68%,,,,,,,,,,
16/01/2019 09:00,127630.552,64%,,,,,,,,,,
16/01/2019 10:00,112042.604,56%,,,,,,,,,,
16/01/2019 11:00,100810.892,50%,,,,,,,,,,
16/01/2019 12:00,85767.571,43%,,,,,,,,,,
16/01/2019 13:00,61278.814,31%,,,,,,,,,,
16/01/2019 14:00,35161.441,18%,,,,,,,,,,
16/01/2019 15:00,36537.135,18%,,,,,,,,,,
16/01/2019 16:00,58961.042,29%,,,,,,,,,,
16/01/2019 17:00,69461.613,35%,,,,,,,,,,
16/01/2019 18:00,72194.052,36%,,,,,,,,,,
16/01/2019 19:00,71530.149,36%,,,,,,,,,,
16/01/2019 20:00,66880.815,33%,,,,,,,,,,
16/01/2019 21:00,56783.404,28%,,,,,,,,,,
16/01/2019 22:00,48979.858,24%,,,,,,,,,,
16/01/2019 23:00,43848.611,22%,,,,,,,,,,
17/01/2019 00:00,50818.506,25%,,,,,,,,,,
17/01/2019 01:00,56761.408,28%,,,,,,,,,,
17/01/2019 02:00,58577.327,29%,,,,,,,,,,
17/01/2019 03:00,66837.675,33%,,,,,,,,,,
17/01/2019 04:00,93829.565,47%,,,,,,,,,,
17/01/2019 05:00,110482.984,55%,,,,,,,,,,
17/01/2019 06:00,107704.606,54%,,,,,,,,,,
17/01/2019 07:00,100993.645,50%,,,,,,,,,,
17/01/2019 08:00,95886.742,48%,,,,,,,,,,
17/01/2019 09:00,84397.625,42%,,,,,,,,,,
17/01/2019 10:00,75752.276,38%,,,,,,,,,,
17/01/2019 11:00,109772.409,55%,,,,,,,,,,
17/01/2019 12:00,118848.447,59%,,,,,,,,,,
17/01/2019 13:00,105582.44,53%,,,,,,,,,,
17/01/2019 14:00,85006.955,43%,,,,,,,,,,
17/01/2019 15:00,70478.835,35%,,,,,,,,,,
17/01/2019 16:00,64478.772,32%,,,,,,,,,,
17/01/2019 17:00,56131.68,28%,,,,,,,,,,
17/01/2019 18:00,46012.352,23%,,,,,,,,,,
17/01/2019 19:00,31257.175,16%,,,,,,,,,,
17/01/2019 20:00,17142.432,9%,,,,,,,,,,
17/01/2019 21:00,8629.374,4%,,,,,,,,,,
17/01/2019 22:00,3170.464,2%,,,,,,,,,,
17/01/2019 23:00,663.98,0%,,,,,,,,,,
18/01/2019 00:00,2216.401,1%,,,,,,,,,,
18/01/2019 01:00,10948.426,5%,,,,,,,,,,
18/01/2019 02:00,26581.89,13%,,,,,,,,,,
18/01/2019 03:00,42329.628,21%,,,,,,,,,,
18/01/2019 04:00,51862.049,26%,,,,,,,,,,
18/01/2019 05:00,55797.66,28%,,,,,,,,,,
18/01/2019 06:00,57774.605,29%,,,,,,,,,,
18/01/2019 07:00,60488.375,30%,,,,,,,,,,
18/01/2019 08:00,65036.461,33%,,,,,,,,,,
18/01/2019 09:00,67091.781,34%,,,,,,,,,,
18/01/2019 10:00,69877.424,35%,,,,,,,,,,
18/01/2019 11:00,73752.543,37%,,,,,,,,,,
18/01/2019 12:00,82545.192,41%,,,,,,,,,,
18/01/2019 13:00,87708.61,44%,,,,,,,,,,
18/01/2019 14:00,91332.276,46%,,,,,,,,,,
18/01/2019 15:00,107167.276,54%,,,,,,,,,,
18/01/2019 16:00,122045.113,61%,,,,,,,,,,
18/01/2019 17:00,136465.517,68%,,,,,,,,,,
18/01/2019 18:00,135133.703,68%,,,,,,,,,,
18/01/2019 19:00,124689.587,62%,,,,,,,,,,
18/01/2019 20:00,112059.128,56%,,,,,,,,,,
18/01/2019 21:00,102706.44,51%,,,,,,,,,,
18/01/2019 22:00,105861.707,53%,,,,,,,,,,
18/01/2019 23:00,93514.145,47%,,,,,,,,,,
19/01/2019 00:00,93057.253,47%,,,,,,,,,,
19/01/2019 01:00,89963.563,45%,,,,,,,,,,
19/01/2019 02:00,85524.478,43%,,,,,,,,,,
19/01/2019 03:00,80529.735,40%,,,,,,,,,,
19/01/2019 04:00,87327.996,44%,,,,,,,,,,
19/01/2019 05:00,86397.014,43%,,,,,,,,,,
19/01/2019 06:00,85457.919,43%,,,,,,,,,,
19/01/2019 07:00,82808.852,41%,,,,,,,,,,
19/01/2019 08:00,80644.622,40%,,,,,,,,,,
19/01/2019 09:00,72828.394,36%,,,,,,,,,,
19/01/2019 10:00,63139.279,32%,,,,,,,,,,
19/01/2019 11:00,58930.426,29%,,,,,,,,,,
19/01/2019 12:00,54404.469,27%,,,,,,,,,,
19/01/2019 13:00,50246.266,25%,,,,,,,,,,
19/01/2019 14:00,47140.881,24%,,,,,,,,,,
19/01/2019 15:00,46590.244,23%,,,,,,,,,,
19/01/2019 16:00,47936.512,24%,,,,,,,,,,
19/01/2019 17:00,45530.219,23%,,,,,,,,,,
19/01/2019 18:00,39859.753,20%,,,,,,,,,,
19/01/2019 19:00,33780.278,17%,,,,,,,,,,
19/01/2019 20:00,30918.901,15%,,,,,,,,,,
19/01/2019 21:00,28804.075,14%,,,,,,,,,,
19/01/2019 22:00,27284.823,14%,,,,,,,,,,
19/01/2019 23:00,24523.415,12%,,,,,,,,,,
20/01/2019 00:00,19809.279,10%,,,,,,,,,,
20/01/2019 01:00,14262.11,7%,,,,,,,,,,
20/01/2019 02:00,9460.399,5%,,,,,,,,,,
20/01/2019 03:00,6487.689,3%,,,,,,,,,,
20/01/2019 04:00,5349.114,3%,,,,,,,,,,
20/01/2019 05:00,5174.088,3%,,,,,,,,,,
20/01/2019 06:00,4950.831,2%,,,,,,,,,,
20/01/2019 07:00,3768.439,2%,,,,,,,,,,
20/01/2019 08:00,2274.5,1%,,,,,,,,,,
20/01/2019 09:00,919.17,0%,,,,,,,,,,
20/01/2019 10:00,315.346,0%,,,,,,,,,,
20/01/2019 11:00,753.694,0%,,,,,,,,,,
20/01/2019 12:00,2604.018,1%,,,,,,,,,,
20/01/2019 13:00,5376.229,3%,,,,,,,,,,
20/01/2019 14:00,8211.038,4%,,,,,,,,,,
20/01/2019 15:00,12211.46,6%,,,,,,,,,,
20/01/2019 16:00,18876.659,9%,,,,,,,,,,
20/01/2019 17:00,24930.486,12%,,,,,,,,,,
20/01/2019 18:00,26712.184,13%,,,,,,,,,,
20/01/2019 19:00,24507.989,12%,,,,,,,,,,
20/01/2019 20:00,23393.017,12%,,,,,,,,,,
20/01/2019 21:00,23449.178,12%,,,,,,,,,,
20/01/2019 22:00,24653.214,12%,,,,,,,,,,
20/01/2019 23:00,25169.061,13%,,,,,,,,,,
21/01/2019 00:00,22638.25,11%,,,,,,,,,,
21/01/2019 01:00,17822.123,9%,,,,,,,,,,
21/01/2019 02:00,12062.373,6%,,,,,,,,,,
21/01/2019 03:00,6251.151,3%,,,,,,,,,,
21/01/2019 04:00,2333.848,1%,,,,,,,,,,
21/01/2019 05:00,802.264,0%,,,,,,,,,,
21/01/2019 06:00,1259.269,1%,,,,,,,,,,
21/01/2019 07:00,4422.793,2%,,,,,,,,,,
21/01/2019 08:00,11140.44,6%,,,,,,,,,,
21/01/2019 09:00,16810.62,8%,,,,,,,,,,
21/01/2019 10:00,19975.226,10%,,,,,,,,,,
21/01/2019 11:00,27005.354,14%,,,,,,,,,,
21/01/2019 12:00,38996.979,19%,,,,,,,,,,
21/01/2019 13:00,54948.008,27%,,,,,,,,,,
21/01/2019 14:00,55674.236,28%,,,,,,,,,,
21/01/2019 15:00,61210.197,31%,,,,,,,,,,
21/01/2019 16:00,85295.811,43%,,,,,,,,,,
21/01/2019 17:00,100421.753,50%,,,,,,,,,,
21/01/2019 18:00,111923.895,56%,,,,,,,,,,
21/01/2019 19:00,113158.763,57%,,,,,,,,,,
21/01/2019 20:00,119350.461,60%,,,,,,,,,,
21/01/2019 21:00,128967.464,64%,,,,,,,,,,
21/01/2019 22:00,133486.964,67%,,,,,,,,,,
21/01/2019 23:00,130381.367,65%,,,,,,,,,,
22/01/2019 00:00,111288.126,56%,,,,,,,,,,
22/01/2019 01:00,96538.3,48%,,,,,,,,,,
22/01/2019 02:00,87676.942,44%,,,,,,,,,,
22/01/2019 03:00,87471.585,44%,,,,,,,,,,
22/01/2019 04:00,85005.552,43%,,,,,,,,,,
22/01/2019 05:00,83912.523,42%,,,,,,,,,,
22/01/2019 06:00,81013.894,41%,,,,,,,,,,
22/01/2019 07:00,75251.645,38%,,,,,,,,,,
22/01/2019 08:00,62692.709,31%,,,,,,,,,,
22/01/2019 09:00,49045.644,25%,,,,,,,,,,
22/01/2019 10:00,34225.165,17%,,,,,,,,,,
22/01/2019 11:00,35255.991,18%,,,,,,,,,,
22/01/2019 12:00,36386.089,18%,,,,,,,,,,
22/01/2019 13:00,38106.162,19%,,,,,,,,,,
22/01/2019 14:00,36387.144,18%,,,,,,,,,,
22/01/2019 15:00,37713.671,19%,,,,,,,,,,
22/01/2019 16:00,45979.708,23%,,,,,,,,,,
22/01/2019 17:00,49740.841,25%,,,,,,,,,,
22/01/2019 18:00,53912.58,27%,,,,,,,,,,
22/01/2019 19:00,47597.619,24%,,,,,,,,,,
22/01/2019 20:00,38888.833,19%,,,,,,,,,,
22/01/2019 21:00,35681.848,18%,,,,,,,,,,
22/01/2019 22:00,33891.623,17%,,,,,,,,,,
22/01/2019 23:00,33872.855,17%,,,,,,,,,,
23/01/2019 00:00,33603.435,17%,,,,,,,,,,
23/01/2019 01:00,34641.878,17%,,,,,,,,,,
23/01/2019 02:00,36699.333,18%,,,,,,,,,,
23/01/2019 03:00,37527.317,19%,,,,,,,,,,
23/01/2019 04:00,39151.681,20%,,,,,,,,,,
23/01/2019 05:00,41358.605,21%,,,,,,,,,,
23/01/2019 06:00,42255.463,21%,,,,,,,,,,
23/01/2019 07:00,39382.898,20%,,,,,,,,,,
23/01/2019 08:00,35928.134,18%,,,,,,,,,,
23/01/2019 09:00,31362.256,16%,,,,,,,,,,
23/01/2019 10:00,35771.063,18%,,,,,,,,,,
23/01/2019 11:00,38016.395,19%,,,,,,,,,,
23/01/2019 12:00,35817.188,18%,,,,,,,,,,
23/01/2019 13:00,31733.19,16%,,,,,,,,,,
23/01/2019 14:00,26312.199,13%,,,,,,,,,,
23/01/2019 15:00,23972.767,12%,,,,,,,,,,
23/01/2019 16:00,22615.299,11%,,,,,,,,,,
23/01/2019 17:00,15669.834,8%,,,,,,,,,,
23/01/2019 18:00,10874.539,5%,,,,,,,,,,
23/01/2019 19:00,7168.366,4%,,,,,,,,,,
23/01/2019 20:00,6712.466,3%,,,,,,,,,,
23/01/2019 21:00,8619.631,4%,,,,,,,,,,
23/01/2019 22:00,10014.851,5%,,,,,,,,,,
23/01/2019 23:00,10807.222,5%,,,,,,,,,,
24/01/2019 00:00,11489.77,6%,,,,,,,,,,
24/01/2019 01:00,14752.542,7%,,,,,,,,,,
24/01/2019 02:00,18055.931,9%,,,,,,,,,,
24/01/2019 03:00,21024.245,11%,,,,,,,,,,
24/01/2019 04:00,22464.502,11%,,,,,,,,,,
24/01/2019 05:00,24744.644,12%,,,,,,,,,,
24/01/2019 06:00,26180.561,13%,,,,,,,,,,
24/01/2019 07:00,26274.764,13%,,,,,,,,,,
24/01/2019 08:00,26592.855,13%,,,,,,,,,,
24/01/2019 09:00,21835.685,11%,,,,,,,,,,
24/01/2019 10:00,16519.829,8%,,,,,,,,,,
24/01/2019 11:00,13237.283,7%,,,,,,,,,,
24/01/2019 12:00,11539.648,6%,,,,,,,,,,
24/01/2019 13:00,11997.67,6%,,,,,,,,,,
24/01/2019 14:00,15751.434,8%,,,,,,,,,,
24/01/2019 15:00,18850.598,9%,,,,,,,,,,
24/01/2019 16:00,17857.648,9%,,,,,,,,,,
24/01/2019 17:00,12214.439,6%,,,,,,,,,,
24/01/2019 18:00,5201.317,3%,,,,,,,,,,
24/01/2019 19:00,1055.815,1%,,,,,,,,,,
24/01/2019 20:00,488.35,0%,,,,,,,,,,
24/01/2019 21:00,3803.43,2%,,,,,,,,,,
24/01/2019 22:00,14575.782,7%,,,,,,,,,,
24/01/2019 23:00,29276.089,15%,,,,,,,,,,
25/01/2019 00:00,38341.382,19%,,,,,,,,,,
25/01/2019 01:00,39639.258,20%,,,,,,,,,,
25/01/2019 02:00,48595.518,24%,,,,,,,,,,
25/01/2019 03:00,70323.661,35%,,,,,,,,,,
25/01/2019 04:00,86376.655,43%,,,,,,,,,,
25/01/2019 05:00,95527.73,48%,,,,,,,,,,
25/01/2019 06:00,93122.81,47%,,,,,,,,,,
25/01/2019 07:00,91881.481,46%,,,,,,,,,,
25/01/2019 08:00,86896.897,43%,,,,,,,,,,
25/01/2019 09:00,78948.127,39%,,,,,,,,,,
25/01/2019 10:00,69072.825,35%,,,,,,,,,,
25/01/2019 11:00,80049.845,40%,,,,,,,,,,
25/01/2019 12:00,93764.964,47%,,,,,,,,,,
25/01/2019 13:00,106972.529,53%,,,,,,,,,,
25/01/2019 14:00,102467.22,51%,,,,,,,,,,
25/01/2019 15:00,98535.356,49%,,,,,,,,,,
25/01/2019 16:00,104883.211,52%,,,,,,,,,,
25/01/2019 17:00,99673.866,50%,,,,,,,,,,
25/01/2019 18:00,88848.91,44%,,,,,,,,,,
25/01/2019 19:00,88136.905,44%,,,,,,,,,,
25/01/2019 20:00,88848.702,44%,,,,,,,,,,
25/01/2019 21:00,88721.058,44%,,,,,,,,,,
25/01/2019 22:00,94737.324,47%,,,,,,,,,,
25/01/2019 23:00,93317.535,47%,,,,,,,,,,
26/01/2019 00:00,85940.818,43%,,,,,,,,,,
26/01/2019 01:00,86095.018,43%,,,,,,,,,,
26/01/2019 02:00,93550.022,47%,,,,,,,,,,
26/01/2019 03:00,90781.186,45%,,,,,,,,,,
26/01/2019 04:00,84460.524,42%,,,,,,,,,,
26/01/2019 05:00,80511.696,40%,,,,,,,,,,
26/01/2019 06:00,85010.349,43%,,,,,,,,,,
26/01/2019 07:00,86566.463,43%,,,,,,,,,,
26/01/2019 08:00,95726.045,48%,,,,,,,,,,
26/01/2019 09:00,99757.834,50%,,,,,,,,,,
26/01/2019 10:00,106429.672,53%,,,,,,,,,,
26/01/2019 11:00,124009.519,62%,,,,,,,,,,
26/01/2019 12:00,138738.036,69%,,,,,,,,,,
26/01/2019 13:00,147906.145,74%,,,,,,,,,,
26/01/2019 14:00,153078.986,77%,,,,,,,,,,
26/01/2019 15:00,160397.617,80%,,,,,,,,,,
26/01/2019 16:00,161852.904,81%,,,,,,,,,,
26/01/2019 17:00,153067.245,77%,,,,,,,,,,
26/01/2019 18:00,138015.737,69%,,,,,,,,,,
26/01/2019 19:00,120266.13,60%,,,,,,,,,,
26/01/2019 20:00,113253.705,57%,,,,,,,,,,
26/01/2019 21:00,98337.478,49%,,,,,,,,,,
26/01/2019 22:00,98809.508,49%,,,,,,,,,,
26/01/2019 23:00,77469.332,39%,,,,,,,,,,
27/01/2019 00:00,62908.979,31%,,,,,,,,,,
27/01/2019 01:00,60984.972,30%,,,,,,,,,,
27/01/2019 02:00,116050.014,58%,,,,,,,,,,
27/01/2019 03:00,185461.415,93%,,,,,,,,,,
27/01/2019 04:00,189654.889,95%,,,,,,,,,,
27/01/2019 05:00,181906.455,91%,,,,,,,,,,
27/01/2019 06:00,180319.186,90%,,,,,,,,,,
27/01/2019 07:00,181243.003,91%,,,,,,,,,,
27/01/2019 08:00,182717.954,91%,,,,,,,,,,
27/01/2019 09:00,185810.407,93%,,,,,,,,,,
27/01/2019 10:00,190251.597,95%,,,,,,,,,,
27/01/2019 11:00,192307.965,96%,,,,,,,,,,
27/01/2019 12:00,193735.413,97%,,,,,,,,,,
27/01/2019 13:00,194255.139,97%,,,,,,,,,,
27/01/2019 14:00,193518.939,97%,,,,,,,,,,
27/01/2019 15:00,192068.186,96%,,,,,,,,,,
27/01/2019 16:00,189333.161,95%,,,,,,,,,,
27/01/2019 17:00,185380.97,93%,,,,,,,,,,
27/01/2019 18:00,180380.69,90%,,,,,,,,,,
27/01/2019 19:00,174282.653,87%,,,,,,,,,,
27/01/2019 20:00,167086.641,84%,,,,,,,,,,
27/01/2019 21:00,160202.433,80%,,,,,,,,,,
27/01/2019 22:00,153634.753,77%,,,,,,,,,,
27/01/2019 23:00,137051.802,69%,,,,,,,,,,
28/01/2019 00:00,117120.787,59%,,,,,,,,,,
28/01/2019 01:00,109259.533,55%,,,,,,,,,,
28/01/2019 02:00,99116.904,50%,,,,,,,,,,
28/01/2019 03:00,97668.435,49%,,,,,,,,,,
28/01/2019 04:00,93259.173,47%,,,,,,,,,,
28/01/2019 05:00,86752.497,43%,,,,,,,,,,
28/01/2019 06:00,85009.342,43%,,,,,,,,,,
28/01/2019 07:00,82904.325,41%,,,,,,,,,,
28/01/2019 08:00,74711.21,37%,,,,,,,,,,
28/01/2019 09:00,52219.409,26%,,,,,,,,,,
28/01/2019 10:00,65547.319,33%,,,,,,,,,,
28/01/2019 11:00,91739.432,46%,,,,,,,,,,
28/01/2019 12:00,87224.577,44%,,,,,,,,,,
28/01/2019 13:00,72851.639,36%,,,,,,,,,,
28/01/2019 14:00,61214.988,31%,,,,,,,,,,
28/01/2019 15:00,49874.616,25%,,,,,,,,,,
28/01/2019 16:00,49727.481,25%,,,,,,,,,,
28/01/2019 17:00,47624.087,24%,,,,,,,,,,
28/01/2019 18:00,53220.009,27%,,,,,,,,,,
28/01/2019 19:00,51969.936,26%,,,,,,,,,,
28/01/2019 20:00,59989.224,30%,,,,,,,,,,
28/01/2019 21:00,69625.286,35%,,,,,,,,,,
28/01/2019 22:00,78533.925,39%,,,,,,,,,,
28/01/2019 23:00,78210.294,39%,,,,,,,,,,
29/01/2019 00:00,76467.07,38%,,,,,,,,,,
29/01/2019 01:00,66574.373,33%,,,,,,,,,,
29/01/2019 02:00,53040.851,27%,,,,,,,,,,
29/01/2019 03:00,44907.13,22%,,,,,,,,,,
29/01/2019 04:00,42379.186,21%,,,,,,,,,,
29/01/2019 05:00,44326.365,22%,,,,,,,,,,
29/01/2019 06:00,48150.835,24%,,,,,,,,,,
29/01/2019 07:00,52225.465,26%,,,,,,,,,,
29/01/2019 08:00,55012.048,28%,,,,,,,,,,
29/01/2019 09:00,52845.068,26%,,,,,,,,,,
29/01/2019 10:00,48300.203,24%,,,,,,,,,,
29/01/2019 11:00,51809.054,26%,,,,,,,,,,
29/01/2019 12:00,65551.325,33%,,,,,,,,,,
29/01/2019 13:00,62164.716,31%,,,,,,,,,,
29/01/2019 14:00,47495.817,24%,,,,,,,,,,
29/01/2019 15:00,38423.781,19%,,,,,,,,,,
29/01/2019 16:00,36329.627,18%,,,,,,,,,,
29/01/2019 17:00,42855.701,21%,,,,,,,,,,
29/01/2019 18:00,54877.501,27%,,,,,,,,,,
29/01/2019 19:00,59914.551,30%,,,,,,,,,,
29/01/2019 20:00,60811.585,30%,,,,,,,,,,
29/01/2019 21:00,60240.986,30%,,,,,,,,,,
29/01/2019 22:00,61734.615,31%,,,,,,,,,,
29/01/2019 23:00,61910.553,31%,,,,,,,,,,
30/01/2019 00:00,61066.798,31%,,,,,,,,,,
30/01/2019 01:00,58267.414,29%,,,,,,,,,,
30/01/2019 02:00,55716.558,28%,,,,,,,,,,
30/01/2019 03:00,50902.021,25%,,,,,,,,,,
30/01/2019 04:00,46585.769,23%,,,,,,,,,,
30/01/2019 05:00,41882.983,21%,,,,,,,,,,
30/01/2019 06:00,38349.6,19%,,,,,,,,,,
30/01/2019 07:00,35778.008,18%,,,,,,,,,,
30/01/2019 08:00,33408.923,17%,,,,,,,,,,
30/01/2019 09:00,25356.17,13%,,,,,,,,,,
30/01/2019 10:00,21322.063,11%,,,,,,,,,,
30/01/2019 11:00,23543.969,12%,,,,,,,,,,
30/01/2019 12:00,24095.094,12%,,,,,,,,,,
30/01/2019 13:00,22488.605,11%,,,,,,,,,,
30/01/2019 14:00,17557.617,9%,,,,,,,,,,
30/01/2019 15:00,14188.44,7%,,,,,,,,,,
30/01/2019 16:00,15014.715,8%,,,,,,,,,,
30/01/2019 17:00,15161.1,8%,,,,,,,,,,
30/01/2019 18:00,13522.816,7%,,,,,,,,,,
30/01/2019 19:00,10837.907,5%,,,,,,,,,,
30/01/2019 20:00,9013.754,5%,,,,,,,,,,
30/01/2019 21:00,8095.544,4%,,,,,,,,,,
30/01/2019 22:00,6181.439,3%,,,,,,,,,,
30/01/2019 23:00,3044.546,2%,,,,,,,,,,
31/01/2019 00:00,1343.377,1%,,,,,,,,,,
31/01/2019 01:00,1505.398,1%,,,,,,,,,,
31/01/2019 02:00,1671.468,1%,,,,,,,,,,
31/01/2019 03:00,2750.278,1%,,,,,,,,,,
31/01/2019 04:00,5746.038,3%,,,,,,,,,,
31/01/2019 05:00,8304.683,4%,,,,,,,,,,
31/01/2019 06:00,10821.593,5%,,,,,,,,,,
31/01/2019 07:00,14680.69,7%,,,,,,,,,,
31/01/2019 08:00,20778.346,10%,,,,,,,,,,
31/01/2019 09:00,31519.354,16%,,,,,,,,,,
31/01/2019 10:00,46223.333,23%,,,,,,,,,,
31/01/2019 11:00,63381.2,32%,,,,,,,,,,
31/01/2019 12:00,76527.062,38%,,,,,,,,,,
31/01/2019 13:00,77802.626,39%,,,,,,,,,,
31/01/2019 14:00,76268.021,38%,,,,,,,,,,
31/01/2019 15:00,83913.045,42%,,,,,,,,,,
31/01/2019 16:00,98635.076,49%,,,,,,,,,,
31/01/2019 17:00,111156.895,56%,,,,,,,,,,
31/01/2019 18:00,102063.22,51%,,,,,,,,,,
31/01/2019 19:00,97669.995,49%,,,,,,,,,,
31/01/2019 20:00,95741.531,48%,,,,,,,,,,
31/01/2019 21:00,92152.324,46%,,,,,,,,,,
31/01/2019 22:00,96505.853,48%,,,,,,,,,,
31/01/2019 23:00,95742.547,48%,,,,,,,,,,
01/02/2019 00:00,101477.243,51%,,,,,,,,,,
01/02/2019 01:00,98797.243,49%,,,,,,,,,,
01/02/2019 02:00,102227.178,51%,,,,,,,,,,
01/02/2019 03:00,105069.84,53%,,,,,,,,,,
01/02/2019 04:00,108867.2,54%,,,,,,,,,,
01/02/2019 05:00,109009.848,55%,,,,,,,,,,
01/02/2019 06:00,112573.556,56%,,,,,,,,,,
01/02/2019 07:00,118078.347,59%,,,,,,,,,,
01/02/2019 08:00,125550.775,63%,,,,,,,,,,
01/02/2019 09:00,115259.773,58%,,,,,,,,,,
01/02/2019 10:00,117909.587,59%,,,,,,,,,,
01/02/2019 11:00,129117.51,65%,,,,,,,,,,
01/02/2019 12:00,130293.869,65%,,,,,,,,,,
01/02/2019 13:00,124085.25,62%,,,,,,,,,,
01/02/2019 14:00,123575.854,62%,,,,,,,,,,
01/02/2019 15:00,124092.459,62%,,,,,,,,,,
01/02/2019 16:00,119205.305,60%,,,,,,,,,,
01/02/2019 17:00,109945.175,55%,,,,,,,,,,
01/02/2019 18:00,107916.356,54%,,,,,,,,,,
01/02/2019 19:00,104502.481,52%,,,,,,,,,,
01/02/2019 20:00,96963.027,48%,,,,,,,,,,
01/02/2019 21:00,93498.719,47%,,,,,,,,,,
01/02/2019 22:00,85005.424,43%,,,,,,,,,,
01/02/2019 23:00,78204.655,39%,,,,,,,,,,
02/02/2019 00:00,73388.381,37%,,,,,,,,,,
02/02/2019 01:00,74862.551,37%,,,,,,,,,,
02/02/2019 02:00,73775.158,37%,,,,,,,,,,
02/02/2019 03:00,67350.58,34%,,,,,,,,,,
02/02/2019 04:00,64524.666,32%,,,,,,,,,,
02/02/2019 05:00,71007.126,36%,,,,,,,,,,
02/02/2019 06:00,68646.67,34%,,,,,,,,,,
02/02/2019 07:00,63103.537,32%,,,,,,,,,,
02/02/2019 08:00,65771.648,33%,,,,,,,,,,
02/02/2019 09:00,60987.191,30%,,,,,,,,,,
02/02/2019 10:00,80318.038,40%,,,,,,,,,,
02/02/2019 11:00,94920.137,47%,,,,,,,,,,
02/02/2019 12:00,105753.902,53%,,,,,,,,,,
02/02/2019 13:00,112320.096,56%,,,,,,,,,,
02/02/2019 14:00,107043.365,54%,,,,,,,,,,
02/02/2019 15:00,105205.934,53%,,,,,,,,,,
02/02/2019 16:00,105577.534,53%,,,,,,,,,,
02/02/2019 17:00,100144.259,50%,,,,,,,,,,
02/02/2019 18:00,92694.752,46%,,,,,,,,,,
02/02/2019 19:00,89332.787,45%,,,,,,,,,,
02/02/2019 20:00,84945.056,42%,,,,,,,,,,
02/02/2019 21:00,82548.983,41%,,,,,,,,,,
02/02/2019 22:00,75784.114,38%,,,,,,,,,,
02/02/2019 23:00,62712.272,31%,,,,,,,,,,
03/02/2019 00:00,47488.981,24%,,,,,,,,,,
03/02/2019 01:00,36777.992,18%,,,,,,,,,,
03/02/2019 02:00,31536.482,16%,,,,,,,,,,
03/02/2019 03:00,28732.672,14%,,,,,,,,,,
03/02/2019 04:00,29572.715,15%,,,,,,,,,,
03/02/2019 05:00,31513.474,16%,,,,,,,,,,
03/02/2019 06:00,34409.162,17%,,,,,,,,,,
03/02/2019 07:00,40728.803,20%,,,,,,,,,,
03/02/2019 08:00,41298.837,21%,,,,,,,,,,
03/02/2019 09:00,30741.379,15%,,,,,,,,,,
03/02/2019 10:00,30257.379,15%,,,,,,,,,,
03/02/2019 11:00,46585.477,23%,,,,,,,,,,
03/02/2019 12:00,63679.155,32%,,,,,,,,,,
03/02/2019 13:00,75254.427,38%,,,,,,,,,,
03/02/2019 14:00,79104.968,40%,,,,,,,,,,
03/02/2019 15:00,95040.369,48%,,,,,,,,,,
03/02/2019 16:00,105092.721,53%,,,,,,,,,,
03/02/2019 17:00,100799.517,50%,,,,,,,,,,
03/02/2019 18:00,98217.806,49%,,,,,,,,,,
03/02/2019 19:00,92707.099,46%,,,,,,,,,,
03/02/2019 20:00,91883.833,46%,,,,,,,,,,
03/02/2019 21:00,93465.683,47%,,,,,,,,,,
03/02/2019 22:00,94238.112,47%,,,,,,,,,,
03/02/2019 23:00,116597.04,58%,,,,,,,,,,
04/02/2019 00:00,129401.687,65%,,,,,,,,,,
04/02/2019 01:00,139142.097,70%,,,,,,,,,,
04/02/2019 02:00,152414.103,76%,,,,,,,,,,
04/02/2019 03:00,157282.971,79%,,,,,,,,,,
04/02/2019 04:00,158440.239,79%,,,,,,,,,,
04/02/2019 05:00,159705.056,80%,,,,,,,,,,
04/02/2019 06:00,166991.05,83%,,,,,,,,,,
04/02/2019 07:00,147755.616,74%,,,,,,,,,,
04/02/2019 08:00,105822.903,53%,,,,,,,,,,
04/02/2019 09:00,74719.511,37%,,,,,,,,,,
04/02/2019 10:00,52498.949,26%,,,,,,,,,,
04/02/2019 11:00,41922.211,21%,,,,,,,,,,
04/02/2019 12:00,54400.093,27%,,,,,,,,,,
04/02/2019 13:00,52675.67,26%,,,,,,,,,,
04/02/2019 14:00,42834.564,21%,,,,,,,,,,
04/02/2019 15:00,40834.988,20%,,,,,,,,,,
04/02/2019 16:00,41900.902,21%,,,,,,,,,,
04/02/2019 17:00,32381.62,16%,,,,,,,,,,
04/02/2019 18:00,20855.918,10%,,,,,,,,,,
04/02/2019 19:00,13370.401,7%,,,,,,,,,,
04/02/2019 20:00,10208.465,5%,,,,,,,,,,
04/02/2019 21:00,8262.421,4%,,,,,,,,,,
04/02/2019 22:00,4551.279,2%,,,,,,,,,,
04/02/2019 23:00,2085.119,1%,,,,,,,,,,
05/02/2019 00:00,2018.454,1%,,,,,,,,,,
05/02/2019 01:00,5888.291,3%,,,,,,,,,,
05/02/2019 02:00,13304.266,7%,,,,,,,,,,
05/02/2019 03:00,18628.216,9%,,,,,,,,,,
05/02/2019 04:00,23128.636,12%,,,,,,,,,,
05/02/2019 05:00,28366.295,14%,,,,,,,,,,
05/02/2019 06:00,34583.03,17%,,,,,,,,,,
05/02/2019 07:00,41036.12,21%,,,,,,,,,,
05/02/2019 08:00,46144.813,23%,,,,,,,,,,
05/02/2019 09:00,49937.135,25%,,,,,,,,,,
05/02/2019 10:00,55841.358,28%,,,,,,,,,,
05/02/2019 11:00,70139.765,35%,,,,,,,,,,
05/02/2019 12:00,91330.378,46%,,,,,,,,,,
05/02/2019 13:00,108504.319,54%,,,,,,,,,,
05/02/2019 14:00,116598.882,58%,,,,,,,,,,
05/02/2019 15:00,122667.561,61%,,,,,,,,,,
05/02/2019 16:00,123902.922,62%,,,,,,,,,,
05/02/2019 17:00,133754.957,67%,,,,,,,,,,
05/02/2019 18:00,146922.874,73%,,,,,,,,,,
05/02/2019 19:00,151772.125,76%,,,,,,,,,,
05/02/2019 20:00,152552.498,76%,,,,,,,,,,
05/02/2019 21:00,142055.546,71%,,,,,,,,,,
05/02/2019 22:00,122557.864,61%,,,,,,,,,,
05/02/2019 23:00,124608.141,62%,,,,,,,,,,
06/02/2019 00:00,114221.364,57%,,,,,,,,,,
06/02/2019 01:00,86377.717,43%,,,,,,,,,,
06/02/2019 02:00,68124.919,34%,,,,,,,,,,
06/02/2019 03:00,61501.48,31%,,,,,,,,,,
06/02/2019 04:00,53675.54,27%,,,,,,,,,,
06/02/2019 05:00,40125.499,20%,,,,,,,,,,
06/02/2019 06:00,33367.112,17%,,,,,,,,,,
06/02/2019 07:00,33761.704,17%,,,,,,,,,,
06/02/2019 08:00,34253.912,17%,,,,,,,,,,
06/02/2019 09:00,31595.331,16%,,,,,,,,,,
06/02/2019 10:00,29348.882,15%,,,,,,,,,,
06/02/2019 11:00,38237.824,19%,,,,,,,,,,
06/02/2019 12:00,50384.695,25%,,,,,,,,,,
06/02/2019 13:00,50194.956,25%,,,,,,,,,,
06/02/2019 14:00,46058.509,23%,,,,,,,,,,
06/02/2019 15:00,50112.315,25%,,,,,,,,,,
06/02/2019 16:00,65216.807,33%,,,,,,,,,,
06/02/2019 17:00,77419.413,39%,,,,,,,,,,
06/02/2019 18:00,72347.705,36%,,,,,,,,,,
06/02/2019 19:00,65495.367,33%,,,,,,,,,,
06/02/2019 20:00,59994.33,30%,,,,,,,,,,
06/02/2019 21:00,55409.541,28%,,,,,,,,,,
06/02/2019 22:00,55915.17,28%,,,,,,,,,,
06/02/2019 23:00,58263.65,29%,,,,,,,,,,
07/02/2019 00:00,71530.753,36%,,,,,,,,,,
07/02/2019 01:00,101567.986,51%,,,,,,,,,,
07/02/2019 02:00,126315.815,63%,,,,,,,,,,
07/02/2019 03:00,161194.036,81%,,,,,,,,,,
07/02/2019 04:00,188918.071,94%,,,,,,,,,,
07/02/2019 05:00,192543.082,96%,,,,,,,,,,
07/02/2019 06:00,191626.625,96%,,,,,,,,,,
07/02/2019 07:00,191606.12,96%,,,,,,,,,,
07/02/2019 08:00,191384.192,96%,,,,,,,,,,
07/02/2019 09:00,190244.727,95%,,,,,,,,,,
07/02/2019 10:00,185866.997,93%,,,,,,,,,,
07/02/2019 11:00,177265.818,89%,,,,,,,,,,
07/02/2019 12:00,169030.144,85%,,,,,,,,,,
07/02/2019 13:00,161854.951,81%,,,,,,,,,,
07/02/2019 14:00,148766.723,74%,,,,,,,,,,
07/02/2019 15:00,132020.813,66%,,,,,,,,,,
07/02/2019 16:00,119728.993,60%,,,,,,,,,,
07/02/2019 17:00,104607.519,52%,,,,,,,,,,
07/02/2019 18:00,94573.223,47%,,,,,,,,,,
07/02/2019 19:00,95626.966,48%,,,,,,,,,,
07/02/2019 20:00,96397.973,48%,,,,,,,,,,
07/02/2019 21:00,100420.077,50%,,,,,,,,,,
07/02/2019 22:00,99499.679,50%,,,,,,,,,,
07/02/2019 23:00,106429.779,53%,,,,,,,,,,
08/02/2019 00:00,121045.954,61%,,,,,,,,,,
08/02/2019 01:00,127310.958,64%,,,,,,,,,,
08/02/2019 02:00,135366.17,68%,,,,,,,,,,
08/02/2019 03:00,141989.782,71%,,,,,,,,,,
08/02/2019 04:00,148339.379,74%,,,,,,,,,,
08/02/2019 05:00,156537.818,78%,,,,,,,,,,
08/02/2019 06:00,172965.891,86%,,,,,,,,,,
08/02/2019 07:00,181978.21,91%,,,,,,,,,,
08/02/2019 08:00,187141.538,94%,,,,,,,,,,
08/02/2019 09:00,192157.571,96%,,,,,,,,,,
08/02/2019 10:00,195628.276,98%,,,,,,,,,,
08/02/2019 11:00,196957.945,98%,,,,,,,,,,
08/02/2019 12:00,197100.036,99%,,,,,,,,,,
08/02/2019 13:00,194269.635,97%,,,,,,,,,,
08/02/2019 14:00,188561.486,94%,,,,,,,,,,
08/02/2019 15:00,184102.086,92%,,,,,,,,,,
08/02/2019 16:00,178721.4,89%,,,,,,,,,,
08/02/2019 17:00,176013.453,88%,,,,,,,,,,
08/02/2019 18:00,175355.659,88%,,,,,,,,,,
08/02/2019 19:00,172544.753,86%,,,,,,,,,,
08/02/2019 20:00,169702.305,85%,,,,,,,,,,
08/02/2019 21:00,169034.558,85%,,,,,,,,,,
08/02/2019 22:00,169932.489,85%,,,,,,,,,,
08/02/2019 23:00,172806.057,86%,,,,,,,,,,
09/02/2019 00:00,179352.097,90%,,,,,,,,,,
09/02/2019 01:00,185689.222,93%,,,,,,,,,,
09/02/2019 02:00,191957.112,96%,,,,,,,,,,
09/02/2019 03:00,195643.216,98%,,,,,,,,,,
09/02/2019 04:00,196826.469,98%,,,,,,,,,,
09/02/2019 05:00,196854.166,98%,,,,,,,,,,
09/02/2019 06:00,196523.196,98%,,,,,,,,,,
09/02/2019 07:00,195729.951,98%,,,,,,,,,,
09/02/2019 08:00,193755.782,97%,,,,,,,,,,
09/02/2019 09:00,191466.446,96%,,,,,,,,,,
09/02/2019 10:00,189329.468,95%,,,,,,,,,,
09/02/2019 11:00,187459.061,94%,,,,,,,,,,
09/02/2019 12:00,184421.404,92%,,,,,,,,,,
09/02/2019 13:00,177593.485,89%,,,,,,,,,,
09/02/2019 14:00,164831.668,82%,,,,,,,,,,
09/02/2019 15:00,146688.411,73%,,,,,,,,,,
09/02/2019 16:00,132701.506,66%,,,,,,,,,,
09/02/2019 17:00,106429.425,53%,,,,,,,,,,
09/02/2019 18:00,94014.323,47%,,,,,,,,,,
09/02/2019 19:00,90778.236,45%,,,,,,,,,,
09/02/2019 20:00,82548.534,41%,,,,,,,,,,
09/02/2019 21:00,74694.197,37%,,,,,,,,,,
09/02/2019 22:00,65038.86,33%,,,,,,,,,,
09/02/2019 23:00,52296.365,26%,,,,,,,,,,
10/02/2019 00:00,42744.759,21%,,,,,,,,,,
10/02/2019 01:00,39217.719,20%,,,,,,,,,,
10/02/2019 02:00,38299.802,19%,,,,,,,,,,
10/02/2019 03:00,36282.639,18%,,,,,,,,,,
10/02/2019 04:00,33489.457,17%,,,,,,,,,,
10/02/2019 05:00,33550.165,17%,,,,,,,,,,
10/02/2019 06:00,41380.061,21%,,,,,,,,,,
10/02/2019 07:00,50493.736,25%,,,,,,,,,,
10/02/2019 08:00,59943.592,30%,,,,,,,,,,
10/02/2019 09:00,73696.988,37%,,,,,,,,,,
10/02/2019 10:00,95604.595,48%,,,,,,,,,,
10/02/2019 11:00,128327.213,64%,,,,,,,,,,
10/02/2019 12:00,150005.143,75%,,,,,,,,,,
10/02/2019 13:00,157136.046,79%,,,,,,,,,,
10/02/2019 14:00,153288.059,77%,,,,,,,,,,
10/02/2019 15:00,139562.302,70%,,,,,,,,,,
10/02/2019 16:00,123899.423,62%,,,,,,,,,,
10/02/2019 17:00,109437.209,55%,,,,,,,,,,
10/02/2019 18:00,89687.276,45%,,,,,,,,,,
10/02/2019 19:00,87985.953,44%,,,,,,,,,,
10/02/2019 20:00,86900.587,43%,,,,,,,,,,
10/02/2019 21:00,82645.288,41%,,,,,,,,,,
10/02/2019 22:00,79874.896,40%,,,,,,,,,,
10/02/2019 23:00,84818.623,42%,,,,,,,,,,
11/02/2019 00:00,73386.775,37%,,,,,,,,,,
11/02/2019 01:00,72849.126,36%,,,,,,,,,,
11/02/2019 02:00,70495.833,35%,,,,,,,,,,
11/02/2019 03:00,68333.806,34%,,,,,,,,,,
11/02/2019 04:00,78697.102,39%,,,,,,,,,,
11/02/2019 05:00,88227.295,44%,,,,,,,,,,
11/02/2019 06:00,88672.889,44%,,,,,,,,,,
11/02/2019 07:00,85079.331,43%,,,,,,,,,,
11/02/2019 08:00,66231.173,33%,,,,,,,,,,
11/02/2019 09:00,40827.158,20%,,,,,,,,,,
11/02/2019 10:00,39804.484,20%,,,,,,,,,,
11/02/2019 11:00,30336.853,15%,,,,,,,,,,
11/02/2019 12:00,16030.531,8%,,,,,,,,,,
11/02/2019 13:00,8319.763,4%,,,,,,,,,,
11/02/2019 14:00,4404.496,2%,,,,,,,,,,
11/02/2019 15:00,3997.233,2%,,,,,,,,,,
11/02/2019 16:00,6115.188,3%,,,,,,,,,,
11/02/2019 17:00,10751.921,5%,,,,,,,,,,
11/02/2019 18:00,17437.124,9%,,,,,,,,,,
11/02/2019 19:00,24430.398,12%,,,,,,,,,,
11/02/2019 20:00,33836.845,17%,,,,,,,,,,
11/02/2019 21:00,40894.007,20%,,,,,,,,,,
11/02/2019 22:00,44249.237,22%,,,,,,,,,,
11/02/2019 23:00,48519.981,24%,,,,,,,,,,
12/02/2019 00:00,54738.403,27%,,,,,,,,,,
12/02/2019 01:00,56772.285,28%,,,,,,,,,,
12/02/2019 02:00,46648.507,23%,,,,,,,,,,
12/02/2019 03:00,35246.164,18%,,,,,,,,,,
12/02/2019 04:00,30875.958,15%,,,,,,,,,,
12/02/2019 05:00,32870.087,16%,,,,,,,,,,
12/02/2019 06:00,40005.893,20%,,,,,,,,,,
12/02/2019 07:00,49048.273,25%,,,,,,,,,,
12/02/2019 08:00,50554.668,25%,,,,,,,,,,
12/02/2019 09:00,50975.722,25%,,,,,,,,,,
12/02/2019 10:00,60993.144,30%,,,,,,,,,,
12/02/2019 11:00,78204.908,39%,,,,,,,,,,
12/02/2019 12:00,87054.508,44%,,,,,,,,,,
12/02/2019 13:00,84460.019,42%,,,,,,,,,,
12/02/2019 14:00,76744.996,38%,,,,,,,,,,
12/02/2019 15:00,76124.347,38%,,,,,,,,,,
12/02/2019 16:00,82003.016,41%,,,,,,,,,,
12/02/2019 17:00,88299.527,44%,,,,,,,,,,
12/02/2019 18:00,83916.611,42%,,,,,,,,,,
12/02/2019 19:00,83059.717,42%,,,,,,,,,,
12/02/2019 20:00,80217.315,40%,,,,,,,,,,
12/02/2019 21:00,76275.456,38%,,,,,,,,,,
12/02/2019 22:00,72971.594,36%,,,,,,,,,,
12/02/2019 23:00,68642.404,34%,,,,,,,,,,
13/02/2019 00:00,62900.022,31%,,,,,,,,,,
13/02/2019 01:00,57998.405,29%,,,,,,,,,,
13/02/2019 02:00,56581.534,28%,,,,,,,,,,
13/02/2019 03:00,56763.131,28%,,,,,,,,,,
13/02/2019 04:00,60488.819,30%,,,,,,,,,,
13/02/2019 05:00,59763.061,30%,,,,,,,,,,
13/02/2019 06:00,60996.305,30%,,,,,,,,,,
13/02/2019 07:00,62923.046,31%,,,,,,,,,,
13/02/2019 08:00,68704.407,34%,,,,,,,,,,
13/02/2019 09:00,68493.981,34%,,,,,,,,,,
13/02/2019 10:00,95190.083,48%,,,,,,,,,,
13/02/2019 11:00,109318.815,55%,,,,,,,,,,
13/02/2019 12:00,108779.627,54%,,,,,,,,,,
13/02/2019 13:00,105841.8,53%,,,,,,,,,,
13/02/2019 14:00,99625.006,50%,,,,,,,,,,
13/02/2019 15:00,89645.346,45%,,,,,,,,,,
13/02/2019 16:00,87755.564,44%,,,,,,,,,,
13/02/2019 17:00,98525.504,49%,,,,,,,,,,
13/02/2019 18:00,97667.082,49%,,,,,,,,,,
13/02/2019 19:00,89847.711,45%,,,,,,,,,,
13/02/2019 20:00,74403.626,37%,,,,,,,,,,
13/02/2019 21:00,69182.887,35%,,,,,,,,,,
13/02/2019 22:00,55435.805,28%,,,,,,,,,,
13/02/2019 23:00,53020.377,27%,,,,,,,,,,
14/02/2019 00:00,52098.133,26%,,,,,,,,,,
14/02/2019 01:00,52278.32,26%,,,,,,,,,,
14/02/2019 02:00,46139.764,23%,,,,,,,,,,
14/02/2019 03:00,40165.549,20%,,,,,,,,,,
14/02/2019 04:00,33334.334,17%,,,,,,,,,,
14/02/2019 05:00,26989.425,13%,,,,,,,,,,
14/02/2019 06:00,22462.095,11%,,,,,,,,,,
14/02/2019 07:00,22171.087,11%,,,,,,,,,,
14/02/2019 08:00,23468.199,12%,,,,,,,,,,
14/02/2019 09:00,25127.379,13%,,,,,,,,,,
14/02/2019 10:00,30921.677,15%,,,,,,,,,,
14/02/2019 11:00,32795.446,16%,,,,,,,,,,
14/02/2019 12:00,34935.703,17%,,,,,,,,,,
14/02/2019 13:00,39119.748,20%,,,,,,,,,,
14/02/2019 14:00,39081.977,20%,,,,,,,,,,
14/02/2019 15:00,36918.071,18%,,,,,,,,,,
14/02/2019 16:00,48602.808,24%,,,,,,,,,,
14/02/2019 17:00,66037.966,33%,,,,,,,,,,
14/02/2019 18:00,79560.462,40%,,,,,,,,,,
14/02/2019 19:00,87401.57,44%,,,,,,,,,,
14/02/2019 20:00,89403.954,45%,,,,,,,,,,
14/02/2019 21:00,85476.678,43%,,,,,,,,,,
14/02/2019 22:00,67849.972,34%,,,,,,,,,,
14/02/2019 23:00,50189.121,25%,,,,,,,,,,
15/02/2019 00:00,40982.525,20%,,,,,,,,,,
15/02/2019 01:00,36562.985,18%,,,,,,,,,,
15/02/2019 02:00,37317.29,19%,,,,,,,,,,
15/02/2019 03:00,36277.011,18%,,,,,,,,,,
15/02/2019 04:00,35913.263,18%,,,,,,,,,,
15/02/2019 05:00,37843.777,19%,,,,,,,,,,
15/02/2019 06:00,38638.062,19%,,,,,,,,,,
15/02/2019 07:00,40172.975,20%,,,,,,,,,,
15/02/2019 08:00,46061.399,23%,,,,,,,,,,
15/02/2019 09:00,49565.739,25%,,,,,,,,,,
15/02/2019 10:00,54191.988,27%,,,,,,,,,,
15/02/2019 11:00,59523.758,30%,,,,,,,,,,
15/02/2019 12:00,72856.698,36%,,,,,,,,,,
15/02/2019 13:00,81207.823,41%,,,,,,,,,,
15/02/2019 14:00,81124.473,41%,,,,,,,,,,
15/02/2019 15:00,79701.447,40%,,,,,,,,,,
15/02/2019 16:00,97154.861,49%,,,,,,,,,,
15/02/2019 17:00,118721.221,59%,,,,,,,,,,
15/02/2019 18:00,117330.096,59%,,,,,,,,,,
15/02/2019 19:00,109406.715,55%,,,,,,,,,,
15/02/2019 20:00,97669.461,49%,,,,,,,,,,
15/02/2019 21:00,93944.107,47%,,,,,,,,,,
15/02/2019 22:00,91667.185,46%,,,,,,,,,,
15/02/2019 23:00,86009.799,43%,,,,,,,,,,
16/02/2019 00:00,79933.373,40%,,,,,,,,,,
16/02/2019 01:00,81244.572,41%,,,,,,,,,,
16/02/2019 02:00,69572.583,35%,,,,,,,,,,
16/02/2019 03:00,66380.863,33%,,,,,,,,,,
16/02/2019 04:00,58762.034,29%,,,,,,,,,,
16/02/2019 05:00,59399.155,30%,,,,,,,,,,
16/02/2019 06:00,62325.962,31%,,,,,,,,,,
16/02/2019 07:00,60996.066,30%,,,,,,,,,,
16/02/2019 08:00,54363.992,27%,,,,,,,,,,
16/02/2019 09:00,50977.396,25%,,,,,,,,,,
16/02/2019 10:00,79325.598,40%,,,,,,,,,,
16/02/2019 11:00,93257.309,47%,,,,,,,,,,
16/02/2019 12:00,107514.617,54%,,,,,,,,,,
16/02/2019 13:00,112793.832,56%,,,,,,,,,,
16/02/2019 14:00,103158.771,52%,,,,,,,,,,
16/02/2019 15:00,98221.074,49%,,,,,,,,,,
16/02/2019 16:00,105069.989,53%,,,,,,,,,,
16/02/2019 17:00,116813.074,58%,,,,,,,,,,
16/02/2019 18:00,113597.073,57%,,,,,,,,,,
16/02/2019 19:00,109406.661,55%,,,,,,,,,,
16/02/2019 20:00,108422.376,54%,,,,,,,,,,
16/02/2019 21:00,106971.059,53%,,,,,,,,,,
16/02/2019 22:00,107401.152,54%,,,,,,,,,,
16/02/2019 23:00,117123.71,59%,,,,,,,,,,
17/02/2019 00:00,115544.225,58%,,,,,,,,,,
17/02/2019 01:00,107864.278,54%,,,,,,,,,,
17/02/2019 02:00,99393.703,50%,,,,,,,,,,
17/02/2019 03:00,104523.79,52%,,,,,,,,,,
17/02/2019 04:00,104501.076,52%,,,,,,,,,,
17/02/2019 05:00,112100.578,56%,,,,,,,,,,
17/02/2019 06:00,109489.178,55%,,,,,,,,,,
17/02/2019 07:00,114750.87,57%,,,,,,,,,,
17/02/2019 08:00,120245.339,60%,,,,,,,,,,
17/02/2019 09:00,117121.605,59%,,,,,,,,,,
17/02/2019 10:00,118806.642,59%,,,,,,,,,,
17/02/2019 11:00,125177.788,63%,,,,,,,,,,
17/02/2019 12:00,136911.425,68%,,,,,,,,,,
17/02/2019 13:00,144506.097,72%,,,,,,,,,,
17/02/2019 14:00,142339.097,71%,,,,,,,,,,
17/02/2019 15:00,123874.33,62%,,,,,,,,,,
17/02/2019 16:00,114751.905,57%,,,,,,,,,,
17/02/2019 17:00,111586.209,56%,,,,,,,,,,
17/02/2019 18:00,107514.62,54%,,,,,,,,,,
17/02/2019 19:00,106972.993,53%,,,,,,,,,,
17/02/2019 20:00,110483.427,55%,,,,,,,,,,
17/02/2019 21:00,94556.271,47%,,,,,,,,,,
17/02/2019 22:00,87146.22,44%,,,,,,,,,,
17/02/2019 23:00,86919.48,43%,,,,,,,,,,
18/02/2019 00:00,83085.414,42%,,,,,,,,,,
18/02/2019 01:00,77137.502,39%,,,,,,,,,,
18/02/2019 02:00,77047.587,39%,,,,,,,,,,
18/02/2019 03:00,78207.424,39%,,,,,,,,,,
18/02/2019 04:00,72856.463,36%,,,,,,,,,,
18/02/2019 05:00,71520.668,36%,,,,,,,,,,
18/02/2019 06:00,69441.218,35%,,,,,,,,,,
18/02/2019 07:00,70080.892,35%,,,,,,,,,,
18/02/2019 08:00,68777.151,34%,,,,,,,,,,
18/02/2019 09:00,72078.366,36%,,,,,,,,,,
18/02/2019 10:00,90778.695,45%,,,,,,,,,,
18/02/2019 11:00,98231.242,49%,,,,,,,,,,
18/02/2019 12:00,97648.64,49%,,,,,,,,,,
18/02/2019 13:00,95894.042,48%,,,,,,,,,,
18/02/2019 14:00,93645.512,47%,,,,,,,,,,
18/02/2019 15:00,92472.076,46%,,,,,,,,,,
18/02/2019 16:00,94136.304,47%,,,,,,,,,,
18/02/2019 17:00,107514.97,54%,,,,,,,,,,
18/02/2019 18:00,116076.631,58%,,,,,,,,,,
18/02/2019 19:00,108180.367,54%,,,,,,,,,,
18/02/2019 20:00,100303.645,50%,,,,,,,,,,
18/02/2019 21:00,101128.44,51%,,,,,,,,,,
18/02/2019 22:00,98771.38,49%,,,,,,,,,,
18/02/2019 23:00,95586.239,48%,,,,,,,,,,
19/02/2019 00:00,85011.2,43%,,,,,,,,,,
19/02/2019 01:00,75567.861,38%,,,,,,,,,,
19/02/2019 02:00,74711.278,37%,,,,,,,,,,
19/02/2019 03:00,72668.412,36%,,,,,,,,,,
19/02/2019 04:00,76430.916,38%,,,,,,,,,,
19/02/2019 05:00,82864.96,41%,,,,,,,,,,
19/02/2019 06:00,81346.066,41%,,,,,,,,,,
19/02/2019 07:00,68125.122,34%,,,,,,,,,,
19/02/2019 08:00,53288.922,27%,,,,,,,,,,
19/02/2019 09:00,54019.632,27%,,,,,,,,,,
19/02/2019 10:00,67536.79,34%,,,,,,,,,,
19/02/2019 11:00,82545.863,41%,,,,,,,,,,
19/02/2019 12:00,92706.402,46%,,,,,,,,,,
19/02/2019 13:00,100438.434,50%,,,,,,,,,,
19/02/2019 14:00,101184.311,51%,,,,,,,,,,
19/02/2019 15:00,88953.311,44%,,,,,,,,,,
19/02/2019 16:00,86876.433,43%,,,,,,,,,,
19/02/2019 17:00,90781.584,45%,,,,,,,,,,
19/02/2019 18:00,85728.542,43%,,,,,,,,,,
19/02/2019 19:00,84973.962,42%,,,,,,,,,,
19/02/2019 20:00,89421.036,45%,,,,,,,,,,
19/02/2019 21:00,93649.024,47%,,,,,,,,,,
19/02/2019 22:00,96290.384,48%,,,,,,,,,,
19/02/2019 23:00,97958.607,49%,,,,,,,,,,
20/02/2019 00:00,97670.292,49%,,,,,,,,,,
20/02/2019 01:00,96974.977,48%,,,,,,,,,,
20/02/2019 02:00,96121.247,48%,,,,,,,,,,
20/02/2019 03:00,96419.309,48%,,,,,,,,,,
20/02/2019 04:00,98941.172,49%,,,,,,,,,,
20/02/2019 05:00,96842.514,48%,,,,,,,,,,
20/02/2019 06:00,95060.804,48%,,,,,,,,,,
20/02/2019 07:00,89318.779,45%,,,,,,,,,,
20/02/2019 08:00,94031.722,47%,,,,,,,,,,
20/02/2019 09:00,100728.311,50%,,,,,,,,,,
20/02/2019 10:00,133752.254,67%,,,,,,,,,,
20/02/2019 11:00,143957.204,72%,,,,,,,,,,
20/02/2019 12:00,142049.159,71%,,,,,,,,,,
20/02/2019 13:00,138888.273,69%,,,,,,,,,,
20/02/2019 14:00,132217.927,66%,,,,,,,,,,
20/02/2019 15:00,121153.413,61%,,,,,,,,,,
20/02/2019 16:00,117650.809,59%,,,,,,,,,,
20/02/2019 17:00,113158.331,57%,,,,,,,,,,
20/02/2019 18:00,106255.021,53%,,,,,,,,,,
20/02/2019 19:00,109945.274,55%,,,,,,,,,,
20/02/2019 20:00,98768.429,49%,,,,,,,,,,
20/02/2019 21:00,88988.745,44%,,,,,,,,,,
20/02/2019 22:00,90781.689,45%,,,,,,,,,,
20/02/2019 23:00,82547.451,41%,,,,,,,,,,
21/02/2019 00:00,80017.682,40%,,,,,,,,,,
21/02/2019 01:00,81458.252,41%,,,,,,,,,,
21/02/2019 02:00,86316.655,43%,,,,,,,,,,
21/02/2019 03:00,87177.091,44%,,,,,,,,,,
21/02/2019 04:00,86380.271,43%,,,,,,,,,,
21/02/2019 05:00,85550.144,43%,,,,,,,,,,
21/02/2019 06:00,83395.681,42%,,,,,,,,,,
21/02/2019 07:00,76177.857,38%,,,,,,,,,,
21/02/2019 08:00,65398.221,33%,,,,,,,,,,
21/02/2019 09:00,75762.448,38%,,,,,,,,,,
21/02/2019 10:00,91328.913,46%,,,,,,,,,,
21/02/2019 11:00,85352.449,43%,,,,,,,,,,
21/02/2019 12:00,74558.18,37%,,,,,,,,,,
21/02/2019 13:00,65994.078,33%,,,,,,,,,,
21/02/2019 14:00,55602.394,28%,,,,,,,,,,
21/02/2019 15:00,44610.578,22%,,,,,,,,,,
21/02/2019 16:00,43598.45,22%,,,,,,,,,,
21/02/2019 17:00,54886.2,27%,,,,,,,,,,
21/02/2019 18:00,70586.143,35%,,,,,,,,,,
21/02/2019 19:00,85365.849,43%,,,,,,,,,,
21/02/2019 20:00,90081.134,45%,,,,,,,,,,
21/02/2019 21:00,84462.043,42%,,,,,,,,,,
21/02/2019 22:00,71176.018,36%,,,,,,,,,,
21/02/2019 23:00,56392.438,28%,,,,,,,,,,
22/02/2019 00:00,43965.376,22%,,,,,,,,,,
22/02/2019 01:00,35536.166,18%,,,,,,,,,,
22/02/2019 02:00,29398.099,15%,,,,,,,,,,
22/02/2019 03:00,23700.167,12%,,,,,,,,,,
22/02/2019 04:00,20463.418,10%,,,,,,,,,,
22/02/2019 05:00,22228.592,11%,,,,,,,,,,
22/02/2019 06:00,21538.757,11%,,,,,,,,,,
22/02/2019 07:00,21693.676,11%,,,,,,,,,,
22/02/2019 08:00,23518.039,12%,,,,,,,,,,
22/02/2019 09:00,24895.698,12%,,,,,,,,,,
22/02/2019 10:00,25425.075,13%,,,,,,,,,,
22/02/2019 11:00,28798.395,14%,,,,,,,,,,
22/02/2019 12:00,36117.449,18%,,,,,,,,,,
22/02/2019 13:00,41266.4,21%,,,,,,,,,,
22/02/2019 14:00,48808.025,24%,,,,,,,,,,
22/02/2019 15:00,54879.763,27%,,,,,,,,,,
22/02/2019 16:00,64817.609,32%,,,,,,,,,,
22/02/2019 17:00,80100.046,40%,,,,,,,,,,
22/02/2019 18:00,90633.264,45%,,,,,,,,,,
22/02/2019 19:00,97018.181,49%,,,,,,,,,,
22/02/2019 20:00,94462.781,47%,,,,,,,,,,
22/02/2019 21:00,84445.859,42%,,,,,,,,,,
22/02/2019 22:00,77665.025,39%,,,,,,,,,,
22/02/2019 23:00,73283.116,37%,,,,,,,,,,
23/02/2019 00:00,67234.569,34%,,,,,,,,,,
23/02/2019 01:00,65033.353,33%,,,,,,,,,,
23/02/2019 02:00,59991.711,30%,,,,,,,,,,
23/02/2019 03:00,54625.316,27%,,,,,,,,,,
23/02/2019 04:00,53268.851,27%,,,,,,,,,,
23/02/2019 05:00,50419.858,25%,,,,,,,,,,
23/02/2019 06:00,49148.186,25%,,,,,,,,,,
23/02/2019 07:00,47798.694,24%,,,,,,,,,,
23/02/2019 08:00,43959.157,22%,,,,,,,,,,
23/02/2019 09:00,44311.892,22%,,,,,,,,,,
23/02/2019 10:00,56344.151,28%,,,,,,,,,,
23/02/2019 11:00,59247.006,30%,,,,,,,,,,
23/02/2019 12:00,58765.069,29%,,,,,,,,,,
23/02/2019 13:00,56967.926,28%,,,,,,,,,,
23/02/2019 14:00,50639.925,25%,,,,,,,,,,
23/02/2019 15:00,39738.883,20%,,,,,,,,,,
23/02/2019 16:00,38075.434,19%,,,,,,,,,,
23/02/2019 17:00,41049.834,21%,,,,,,,,,,
23/02/2019 18:00,41326.108,21%,,,,,,,,,,
23/02/2019 19:00,39493.779,20%,,,,,,,,,,
23/02/2019 20:00,35716.05,18%,,,,,,,,,,
23/02/2019 21:00,30443.307,15%,,,,,,,,,,
23/02/2019 22:00,25528.273,13%,,,,,,,,,,
23/02/2019 23:00,19414.137,10%,,,,,,,,,,
24/02/2019 00:00,11039.164,6%,,,,,,,,,,
24/02/2019 01:00,3894.251,2%,,,,,,,,,,
24/02/2019 02:00,925.968,0%,,,,,,,,,,
24/02/2019 03:00,551.548,0%,,,,,,,,,,
24/02/2019 04:00,2027.002,1%,,,,,,,,,,
24/02/2019 05:00,4202.008,2%,,,,,,,,,,
24/02/2019 06:00,5563.96,3%,,,,,,,,,,
24/02/2019 07:00,6114.948,3%,,,,,,,,,,
24/02/2019 08:00,4595.151,2%,,,,,,,,,,
24/02/2019 09:00,3830.192,2%,,,,,,,,,,
24/02/2019 10:00,7136.801,4%,,,,,,,,,,
24/02/2019 11:00,11557.412,6%,,,,,,,,,,
24/02/2019 12:00,16762.191,8%,,,,,,,,,,
24/02/2019 13:00,18353.929,9%,,,,,,,,,,
24/02/2019 14:00,18122.797,9%,,,,,,,,,,
24/02/2019 15:00,18269.324,9%,,,,,,,,,,
24/02/2019 16:00,22623.514,11%,,,,,,,,,,
24/02/2019 17:00,28138.283,14%,,,,,,,,,,
24/02/2019 18:00,30914.573,15%,,,,,,,,,,
24/02/2019 19:00,31302.88,16%,,,,,,,,,,
24/02/2019 20:00,36224.098,18%,,,,,,,,,,
24/02/2019 21:00,45482.08,23%,,,,,,,,,,
24/02/2019 22:00,51810.011,26%,,,,,,,,,,
24/02/2019 23:00,50364.16,25%,,,,,,,,,,
25/02/2019 00:00,43085.454,22%,,,,,,,,,,
25/02/2019 01:00,34289.245,17%,,,,,,,,,,
25/02/2019 02:00,27992.911,14%,,,,,,,,,,
25/02/2019 03:00,26418.446,13%,,,,,,,,,,
25/02/2019 04:00,27409.673,14%,,,,,,,,,,
25/02/2019 05:00,27501.512,14%,,,,,,,,,,
25/02/2019 06:00,27345.465,14%,,,,,,,,,,
25/02/2019 07:00,27356.94,14%,,,,,,,,,,
25/02/2019 08:00,18905.319,9%,,,,,,,,,,
25/02/2019 09:00,9834.675,5%,,,,,,,,,,
25/02/2019 10:00,7053.455,4%,,,,,,,,,,
25/02/2019 11:00,9855.241,5%,,,,,,,,,,
25/02/2019 12:00,29456.612,15%,,,,,,,,,,
25/02/2019 13:00,32879.732,16%,,,,,,,,,,
25/02/2019 14:00,32599.848,16%,,,,,,,,,,
25/02/2019 15:00,29474.052,15%,,,,,,,,,,
25/02/2019 16:00,33485.79,17%,,,,,,,,,,
25/02/2019 17:00,36260.566,18%,,,,,,,,,,
25/02/2019 18:00,37256.431,19%,,,,,,,,,,
25/02/2019 19:00,38405.543,19%,,,,,,,,,,
25/02/2019 20:00,41480.759,21%,,,,,,,,,,
25/02/2019 21:00,45048.532,23%,,,,,,,,,,
25/02/2019 22:00,47225.861,24%,,,,,,,,,,
25/02/2019 23:00,46741.863,23%,,,,,,,,,,
26/02/2019 00:00,41596.735,21%,,,,,,,,,,
26/02/2019 01:00,32695.879,16%,,,,,,,,,,
26/02/2019 02:00,22678.742,11%,,,,,,,,,,
26/02/2019 03:00,15286.912,8%,,,,,,,,,,
26/02/2019 04:00,10366.166,5%,,,,,,,,,,
26/02/2019 05:00,7474.924,4%,,,,,,,,,,
26/02/2019 06:00,7760.122,4%,,,,,,,,,,
26/02/2019 07:00,10815.929,5%,,,,,,,,,,
26/02/2019 08:00,11941.146,6%,,,,,,,,,,
26/02/2019 09:00,6722.706,3%,,,,,,,,,,
26/02/2019 10:00,3896.165,2%,,,,,,,,,,
26/02/2019 11:00,4552.396,2%,,,,,,,,,,
26/02/2019 12:00,20425.049,10%,,,,,,,,,,
26/02/2019 13:00,24595.372,12%,,,,,,,,,,
26/02/2019 14:00,25011.521,13%,,,,,,,,,,
26/02/2019 15:00,23434.802,12%,,,,,,,,,,
26/02/2019 16:00,27772.635,14%,,,,,,,,,,
26/02/2019 17:00,32559.491,16%,,,,,,,,,,
26/02/2019 18:00,38063.483,19%,,,,,,,,,,
26/02/2019 19:00,43843.618,22%,,,,,,,,,,
26/02/2019 20:00,48188.09,24%,,,,,,,,,,
26/02/2019 21:00,53923.043,27%,,,,,,,,,,
26/02/2019 22:00,59999.433,30%,,,,,,,,,,
26/02/2019 23:00,62788.338,31%,,,,,,,,,,
27/02/2019 00:00,60621.116,30%,,,,,,,,,,
27/02/2019 01:00,53447.909,27%,,,,,,,,,,
27/02/2019 02:00,39481.053,20%,,,,,,,,,,
27/02/2019 03:00,26987.583,13%,,,,,,,,,,
27/02/2019 04:00,18743.398,9%,,,,,,,,,,
27/02/2019 05:00,12821.321,6%,,,,,,,,,,
27/02/2019 06:00,9491.425,5%,,,,,,,,,,
27/02/2019 07:00,7142.028,4%,,,,,,,,,,
27/02/2019 08:00,5530.204,3%,,,,,,,,,,
27/02/2019 09:00,4522.963,2%,,,,,,,,,,
27/02/2019 10:00,5475.538,3%,,,,,,,,,,
27/02/2019 11:00,8267.665,4%,,,,,,,,,,
27/02/2019 12:00,11106.055,6%,,,,,,,,,,
27/02/2019 13:00,13319.11,7%,,,,,,,,,,
27/02/2019 14:00,12441.587,6%,,,,,,,,,,
27/02/2019 15:00,11015.042,6%,,,,,,,,,,
27/02/2019 16:00,11732.601,6%,,,,,,,,,,
27/02/2019 17:00,14883.182,7%,,,,,,,,,,
27/02/2019 18:00,21148.968,11%,,,,,,,,,,
27/02/2019 19:00,29092.872,15%,,,,,,,,,,
27/02/2019 20:00,34014.083,17%,,,,,,,,,,
27/02/2019 21:00,33449.172,17%,,,,,,,,,,
27/02/2019 22:00,29267.691,15%,,,,,,,,,,
27/02/2019 23:00,26132.127,13%,,,,,,,,,,
28/02/2019 00:00,24200.418,12%,,,,,,,,,,
28/02/2019 01:00,22158.276,11%,,,,,,,,,,
28/02/2019 02:00,21073.248,11%,,,,,,,,,,
28/02/2019 03:00,23542.298,12%,,,,,,,,,,
28/02/2019 04:00,28994.401,14%,,,,,,,,,,
28/02/2019 05:00,32302.137,16%,,,,,,,,,,
28/02/2019 06:00,26593.915,13%,,,,,,,,,,
28/02/2019 07:00,25671.084,13%,,,,,,,,,,
28/02/2019 08:00,24732.963,12%,,,,,,,,,,
28/02/2019 09:00,22862.322,11%,,,,,,,,,,
28/02/2019 10:00,21370.285,11%,,,,,,,,,,
28/02/2019 11:00,21026.014,11%,,,,,,,,,,
28/02/2019 12:00,21120.825,11%,,,,,,,,,,
28/02/2019 13:00,25342.653,13%,,,,,,,,,,
28/02/2019 14:00,32182.9,16%,,,,,,,,,,
28/02/2019 15:00,33480.688,17%,,,,,,,,,,
28/02/2019 16:00,35420.154,18%,,,,,,,,,,
28/02/2019 17:00,43732.808,22%,,,,,,,,,,
28/02/2019 18:00,48046.429,24%,,,,,,,,,,
28/02/2019 19:00,49590.026,25%,,,,,,,,,,
28/02/2019 20:00,49687.043,25%,,,,,,,,,,
28/02/2019 21:00,48917.356,24%,,,,,,,,,,
28/02/2019 22:00,46506.224,23%,,,,,,,,,,
28/02/2019 23:00,47129.417,24%,,,,,,,,,,
01/03/2019 00:00,52428.835,26%,,,,,,,,,,
01/03/2019 01:00,55861.549,28%,,,,,,,,,,
01/03/2019 02:00,49051.03,25%,,,,,,,,,,
01/03/2019 03:00,44384.236,22%,,,,,,,,,,
01/03/2019 04:00,38637.985,19%,,,,,,,,,,
01/03/2019 05:00,32031.956,16%,,,,,,,,,,
01/03/2019 06:00,22723.913,11%,,,,,,,,,,
01/03/2019 07:00,15707.944,8%,,,,,,,,,,
01/03/2019 08:00,13595.402,7%,,,,,,,,,,
01/03/2019 09:00,15518.326,8%,,,,,,,,,,
01/03/2019 10:00,17985.512,9%,,,,,,,,,,
01/03/2019 11:00,16713.996,8%,,,,,,,,,,
01/03/2019 12:00,16706.797,8%,,,,,,,,,,
01/03/2019 13:00,19894.38,10%,,,,,,,,,,
01/03/2019 14:00,22160.878,11%,,,,,,,,,,
01/03/2019 15:00,26350.728,13%,,,,,,,,,,
01/03/2019 16:00,40710.703,20%,,,,,,,,,,
01/03/2019 17:00,63054.054,32%,,,,,,,,,,
01/03/2019 18:00,79014.234,40%,,,,,,,,,,
01/03/2019 19:00,91327.484,46%,,,,,,,,,,
01/03/2019 20:00,94449.547,47%,,,,,,,,,,
01/03/2019 21:00,85998.076,43%,,,,,,,,,,
01/03/2019 22:00,70480.448,35%,,,,,,,,,,
01/03/2019 23:00,60797.495,30%,,,,,,,,,,
02/03/2019 00:00,60496.992,30%,,,,,,,,,,
02/03/2019 01:00,60487.705,30%,,,,,,,,,,
02/03/2019 02:00,64009.494,32%,,,,,,,,,,
02/03/2019 03:00,66833.105,33%,,,,,,,,,,
02/03/2019 04:00,72848.804,36%,,,,,,,,,,
02/03/2019 05:00,72318.897,36%,,,,,,,,,,
02/03/2019 06:00,66382.016,33%,,,,,,,,,,
02/03/2019 07:00,58822.813,29%,,,,,,,,,,
02/03/2019 08:00,57953.771,29%,,,,,,,,,,
02/03/2019 09:00,74369.123,37%,,,,,,,,,,
02/03/2019 10:00,79880.489,40%,,,,,,,,,,
02/03/2019 11:00,96291.344,48%,,,,,,,,,,
02/03/2019 12:00,134337.305,67%,,,,,,,,,,
02/03/2019 13:00,141757.163,71%,,,,,,,,,,
02/03/2019 14:00,150584.08,75%,,,,,,,,,,
02/03/2019 15:00,167264.665,84%,,,,,,,,,,
02/03/2019 16:00,177775.675,89%,,,,,,,,,,
02/03/2019 17:00,182316.577,91%,,,,,,,,,,
02/03/2019 18:00,183513.351,92%,,,,,,,,,,
02/03/2019 19:00,182396.821,91%,,,,,,,,,,
02/03/2019 20:00,172744.053,86%,,,,,,,,,,
02/03/2019 21:00,158498.844,79%,,,,,,,,,,
02/03/2019 22:00,138945.564,69%,,,,,,,,,,
02/03/2019 23:00,118287.96,59%,,,,,,,,,,
03/03/2019 00:00,106818.205,53%,,,,,,,,,,
03/03/2019 01:00,90335.659,45%,,,,,,,,,,
03/03/2019 02:00,80122.688,40%,,,,,,,,,,
03/03/2019 03:00,72861.814,36%,,,,,,,,,,
03/03/2019 04:00,71000.384,36%,,,,,,,,,,
03/03/2019 05:00,67435.367,34%,,,,,,,,,,
03/03/2019 06:00,66527.077,33%,,,,,,,,,,
03/03/2019 07:00,62840.763,31%,,,,,,,,,,
03/03/2019 08:00,61854.241,31%,,,,,,,,,,
03/03/2019 09:00,58263.693,29%,,,,,,,,,,
03/03/2019 10:00,54401.51,27%,,,,,,,,,,
03/03/2019 11:00,60992.995,30%,,,,,,,,,,
03/03/2019 12:00,82427.505,41%,,,,,,,,,,
03/03/2019 13:00,120244.061,60%,,,,,,,,,,
03/03/2019 14:00,168758.147,84%,,,,,,,,,,
03/03/2019 15:00,183651.59,92%,,,,,,,,,,
03/03/2019 16:00,189625.371,95%,,,,,,,,,,
03/03/2019 17:00,189331.468,95%,,,,,,,,,,
03/03/2019 18:00,193211.221,97%,,,,,,,,,,
03/03/2019 19:00,195295.121,98%,,,,,,,,,,
03/03/2019 20:00,195354.56,98%,,,,,,,,,,
03/03/2019 21:00,195657.53,98%,,,,,,,,,,
03/03/2019 22:00,193039.464,97%,,,,,,,,,,
03/03/2019 23:00,182722.997,91%,,,,,,,,,,
04/03/2019 00:00,160050.609,80%,,,,,,,,,,
04/03/2019 01:00,123573.094,62%,,,,,,,,,,
04/03/2019 02:00,106429.507,53%,,,,,,,,,,
04/03/2019 03:00,117276.101,59%,,,,,,,,,,
04/03/2019 04:00,123811.553,62%,,,,,,,,,,
04/03/2019 05:00,128799.921,64%,,,,,,,,,,
04/03/2019 06:00,132685.273,66%,,,,,,,,,,
04/03/2019 07:00,121256.139,61%,,,,,,,,,,
04/03/2019 08:00,117003.362,59%,,,,,,,,,,
04/03/2019 09:00,131996.416,66%,,,,,,,,,,
04/03/2019 10:00,131734.665,66%,,,,,,,,,,
04/03/2019 11:00,135129.496,68%,,,,,,,,,,
04/03/2019 12:00,148090.66,74%,,,,,,,,,,
04/03/2019 13:00,161860.041,81%,,,,,,,,,,
04/03/2019 14:00,166806.324,83%,,,,,,,,,,
04/03/2019 15:00,167489.745,84%,,,,,,,,,,
04/03/2019 16:00,162229.604,81%,,,,,,,,,,
04/03/2019 17:00,150451.754,75%,,,,,,,,,,
04/03/2019 18:00,141458.5,71%,,,,,,,,,,
04/03/2019 19:00,132681.173,66%,,,,,,,,,,
04/03/2019 20:00,120675.109,60%,,,,,,,,,,
04/03/2019 21:00,106429.852,53%,,,,,,,,,,
04/03/2019 22:00,101521.399,51%,,,,,,,,,,
04/03/2019 23:00,94094.881,47%,,,,,,,,,,
05/03/2019 00:00,82964.727,41%,,,,,,,,,,
05/03/2019 01:00,78050.876,39%,,,,,,,,,,
05/03/2019 02:00,74910.293,37%,,,,,,,,,,
05/03/2019 03:00,79387.316,40%,,,,,,,,,,
05/03/2019 04:00,78208.029,39%,,,,,,,,,,
05/03/2019 05:00,81459.274,41%,,,,,,,,,,
05/03/2019 06:00,82587.337,41%,,,,,,,,,,
05/03/2019 07:00,87223.583,44%,,,,,,,,,,
05/03/2019 08:00,93118.436,47%,,,,,,,,,,
05/03/2019 09:00,111814.488,56%,,,,,,,,,,
05/03/2019 10:00,138574.592,69%,,,,,,,,,,
05/03/2019 11:00,141210.44,71%,,,,,,,,,,
05/03/2019 12:00,132141.306,66%,,,,,,,,,,
05/03/2019 13:00,125262.885,63%,,,,,,,,,,
05/03/2019 14:00,117286.97,59%,,,,,,,,,,
05/03/2019 15:00,98769.007,49%,,,,,,,,,,
05/03/2019 16:00,85009.904,43%,,,,,,,,,,
05/03/2019 17:00,78201.447,39%,,,,,,,,,,
05/03/2019 18:00,73182.146,37%,,,,,,,,,,
05/03/2019 19:00,80914.116,40%,,,,,,,,,,
05/03/2019 20:00,108298.783,54%,,,,,,,,,,
05/03/2019 21:00,129033.687,65%,,,,,,,,,,
05/03/2019 22:00,140151.266,70%,,,,,,,,,,
05/03/2019 23:00,154017.569,77%,,,,,,,,,,
06/03/2019 00:00,173438.931,87%,,,,,,,,,,
06/03/2019 01:00,174588.872,87%,,,,,,,,,,
06/03/2019 02:00,168150.338,84%,,,,,,,,,,
06/03/2019 03:00,164661.578,82%,,,,,,,,,,
06/03/2019 04:00,157636.105,79%,,,,,,,,,,
06/03/2019 05:00,146386.684,73%,,,,,,,,,,
06/03/2019 06:00,135323.707,68%,,,,,,,,,,
06/03/2019 07:00,132209.444,66%,,,,,,,,,,
06/03/2019 08:00,133164.612,67%,,,,,,,,,,
06/03/2019 09:00,151060.867,76%,,,,,,,,,,
06/03/2019 10:00,157522.302,79%,,,,,,,,,,
06/03/2019 11:00,166086.991,83%,,,,,,,,,,
06/03/2019 12:00,173271.86,87%,,,,,,,,,,
06/03/2019 13:00,174559.54,87%,,,,,,,,,,
06/03/2019 14:00,172299.183,86%,,,,,,,,,,
06/03/2019 15:00,165883.13,83%,,,,,,,,,,
06/03/2019 16:00,164662.656,82%,,,,,,,,,,
06/03/2019 17:00,159976.965,80%,,,,,,,,,,
06/03/2019 18:00,139222.921,70%,,,,,,,,,,
06/03/2019 19:00,119729.379,60%,,,,,,,,,,
06/03/2019 20:00,104260.556,52%,,,,,,,,,,
06/03/2019 21:00,91883.117,46%,,,,,,,,,,
06/03/2019 22:00,101488.688,51%,,,,,,,,,,
06/03/2019 23:00,96975.555,48%,,,,,,,,,,
07/03/2019 00:00,94868.739,47%,,,,,,,,,,
07/03/2019 01:00,93793.871,47%,,,,,,,,,,
07/03/2019 02:00,93382.791,47%,,,,,,,,,,
07/03/2019 03:00,97779.065,49%,,,,,,,,,,
07/03/2019 04:00,112921.75,56%,,,,,,,,,,
07/03/2019 05:00,125343.38,63%,,,,,,,,,,
07/03/2019 06:00,134940.017,67%,,,,,,,,,,
07/03/2019 07:00,146030.451,73%,,,,,,,,,,
07/03/2019 08:00,170419.511,85%,,,,,,,,,,
07/03/2019 09:00,185946.96,93%,,,,,,,,,,
07/03/2019 10:00,190155.647,95%,,,,,,,,,,
07/03/2019 11:00,190849.255,95%,,,,,,,,,,
07/03/2019 12:00,187886.992,94%,,,,,,,,,,
07/03/2019 13:00,181607.115,91%,,,,,,,,,,
07/03/2019 14:00,174680.13,87%,,,,,,,,,,
07/03/2019 15:00,169756.533,85%,,,,,,,,,,
07/03/2019 16:00,165822.915,83%,,,,,,,,,,
07/03/2019 17:00,158738.937,79%,,,,,,,,,,
07/03/2019 18:00,149580.387,75%,,,,,,,,,,
07/03/2019 19:00,141525.014,71%,,,,,,,,,,
07/03/2019 20:00,121374.889,61%,,,,,,,,,,
07/03/2019 21:00,102064.046,51%,,,,,,,,,,
07/03/2019 22:00,97103.015,49%,,,,,,,,,,
07/03/2019 23:00,90777.039,45%,,,,,,,,,,
08/03/2019 00:00,85449.055,43%,,,,,,,,,,
08/03/2019 01:00,70722.407,35%,,,,,,,,,,
08/03/2019 02:00,58265.883,29%,,,,,,,,,,
08/03/2019 03:00,41417.696,21%,,,,,,,,,,
08/03/2019 04:00,34924.696,17%,,,,,,,,,,
08/03/2019 05:00,36296.727,18%,,,,,,,,,,
08/03/2019 06:00,38935.19,19%,,,,,,,,,,
08/03/2019 07:00,38727.09,19%,,,,,,,,,,
08/03/2019 08:00,40168.627,20%,,,,,,,,,,
08/03/2019 09:00,46097.543,23%,,,,,,,,,,
08/03/2019 10:00,60750.359,30%,,,,,,,,,,
08/03/2019 11:00,80542.59,40%,,,,,,,,,,
08/03/2019 12:00,105225.21,53%,,,,,,,,,,
08/03/2019 13:00,126587.242,63%,,,,,,,,,,
08/03/2019 14:00,135124.265,68%,,,,,,,,,,
08/03/2019 15:00,125300.682,63%,,,,,,,,,,
08/03/2019 16:00,131850.781,66%,,,,,,,,,,
08/03/2019 17:00,152043.462,76%,,,,,,,,,,
08/03/2019 18:00,156840.187,78%,,,,,,,,,,
08/03/2019 19:00,152657.281,76%,,,,,,,,,,
08/03/2019 20:00,144534.266,72%,,,,,,,,,,
08/03/2019 21:00,150460.369,75%,,,,,,,,,,
08/03/2019 22:00,151639.701,76%,,,,,,,,,,
08/03/2019 23:00,134980.632,67%,,,,,,,,,,
09/03/2019 00:00,129742.797,65%,,,,,,,,,,
09/03/2019 01:00,127106.874,64%,,,,,,,,,,
09/03/2019 02:00,118981.126,59%,,,,,,,,,,
09/03/2019 03:00,113690.182,57%,,,,,,,,,,
09/03/2019 04:00,112797.554,56%,,,,,,,,,,
09/03/2019 05:00,100873.808,50%,,,,,,,,,,
09/03/2019 06:00,91914.738,46%,,,,,,,,,,
09/03/2019 07:00,122045.122,61%,,,,,,,,,,
09/03/2019 08:00,166753.066,83%,,,,,,,,,,
09/03/2019 09:00,185163.395,93%,,,,,,,,,,
09/03/2019 10:00,190092.37,95%,,,,,,,,,,
09/03/2019 11:00,190958.29,95%,,,,,,,,,,
09/03/2019 12:00,188600.872,94%,,,,,,,,,,
09/03/2019 13:00,185285.528,93%,,,,,,,,,,
09/03/2019 14:00,180945.061,90%,,,,,,,,,,
09/03/2019 15:00,165499.517,83%,,,,,,,,,,
09/03/2019 16:00,137138.613,69%,,,,,,,,,,
09/03/2019 17:00,121934.639,61%,,,,,,,,,,
09/03/2019 18:00,90121.502,45%,,,,,,,,,,
09/03/2019 19:00,66836.484,33%,,,,,,,,,,
09/03/2019 20:00,63453.581,32%,,,,,,,,,,
09/03/2019 21:00,62564.784,31%,,,,,,,,,,
09/03/2019 22:00,51723.673,26%,,,,,,,,,,
09/03/2019 23:00,35414.292,18%,,,,,,,,,,
10/03/2019 00:00,25449.232,13%,,,,,,,,,,
10/03/2019 01:00,33341.681,17%,,,,,,,,,,
10/03/2019 02:00,47124.987,24%,,,,,,,,,,
10/03/2019 03:00,50640.595,25%,,,,,,,,,,
10/03/2019 04:00,50974.565,25%,,,,,,,,,,
10/03/2019 05:00,61798.431,31%,,,,,,,,,,
10/03/2019 06:00,43164.836,22%,,,,,,,,,,
10/03/2019 07:00,22846.272,11%,,,,,,,,,,
10/03/2019 08:00,47620.722,24%,,,,,,,,,,
10/03/2019 09:00,123575.143,62%,,,,,,,,,,
10/03/2019 10:00,179179.254,90%,,,,,,,,,,
10/03/2019 11:00,193776.667,97%,,,,,,,,,,
10/03/2019 12:00,195177.956,98%,,,,,,,,,,
10/03/2019 13:00,194422.583,97%,,,,,,,,,,
10/03/2019 14:00,190121.487,95%,,,,,,,,,,
10/03/2019 15:00,181118.626,91%,,,,,,,,,,
10/03/2019 16:00,166813.763,83%,,,,,,,,,,
10/03/2019 17:00,160041.641,80%,,,,,,,,,,
10/03/2019 18:00,156391.759,78%,,,,,,,,,,
10/03/2019 19:00,159019.975,80%,,,,,,,,,,
10/03/2019 20:00,161847.798,81%,,,,,,,,,,
10/03/2019 21:00,163852.185,82%,,,,,,,,,,
10/03/2019 22:00,171157.372,86%,,,,,,,,,,
10/03/2019 23:00,176074.99,88%,,,,,,,,,,
11/03/2019 00:00,177687.644,89%,,,,,,,,,,
11/03/2019 01:00,177648.519,89%,,,,,,,,,,
11/03/2019 02:00,177053.902,89%,,,,,,,,,,
11/03/2019 03:00,175873.627,88%,,,,,,,,,,
11/03/2019 04:00,173430.294,87%,,,,,,,,,,
11/03/2019 05:00,170572.675,85%,,,,,,,,,,
11/03/2019 06:00,163954.565,82%,,,,,,,,,,
11/03/2019 07:00,154470.812,77%,,,,,,,,,,
11/03/2019 08:00,144639.099,72%,,,,,,,,,,
11/03/2019 09:00,148420.458,74%,,,,,,,,,,
11/03/2019 10:00,148655.592,74%,,,,,,,,,,
11/03/2019 11:00,142275.716,71%,,,,,,,,,,
11/03/2019 12:00,131864.33,66%,,,,,,,,,,
11/03/2019 13:00,116754.966,58%,,,,,,,,,,
11/03/2019 14:00,99594.31,50%,,,,,,,,,,
11/03/2019 15:00,88495.319,44%,,,,,,,,,,
11/03/2019 16:00,80121.523,40%,,,,,,,,,,
11/03/2019 17:00,78101.901,39%,,,,,,,,,,
11/03/2019 18:00,86074.188,43%,,,,,,,,,,
11/03/2019 19:00,98155.566,49%,,,,,,,,,,
11/03/2019 20:00,110221.187,55%,,,,,,,,,,
11/03/2019 21:00,123067.374,62%,,,,,,,,,,
11/03/2019 22:00,140464.748,70%,,,,,,,,,,
11/03/2019 23:00,175359.332,88%,,,,,,,,,,
12/03/2019 00:00,190339.599,95%,,,,,,,,,,
12/03/2019 01:00,193083.047,97%,,,,,,,,,,
12/03/2019 02:00,192825.486,96%,,,,,,,,,,
12/03/2019 03:00,191609.356,96%,,,,,,,,,,
12/03/2019 04:00,190120.493,95%,,,,,,,,,,
12/03/2019 05:00,189487.532,95%,,,,,,,,,,
12/03/2019 06:00,188330.644,94%,,,,,,,,,,
12/03/2019 07:00,182554.325,91%,,,,,,,,,,
12/03/2019 08:00,165148.795,83%,,,,,,,,,,
12/03/2019 09:00,134283.391,67%,,,,,,,,,,
12/03/2019 10:00,106429.771,53%,,,,,,,,,,
12/03/2019 11:00,87655.764,44%,,,,,,,,,,
12/03/2019 12:00,84535.332,42%,,,,,,,,,,
12/03/2019 13:00,94421.792,47%,,,,,,,,,,
12/03/2019 14:00,107256.994,54%,,,,,,,,,,
12/03/2019 15:00,120389.298,60%,,,,,,,,,,
12/03/2019 16:00,141275.585,71%,,,,,,,,,,
12/03/2019 17:00,162347.322,81%,,,,,,,,,,
12/03/2019 18:00,173174.364,87%,,,,,,,,,,
12/03/2019 19:00,180300.846,90%,,,,,,,,,,
12/03/2019 20:00,186939.91,93%,,,,,,,,,,
12/03/2019 21:00,191123.381,96%,,,,,,,,,,
12/03/2019 22:00,192018.856,96%,,,,,,,,,,
12/03/2019 23:00,192715.032,96%,,,,,,,,,,
13/03/2019 00:00,193293.936,97%,,,,,,,,,,
13/03/2019 01:00,193466.166,97%,,,,,,,,,,
13/03/2019 02:00,193215.464,97%,,,,,,,,,,
13/03/2019 03:00,191792.951,96%,,,,,,,,,,
13/03/2019 04:00,191600.193,96%,,,,,,,,,,
13/03/2019 05:00,191353.225,96%,,,,,,,,,,
13/03/2019 06:00,190963.816,95%,,,,,,,,,,
13/03/2019 07:00,190962.398,95%,,,,,,,,,,
13/03/2019 08:00,191812.861,96%,,,,,,,,,,
13/03/2019 09:00,193536.762,97%,,,,,,,,,,
13/03/2019 10:00,194148.755,97%,,,,,,,,,,
13/03/2019 11:00,193875.673,97%,,,,,,,,,,
13/03/2019 12:00,193483.797,97%,,,,,,,,,,
13/03/2019 13:00,192638.426,96%,,,,,,,,,,
13/03/2019 14:00,189728.227,95%,,,,,,,,,,
13/03/2019 15:00,184160.388,92%,,,,,,,,,,
13/03/2019 16:00,171169.078,86%,,,,,,,,,,
13/03/2019 17:00,154963.032,77%,,,,,,,,,,
13/03/2019 18:00,142986.31,71%,,,,,,,,,,
13/03/2019 19:00,128321.278,64%,,,,,,,,,,
13/03/2019 20:00,115752.761,58%,,,,,,,,,,
13/03/2019 21:00,114665.083,57%,,,,,,,,,,
13/03/2019 22:00,117886.756,59%,,,,,,,,,,
13/03/2019 23:00,123793.09,62%,,,,,,,,,,
14/03/2019 00:00,132316.348,66%,,,,,,,,,,
14/03/2019 01:00,145513.439,73%,,,,,,,,,,
14/03/2019 02:00,157752.664,79%,,,,,,,,,,
14/03/2019 03:00,169357.631,85%,,,,,,,,,,
14/03/2019 04:00,178510.725,89%,,,,,,,,,,
14/03/2019 05:00,186679.127,93%,,,,,,,,,,
14/03/2019 06:00,190337.735,95%,,,,,,,,,,
14/03/2019 07:00,191757.945,96%,,,,,,,,,,
14/03/2019 08:00,192636.053,96%,,,,,,,,,,
14/03/2019 09:00,191637.129,96%,,,,,,,,,,
14/03/2019 10:00,192341.429,96%,,,,,,,,,,
14/03/2019 11:00,190760.644,95%,,,,,,,,,,
14/03/2019 12:00,188623.438,94%,,,,,,,,,,
14/03/2019 13:00,187478.182,94%,,,,,,,,,,
14/03/2019 14:00,183754.154,92%,,,,,,,,,,
14/03/2019 15:00,177717.707,89%,,,,,,,,,,
14/03/2019 16:00,163636.845,82%,,,,,,,,,,
14/03/2019 17:00,138839.99,69%,,,,,,,,,,
14/03/2019 18:00,120592.919,60%,,,,,,,,,,
14/03/2019 19:00,101065.583,51%,,,,,,,,,,
14/03/2019 20:00,79555.928,40%,,,,,,,,,,
14/03/2019 21:00,66777.929,33%,,,,,,,,,,
14/03/2019 22:00,69617.701,35%,,,,,,,,,,
14/03/2019 23:00,86006.319,43%,,,,,,,,,,
15/03/2019 00:00,114201.94,57%,,,,,,,,,,
15/03/2019 01:00,156927.508,78%,,,,,,,,,,
15/03/2019 02:00,179940.859,90%,,,,,,,,,,
15/03/2019 03:00,181554.164,91%,,,,,,,,,,
15/03/2019 04:00,180653.614,90%,,,,,,,,,,
15/03/2019 05:00,180245.472,90%,,,,,,,,,,
15/03/2019 06:00,182865.794,91%,,,,,,,,,,
15/03/2019 07:00,179746.743,90%,,,,,,,,,,
15/03/2019 08:00,177049.583,89%,,,,,,,,,,
15/03/2019 09:00,177645.606,89%,,,,,,,,,,
15/03/2019 10:00,182504.284,91%,,,,,,,,,,
15/03/2019 11:00,185290.002,93%,,,,,,,,,,
15/03/2019 12:00,185852.256,93%,,,,,,,,,,
15/03/2019 13:00,185180.801,93%,,,,,,,,,,
15/03/2019 14:00,183315.97,92%,,,,,,,,,,
15/03/2019 15:00,177431.801,89%,,,,,,,,,,
15/03/2019 16:00,159707.994,80%,,,,,,,,,,
15/03/2019 17:00,131543.859,66%,,,,,,,,,,
15/03/2019 18:00,102611.73,51%,,,,,,,,,,
15/03/2019 19:00,79557.898,40%,,,,,,,,,,
15/03/2019 20:00,76787.914,38%,,,,,,,,,,
15/03/2019 21:00,69516.512,35%,,,,,,,,,,
15/03/2019 22:00,58764.7,29%,,,,,,,,,,
15/03/2019 23:00,58271.753,29%,,,,,,,,,,
16/03/2019 00:00,64071.987,32%,,,,,,,,,,
16/03/2019 01:00,95742.346,48%,,,,,,,,,,
16/03/2019 02:00,141678.507,71%,,,,,,,,,,
16/03/2019 03:00,159232.408,80%,,,,,,,,,,
16/03/2019 04:00,169809.428,85%,,,,,,,,,,
16/03/2019 05:00,174494.134,87%,,,,,,,,,,
16/03/2019 06:00,176011.666,88%,,,,,,,,,,
16/03/2019 07:00,185723.615,93%,,,,,,,,,,
16/03/2019 08:00,189010.287,95%,,,,,,,,,,
16/03/2019 09:00,190007.399,95%,,,,,,,,,,
16/03/2019 10:00,190136.41,95%,,,,,,,,,,
16/03/2019 11:00,191187.511,96%,,,,,,,,,,
16/03/2019 12:00,193161.008,97%,,,,,,,,,,
16/03/2019 13:00,194413.742,97%,,,,,,,,,,
16/03/2019 14:00,194970.337,97%,,,,,,,,,,
16/03/2019 15:00,194385.845,97%,,,,,,,,,,
16/03/2019 16:00,192958.033,96%,,,,,,,,,,
16/03/2019 17:00,189609.407,95%,,,,,,,,,,
16/03/2019 18:00,180933.68,90%,,,,,,,,,,
16/03/2019 19:00,162357.646,81%,,,,,,,,,,
16/03/2019 20:00,137924.214,69%,,,,,,,,,,
16/03/2019 21:00,117122.613,59%,,,,,,,,,,
16/03/2019 22:00,103157.92,52%,,,,,,,,,,
16/03/2019 23:00,107547.535,54%,,,,,,,,,,
17/03/2019 00:00,108867.2,54%,,,,,,,,,,
17/03/2019 01:00,106918.349,53%,,,,,,,,,,
17/03/2019 02:00,104524.159,52%,,,,,,,,,,
17/03/2019 03:00,100482.168,50%,,,,,,,,,,
17/03/2019 04:00,99552.953,50%,,,,,,,,,,
17/03/2019 05:00,101350.012,51%,,,,,,,,,,
17/03/2019 06:00,97958.607,49%,,,,,,,,,,
17/03/2019 07:00,88850.641,44%,,,,,,,,,,
17/03/2019 08:00,115711.516,58%,,,,,,,,,,
17/03/2019 09:00,138044.584,69%,,,,,,,,,,
17/03/2019 10:00,143568.256,72%,,,,,,,,,,
17/03/2019 11:00,144541.736,72%,,,,,,,,,,
17/03/2019 12:00,143997.099,72%,,,,,,,,,,
17/03/2019 13:00,143571.072,72%,,,,,,,,,,
17/03/2019 14:00,140914.167,70%,,,,,,,,,,
17/03/2019 15:00,135208.27,68%,,,,,,,,,,
17/03/2019 16:00,118290.795,59%,,,,,,,,,,
17/03/2019 17:00,111288.499,56%,,,,,,,,,,
17/03/2019 18:00,115539.914,58%,,,,,,,,,,
17/03/2019 19:00,110483.22,55%,,,,,,,,,,
17/03/2019 20:00,108867.2,54%,,,,,,,,,,
17/03/2019 21:00,106725.82,53%,,,,,,,,,,
17/03/2019 22:00,99595.938,50%,,,,,,,,,,
17/03/2019 23:00,97915.847,49%,,,,,,,,,,
18/03/2019 00:00,92250.18,46%,,,,,,,,,,
18/03/2019 01:00,82895.734,41%,,,,,,,,,,
18/03/2019 02:00,72322.367,36%,,,,,,,,,,
18/03/2019 03:00,64178.67,32%,,,,,,,,,,
18/03/2019 04:00,55192.057,28%,,,,,,,,,,
18/03/2019 05:00,51477.28,26%,,,,,,,,,,
18/03/2019 06:00,52025.286,26%,,,,,,,,,,
18/03/2019 07:00,50298.479,25%,,,,,,,,,,
18/03/2019 08:00,43331.958,22%,,,,,,,,,,
18/03/2019 09:00,50647.499,25%,,,,,,,,,,
18/03/2019 10:00,52274.261,26%,,,,,,,,,,
18/03/2019 11:00,46141.376,23%,,,,,,,,,,
18/03/2019 12:00,39615.219,20%,,,,,,,,,,
18/03/2019 13:00,34939.244,17%,,,,,,,,,,
18/03/2019 14:00,30539.105,15%,,,,,,,,,,
18/03/2019 15:00,27442.787,14%,,,,,,,,,,
18/03/2019 16:00,22425.254,11%,,,,,,,,,,
18/03/2019 17:00,23510.822,12%,,,,,,,,,,
18/03/2019 18:00,31804.623,16%,,,,,,,,,,
18/03/2019 19:00,36978.052,18%,,,,,,,,,,
18/03/2019 20:00,37804.399,19%,,,,,,,,,,
18/03/2019 21:00,35776.09,18%,,,,,,,,,,
18/03/2019 22:00,32904.265,16%,,,,,,,,,,
18/03/2019 23:00,30578.714,15%,,,,,,,,,,
19/03/2019 00:00,28799.685,14%,,,,,,,,,,
19/03/2019 01:00,27403.434,14%,,,,,,,,,,
19/03/2019 02:00,24944.328,12%,,,,,,,,,,
19/03/2019 03:00,20301.907,10%,,,,,,,,,,
19/03/2019 04:00,15563.133,8%,,,,,,,,,,
19/03/2019 05:00,12949.855,6%,,,,,,,,,,
19/03/2019 06:00,11999.404,6%,,,,,,,,,,
19/03/2019 07:00,10242.959,5%,,,,,,,,,,
19/03/2019 08:00,10473.987,5%,,,,,,,,,,
19/03/2019 09:00,12893.475,6%,,,,,,,,,,
19/03/2019 10:00,19388.816,10%,,,,,,,,,,
19/03/2019 11:00,23929.166,12%,,,,,,,,,,
19/03/2019 12:00,31251.729,16%,,,,,,,,,,
19/03/2019 13:00,40749.018,20%,,,,,,,,,,
19/03/2019 14:00,48042.063,24%,,,,,,,,,,
19/03/2019 15:00,47171.053,24%,,,,,,,,,,
19/03/2019 16:00,43341.855,22%,,,,,,,,,,
19/03/2019 17:00,48142.116,24%,,,,,,,,,,
19/03/2019 18:00,59302.392,30%,,,,,,,,,,
19/03/2019 19:00,67592.853,34%,,,,,,,,,,
19/03/2019 20:00,67347.257,34%,,,,,,,,,,
19/03/2019 21:00,62384.868,31%,,,,,,,,,,
19/03/2019 22:00,54405.689,27%,,,,,,,,,,
19/03/2019 23:00,51179.376,26%,,,,,,,,,,
20/03/2019 00:00,52267.34,26%,,,,,,,,,,
20/03/2019 01:00,47918.113,24%,,,,,,,,,,
20/03/2019 02:00,44146.423,22%,,,,,,,,,,
20/03/2019 03:00,40213.421,20%,,,,,,,,,,
20/03/2019 04:00,39477.998,20%,,,,,,,,,,
20/03/2019 05:00,38348.363,19%,,,,,,,,,,
20/03/2019 06:00,33487.678,17%,,,,,,,,,,
20/03/2019 07:00,20331.508,10%,,,,,,,,,,
20/03/2019 08:00,16506.051,8%,,,,,,,,,,
20/03/2019 09:00,18759.25,9%,,,,,,,,,,
20/03/2019 10:00,16817.778,8%,,,,,,,,,,
20/03/2019 11:00,18797.87,9%,,,,,,,,,,
20/03/2019 12:00,25244.376,13%,,,,,,,,,,
20/03/2019 13:00,32588.389,16%,,,,,,,,,,
20/03/2019 14:00,38581.414,19%,,,,,,,,,,
20/03/2019 15:00,42796.989,21%,,,,,,,,,,
20/03/2019 16:00,45573.803,23%,,,,,,,,,,
20/03/2019 17:00,55809.364,28%,,,,,,,,,,
20/03/2019 18:00,71753.602,36%,,,,,,,,,,
20/03/2019 19:00,69948.713,35%,,,,,,,,,,
20/03/2019 20:00,64756.364,32%,,,,,,,,,,
20/03/2019 21:00,60396.847,30%,,,,,,,,,,
20/03/2019 22:00,57322.543,29%,,,,,,,,,,
20/03/2019 23:00,55379.615,28%,,,,,,,,,,
21/03/2019 00:00,52508.925,26%,,,,,,,,,,
21/03/2019 01:00,49579.603,25%,,,,,,,,,,
21/03/2019 02:00,46580.407,23%,,,,,,,,,,
21/03/2019 03:00,41804.252,21%,,,,,,,,,,
21/03/2019 04:00,37606.34,19%,,,,,,,,,,
21/03/2019 05:00,32701.904,16%,,,,,,,,,,
21/03/2019 06:00,27600.708,14%,,,,,,,,,,
21/03/2019 07:00,19865.189,10%,,,,,,,,,,
21/03/2019 08:00,17962.252,9%,,,,,,,,,,
21/03/2019 09:00,19161.585,10%,,,,,,,,,,
21/03/2019 10:00,11908.842,6%,,,,,,,,,,
21/03/2019 11:00,7966.825,4%,,,,,,,,,,
21/03/2019 12:00,7133.73,4%,,,,,,,,,,
21/03/2019 13:00,7121.434,4%,,,,,,,,,,
21/03/2019 14:00,6654.68,3%,,,,,,,,,,
21/03/2019 15:00,5035.151,3%,,,,,,,,,,
21/03/2019 16:00,4234.083,2%,,,,,,,,,,
21/03/2019 17:00,7035.985,4%,,,,,,,,,,
21/03/2019 18:00,12653.887,6%,,,,,,,,,,
21/03/2019 19:00,19845.212,10%,,,,,,,,,,
21/03/2019 20:00,25973.264,13%,,,,,,,,,,
21/03/2019 21:00,27527.293,14%,,,,,,,,,,
21/03/2019 22:00,25591.269,13%,,,,,,,,,,
21/03/2019 23:00,25417.692,13%,,,,,,,,,,
22/03/2019 00:00,28796.757,14%,,,,,,,,,,
22/03/2019 01:00,34970.649,17%,,,,,,,,,,
22/03/2019 02:00,40327.487,20%,,,,,,,,,,
22/03/2019 03:00,46587.064,23%,,,,,,,,,,
22/03/2019 04:00,53925.883,27%,,,,,,,,,,
22/03/2019 05:00,59252.469,30%,,,,,,,,,,
22/03/2019 06:00,66293.244,33%,,,,,,,,,,
22/03/2019 07:00,67348.534,34%,,,,,,,,,,
22/03/2019 08:00,88454.897,44%,,,,,,,,,,
22/03/2019 09:00,96844.391,48%,,,,,,,,,,
22/03/2019 10:00,98993.088,49%,,,,,,,,,,
22/03/2019 11:00,104229.609,52%,,,,,,,,,,
22/03/2019 12:00,107615.869,54%,,,,,,,,,,
22/03/2019 13:00,109420.452,55%,,,,,,,,,,
22/03/2019 14:00,107967.014,54%,,,,,,,,,,
22/03/2019 15:00,105813.157,53%,,,,,,,,,,
22/03/2019 16:00,97490.687,49%,,,,,,,,,,
22/03/2019 17:00,82545.432,41%,,,,,,,,,,
22/03/2019 18:00,72262.449,36%,,,,,,,,,,
22/03/2019 19:00,62263.84,31%,,,,,,,,,,
22/03/2019 20:00,59521.94,30%,,,,,,,,,,
22/03/2019 21:00,52269.416,26%,,,,,,,,,,
22/03/2019 22:00,42604.806,21%,,,,,,,,,,
22/03/2019 23:00,40165.867,20%,,,,,,,,,,
23/03/2019 00:00,45577.643,23%,,,,,,,,,,
23/03/2019 01:00,47300.337,24%,,,,,,,,,,
23/03/2019 02:00,49599.697,25%,,,,,,,,,,
23/03/2019 03:00,49056.592,25%,,,,,,,,,,
23/03/2019 04:00,45482.558,23%,,,,,,,,,,
23/03/2019 05:00,43756.927,22%,,,,,,,,,,
23/03/2019 06:00,41603.444,21%,,,,,,,,,,
23/03/2019 07:00,25978.972,13%,,,,,,,,,,
23/03/2019 08:00,22466.916,11%,,,,,,,,,,
23/03/2019 09:00,27098.627,14%,,,,,,,,,,
23/03/2019 10:00,23697.422,12%,,,,,,,,,,
23/03/2019 11:00,20374.559,10%,,,,,,,,,,
23/03/2019 12:00,17550.667,9%,,,,,,,,,,
23/03/2019 13:00,14461.24,7%,,,,,,,,,,
23/03/2019 14:00,11824.477,6%,,,,,,,,,,
23/03/2019 15:00,10185.354,5%,,,,,,,,,,
23/03/2019 16:00,10267.611,5%,,,,,,,,,,
23/03/2019 17:00,13295.811,7%,,,,,,,,,,
23/03/2019 18:00,18030.081,9%,,,,,,,,,,
23/03/2019 19:00,21396.728,11%,,,,,,,,,,
23/03/2019 20:00,22866.362,11%,,,,,,,,,,
23/03/2019 21:00,23008.268,12%,,,,,,,,,,
23/03/2019 22:00,20441.606,10%,,,,,,,,,,
23/03/2019 23:00,16143.515,8%,,,,,,,,,,
24/03/2019 00:00,10614.408,5%,,,,,,,,,,
24/03/2019 01:00,4565.357,2%,,,,,,,,,,
24/03/2019 02:00,1591.703,1%,,,,,,,,,,
24/03/2019 03:00,4047.876,2%,,,,,,,,,,
24/03/2019 04:00,12217.542,6%,,,,,,,,,,
24/03/2019 05:00,22719.662,11%,,,,,,,,,,
24/03/2019 06:00,33373.021,17%,,,,,,,,,,
24/03/2019 07:00,25947.692,13%,,,,,,,,,,
24/03/2019 08:00,33395.186,17%,,,,,,,,,,
24/03/2019 09:00,46799.852,23%,,,,,,,,,,
24/03/2019 10:00,52981.486,26%,,,,,,,,,,
24/03/2019 11:00,60720.58,30%,,,,,,,,,,
24/03/2019 12:00,72318.878,36%,,,,,,,,,,
24/03/2019 13:00,85764.59,43%,,,,,,,,,,
24/03/2019 14:00,98869.705,49%,,,,,,,,,,
24/03/2019 15:00,111375.481,56%,,,,,,,,,,
24/03/2019 16:00,116714.984,58%,,,,,,,,,,
24/03/2019 17:00,106621.745,53%,,,,,,,,,,
24/03/2019 18:00,100143.731,50%,,,,,,,,,,
24/03/2019 19:00,100143.712,50%,,,,,,,,,,
24/03/2019 20:00,98155.722,49%,,,,,,,,,,
24/03/2019 21:00,96841.33,48%,,,,,,,,,,
24/03/2019 22:00,95011.543,48%,,,,,,,,,,
24/03/2019 23:00,93710.032,47%,,,,,,,,,,
25/03/2019 00:00,91882.491,46%,,,,,,,,,,
25/03/2019 01:00,87564.367,44%,,,,,,,,,,
25/03/2019 02:00,87352.726,44%,,,,,,,,,,
25/03/2019 03:00,83911.882,42%,,,,,,,,,,
25/03/2019 04:00,77806.214,39%,,,,,,,,,,
25/03/2019 05:00,77803.46,39%,,,,,,,,,,
25/03/2019 06:00,80104.168,40%,,,,,,,,,,
25/03/2019 07:00,64524.197,32%,,,,,,,,,,
25/03/2019 08:00,98220.872,49%,,,,,,,,,,
25/03/2019 09:00,89402.657,45%,,,,,,,,,,
25/03/2019 10:00,62222.221,31%,,,,,,,,,,
25/03/2019 11:00,44369.623,22%,,,,,,,,,,
25/03/2019 12:00,34306.35,17%,,,,,,,,,,
25/03/2019 13:00,28448.513,14%,,,,,,,,,,
25/03/2019 14:00,26202.585,13%,,,,,,,,,,
25/03/2019 15:00,27301.582,14%,,,,,,,,,,
25/03/2019 16:00,28953.622,14%,,,,,,,,,,
25/03/2019 17:00,34205.468,17%,,,,,,,,,,
25/03/2019 18:00,49738.136,25%,,,,,,,,,,
25/03/2019 19:00,58266.279,29%,,,,,,,,,,
25/03/2019 20:00,55888.681,28%,,,,,,,,,,
25/03/2019 21:00,46583.122,23%,,,,,,,,,,
25/03/2019 22:00,35167.996,18%,,,,,,,,,,
25/03/2019 23:00,26875.179,13%,,,,,,,,,,
26/03/2019 00:00,25047.23,13%,,,,,,,,,,
26/03/2019 01:00,29065.631,15%,,,,,,,,,,
26/03/2019 02:00,37174.839,19%,,,,,,,,,,
26/03/2019 03:00,45407.993,23%,,,,,,,,,,
26/03/2019 04:00,46949.57,23%,,,,,,,,,,
26/03/2019 05:00,41839.006,21%,,,,,,,,,,
26/03/2019 06:00,32760.314,16%,,,,,,,,,,
26/03/2019 07:00,24016.869,12%,,,,,,,,,,
26/03/2019 08:00,25391.961,13%,,,,,,,,,,
26/03/2019 09:00,37248.198,19%,,,,,,,,,,
26/03/2019 10:00,38950.453,19%,,,,,,,,,,
26/03/2019 11:00,41464.853,21%,,,,,,,,,,
26/03/2019 12:00,46590.278,23%,,,,,,,,,,
26/03/2019 13:00,52902.015,26%,,,,,,,,,,
26/03/2019 14:00,59421.539,30%,,,,,,,,,,
26/03/2019 15:00,64014.416,32%,,,,,,,,,,
26/03/2019 16:00,62975.35,31%,,,,,,,,,,
26/03/2019 17:00,57785.721,29%,,,,,,,,,,
26/03/2019 18:00,61173.236,31%,,,,,,,,,,
26/03/2019 19:00,56974.311,28%,,,,,,,,,,
26/03/2019 20:00,50195.677,25%,,,,,,,,,,
26/03/2019 21:00,46455.574,23%,,,,,,,,,,
26/03/2019 22:00,45476.391,23%,,,,,,,,,,
26/03/2019 23:00,45051.856,23%,,,,,,,,,,
27/03/2019 00:00,46987.79,23%,,,,,,,,,,
27/03/2019 01:00,49172.739,25%,,,,,,,,,,
27/03/2019 02:00,48472.32,24%,,,,,,,,,,
27/03/2019 03:00,46526.353,23%,,,,,,,,,,
27/03/2019 04:00,44066.749,22%,,,,,,,,,,
27/03/2019 05:00,42680.097,21%,,,,,,,,,,
27/03/2019 06:00,42460.307,21%,,,,,,,,,,
27/03/2019 07:00,29778.265,15%,,,,,,,,,,
27/03/2019 08:00,23534.46,12%,,,,,,,,,,
27/03/2019 09:00,30443.129,15%,,,,,,,,,,
27/03/2019 10:00,32109.948,16%,,,,,,,,,,
27/03/2019 11:00,33314.786,17%,,,,,,,,,,
27/03/2019 12:00,33727.459,17%,,,,,,,,,,
27/03/2019 13:00,34174.003,17%,,,,,,,,,,
27/03/2019 14:00,34344.936,17%,,,,,,,,,,
27/03/2019 15:00,31901.368,16%,,,,,,,,,,
27/03/2019 16:00,26473.52,13%,,,,,,,,,,
27/03/2019 17:00,20602.674,10%,,,,,,,,,,
27/03/2019 18:00,19064.326,10%,,,,,,,,,,
27/03/2019 19:00,15285.684,8%,,,,,,,,,,
27/03/2019 20:00,11750.886,6%,,,,,,,,,,
27/03/2019 21:00,9795.46,5%,,,,,,,,,,
27/03/2019 22:00,7931.192,4%,,,,,,,,,,
27/03/2019 23:00,6077.424,3%,,,,,,,,,,
28/03/2019 00:00,4608.42,2%,,,,,,,,,,
28/03/2019 01:00,3725.483,2%,,,,,,,,,,
28/03/2019 02:00,3631.34,2%,,,,,,,,,,
28/03/2019 03:00,4387.918,2%,,,,,,,,,,
28/03/2019 04:00,4908.175,2%,,,,,,,,,,
28/03/2019 05:00,4900.261,2%,,,,,,,,,,
28/03/2019 06:00,5397.686,3%,,,,,,,,,,
28/03/2019 07:00,3848.67,2%,,,,,,,,,,
28/03/2019 08:00,1975.187,1%,,,,,,,,,,
28/03/2019 09:00,1425.969,1%,,,,,,,,,,
28/03/2019 10:00,1680.815,1%,,,,,,,,,,
28/03/2019 11:00,2396.551,1%,,,,,,,,,,
28/03/2019 12:00,2883.852,1%,,,,,,,,,,
28/03/2019 13:00,3360.639,2%,,,,,,,,,,
28/03/2019 14:00,3343.705,2%,,,,,,,,,,
28/03/2019 15:00,2473.181,1%,,,,,,,,,,
28/03/2019 16:00,1616.014,1%,,,,,,,,,,
28/03/2019 17:00,2513.44,1%,,,,,,,,,,
28/03/2019 18:00,6634.587,3%,,,,,,,,,,
28/03/2019 19:00,11947.114,6%,,,,,,,,,,
28/03/2019 20:00,16148.23,8%,,,,,,,,,,
28/03/2019 21:00,17220.989,9%,,,,,,,,,,
28/03/2019 22:00,16802.034,8%,,,,,,,,,,
28/03/2019 23:00,16075.796,8%,,,,,,,,,,
29/03/2019 00:00,14882.919,7%,,,,,,,,,,
29/03/2019 01:00,13623.485,7%,,,,,,,,,,
29/03/2019 02:00,13694.971,7%,,,,,,,,,,
29/03/2019 03:00,15606.206,8%,,,,,,,,,,
29/03/2019 04:00,20246.189,10%,,,,,,,,,,
29/03/2019 05:00,24185.109,12%,,,,,,,,,,
29/03/2019 06:00,22655.764,11%,,,,,,,,,,
29/03/2019 07:00,16419.903,8%,,,,,,,,,,
29/03/2019 08:00,15557.822,8%,,,,,,,,,,
29/03/2019 09:00,17802.868,9%,,,,,,,,,,
29/03/2019 10:00,20249.63,10%,,,,,,,,,,
29/03/2019 11:00,20938.488,10%,,,,,,,,,,
29/03/2019 12:00,21266.809,11%,,,,,,,,,,
29/03/2019 13:00,21848.402,11%,,,,,,,,,,
29/03/2019 14:00,22565.382,11%,,,,,,,,,,
29/03/2019 15:00,23543.986,12%,,,,,,,,,,
29/03/2019 16:00,23457.61,12%,,,,,,,,,,
29/03/2019 17:00,26074.472,13%,,,,,,,,,,
29/03/2019 18:00,30910.68,15%,,,,,,,,,,
29/03/2019 19:00,31431.896,16%,,,,,,,,,,
29/03/2019 20:00,28857.692,14%,,,,,,,,,,
29/03/2019 21:00,24016.554,12%,,,,,,,,,,
29/03/2019 22:00,18763.045,9%,,,,,,,,,,
29/03/2019 23:00,13325.936,7%,,,,,,,,,,
30/03/2019 00:00,8354.856,4%,,,,,,,,,,
30/03/2019 01:00,4908.07,2%,,,,,,,,,,
30/03/2019 02:00,2509.091,1%,,,,,,,,,,
30/03/2019 03:00,1367.066,1%,,,,,,,,,,
30/03/2019 04:00,984.294,0%,,,,,,,,,,
30/03/2019 05:00,1084.018,1%,,,,,,,,,,
30/03/2019 06:00,1639.363,1%,,,,,,,,,,
30/03/2019 07:00,2479.815,1%,,,,,,,,,,
30/03/2019 08:00,3468.448,2%,,,,,,,,,,
30/03/2019 09:00,5100.621,3%,,,,,,,,,,
30/03/2019 10:00,7043.379,4%,,,,,,,,,,
30/03/2019 11:00,7568.367,4%,,,,,,,,,,
30/03/2019 12:00,7896.853,4%,,,,,,,,,,
30/03/2019 13:00,8331.266,4%,,,,,,,,,,
30/03/2019 14:00,9373.447,5%,,,,,,,,,,
30/03/2019 15:00,12769.97,6%,,,,,,,,,,
30/03/2019 16:00,21348.133,11%,,,,,,,,,,
30/03/2019 17:00,38103.433,19%,,,,,,,,,,
30/03/2019 18:00,59847.447,30%,,,,,,,,,,
30/03/2019 19:00,67802.478,34%,,,,,,,,,,
30/03/2019 20:00,65029.86,33%,,,,,,,,,,
30/03/2019 21:00,62240.966,31%,,,,,,,,,,
30/03/2019 22:00,62429.402,31%,,,,,,,,,,
30/03/2019 23:00,58129.171,29%,,,,,,,,,,
31/03/2019 00:00,48045.826,24%,,,,,,,,,,
31/03/2019 01:00,43549.496,22%,,,,,,,,,,
31/03/2019 02:00,40587.92,20%,,,,,,,,,,
31/03/2019 03:00,47522.894,24%,,,,,,,,,,
31/03/2019 04:00,56409.503,28%,,,,,,,,,,
31/03/2019 05:00,63561.088,32%,,,,,,,,,,
31/03/2019 06:00,68271.187,34%,,,,,,,,,,
31/03/2019 07:00,87167.565,44%,,,,,,,,,,
31/03/2019 08:00,102485.216,51%,,,,,,,,,,
31/03/2019 09:00,100253.469,50%,,,,,,,,,,
31/03/2019 10:00,93924.316,47%,,,,,,,,,,
31/03/2019 11:00,86775.225,43%,,,,,,,,,,
31/03/2019 12:00,78221.492,39%,,,,,,,,,,
31/03/2019 13:00,70495.268,35%,,,,,,,,,,
31/03/2019 14:00,65028.459,33%,,,,,,,,,,
31/03/2019 15:00,63520.543,32%,,,,,,,,,,
31/03/2019 16:00,66000.785,33%,,,,,,,,,,
31/03/2019 17:00,71768.818,36%,,,,,,,,,,
31/03/2019 18:00,91144.531,46%,,,,,,,,,,
31/03/2019 19:00,98220.069,49%,,,,,,,,,,
31/03/2019 20:00,87564.839,44%,,,,,,,,,,
31/03/2019 21:00,78203.274,39%,,,,,,,,,,
31/03/2019 22:00,72326.847,36%,,,,,,,,,,
31/03/2019 23:00,66577.089,33%,,,,,,,,,,
01/04/2019 00:00,69863.652,35%,,,,,,,,,,
01/04/2019 01:00,63904.033,32%,,,,,,,,,,
01/04/2019 02:00,59813.895,30%,,,,,,,,,,
01/04/2019 03:00,55785.429,28%,,,,,,,,,,
01/04/2019 04:00,53059.159,27%,,,,,,,,,,
01/04/2019 05:00,49813.923,25%,,,,,,,,,,
01/04/2019 06:00,40171.072,20%,,,,,,,,,,
01/04/2019 07:00,27733.947,14%,,,,,,,,,,
01/04/2019 08:00,39235.981,20%,,,,,,,,,,
01/04/2019 09:00,35545.728,18%,,,,,,,,,,
01/04/2019 10:00,28918.944,14%,,,,,,,,,,
01/04/2019 11:00,22715.295,11%,,,,,,,,,,
01/04/2019 12:00,17993.422,9%,,,,,,,,,,
01/04/2019 13:00,14566.315,7%,,,,,,,,,,
01/04/2019 14:00,12240.659,6%,,,,,,,,,,
01/04/2019 15:00,11597.532,6%,,,,,,,,,,
01/04/2019 16:00,12396.063,6%,,,,,,,,,,
01/04/2019 17:00,16642.372,8%,,,,,,,,,,
01/04/2019 18:00,28263.135,14%,,,,,,,,,,
01/04/2019 19:00,49260.712,25%,,,,,,,,,,
01/04/2019 20:00,74089.299,37%,,,,,,,,,,
01/04/2019 21:00,83915.37,42%,,,,,,,,,,
01/04/2019 22:00,74719.63,37%,,,,,,,,,,
01/04/2019 23:00,64266.426,32%,,,,,,,,,,
02/04/2019 00:00,57900.115,29%,,,,,,,,,,
02/04/2019 01:00,49738.122,25%,,,,,,,,,,
02/04/2019 02:00,40714.942,20%,,,,,,,,,,
02/04/2019 03:00,32686.643,16%,,,,,,,,,,
02/04/2019 04:00,31580.584,16%,,,,,,,,,,
02/04/2019 05:00,36714.667,18%,,,,,,,,,,
02/04/2019 06:00,41484.543,21%,,,,,,,,,,
02/04/2019 07:00,47598.238,24%,,,,,,,,,,
02/04/2019 08:00,56972.507,28%,,,,,,,,,,
02/04/2019 09:00,73552.646,37%,,,,,,,,,,
02/04/2019 10:00,80168.319,40%,,,,,,,,,,
02/04/2019 11:00,81540.865,41%,,,,,,,,,,
02/04/2019 12:00,79027.339,40%,,,,,,,,,,
02/04/2019 13:00,71003.365,36%,,,,,,,,,,
02/04/2019 14:00,60987.238,30%,,,,,,,,,,
02/04/2019 15:00,49970.761,25%,,,,,,,,,,
02/04/2019 16:00,37732.64,19%,,,,,,,,,,
02/04/2019 17:00,26116.39,13%,,,,,,,,,,
02/04/2019 18:00,24276.271,12%,,,,,,,,,,
02/04/2019 19:00,26312.097,13%,,,,,,,,,,
02/04/2019 20:00,26596.493,13%,,,,,,,,,,
02/04/2019 21:00,25614.168,13%,,,,,,,,,,
02/04/2019 22:00,24087.632,12%,,,,,,,,,,
02/04/2019 23:00,23538.053,12%,,,,,,,,,,
03/04/2019 00:00,24008.731,12%,,,,,,,,,,
03/04/2019 01:00,25445.081,13%,,,,,,,,,,
03/04/2019 02:00,26543.016,13%,,,,,,,,,,
03/04/2019 03:00,26390.633,13%,,,,,,,,,,
03/04/2019 04:00,25114.505,13%,,,,,,,,,,
03/04/2019 05:00,22458.246,11%,,,,,,,,,,
03/04/2019 06:00,16040.893,8%,,,,,,,,,,
03/04/2019 07:00,12301.223,6%,,,,,,,,,,
03/04/2019 08:00,13088.035,7%,,,,,,,,,,
03/04/2019 09:00,12792.999,6%,,,,,,,,,,
03/04/2019 10:00,10804.07,5%,,,,,,,,,,
03/04/2019 11:00,9499.336,5%,,,,,,,,,,
03/04/2019 12:00,10682.171,5%,,,,,,,,,,
03/04/2019 13:00,10994.792,5%,,,,,,,,,,
03/04/2019 14:00,10500.641,5%,,,,,,,,,,
03/04/2019 15:00,10188.569,5%,,,,,,,,,,
03/04/2019 16:00,9695.679,5%,,,,,,,,,,
03/04/2019 17:00,9495.286,5%,,,,,,,,,,
03/04/2019 18:00,12515.285,6%,,,,,,,,,,
03/04/2019 19:00,15227.739,8%,,,,,,,,,,
03/04/2019 20:00,16698.453,8%,,,,,,,,,,
03/04/2019 21:00,20085.045,10%,,,,,,,,,,
03/04/2019 22:00,27172.103,14%,,,,,,,,,,
03/04/2019 23:00,37801.891,19%,,,,,,,,,,
04/04/2019 00:00,48035.41,24%,,,,,,,,,,
04/04/2019 01:00,51605.227,26%,,,,,,,,,,
04/04/2019 02:00,55596.215,28%,,,,,,,,,,
04/04/2019 03:00,54952.741,27%,,,,,,,,,,
04/04/2019 04:00,60984.628,30%,,,,,,,,,,
04/04/2019 05:00,73840.975,37%,,,,,,,,,,
04/04/2019 06:00,80817.859,40%,,,,,,,,,,
04/04/2019 07:00,100143.686,50%,,,,,,,,,,
04/04/2019 08:00,124849.092,62%,,,,,,,,,,
04/04/2019 09:00,147355.639,74%,,,,,,,,,,
04/04/2019 10:00,162925.477,81%,,,,,,,,,,
04/04/2019 11:00,173164.851,87%,,,,,,,,,,
04/04/2019 12:00,175793.763,88%,,,,,,,,,,
04/04/2019 13:00,174478.555,87%,,,,,,,,,,
04/04/2019 14:00,172296.493,86%,,,,,,,,,,
04/04/2019 15:00,162248.389,81%,,,,,,,,,,
04/04/2019 16:00,153741.461,77%,,,,,,,,,,
04/04/2019 17:00,150127.843,75%,,,,,,,,,,
04/04/2019 18:00,144000.96,72%,,,,,,,,,,
04/04/2019 19:00,140071.526,70%,,,,,,,,,,
04/04/2019 20:00,137349.81,69%,,,,,,,,,,
04/04/2019 21:00,130841.512,65%,,,,,,,,,,
04/04/2019 22:00,121783.6,61%,,,,,,,,,,
04/04/2019 23:00,105295.325,53%,,,,,,,,,,
05/04/2019 00:00,97993.911,49%,,,,,,,,,,
05/04/2019 01:00,92051.522,46%,,,,,,,,,,
05/04/2019 02:00,95704.613,48%,,,,,,,,,,
05/04/2019 03:00,97691.146,49%,,,,,,,,,,
05/04/2019 04:00,105084.616,53%,,,,,,,,,,
05/04/2019 05:00,111818.214,56%,,,,,,,,,,
05/04/2019 06:00,115544.591,58%,,,,,,,,,,
05/04/2019 07:00,133810.438,67%,,,,,,,,,,
05/04/2019 08:00,140066.028,70%,,,,,,,,,,
05/04/2019 09:00,146773.513,73%,,,,,,,,,,
05/04/2019 10:00,144425.444,72%,,,,,,,,,,
05/04/2019 11:00,136434.837,68%,,,,,,,,,,
05/04/2019 12:00,124834.839,62%,,,,,,,,,,
05/04/2019 13:00,113158.601,57%,,,,,,,,,,
05/04/2019 14:00,100144.744,50%,,,,,,,,,,
05/04/2019 15:00,77128.451,39%,,,,,,,,,,
05/04/2019 16:00,57382.63,29%,,,,,,,,,,
05/04/2019 17:00,56459.254,28%,,,,,,,,,,
05/04/2019 18:00,70893.601,35%,,,,,,,,,,
05/04/2019 19:00,85940.059,43%,,,,,,,,,,
05/04/2019 20:00,91565.031,46%,,,,,,,,,,
05/04/2019 21:00,87358.195,44%,,,,,,,,,,
05/04/2019 22:00,81924.088,41%,,,,,,,,,,
05/04/2019 23:00,76994.897,38%,,,,,,,,,,
06/04/2019 00:00,74005.853,37%,,,,,,,,,,
06/04/2019 01:00,73885.952,37%,,,,,,,,,,
06/04/2019 02:00,70479.817,35%,,,,,,,,,,
06/04/2019 03:00,63278.708,32%,,,,,,,,,,
06/04/2019 04:00,55554.412,28%,,,,,,,,,,
06/04/2019 05:00,46299.165,23%,,,,,,,,,,
06/04/2019 06:00,40310.909,20%,,,,,,,,,,
06/04/2019 07:00,53049.517,27%,,,,,,,,,,
06/04/2019 08:00,49066.768,25%,,,,,,,,,,
06/04/2019 09:00,42437.224,21%,,,,,,,,,,
06/04/2019 10:00,37899.81,19%,,,,,,,,,,
06/04/2019 11:00,36467.681,18%,,,,,,,,,,
06/04/2019 12:00,35985.371,18%,,,,,,,,,,
06/04/2019 13:00,37451.529,19%,,,,,,,,,,
06/04/2019 14:00,40808.884,20%,,,,,,,,,,
06/04/2019 15:00,45045.819,23%,,,,,,,,,,
06/04/2019 16:00,49436.445,25%,,,,,,,,,,
06/04/2019 17:00,48332.701,24%,,,,,,,,,,
06/04/2019 18:00,58219.53,29%,,,,,,,,,,
06/04/2019 19:00,69166.246,35%,,,,,,,,,,
06/04/2019 20:00,67352.324,34%,,,,,,,,,,
06/04/2019 21:00,58624.479,29%,,,,,,,,,,
06/04/2019 22:00,52098.717,26%,,,,,,,,,,
06/04/2019 23:00,45883.345,23%,,,,,,,,,,
07/04/2019 00:00,37470.109,19%,,,,,,,,,,
07/04/2019 01:00,30190.172,15%,,,,,,,,,,
07/04/2019 02:00,26849.942,13%,,,,,,,,,,
07/04/2019 03:00,26520.882,13%,,,,,,,,,,
07/04/2019 04:00,27712.265,14%,,,,,,,,,,
07/04/2019 05:00,31364.9,16%,,,,,,,,,,
07/04/2019 06:00,27165.863,14%,,,,,,,,,,
07/04/2019 07:00,28339.014,14%,,,,,,,,,,
07/04/2019 08:00,34727.568,17%,,,,,,,,,,
07/04/2019 09:00,28545.877,14%,,,,,,,,,,
07/04/2019 10:00,23537.409,12%,,,,,,,,,,
07/04/2019 11:00,20395.373,10%,,,,,,,,,,
07/04/2019 12:00,20387.342,10%,,,,,,,,,,
07/04/2019 13:00,22467.212,11%,,,,,,,,,,
07/04/2019 14:00,23741.367,12%,,,,,,,,,,
07/04/2019 15:00,24452.217,12%,,,,,,,,,,
07/04/2019 16:00,24580.843,12%,,,,,,,,,,
07/04/2019 17:00,23823.648,12%,,,,,,,,,,
07/04/2019 18:00,28864.729,14%,,,,,,,,,,
07/04/2019 19:00,35072.68,18%,,,,,,,,,,
07/04/2019 20:00,34769.008,17%,,,,,,,,,,
07/04/2019 21:00,31990.493,16%,,,,,,,,,,
07/04/2019 22:00,27887.941,14%,,,,,,,,,,
07/04/2019 23:00,25851.295,13%,,,,,,,,,,
08/04/2019 00:00,23043.654,12%,,,,,,,,,,
08/04/2019 01:00,19931.848,10%,,,,,,,,,,
08/04/2019 02:00,17901.252,9%,,,,,,,,,,
08/04/2019 03:00,17373.584,9%,,,,,,,,,,
08/04/2019 04:00,18213.224,9%,,,,,,,,,,
08/04/2019 05:00,18980.103,9%,,,,,,,,,,
08/04/2019 06:00,17672.673,9%,,,,,,,,,,
08/04/2019 07:00,15617.663,8%,,,,,,,,,,
08/04/2019 08:00,14940.919,7%,,,,,,,,,,
08/04/2019 09:00,15227.786,8%,,,,,,,,,,
08/04/2019 10:00,16536.964,8%,,,,,,,,,,
08/04/2019 11:00,18070.3,9%,,,,,,,,,,
08/04/2019 12:00,21670.159,11%,,,,,,,,,,
08/04/2019 13:00,26012.88,13%,,,,,,,,,,
08/04/2019 14:00,27381.375,14%,,,,,,,,,,
08/04/2019 15:00,25768.577,13%,,,,,,,,,,
08/04/2019 16:00,18094.907,9%,,,,,,,,,,
08/04/2019 17:00,16050.459,8%,,,,,,,,,,
08/04/2019 18:00,20248.474,10%,,,,,,,,,,
08/04/2019 19:00,22911.062,11%,,,,,,,,,,
08/04/2019 20:00,31151.059,16%,,,,,,,,,,
08/04/2019 21:00,46583.044,23%,,,,,,,,,,
08/04/2019 22:00,54825.636,27%,,,,,,,,,,
08/04/2019 23:00,54170.094,27%,,,,,,,,,,
09/04/2019 00:00,64521.76,32%,,,,,,,,,,
09/04/2019 01:00,70238.377,35%,,,,,,,,,,
09/04/2019 02:00,73518.958,37%,,,,,,,,,,
09/04/2019 03:00,74715.423,37%,,,,,,,,,,
09/04/2019 04:00,72849.911,36%,,,,,,,,,,
09/04/2019 05:00,75204.444,38%,,,,,,,,,,
09/04/2019 06:00,79525.038,40%,,,,,,,,,,
09/04/2019 07:00,86378.728,43%,,,,,,,,,,
09/04/2019 08:00,96290.116,48%,,,,,,,,,,
09/04/2019 09:00,99931.918,50%,,,,,,,,,,
09/04/2019 10:00,100228.276,50%,,,,,,,,,,
09/04/2019 11:00,98768.062,49%,,,,,,,,,,
09/04/2019 12:00,95191.552,48%,,,,,,,,,,
09/04/2019 13:00,91879.407,46%,,,,,,,,,,
09/04/2019 14:00,90133.741,45%,,,,,,,,,,
09/04/2019 15:00,92192.663,46%,,,,,,,,,,
09/04/2019 16:00,95742.249,48%,,,,,,,,,,
09/04/2019 17:00,93988.71,47%,,,,,,,,,,
09/04/2019 18:00,86628.044,43%,,,,,,,,,,
09/04/2019 19:00,79018.949,40%,,,,,,,,,,
09/04/2019 20:00,73747.076,37%,,,,,,,,,,
09/04/2019 21:00,68184.259,34%,,,,,,,,,,
09/04/2019 22:00,64902.592,32%,,,,,,,,,,
09/04/2019 23:00,67668.342,34%,,,,,,,,,,
10/04/2019 00:00,69106.028,35%,,,,,,,,,,
10/04/2019 01:00,68131.742,34%,,,,,,,,,,
10/04/2019 02:00,62646.482,31%,,,,,,,,,,
10/04/2019 03:00,60990.932,30%,,,,,,,,,,
10/04/2019 04:00,55757.975,28%,,,,,,,,,,
10/04/2019 05:00,54452.908,27%,,,,,,,,,,
10/04/2019 06:00,47445.933,24%,,,,,,,,,,
10/04/2019 07:00,63276.679,32%,,,,,,,,,,
10/04/2019 08:00,66830.015,33%,,,,,,,,,,
10/04/2019 09:00,57616.028,29%,,,,,,,,,,
10/04/2019 10:00,54728.575,27%,,,,,,,,,,
10/04/2019 11:00,55498.095,28%,,,,,,,,,,
10/04/2019 12:00,56613.968,28%,,,,,,,,,,
10/04/2019 13:00,56556.036,28%,,,,,,,,,,
10/04/2019 14:00,54789.733,27%,,,,,,,,,,
10/04/2019 15:00,52275.795,26%,,,,,,,,,,
10/04/2019 16:00,51008.822,26%,,,,,,,,,,
10/04/2019 17:00,51815.428,26%,,,,,,,,,,
10/04/2019 18:00,65704.986,33%,,,,,,,,,,
10/04/2019 19:00,83910.806,42%,,,,,,,,,,
10/04/2019 20:00,81223.135,41%,,,,,,,,,,
10/04/2019 21:00,70479.28,35%,,,,,,,,,,
10/04/2019 22:00,62072.759,31%,,,,,,,,,,
10/04/2019 23:00,52741.661,26%,,,,,,,,,,
11/04/2019 00:00,42689.936,21%,,,,,,,,,,
11/04/2019 01:00,33607.237,17%,,,,,,,,,,
11/04/2019 02:00,26625.968,13%,,,,,,,,,,
11/04/2019 03:00,23262.573,12%,,,,,,,,,,
11/04/2019 04:00,22467.63,11%,,,,,,,,,,
11/04/2019 05:00,23537.547,12%,,,,,,,,,,
11/04/2019 06:00,20610.235,10%,,,,,,,,,,
11/04/2019 07:00,13828.809,7%,,,,,,,,,,
11/04/2019 08:00,22411.177,11%,,,,,,,,,,
11/04/2019 09:00,18942.383,9%,,,,,,,,,,
11/04/2019 10:00,15775.03,8%,,,,,,,,,,
11/04/2019 11:00,12498.017,6%,,,,,,,,,,
11/04/2019 12:00,9257.876,5%,,,,,,,,,,
11/04/2019 13:00,6366.251,3%,,,,,,,,,,
11/04/2019 14:00,4315.631,2%,,,,,,,,,,
11/04/2019 15:00,3274.336,2%,,,,,,,,,,
11/04/2019 16:00,3017.793,2%,,,,,,,,,,
11/04/2019 17:00,4709.22,2%,,,,,,,,,,
11/04/2019 18:00,12770.262,6%,,,,,,,,,,
11/04/2019 19:00,32906.67,16%,,,,,,,,,,
11/04/2019 20:00,58756.393,29%,,,,,,,,,,
11/04/2019 21:00,71531.813,36%,,,,,,,,,,
11/04/2019 22:00,72705.35,36%,,,,,,,,,,
11/04/2019 23:00,65036.865,33%,,,,,,,,,,
12/04/2019 00:00,57481.885,29%,,,,,,,,,,
12/04/2019 01:00,47424.158,24%,,,,,,,,,,
12/04/2019 02:00,37404.359,19%,,,,,,,,,,
12/04/2019 03:00,28776.535,14%,,,,,,,,,,
12/04/2019 04:00,23101.684,12%,,,,,,,,,,
12/04/2019 05:00,20253.686,10%,,,,,,,,,,
12/04/2019 06:00,15857.513,8%,,,,,,,,,,
12/04/2019 07:00,16813.456,8%,,,,,,,,,,
12/04/2019 08:00,23819.375,12%,,,,,,,,,,
12/04/2019 09:00,23723.901,12%,,,,,,,,,,
12/04/2019 10:00,24760.695,12%,,,,,,,,,,
12/04/2019 11:00,26319.398,13%,,,,,,,,,,
12/04/2019 12:00,27744.339,14%,,,,,,,,,,
12/04/2019 13:00,29832.415,15%,,,,,,,,,,
12/04/2019 14:00,33019.323,17%,,,,,,,,,,
12/04/2019 15:00,36556.648,18%,,,,,,,,,,
12/04/2019 16:00,41224.165,21%,,,,,,,,,,
12/04/2019 17:00,47322.443,24%,,,,,,,,,,
12/04/2019 18:00,64013.859,32%,,,,,,,,,,
12/04/2019 19:00,85190.625,43%,,,,,,,,,,
12/04/2019 20:00,85824.015,43%,,,,,,,,,,
12/04/2019 21:00,80102.072,40%,,,,,,,,,,
12/04/2019 22:00,77530.099,39%,,,,,,,,,,
12/04/2019 23:00,70929.932,35%,,,,,,,,,,
13/04/2019 00:00,64299.726,32%,,,,,,,,,,
13/04/2019 01:00,58269.994,29%,,,,,,,,,,
13/04/2019 02:00,54406.375,27%,,,,,,,,,,
13/04/2019 03:00,54874.736,27%,,,,,,,,,,
13/04/2019 04:00,54621.442,27%,,,,,,,,,,
13/04/2019 05:00,50577.774,25%,,,,,,,,,,
13/04/2019 06:00,36891.317,18%,,,,,,,,,,
13/04/2019 07:00,43294.701,22%,,,,,,,,,,
13/04/2019 08:00,60993.328,30%,,,,,,,,,,
13/04/2019 09:00,64521.464,32%,,,,,,,,,,
13/04/2019 10:00,64014.734,32%,,,,,,,,,,
13/04/2019 11:00,62620.371,31%,,,,,,,,,,
13/04/2019 12:00,59993.016,30%,,,,,,,,,,
13/04/2019 13:00,59530.086,30%,,,,,,,,,,
13/04/2019 14:00,62407.795,31%,,,,,,,,,,
13/04/2019 15:00,64528.134,32%,,,,,,,,,,
13/04/2019 16:00,68128.77,34%,,,,,,,,,,
13/04/2019 17:00,70358.402,35%,,,,,,,,,,
13/04/2019 18:00,80047.963,40%,,,,,,,,,,
13/04/2019 19:00,100517.338,50%,,,,,,,,,,
13/04/2019 20:00,95081.655,48%,,,,,,,,,,
13/04/2019 21:00,81454.464,41%,,,,,,,,,,
13/04/2019 22:00,69830.933,35%,,,,,,,,,,
13/04/2019 23:00,61112.039,31%,,,,,,,,,,
14/04/2019 00:00,59251.365,30%,,,,,,,,,,
14/04/2019 01:00,60454.2,30%,,,,,,,,,,
14/04/2019 02:00,58346.585,29%,,,,,,,,,,
14/04/2019 03:00,53163.672,27%,,,,,,,,,,
14/04/2019 04:00,53519.167,27%,,,,,,,,,,
14/04/2019 05:00,61528.808,31%,,,,,,,,,,
14/04/2019 06:00,49694.111,25%,,,,,,,,,,
14/04/2019 07:00,44608.219,22%,,,,,,,,,,
14/04/2019 08:00,86685.649,43%,,,,,,,,,,
14/04/2019 09:00,85830.425,43%,,,,,,,,,,
14/04/2019 10:00,87110.513,44%,,,,,,,,,,
14/04/2019 11:00,93782.022,47%,,,,,,,,,,
14/04/2019 12:00,82004.091,41%,,,,,,,,,,
14/04/2019 13:00,55408.133,28%,,,,,,,,,,
14/04/2019 14:00,60258.618,30%,,,,,,,,,,
14/04/2019 15:00,78208.402,39%,,,,,,,,,,
14/04/2019 16:00,73714.06,37%,,,,,,,,,,
14/04/2019 17:00,69067.245,35%,,,,,,,,,,
14/04/2019 18:00,77658.366,39%,,,,,,,,,,
14/04/2019 19:00,96587.127,48%,,,,,,,,,,
14/04/2019 20:00,99594.482,50%,,,,,,,,,,
14/04/2019 21:00,90266.895,45%,,,,,,,,,,
14/04/2019 22:00,80880.73,40%,,,,,,,,,,
14/04/2019 23:00,75343.987,38%,,,,,,,,,,
15/04/2019 00:00,71005.526,36%,,,,,,,,,,
15/04/2019 01:00,70481.407,35%,,,,,,,,,,
15/04/2019 02:00,75780.762,38%,,,,,,,,,,
15/04/2019 03:00,82441.66,41%,,,,,,,,,,
15/04/2019 04:00,93258.994,47%,,,,,,,,,,
15/04/2019 05:00,98219.103,49%,,,,,,,,,,
15/04/2019 06:00,103151.452,52%,,,,,,,,,,
15/04/2019 07:00,115543.081,58%,,,,,,,,,,
15/04/2019 08:00,146789.004,73%,,,,,,,,,,
15/04/2019 09:00,160041.186,80%,,,,,,,,,,
15/04/2019 10:00,162433.073,81%,,,,,,,,,,
15/04/2019 11:00,158936.865,79%,,,,,,,,,,
15/04/2019 12:00,153889.607,77%,,,,,,,,,,
15/04/2019 13:00,149577.252,75%,,,,,,,,,,
15/04/2019 14:00,146901.438,73%,,,,,,,,,,
15/04/2019 15:00,144567.736,72%,,,,,,,,,,
15/04/2019 16:00,138039.603,69%,,,,,,,,,,
15/04/2019 17:00,123100.219,62%,,,,,,,,,,
15/04/2019 18:00,109406.769,55%,,,,,,,,,,
15/04/2019 19:00,94177.292,47%,,,,,,,,,,
15/04/2019 20:00,80247.96,40%,,,,,,,,,,
15/04/2019 21:00,70999.329,35%,,,,,,,,,,
15/04/2019 22:00,64011.019,32%,,,,,,,,,,
15/04/2019 23:00,55969.331,28%,,,,,,,,,,
16/04/2019 00:00,47360.917,24%,,,,,,,,,,
16/04/2019 01:00,38159.99,19%,,,,,,,,,,
16/04/2019 02:00,30371.274,15%,,,,,,,,,,
16/04/2019 03:00,19749.626,10%,,,,,,,,,,
16/04/2019 04:00,10870.154,5%,,,,,,,,,,
16/04/2019 05:00,6807.459,3%,,,,,,,,,,
16/04/2019 06:00,6380.287,3%,,,,,,,,,,
16/04/2019 07:00,7347.88,4%,,,,,,,,,,
16/04/2019 08:00,9585.422,5%,,,,,,,,,,
16/04/2019 09:00,11829.013,6%,,,,,,,,,,
16/04/2019 10:00,12413.082,6%,,,,,,,,,,
16/04/2019 11:00,10833.839,5%,,,,,,,,,,
16/04/2019 12:00,7761.431,4%,,,,,,,,,,
16/04/2019 13:00,5124.699,3%,,,,,,,,,,
16/04/2019 14:00,4128.161,2%,,,,,,,,,,
16/04/2019 15:00,5401.976,3%,,,,,,,,,,
16/04/2019 16:00,8379.457,4%,,,,,,,,,,
16/04/2019 17:00,13321.221,7%,,,,,,,,,,
16/04/2019 18:00,20251.653,10%,,,,,,,,,,
16/04/2019 19:00,26419.516,13%,,,,,,,,,,
16/04/2019 20:00,27796.106,14%,,,,,,,,,,
16/04/2019 21:00,26148.476,13%,,,,,,,,,,
16/04/2019 22:00,23611.216,12%,,,,,,,,,,
16/04/2019 23:00,22681.634,11%,,,,,,,,,,
17/04/2019 00:00,26593.895,13%,,,,,,,,,,
17/04/2019 01:00,32903.655,16%,,,,,,,,,,
17/04/2019 02:00,35776.337,18%,,,,,,,,,,
17/04/2019 03:00,31618.175,16%,,,,,,,,,,
17/04/2019 04:00,23539.427,12%,,,,,,,,,,
17/04/2019 05:00,17386.046,9%,,,,,,,,,,
17/04/2019 06:00,13268.572,7%,,,,,,,,,,
17/04/2019 07:00,13672.675,7%,,,,,,,,,,
17/04/2019 08:00,13042.119,7%,,,,,,,,,,
17/04/2019 09:00,11900.684,6%,,,,,,,,,,
17/04/2019 10:00,12217.499,6%,,,,,,,,,,
17/04/2019 11:00,13837.228,7%,,,,,,,,,,
17/04/2019 12:00,14299.639,7%,,,,,,,,,,
17/04/2019 13:00,15681.087,8%,,,,,,,,,,
17/04/2019 14:00,18927.735,9%,,,,,,,,,,
17/04/2019 15:00,24875.578,12%,,,,,,,,,,
17/04/2019 16:00,31225.2,16%,,,,,,,,,,
17/04/2019 17:00,39069.19,20%,,,,,,,,,,
17/04/2019 18:00,62290.03,31%,,,,,,,,,,
17/04/2019 19:00,88848.976,44%,,,,,,,,,,
17/04/2019 20:00,93858.765,47%,,,,,,,,,,
17/04/2019 21:00,86140.382,43%,,,,,,,,,,
17/04/2019 22:00,75552.378,38%,,,,,,,,,,
17/04/2019 23:00,63889.021,32%,,,,,,,,,,
18/04/2019 00:00,50431.388,25%,,,,,,,,,,
18/04/2019 01:00,38704.622,19%,,,,,,,,,,
18/04/2019 02:00,34137.336,17%,,,,,,,,,,
18/04/2019 03:00,32997.946,16%,,,,,,,,,,
18/04/2019 04:00,34382.281,17%,,,,,,,,,,
18/04/2019 05:00,34183.377,17%,,,,,,,,,,
18/04/2019 06:00,33808.947,17%,,,,,,,,,,
18/04/2019 07:00,43914.726,22%,,,,,,,,,,
18/04/2019 08:00,41222.552,21%,,,,,,,,,,
18/04/2019 09:00,44616.373,22%,,,,,,,,,,
18/04/2019 10:00,58777.054,29%,,,,,,,,,,
18/04/2019 11:00,68816.506,34%,,,,,,,,,,
18/04/2019 12:00,72207.376,36%,,,,,,,,,,
18/04/2019 13:00,67928.75,34%,,,,,,,,,,
18/04/2019 14:00,55843.96,28%,,,,,,,,,,
18/04/2019 15:00,46141.232,23%,,,,,,,,,,
18/04/2019 16:00,49046.495,25%,,,,,,,,,,
18/04/2019 17:00,62450.421,31%,,,,,,,,,,
18/04/2019 18:00,78210.172,39%,,,,,,,,,,
18/04/2019 19:00,91333.031,46%,,,,,,,,,,
18/04/2019 20:00,94584.026,47%,,,,,,,,,,
18/04/2019 21:00,97667.506,49%,,,,,,,,,,
18/04/2019 22:00,94051.658,47%,,,,,,,,,,
18/04/2019 23:00,84461.222,42%,,,,,,,,,,
19/04/2019 00:00,76063.299,38%,,,,,,,,,,
19/04/2019 01:00,71472.941,36%,,,,,,,,,,
19/04/2019 02:00,67786.267,34%,,,,,,,,,,
19/04/2019 03:00,60666.491,30%,,,,,,,,,,
19/04/2019 04:00,48839.915,24%,,,,,,,,,,
19/04/2019 05:00,38164.73,19%,,,,,,,,,,
19/04/2019 06:00,25595.939,13%,,,,,,,,,,
19/04/2019 07:00,15657.539,8%,,,,,,,,,,
19/04/2019 08:00,19007.11,10%,,,,,,,,,,
19/04/2019 09:00,28119.32,14%,,,,,,,,,,
19/04/2019 10:00,37051.461,19%,,,,,,,,,,
19/04/2019 11:00,42026.32,21%,,,,,,,,,,
19/04/2019 12:00,38338.404,19%,,,,,,,,,,
19/04/2019 13:00,31053.531,16%,,,,,,,,,,
19/04/2019 14:00,23674.482,12%,,,,,,,,,,
19/04/2019 15:00,18564.969,9%,,,,,,,,,,
19/04/2019 16:00,17537.575,9%,,,,,,,,,,
19/04/2019 17:00,21423.088,11%,,,,,,,,,,
19/04/2019 18:00,36147.433,18%,,,,,,,,,,
19/04/2019 19:00,56793.772,28%,,,,,,,,,,
19/04/2019 20:00,70116.098,35%,,,,,,,,,,
19/04/2019 21:00,68650.301,34%,,,,,,,,,,
19/04/2019 22:00,57126.075,29%,,,,,,,,,,
19/04/2019 23:00,43964.914,22%,,,,,,,,,,
20/04/2019 00:00,33696.818,17%,,,,,,,,,,
20/04/2019 01:00,26499.823,13%,,,,,,,,,,
20/04/2019 02:00,20423.15,10%,,,,,,,,,,
20/04/2019 03:00,17175.986,9%,,,,,,,,,,
20/04/2019 04:00,15973.179,8%,,,,,,,,,,
20/04/2019 05:00,15283.937,8%,,,,,,,,,,
20/04/2019 06:00,11555.452,6%,,,,,,,,,,
20/04/2019 07:00,5741.187,3%,,,,,,,,,,
20/04/2019 08:00,4116.657,2%,,,,,,,,,,
20/04/2019 09:00,8630.259,4%,,,,,,,,,,
20/04/2019 10:00,12882.783,6%,,,,,,,,,,
20/04/2019 11:00,13274.9,7%,,,,,,,,,,
20/04/2019 12:00,12728.382,6%,,,,,,,,,,
20/04/2019 13:00,11900.04,6%,,,,,,,,,,
20/04/2019 14:00,10932.391,5%,,,,,,,,,,
20/04/2019 15:00,9974.05,5%,,,,,,,,,,
20/04/2019 16:00,9126.514,5%,,,,,,,,,,
20/04/2019 17:00,9006.222,5%,,,,,,,,,,
20/04/2019 18:00,10612.952,5%,,,,,,,,,,
20/04/2019 19:00,15199.474,8%,,,,,,,,,,
20/04/2019 20:00,23446.91,12%,,,,,,,,,,
20/04/2019 21:00,33589.105,17%,,,,,,,,,,
20/04/2019 22:00,40413.017,20%,,,,,,,,,,
20/04/2019 23:00,40283.693,20%,,,,,,,,,,
21/04/2019 00:00,35244.272,18%,,,,,,,,,,
21/04/2019 01:00,28703.378,14%,,,,,,,,,,
21/04/2019 02:00,23454.757,12%,,,,,,,,,,
21/04/2019 03:00,18591.564,9%,,,,,,,,,,
21/04/2019 04:00,14597.689,7%,,,,,,,,,,
21/04/2019 05:00,12231.097,6%,,,,,,,,,,
21/04/2019 06:00,9932.013,5%,,,,,,,,,,
21/04/2019 07:00,4666,2%,,,,,,,,,,
21/04/2019 08:00,2317.506,1%,,,,,,,,,,
21/04/2019 09:00,3832.741,2%,,,,,,,,,,
21/04/2019 10:00,5028.008,3%,,,,,,,,,,
21/04/2019 11:00,6392.227,3%,,,,,,,,,,
21/04/2019 12:00,8327.886,4%,,,,,,,,,,
21/04/2019 13:00,10512.973,5%,,,,,,,,,,
21/04/2019 14:00,11794.714,6%,,,,,,,,,,
21/04/2019 15:00,12296.594,6%,,,,,,,,,,
21/04/2019 16:00,12689.536,6%,,,,,,,,,,
21/04/2019 17:00,14701.865,7%,,,,,,,,,,
21/04/2019 18:00,20244.374,10%,,,,,,,,,,
21/04/2019 19:00,29552.334,15%,,,,,,,,,,
21/04/2019 20:00,42161.119,21%,,,,,,,,,,
21/04/2019 21:00,54877.472,27%,,,,,,,,,,
21/04/2019 22:00,64021.183,32%,,,,,,,,,,
21/04/2019 23:00,68615.312,34%,,,,,,,,,,
22/04/2019 00:00,69255.804,35%,,,,,,,,,,
22/04/2019 01:00,66836.715,33%,,,,,,,,,,
22/04/2019 02:00,62966.599,31%,,,,,,,,,,
22/04/2019 03:00,59990.692,30%,,,,,,,,,,
22/04/2019 04:00,57943.453,29%,,,,,,,,,,
22/04/2019 05:00,58252.96,29%,,,,,,,,,,
22/04/2019 06:00,44004.304,22%,,,,,,,,,,
22/04/2019 07:00,25446.902,13%,,,,,,,,,,
22/04/2019 08:00,22457.055,11%,,,,,,,,,,
22/04/2019 09:00,38656.566,19%,,,,,,,,,,
22/04/2019 10:00,56540.402,28%,,,,,,,,,,
22/04/2019 11:00,61508.733,31%,,,,,,,,,,
22/04/2019 12:00,65663.719,33%,,,,,,,,,,
22/04/2019 13:00,69741.369,35%,,,,,,,,,,
22/04/2019 14:00,71954.449,36%,,,,,,,,,,
22/04/2019 15:00,71229.038,36%,,,,,,,,,,
22/04/2019 16:00,64519.144,32%,,,,,,,,,,
22/04/2019 17:00,67031.195,34%,,,,,,,,,,
22/04/2019 18:00,79556.095,40%,,,,,,,,,,
22/04/2019 19:00,77414.09,39%,,,,,,,,,,
22/04/2019 20:00,54506.408,27%,,,,,,,,,,
22/04/2019 21:00,34819.858,17%,,,,,,,,,,
22/04/2019 22:00,29694.381,15%,,,,,,,,,,
22/04/2019 23:00,31853.192,16%,,,,,,,,,,
23/04/2019 00:00,31539.929,16%,,,,,,,,,,
23/04/2019 01:00,30917.176,15%,,,,,,,,,,
23/04/2019 02:00,35996.193,18%,,,,,,,,,,
23/04/2019 03:00,46637.466,23%,,,,,,,,,,
23/04/2019 04:00,58199.303,29%,,,,,,,,,,
23/04/2019 05:00,60988.702,30%,,,,,,,,,,
23/04/2019 06:00,37131.211,19%,,,,,,,,,,
23/04/2019 07:00,22012.929,11%,,,,,,,,,,
23/04/2019 08:00,25110.447,13%,,,,,,,,,,
23/04/2019 09:00,33423.152,17%,,,,,,,,,,
23/04/2019 10:00,37517.657,19%,,,,,,,,,,
23/04/2019 11:00,40800.311,20%,,,,,,,,,,
23/04/2019 12:00,47101.816,24%,,,,,,,,,,
23/04/2019 13:00,54127.65,27%,,,,,,,,,,
23/04/2019 14:00,58270.823,29%,,,,,,,,,,
23/04/2019 15:00,62646.999,31%,,,,,,,,,,
23/04/2019 16:00,58890.379,29%,,,,,,,,,,
23/04/2019 17:00,56920.242,28%,,,,,,,,,,
23/04/2019 18:00,70342.992,35%,,,,,,,,,,
23/04/2019 19:00,79557.198,40%,,,,,,,,,,
23/04/2019 20:00,72857.905,36%,,,,,,,,,,
23/04/2019 21:00,61770.64,31%,,,,,,,,,,
23/04/2019 22:00,55288.183,28%,,,,,,,,,,
23/04/2019 23:00,47825.202,24%,,,,,,,,,,
24/04/2019 00:00,40165.463,20%,,,,,,,,,,
24/04/2019 01:00,36155.235,18%,,,,,,,,,,
24/04/2019 02:00,33865.325,17%,,,,,,,,,,
24/04/2019 03:00,27706.911,14%,,,,,,,,,,
24/04/2019 04:00,21490.44,11%,,,,,,,,,,
24/04/2019 05:00,17117.588,9%,,,,,,,,,,
24/04/2019 06:00,15474.83,8%,,,,,,,,,,
24/04/2019 07:00,15768.44,8%,,,,,,,,,,
24/04/2019 08:00,18572.594,9%,,,,,,,,,,
24/04/2019 09:00,30058.066,15%,,,,,,,,,,
24/04/2019 10:00,53922.186,27%,,,,,,,,,,
24/04/2019 11:00,77306.179,39%,,,,,,,,,,
24/04/2019 12:00,96841.735,48%,,,,,,,,,,
24/04/2019 13:00,112171.29,56%,,,,,,,,,,
24/04/2019 14:00,131564.631,66%,,,,,,,,,,
24/04/2019 15:00,135215.37,68%,,,,,,,,,,
24/04/2019 16:00,127239.521,64%,,,,,,,,,,
24/04/2019 17:00,100432.018,50%,,,,,,,,,,
24/04/2019 18:00,82634.231,41%,,,,,,,,,,
24/04/2019 19:00,79558.137,40%,,,,,,,,,,
24/04/2019 20:00,72328.478,36%,,,,,,,,,,
24/04/2019 21:00,66907.613,33%,,,,,,,,,,
24/04/2019 22:00,60253.857,30%,,,,,,,,,,
24/04/2019 23:00,55619.626,28%,,,,,,,,,,
25/04/2019 00:00,54481.13,27%,,,,,,,,,,
25/04/2019 01:00,56874.803,28%,,,,,,,,,,
25/04/2019 02:00,55233.187,28%,,,,,,,,,,
25/04/2019 03:00,65759.697,33%,,,,,,,,,,
25/04/2019 04:00,88301.727,44%,,,,,,,,,,
25/04/2019 05:00,105108.49,53%,,,,,,,,,,
25/04/2019 06:00,123575.678,62%,,,,,,,,,,
25/04/2019 07:00,126696.207,63%,,,,,,,,,,
25/04/2019 08:00,133630.997,67%,,,,,,,,,,
25/04/2019 09:00,124901.016,62%,,,,,,,,,,
25/04/2019 10:00,114752.226,57%,,,,,,,,,,
25/04/2019 11:00,111618.39,56%,,,,,,,,,,
25/04/2019 12:00,111956.103,56%,,,,,,,,,,
25/04/2019 13:00,114327.591,57%,,,,,,,,,,
25/04/2019 14:00,112123.342,56%,,,,,,,,,,
25/04/2019 15:00,106972.416,53%,,,,,,,,,,
25/04/2019 16:00,95189.63,48%,,,,,,,,,,
25/04/2019 17:00,80150.9,40%,,,,,,,,,,
25/04/2019 18:00,76249.834,38%,,,,,,,,,,
25/04/2019 19:00,68125.944,34%,,,,,,,,,,
25/04/2019 20:00,65010.027,33%,,,,,,,,,,
25/04/2019 21:00,68031.384,34%,,,,,,,,,,
25/04/2019 22:00,71530.02,36%,,,,,,,,,,
25/04/2019 23:00,68690.987,34%,,,,,,,,,,
26/04/2019 00:00,59596.799,30%,,,,,,,,,,
26/04/2019 01:00,62237.925,31%,,,,,,,,,,
26/04/2019 02:00,54626.356,27%,,,,,,,,,,
26/04/2019 03:00,46651.408,23%,,,,,,,,,,
26/04/2019 04:00,38743.429,19%,,,,,,,,,,
26/04/2019 05:00,37157.486,19%,,,,,,,,,,
26/04/2019 06:00,43388.798,22%,,,,,,,,,,
26/04/2019 07:00,69311.259,35%,,,,,,,,,,
26/04/2019 08:00,98019.828,49%,,,,,,,,,,
26/04/2019 09:00,117907.385,59%,,,,,,,,,,
26/04/2019 10:00,126590.534,63%,,,,,,,,,,
26/04/2019 11:00,129543.166,65%,,,,,,,,,,
26/04/2019 12:00,126094.232,63%,,,,,,,,,,
26/04/2019 13:00,120547.509,60%,,,,,,,,,,
26/04/2019 14:00,120501.583,60%,,,,,,,,,,
26/04/2019 15:00,126315.188,63%,,,,,,,,,,
26/04/2019 16:00,127729.024,64%,,,,,,,,,,
26/04/2019 17:00,119642.031,60%,,,,,,,,,,
26/04/2019 18:00,125105.354,63%,,,,,,,,,,
26/04/2019 19:00,142094.875,71%,,,,,,,,,,
26/04/2019 20:00,160646.082,80%,,,,,,,,,,
26/04/2019 21:00,171055.391,86%,,,,,,,,,,
26/04/2019 22:00,174133.309,87%,,,,,,,,,,
26/04/2019 23:00,178510.914,89%,,,,,,,,,,
27/04/2019 00:00,182861.902,91%,,,,,,,,,,
27/04/2019 01:00,186206.628,93%,,,,,,,,,,
27/04/2019 02:00,186363.22,93%,,,,,,,,,,
27/04/2019 03:00,186985.223,93%,,,,,,,,,,
27/04/2019 04:00,188745.841,94%,,,,,,,,,,
27/04/2019 05:00,190845.883,95%,,,,,,,,,,
27/04/2019 06:00,192980.555,96%,,,,,,,,,,
27/04/2019 07:00,194987.075,97%,,,,,,,,,,
27/04/2019 08:00,195915.725,98%,,,,,,,,,,
27/04/2019 09:00,196213.564,98%,,,,,,,,,,
27/04/2019 10:00,196001.872,98%,,,,,,,,,,
27/04/2019 11:00,195051.576,98%,,,,,,,,,,
27/04/2019 12:00,192993.642,96%,,,,,,,,,,
27/04/2019 13:00,190597.765,95%,,,,,,,,,,
27/04/2019 14:00,189104.225,95%,,,,,,,,,,
27/04/2019 15:00,186787.1,93%,,,,,,,,,,
27/04/2019 16:00,179915.785,90%,,,,,,,,,,
27/04/2019 17:00,174898.839,87%,,,,,,,,,,
27/04/2019 18:00,170807.267,85%,,,,,,,,,,
27/04/2019 19:00,168365.956,84%,,,,,,,,,,
27/04/2019 20:00,168055.815,84%,,,,,,,,,,
27/04/2019 21:00,168779.682,84%,,,,,,,,,,
27/04/2019 22:00,169875.349,85%,,,,,,,,,,
27/04/2019 23:00,169241.64,85%,,,,,,,,,,
28/04/2019 00:00,164703.342,82%,,,,,,,,,,
28/04/2019 01:00,152855.039,76%,,,,,,,,,,
28/04/2019 02:00,137269.621,69%,,,,,,,,,,
28/04/2019 03:00,121447.251,61%,,,,,,,,,,
28/04/2019 04:00,111288.559,56%,,,,,,,,,,
28/04/2019 05:00,100319.253,50%,,,,,,,,,,
28/04/2019 06:00,81998.585,41%,,,,,,,,,,
28/04/2019 07:00,82745.139,41%,,,,,,,,,,
28/04/2019 08:00,83912.117,42%,,,,,,,,,,
28/04/2019 09:00,73990.114,37%,,,,,,,,,,
28/04/2019 10:00,62303.911,31%,,,,,,,,,,
28/04/2019 11:00,54403.058,27%,,,,,,,,,,
28/04/2019 12:00,49235.989,25%,,,,,,,,,,
28/04/2019 13:00,43985.121,22%,,,,,,,,,,
28/04/2019 14:00,38839.786,19%,,,,,,,,,,
28/04/2019 15:00,35405.521,18%,,,,,,,,,,
28/04/2019 16:00,32013.21,16%,,,,,,,,,,
28/04/2019 17:00,26019.59,13%,,,,,,,,,,
28/04/2019 18:00,23913.834,12%,,,,,,,,,,
28/04/2019 19:00,26126.311,13%,,,,,,,,,,
28/04/2019 20:00,24213.844,12%,,,,,,,,,,
28/04/2019 21:00,22274.929,11%,,,,,,,,,,
28/04/2019 22:00,21450.608,11%,,,,,,,,,,
28/04/2019 23:00,22168.736,11%,,,,,,,,,,
29/04/2019 00:00,23812.514,12%,,,,,,,,,,
29/04/2019 01:00,25700.982,13%,,,,,,,,,,
29/04/2019 02:00,24686.806,12%,,,,,,,,,,
29/04/2019 03:00,20815.025,10%,,,,,,,,,,
29/04/2019 04:00,17489.051,9%,,,,,,,,,,
29/04/2019 05:00,14269.958,7%,,,,,,,,,,
29/04/2019 06:00,14294.989,7%,,,,,,,,,,
29/04/2019 07:00,16820.306,8%,,,,,,,,,,
29/04/2019 08:00,16209.509,8%,,,,,,,,,,
29/04/2019 09:00,13800.938,7%,,,,,,,,,,
29/04/2019 10:00,11560.999,6%,,,,,,,,,,
29/04/2019 11:00,10850.4,5%,,,,,,,,,,
29/04/2019 12:00,11384.876,6%,,,,,,,,,,
29/04/2019 13:00,11005.479,6%,,,,,,,,,,
29/04/2019 14:00,10697.321,5%,,,,,,,,,,
29/04/2019 15:00,10310.728,5%,,,,,,,,,,
29/04/2019 16:00,9635.586,5%,,,,,,,,,,
29/04/2019 17:00,9975.433,5%,,,,,,,,,,
29/04/2019 18:00,14665.728,7%,,,,,,,,,,
29/04/2019 19:00,27274.248,14%,,,,,,,,,,
29/04/2019 20:00,42961.64,21%,,,,,,,,,,
29/04/2019 21:00,52700.013,26%,,,,,,,,,,
29/04/2019 22:00,55037.157,28%,,,,,,,,,,
29/04/2019 23:00,53193.934,27%,,,,,,,,,,
30/04/2019 00:00,50187.813,25%,,,,,,,,,,
30/04/2019 01:00,45268.449,23%,,,,,,,,,,
30/04/2019 02:00,36175.638,18%,,,,,,,,,,
30/04/2019 03:00,26600.717,13%,,,,,,,,,,
30/04/2019 04:00,21422.777,11%,,,,,,,,,,
30/04/2019 05:00,15086.635,8%,,,,,,,,,,
30/04/2019 06:00,9883.431,5%,,,,,,,,,,
30/04/2019 07:00,12781.379,6%,,,,,,,,,,
30/04/2019 08:00,15093.359,8%,,,,,,,,,,
30/04/2019 09:00,12967.347,6%,,,,,,,,,,
30/04/2019 10:00,12264.095,6%,,,,,,,,,,
30/04/2019 11:00,12214.212,6%,,,,,,,,,,
30/04/2019 12:00,12422.247,6%,,,,,,,,,,
30/04/2019 13:00,13346.526,7%,,,,,,,,,,
30/04/2019 14:00,14118.696,7%,,,,,,,,,,
30/04/2019 15:00,14154.085,7%,,,,,,,,,,
30/04/2019 16:00,13368.071,7%,,,,,,,,,,
30/04/2019 17:00,12458.951,6%,,,,,,,,,,
30/04/2019 18:00,12377.835,6%,,,,,,,,,,
30/04/2019 19:00,11068.121,6%,,,,,,,,,,
30/04/2019 20:00,8804.269,4%,,,,,,,,,,
30/04/2019 21:00,7885.83,4%,,,,,,,,,,
30/04/2019 22:00,8901.9,4%,,,,,,,,,,
30/04/2019 23:00,10537.016,5%,,,,,,,,,,
01/05/2019 00:00,12173.881,6%,,,,,,,,,,
01/05/2019 01:00,12855.213,6%,,,,,,,,,,
01/05/2019 02:00,12217.007,6%,,,,,,,,,,
01/05/2019 03:00,10814.464,5%,,,,,,,,,,
01/05/2019 04:00,9135.186,5%,,,,,,,,,,
01/05/2019 05:00,7516.644,4%,,,,,,,,,,
01/05/2019 06:00,3833.995,2%,,,,,,,,,,
01/05/2019 07:00,2600.905,1%,,,,,,,,,,
01/05/2019 08:00,3814.992,2%,,,,,,,,,,
01/05/2019 09:00,6040.57,3%,,,,,,,,,,
01/05/2019 10:00,9483.9,5%,,,,,,,,,,
01/05/2019 11:00,12922.467,6%,,,,,,,,,,
01/05/2019 12:00,15755.286,8%,,,,,,,,,,
01/05/2019 13:00,18090.329,9%,,,,,,,,,,
01/05/2019 14:00,19167.867,10%,,,,,,,,,,
01/05/2019 15:00,17954.716,9%,,,,,,,,,,
01/05/2019 16:00,15890.56,8%,,,,,,,,,,
01/05/2019 17:00,14690.328,7%,,,,,,,,,,
01/05/2019 18:00,20161.455,10%,,,,,,,,,,
01/05/2019 19:00,34606.674,17%,,,,,,,,,,
01/05/2019 20:00,51806.616,26%,,,,,,,,,,
01/05/2019 21:00,61748.881,31%,,,,,,,,,,
01/05/2019 22:00,60416.997,30%,,,,,,,,,,
01/05/2019 23:00,51863.044,26%,,,,,,,,,,
02/05/2019 00:00,48592.225,24%,,,,,,,,,,
02/05/2019 01:00,46682.297,23%,,,,,,,,,,
02/05/2019 02:00,42594.657,21%,,,,,,,,,,
02/05/2019 03:00,38344.505,19%,,,,,,,,,,
02/05/2019 04:00,32694.547,16%,,,,,,,,,,
02/05/2019 05:00,27147.926,14%,,,,,,,,,,
02/05/2019 06:00,18667.385,9%,,,,,,,,,,
02/05/2019 07:00,25957.975,13%,,,,,,,,,,
02/05/2019 08:00,42784.481,21%,,,,,,,,,,
02/05/2019 09:00,49687.489,25%,,,,,,,,,,
02/05/2019 10:00,51810.436,26%,,,,,,,,,,
02/05/2019 11:00,54405.244,27%,,,,,,,,,,
02/05/2019 12:00,57774.73,29%,,,,,,,,,,
02/05/2019 13:00,60674.115,30%,,,,,,,,,,
02/05/2019 14:00,62377.73,31%,,,,,,,,,,
02/05/2019 15:00,65547.607,33%,,,,,,,,,,
02/05/2019 16:00,65607.416,33%,,,,,,,,,,
02/05/2019 17:00,54399.093,27%,,,,,,,,,,
02/05/2019 18:00,45398.389,23%,,,,,,,,,,
02/05/2019 19:00,46543.066,23%,,,,,,,,,,
02/05/2019 20:00,44815.479,22%,,,,,,,,,,
02/05/2019 21:00,42195.498,21%,,,,,,,,,,
02/05/2019 22:00,39125.71,20%,,,,,,,,,,
02/05/2019 23:00,35298.375,18%,,,,,,,,,,
03/05/2019 00:00,30405.257,15%,,,,,,,,,,
03/05/2019 01:00,23741.397,12%,,,,,,,,,,
03/05/2019 02:00,15191.05,8%,,,,,,,,,,
03/05/2019 03:00,7080.034,4%,,,,,,,,,,
03/05/2019 04:00,2250.868,1%,,,,,,,,,,
03/05/2019 05:00,502.321,0%,,,,,,,,,,
03/05/2019 06:00,2839.259,1%,,,,,,,,,,
03/05/2019 07:00,7947.754,4%,,,,,,,,,,
03/05/2019 08:00,19596.253,10%,,,,,,,,,,
03/05/2019 09:00,32318.885,16%,,,,,,,,,,
03/05/2019 10:00,40985.633,20%,,,,,,,,,,
03/05/2019 11:00,45334.016,23%,,,,,,,,,,
03/05/2019 12:00,48146.521,24%,,,,,,,,,,
03/05/2019 13:00,50074.889,25%,,,,,,,,,,
03/05/2019 14:00,52355.721,26%,,,,,,,,,,
03/05/2019 15:00,52854.279,26%,,,,,,,,,,
03/05/2019 16:00,51573.407,26%,,,,,,,,,,
03/05/2019 17:00,50194.482,25%,,,,,,,,,,
03/05/2019 18:00,46138.49,23%,,,,,,,,,,
03/05/2019 19:00,41566.39,21%,,,,,,,,,,
03/05/2019 20:00,34284.462,17%,,,,,,,,,,
03/05/2019 21:00,24628.265,12%,,,,,,,,,,
03/05/2019 22:00,17350.109,9%,,,,,,,,,,
03/05/2019 23:00,12443.016,6%,,,,,,,,,,
04/05/2019 00:00,9521.872,5%,,,,,,,,,,
04/05/2019 01:00,10819.969,5%,,,,,,,,,,
04/05/2019 02:00,17554.527,9%,,,,,,,,,,
04/05/2019 03:00,27069.981,14%,,,,,,,,,,
04/05/2019 04:00,40013.863,20%,,,,,,,,,,
04/05/2019 05:00,47952.208,24%,,,,,,,,,,
04/05/2019 06:00,61655.569,31%,,,,,,,,,,
04/05/2019 07:00,104550.472,52%,,,,,,,,,,
04/05/2019 08:00,113304.561,57%,,,,,,,,,,
04/05/2019 09:00,114751.607,57%,,,,,,,,,,
04/05/2019 10:00,116273.333,58%,,,,,,,,,,
04/05/2019 11:00,116171.426,58%,,,,,,,,,,
04/05/2019 12:00,114855.655,57%,,,,,,,,,,
04/05/2019 13:00,114547.529,57%,,,,,,,,,,
04/05/2019 14:00,114992.8,57%,,,,,,,,,,
04/05/2019 15:00,116487.087,58%,,,,,,,,,,
04/05/2019 16:00,115543.813,58%,,,,,,,,,,
04/05/2019 17:00,105354.052,53%,,,,,,,,,,
04/05/2019 18:00,83781.457,42%,,,,,,,,,,
04/05/2019 19:00,67352.176,34%,,,,,,,,,,
04/05/2019 20:00,65128.891,33%,,,,,,,,,,
04/05/2019 21:00,63168.27,32%,,,,,,,,,,
04/05/2019 22:00,58269.871,29%,,,,,,,,,,
04/05/2019 23:00,50811.666,25%,,,,,,,,,,
05/05/2019 00:00,42143.743,21%,,,,,,,,,,
05/05/2019 01:00,34719.101,17%,,,,,,,,,,
05/05/2019 02:00,28795.104,14%,,,,,,,,,,
05/05/2019 03:00,22803.691,11%,,,,,,,,,,
05/05/2019 04:00,17947.166,9%,,,,,,,,,,
05/05/2019 05:00,11746.637,6%,,,,,,,,,,
05/05/2019 06:00,4073.276,2%,,,,,,,,,,
05/05/2019 07:00,3469.823,2%,,,,,,,,,,
05/05/2019 08:00,6109.533,3%,,,,,,,,,,
05/05/2019 09:00,9642.514,5%,,,,,,,,,,
05/05/2019 10:00,12990.703,6%,,,,,,,,,,
05/05/2019 11:00,16810.763,8%,,,,,,,,,,
05/05/2019 12:00,20803.715,10%,,,,,,,,,,
05/05/2019 13:00,25098.868,13%,,,,,,,,,,
05/05/2019 14:00,28573.156,14%,,,,,,,,,,
05/05/2019 15:00,31731.018,16%,,,,,,,,,,
05/05/2019 16:00,35548.664,18%,,,,,,,,,,
05/05/2019 17:00,38338.611,19%,,,,,,,,,,
05/05/2019 18:00,40174.189,20%,,,,,,,,,,
05/05/2019 19:00,52199.791,26%,,,,,,,,,,
05/05/2019 20:00,62471.944,31%,,,,,,,,,,
05/05/2019 21:00,59678.4,30%,,,,,,,,,,
05/05/2019 22:00,52031.45,26%,,,,,,,,,,
05/05/2019 23:00,46737.153,23%,,,,,,,,,,
06/05/2019 00:00,46581.404,23%,,,,,,,,,,
06/05/2019 01:00,52753.157,26%,,,,,,,,,,
06/05/2019 02:00,64522.471,32%,,,,,,,,,,
06/05/2019 03:00,72853.68,36%,,,,,,,,,,
06/05/2019 04:00,74002.424,37%,,,,,,,,,,
06/05/2019 05:00,58787.083,29%,,,,,,,,,,
06/05/2019 06:00,34079.481,17%,,,,,,,,,,
06/05/2019 07:00,42791.156,21%,,,,,,,,,,
06/05/2019 08:00,41647.079,21%,,,,,,,,,,
06/05/2019 09:00,39793.663,20%,,,,,,,,,,
06/05/2019 10:00,40123.773,20%,,,,,,,,,,
06/05/2019 11:00,40747.25,20%,,,,,,,,,,
06/05/2019 12:00,41064.491,21%,,,,,,,,,,
06/05/2019 13:00,39795.1,20%,,,,,,,,,,
06/05/2019 14:00,36921.311,18%,,,,,,,,,,
06/05/2019 15:00,33320.329,17%,,,,,,,,,,
06/05/2019 16:00,28804.159,14%,,,,,,,,,,
06/05/2019 17:00,22461.206,11%,,,,,,,,,,
06/05/2019 18:00,17991.114,9%,,,,,,,,,,
06/05/2019 19:00,16961.755,8%,,,,,,,,,,
06/05/2019 20:00,14719.206,7%,,,,,,,,,,
06/05/2019 21:00,11812.561,6%,,,,,,,,,,
06/05/2019 22:00,8923.147,4%,,,,,,,,,,
06/05/2019 23:00,6066.712,3%,,,,,,,,,,
07/05/2019 00:00,4234.537,2%,,,,,,,,,,
07/05/2019 01:00,3201.197,2%,,,,,,,,,,
07/05/2019 02:00,2285.358,1%,,,,,,,,,,
07/05/2019 03:00,1575.75,1%,,,,,,,,,,
07/05/2019 04:00,935.01,0%,,,,,,,,,,
07/05/2019 05:00,512.677,0%,,,,,,,,,,
07/05/2019 06:00,229.159,0%,,,,,,,,,,
07/05/2019 07:00,1507.493,1%,,,,,,,,,,
07/05/2019 08:00,4227.565,2%,,,,,,,,,,
07/05/2019 09:00,5104.045,3%,,,,,,,,,,
07/05/2019 10:00,5654.298,3%,,,,,,,,,,
07/05/2019 11:00,7705.254,4%,,,,,,,,,,
07/05/2019 12:00,11398.095,6%,,,,,,,,,,
07/05/2019 13:00,14316.941,7%,,,,,,,,,,
07/05/2019 14:00,15284.977,8%,,,,,,,,,,
07/05/2019 15:00,15472.492,8%,,,,,,,,,,
07/05/2019 16:00,17325.746,9%,,,,,,,,,,
07/05/2019 17:00,18985.505,9%,,,,,,,,,,
07/05/2019 18:00,27242.663,14%,,,,,,,,,,
07/05/2019 19:00,51809.004,26%,,,,,,,,,,
07/05/2019 20:00,71815.553,36%,,,,,,,,,,
07/05/2019 21:00,72323.032,36%,,,,,,,,,,
07/05/2019 22:00,61733.563,31%,,,,,,,,,,
07/05/2019 23:00,60986.268,30%,,,,,,,,,,
08/05/2019 00:00,63617.923,32%,,,,,,,,,,
08/05/2019 01:00,67777.944,34%,,,,,,,,,,
08/05/2019 02:00,72855.83,36%,,,,,,,,,,
08/05/2019 03:00,86429.683,43%,,,,,,,,,,
08/05/2019 04:00,108160.072,54%,,,,,,,,,,
08/05/2019 05:00,117821.695,59%,,,,,,,,,,
08/05/2019 06:00,119322.092,60%,,,,,,,,,,
08/05/2019 07:00,124330.605,62%,,,,,,,,,,
08/05/2019 08:00,112358.01,56%,,,,,,,,,,
08/05/2019 09:00,79553.603,40%,,,,,,,,,,
08/05/2019 10:00,44613.472,22%,,,,,,,,,,
08/05/2019 11:00,22988.042,11%,,,,,,,,,,
08/05/2019 12:00,34046.503,17%,,,,,,,,,,
08/05/2019 13:00,59422.07,30%,,,,,,,,,,
08/05/2019 14:00,73443.748,37%,,,,,,,,,,
08/05/2019 15:00,67363.693,34%,,,,,,,,,,
08/05/2019 16:00,45051.077,23%,,,,,,,,,,
08/05/2019 17:00,25952.22,13%,,,,,,,,,,
08/05/2019 18:00,22241.728,11%,,,,,,,,,,
08/05/2019 19:00,19968.213,10%,,,,,,,,,,
08/05/2019 20:00,14839.792,7%,,,,,,,,,,
08/05/2019 21:00,11295.321,6%,,,,,,,,,,
08/05/2019 22:00,7645.354,4%,,,,,,,,,,
08/05/2019 23:00,5086.719,3%,,,,,,,,,,
09/05/2019 00:00,6263.207,3%,,,,,,,,,,
09/05/2019 01:00,12420.133,6%,,,,,,,,,,
09/05/2019 02:00,19604.528,10%,,,,,,,,,,
09/05/2019 03:00,23792.4,12%,,,,,,,,,,
09/05/2019 04:00,24769.804,12%,,,,,,,,,,
09/05/2019 05:00,20885.615,10%,,,,,,,,,,
09/05/2019 06:00,17389.183,9%,,,,,,,,,,
09/05/2019 07:00,17149.374,9%,,,,,,,,,,
09/05/2019 08:00,15735.59,8%,,,,,,,,,,
09/05/2019 09:00,14991.492,7%,,,,,,,,,,
09/05/2019 10:00,15700.152,8%,,,,,,,,,,
09/05/2019 11:00,17834.671,9%,,,,,,,,,,
09/05/2019 12:00,20603.63,10%,,,,,,,,,,
09/05/2019 13:00,21810.788,11%,,,,,,,,,,
09/05/2019 14:00,19675.123,10%,,,,,,,,,,
09/05/2019 15:00,15157.678,8%,,,,,,,,,,
09/05/2019 16:00,11119.975,6%,,,,,,,,,,
09/05/2019 17:00,8754.552,4%,,,,,,,,,,
09/05/2019 18:00,7386.419,4%,,,,,,,,,,
09/05/2019 19:00,7416.673,4%,,,,,,,,,,
09/05/2019 20:00,8977.087,4%,,,,,,,,,,
09/05/2019 21:00,10564.329,5%,,,,,,,,,,
09/05/2019 22:00,10650.433,5%,,,,,,,,,,
09/05/2019 23:00,9596.598,5%,,,,,,,,,,
10/05/2019 00:00,8516.728,4%,,,,,,,,,,
10/05/2019 01:00,7741.057,4%,,,,,,,,,,
10/05/2019 02:00,7343.627,4%,,,,,,,,,,
10/05/2019 03:00,6859.595,3%,,,,,,,,,,
10/05/2019 04:00,7220.35,4%,,,,,,,,,,
10/05/2019 05:00,7504.834,4%,,,,,,,,,,
10/05/2019 06:00,7032.793,4%,,,,,,,,,,
10/05/2019 07:00,7468.69,4%,,,,,,,,,,
10/05/2019 08:00,11015.898,6%,,,,,,,,,,
10/05/2019 09:00,14312.26,7%,,,,,,,,,,
10/05/2019 10:00,15050.313,8%,,,,,,,,,,
10/05/2019 11:00,13689.969,7%,,,,,,,,,,
10/05/2019 12:00,11486.996,6%,,,,,,,,,,
10/05/2019 13:00,9923.437,5%,,,,,,,,,,
10/05/2019 14:00,9069.439,5%,,,,,,,,,,
10/05/2019 15:00,7792.736,4%,,,,,,,,,,
10/05/2019 16:00,5646.05,3%,,,,,,,,,,
10/05/2019 17:00,3497.101,2%,,,,,,,,,,
10/05/2019 18:00,1530.473,1%,,,,,,,,,,
10/05/2019 19:00,290.992,0%,,,,,,,,,,
10/05/2019 20:00,1457.554,1%,,,,,,,,,,
10/05/2019 21:00,4095.787,2%,,,,,,,,,,
10/05/2019 22:00,6213.443,3%,,,,,,,,,,
10/05/2019 23:00,6003.301,3%,,,,,,,,,,
11/05/2019 00:00,5604.144,3%,,,,,,,,,,
11/05/2019 01:00,8608.023,4%,,,,,,,,,,
11/05/2019 02:00,16680.947,8%,,,,,,,,,,
11/05/2019 03:00,25337.554,13%,,,,,,,,,,
11/05/2019 04:00,28993.473,14%,,,,,,,,,,
11/05/2019 05:00,24698.747,12%,,,,,,,,,,
11/05/2019 06:00,18561.32,9%,,,,,,,,,,
11/05/2019 07:00,27745.204,14%,,,,,,,,,,
11/05/2019 08:00,37313.835,19%,,,,,,,,,,
11/05/2019 09:00,38430.391,19%,,,,,,,,,,
11/05/2019 10:00,40285.778,20%,,,,,,,,,,
11/05/2019 11:00,44613.499,22%,,,,,,,,,,
11/05/2019 12:00,49740.708,25%,,,,,,,,,,
11/05/2019 13:00,52878.943,26%,,,,,,,,,,
11/05/2019 14:00,53930.944,27%,,,,,,,,,,
11/05/2019 15:00,54664.251,27%,,,,,,,,,,
11/05/2019 16:00,54401.429,27%,,,,,,,,,,
11/05/2019 17:00,50484.922,25%,,,,,,,,,,
11/05/2019 18:00,45040.369,23%,,,,,,,,,,
11/05/2019 19:00,53923.202,27%,,,,,,,,,,
11/05/2019 20:00,66873.272,33%,,,,,,,,,,
11/05/2019 21:00,71533.12,36%,,,,,,,,,,
11/05/2019 22:00,66072.127,33%,,,,,,,,,,
11/05/2019 23:00,60495.331,30%,,,,,,,,,,
12/05/2019 00:00,57200.227,29%,,,,,,,,,,
12/05/2019 01:00,54758.567,27%,,,,,,,,,,
12/05/2019 02:00,52273.124,26%,,,,,,,,,,
12/05/2019 03:00,46580.867,23%,,,,,,,,,,
12/05/2019 04:00,36333.605,18%,,,,,,,,,,
12/05/2019 05:00,24055.799,12%,,,,,,,,,,
12/05/2019 06:00,13142.071,7%,,,,,,,,,,
12/05/2019 07:00,8912.577,4%,,,,,,,,,,
12/05/2019 08:00,4077.131,2%,,,,,,,,,,
12/05/2019 09:00,1881.671,1%,,,,,,,,,,
12/05/2019 10:00,1297.557,1%,,,,,,,,,,
12/05/2019 11:00,1548.888,1%,,,,,,,,,,
12/05/2019 12:00,1624.534,1%,,,,,,,,,,
12/05/2019 13:00,1693.24,1%,,,,,,,,,,
12/05/2019 14:00,1776.33,1%,,,,,,,,,,
12/05/2019 15:00,1648.186,1%,,,,,,,,,,
12/05/2019 16:00,1430.465,1%,,,,,,,,,,
12/05/2019 17:00,1714.452,1%,,,,,,,,,,
12/05/2019 18:00,4958.92,2%,,,,,,,,,,
12/05/2019 19:00,15788.876,8%,,,,,,,,,,
12/05/2019 20:00,38871.594,19%,,,,,,,,,,
12/05/2019 21:00,63143.968,32%,,,,,,,,,,
12/05/2019 22:00,74715.362,37%,,,,,,,,,,
12/05/2019 23:00,78210.232,39%,,,,,,,,,,
13/05/2019 00:00,78202.448,39%,,,,,,,,,,
13/05/2019 01:00,72324.301,36%,,,,,,,,,,
13/05/2019 02:00,60988.186,30%,,,,,,,,,,
13/05/2019 03:00,46583.837,23%,,,,,,,,,,
13/05/2019 04:00,32204.073,16%,,,,,,,,,,
13/05/2019 05:00,18656.332,9%,,,,,,,,,,
13/05/2019 06:00,10548.677,5%,,,,,,,,,,
13/05/2019 07:00,8348.61,4%,,,,,,,,,,
13/05/2019 08:00,5457.641,3%,,,,,,,,,,
13/05/2019 09:00,7039.162,4%,,,,,,,,,,
13/05/2019 10:00,12815.528,6%,,,,,,,,,,
13/05/2019 11:00,18079.528,9%,,,,,,,,,,
13/05/2019 12:00,20713.376,10%,,,,,,,,,,
13/05/2019 13:00,21186.536,11%,,,,,,,,,,
13/05/2019 14:00,21130.975,11%,,,,,,,,,,
13/05/2019 15:00,23517.528,12%,,,,,,,,,,
13/05/2019 16:00,28159.859,14%,,,,,,,,,,
13/05/2019 17:00,31721.201,16%,,,,,,,,,,
13/05/2019 18:00,34866.979,17%,,,,,,,,,,
13/05/2019 19:00,45039.302,23%,,,,,,,,,,
13/05/2019 20:00,55971.572,28%,,,,,,,,,,
13/05/2019 21:00,62630.645,31%,,,,,,,,,,
13/05/2019 22:00,62244.584,31%,,,,,,,,,,
13/05/2019 23:00,57291.603,29%,,,,,,,,,,
14/05/2019 00:00,50487.556,25%,,,,,,,,,,
14/05/2019 01:00,42994.205,21%,,,,,,,,,,
14/05/2019 02:00,36778.358,18%,,,,,,,,,,
14/05/2019 03:00,33056.845,17%,,,,,,,,,,
14/05/2019 04:00,31112.383,16%,,,,,,,,,,
14/05/2019 05:00,25860.865,13%,,,,,,,,,,
14/05/2019 06:00,13371.179,7%,,,,,,,,,,
14/05/2019 07:00,20767.217,10%,,,,,,,,,,
14/05/2019 08:00,27457.364,14%,,,,,,,,,,
14/05/2019 09:00,35601.377,18%,,,,,,,,,,
14/05/2019 10:00,40164.21,20%,,,,,,,,,,
14/05/2019 11:00,37692.558,19%,,,,,,,,,,
14/05/2019 12:00,36171.054,18%,,,,,,,,,,
14/05/2019 13:00,39131.538,20%,,,,,,,,,,
14/05/2019 14:00,40493.168,20%,,,,,,,,,,
14/05/2019 15:00,37917.996,19%,,,,,,,,,,
14/05/2019 16:00,33993.03,17%,,,,,,,,,,
14/05/2019 17:00,31337.631,16%,,,,,,,,,,
14/05/2019 18:00,34135.123,17%,,,,,,,,,,
14/05/2019 19:00,49777.155,25%,,,,,,,,,,
14/05/2019 20:00,66829.045,33%,,,,,,,,,,
14/05/2019 21:00,77663.421,39%,,,,,,,,,,
14/05/2019 22:00,80095.881,40%,,,,,,,,,,
14/05/2019 23:00,72852.123,36%,,,,,,,,,,
15/05/2019 00:00,60488.07,30%,,,,,,,,,,
15/05/2019 01:00,48604.476,24%,,,,,,,,,,
15/05/2019 02:00,39461.558,20%,,,,,,,,,,
15/05/2019 03:00,34191.695,17%,,,,,,,,,,
15/05/2019 04:00,31683.582,16%,,,,,,,,,,
15/05/2019 05:00,23162.078,12%,,,,,,,,,,
15/05/2019 06:00,13253.556,7%,,,,,,,,,,
15/05/2019 07:00,13799.557,7%,,,,,,,,,,
15/05/2019 08:00,13705.21,7%,,,,,,,,,,
15/05/2019 09:00,13775.857,7%,,,,,,,,,,
15/05/2019 10:00,14140.324,7%,,,,,,,,,,
15/05/2019 11:00,14050.364,7%,,,,,,,,,,
15/05/2019 12:00,13353.071,7%,,,,,,,,,,
15/05/2019 13:00,12252.095,6%,,,,,,,,,,
15/05/2019 14:00,12355.45,6%,,,,,,,,,,
15/05/2019 15:00,14355.568,7%,,,,,,,,,,
15/05/2019 16:00,17629.338,9%,,,,,,,,,,
15/05/2019 17:00,21537.469,11%,,,,,,,,,,
15/05/2019 18:00,29873.623,15%,,,,,,,,,,
15/05/2019 19:00,51346.101,26%,,,,,,,,,,
15/05/2019 20:00,78970.588,39%,,,,,,,,,,
15/05/2019 21:00,88399.291,44%,,,,,,,,,,
15/05/2019 22:00,77891.054,39%,,,,,,,,,,
15/05/2019 23:00,60346.727,30%,,,,,,,,,,
16/05/2019 00:00,51623.84,26%,,,,,,,,,,
16/05/2019 01:00,46147.687,23%,,,,,,,,,,
16/05/2019 02:00,40370.277,20%,,,,,,,,,,
16/05/2019 03:00,36283.217,18%,,,,,,,,,,
16/05/2019 04:00,35338.26,18%,,,,,,,,,,
16/05/2019 05:00,28114.226,14%,,,,,,,,,,
16/05/2019 06:00,25096.785,13%,,,,,,,,,,
16/05/2019 07:00,36022.183,18%,,,,,,,,,,
16/05/2019 08:00,44610.785,22%,,,,,,,,,,
16/05/2019 09:00,52745.368,26%,,,,,,,,,,
16/05/2019 10:00,56300.614,28%,,,,,,,,,,
16/05/2019 11:00,56259.105,28%,,,,,,,,,,
16/05/2019 12:00,56285.765,28%,,,,,,,,,,
16/05/2019 13:00,58910.039,29%,,,,,,,,,,
16/05/2019 14:00,64557.168,32%,,,,,,,,,,
16/05/2019 15:00,74253.214,37%,,,,,,,,,,
16/05/2019 16:00,86684.655,43%,,,,,,,,,,
16/05/2019 17:00,95364.876,48%,,,,,,,,,,
16/05/2019 18:00,94759.192,47%,,,,,,,,,,
16/05/2019 19:00,91953.833,46%,,,,,,,,,,
16/05/2019 20:00,86375.33,43%,,,,,,,,,,
16/05/2019 21:00,79020.305,40%,,,,,,,,,,
16/05/2019 22:00,75778.657,38%,,,,,,,,,,
16/05/2019 23:00,70477.533,35%,,,,,,,,,,
17/05/2019 00:00,66304.743,33%,,,,,,,,,,
17/05/2019 01:00,60591.36,30%,,,,,,,,,,
17/05/2019 02:00,57539.096,29%,,,,,,,,,,
17/05/2019 03:00,51152.694,26%,,,,,,,,,,
17/05/2019 04:00,50198.28,25%,,,,,,,,,,
17/05/2019 05:00,60701.438,30%,,,,,,,,,,
17/05/2019 06:00,73785.267,37%,,,,,,,,,,
17/05/2019 07:00,88850.08,44%,,,,,,,,,,
17/05/2019 08:00,100423.402,50%,,,,,,,,,,
17/05/2019 09:00,102610.74,51%,,,,,,,,,,
17/05/2019 10:00,102064.044,51%,,,,,,,,,,
17/05/2019 11:00,102295.315,51%,,,,,,,,,,
17/05/2019 12:00,102303.585,51%,,,,,,,,,,
17/05/2019 13:00,101169.839,51%,,,,,,,,,,
17/05/2019 14:00,97669.822,49%,,,,,,,,,,
17/05/2019 15:00,94276.945,47%,,,,,,,,,,
17/05/2019 16:00,90491.06,45%,,,,,,,,,,
17/05/2019 17:00,78490.847,39%,,,,,,,,,,
17/05/2019 18:00,58543.657,29%,,,,,,,,,,
17/05/2019 19:00,49731.409,25%,,,,,,,,,,
17/05/2019 20:00,41451.643,21%,,,,,,,,,,
17/05/2019 21:00,31954.185,16%,,,,,,,,,,
17/05/2019 22:00,26411.53,13%,,,,,,,,,,
17/05/2019 23:00,27501.609,14%,,,,,,,,,,
18/05/2019 00:00,30948.485,15%,,,,,,,,,,
18/05/2019 01:00,32330.516,16%,,,,,,,,,,
18/05/2019 02:00,32079.88,16%,,,,,,,,,,
18/05/2019 03:00,29827.273,15%,,,,,,,,,,
18/05/2019 04:00,25260.08,13%,,,,,,,,,,
18/05/2019 05:00,17058.531,9%,,,,,,,,,,
18/05/2019 06:00,9931.303,5%,,,,,,,,,,
18/05/2019 07:00,5845.735,3%,,,,,,,,,,
18/05/2019 08:00,2791.342,1%,,,,,,,,,,
18/05/2019 09:00,1250.599,1%,,,,,,,,,,
18/05/2019 10:00,785.304,0%,,,,,,,,,,
18/05/2019 11:00,680.265,0%,,,,,,,,,,
18/05/2019 12:00,683.767,0%,,,,,,,,,,
18/05/2019 13:00,758.336,0%,,,,,,,,,,
18/05/2019 14:00,884.155,0%,,,,,,,,,,
18/05/2019 15:00,1056.223,1%,,,,,,,,,,
18/05/2019 16:00,1305.341,1%,,,,,,,,,,
18/05/2019 17:00,1558.267,1%,,,,,,,,,,
18/05/2019 18:00,1946.615,1%,,,,,,,,,,
18/05/2019 19:00,2743.781,1%,,,,,,,,,,
18/05/2019 20:00,3582.411,2%,,,,,,,,,,
18/05/2019 21:00,4259.296,2%,,,,,,,,,,
18/05/2019 22:00,4852.746,2%,,,,,,,,,,
18/05/2019 23:00,5900.117,3%,,,,,,,,,,
19/05/2019 00:00,8409.643,4%,,,,,,,,,,
19/05/2019 01:00,12338.453,6%,,,,,,,,,,
19/05/2019 02:00,16966.493,8%,,,,,,,,,,
19/05/2019 03:00,21234.302,11%,,,,,,,,,,
19/05/2019 04:00,23572.959,12%,,,,,,,,,,
19/05/2019 05:00,19639.962,10%,,,,,,,,,,
19/05/2019 06:00,13011.337,7%,,,,,,,,,,
19/05/2019 07:00,10966.432,5%,,,,,,,,,,
19/05/2019 08:00,8182.535,4%,,,,,,,,,,
19/05/2019 09:00,5948.524,3%,,,,,,,,,,
19/05/2019 10:00,4541.444,2%,,,,,,,,,,
19/05/2019 11:00,4107.086,2%,,,,,,,,,,
19/05/2019 12:00,4525.353,2%,,,,,,,,,,
19/05/2019 13:00,5746.207,3%,,,,,,,,,,
19/05/2019 14:00,8353.293,4%,,,,,,,,,,
19/05/2019 15:00,11860.323,6%,,,,,,,,,,
19/05/2019 16:00,16316.022,8%,,,,,,,,,,
19/05/2019 17:00,22170.178,11%,,,,,,,,,,
19/05/2019 18:00,29356.977,15%,,,,,,,,,,
19/05/2019 19:00,44604.755,22%,,,,,,,,,,
19/05/2019 20:00,60497.905,30%,,,,,,,,,,
19/05/2019 21:00,64164.131,32%,,,,,,,,,,
19/05/2019 22:00,60488.151,30%,,,,,,,,,,
19/05/2019 23:00,54637.822,27%,,,,,,,,,,
20/05/2019 00:00,50421.655,25%,,,,,,,,,,
20/05/2019 01:00,45622.65,23%,,,,,,,,,,
20/05/2019 02:00,41747.569,21%,,,,,,,,,,
20/05/2019 03:00,38656.412,19%,,,,,,,,,,
20/05/2019 04:00,35213.433,18%,,,,,,,,,,
20/05/2019 05:00,27086.222,14%,,,,,,,,,,
20/05/2019 06:00,24821.609,12%,,,,,,,,,,
20/05/2019 07:00,22868.524,11%,,,,,,,,,,
20/05/2019 08:00,18665.735,9%,,,,,,,,,,
20/05/2019 09:00,14414.639,7%,,,,,,,,,,
20/05/2019 10:00,13035.04,7%,,,,,,,,,,
20/05/2019 11:00,15155.388,8%,,,,,,,,,,
20/05/2019 12:00,18164.264,9%,,,,,,,,,,
20/05/2019 13:00,21543.399,11%,,,,,,,,,,
20/05/2019 14:00,26043.739,13%,,,,,,,,,,
20/05/2019 15:00,30991.014,15%,,,,,,,,,,
20/05/2019 16:00,38607.636,19%,,,,,,,,,,
20/05/2019 17:00,45485.972,23%,,,,,,,,,,
20/05/2019 18:00,45045.768,23%,,,,,,,,,,
20/05/2019 19:00,51071.211,26%,,,,,,,,,,
20/05/2019 20:00,58757.113,29%,,,,,,,,,,
20/05/2019 21:00,60850.356,30%,,,,,,,,,,
20/05/2019 22:00,59168.862,30%,,,,,,,,,,
20/05/2019 23:00,58759.478,29%,,,,,,,,,,
21/05/2019 00:00,59939.542,30%,,,,,,,,,,
21/05/2019 01:00,61903.252,31%,,,,,,,,,,
21/05/2019 02:00,62016.273,31%,,,,,,,,,,
21/05/2019 03:00,58459.39,29%,,,,,,,,,,
21/05/2019 04:00,47345.783,24%,,,,,,,,,,
21/05/2019 05:00,35165.826,18%,,,,,,,,,,
21/05/2019 06:00,30687.453,15%,,,,,,,,,,
21/05/2019 07:00,38037.753,19%,,,,,,,,,,
21/05/2019 08:00,40414.899,20%,,,,,,,,,,
21/05/2019 09:00,39042.842,20%,,,,,,,,,,
21/05/2019 10:00,36454.787,18%,,,,,,,,,,
21/05/2019 11:00,34422.988,17%,,,,,,,,,,
21/05/2019 12:00,32801.44,16%,,,,,,,,,,
21/05/2019 13:00,34406.435,17%,,,,,,,,,,
21/05/2019 14:00,36654.436,18%,,,,,,,,,,
21/05/2019 15:00,36422.838,18%,,,,,,,,,,
21/05/2019 16:00,35740.982,18%,,,,,,,,,,
21/05/2019 17:00,35773.524,18%,,,,,,,,,,
21/05/2019 18:00,36838.205,18%,,,,,,,,,,
21/05/2019 19:00,44519.735,22%,,,,,,,,,,
21/05/2019 20:00,49321.242,25%,,,,,,,,,,
21/05/2019 21:00,45037.099,23%,,,,,,,,,,
21/05/2019 22:00,37871.037,19%,,,,,,,,,,
21/05/2019 23:00,31546.553,16%,,,,,,,,,,
22/05/2019 00:00,26633.899,13%,,,,,,,,,,
22/05/2019 01:00,21563.474,11%,,,,,,,,,,
22/05/2019 02:00,15509.583,8%,,,,,,,,,,
22/05/2019 03:00,9204.755,5%,,,,,,,,,,
22/05/2019 04:00,5016.458,3%,,,,,,,,,,
22/05/2019 05:00,4394.744,2%,,,,,,,,,,
22/05/2019 06:00,5233.561,3%,,,,,,,,,,
22/05/2019 07:00,11236.648,6%,,,,,,,,,,
22/05/2019 08:00,22555.229,11%,,,,,,,,,,
22/05/2019 09:00,31788.281,16%,,,,,,,,,,
22/05/2019 10:00,34274.831,17%,,,,,,,,,,
22/05/2019 11:00,34929.35,17%,,,,,,,,,,
22/05/2019 12:00,35512.956,18%,,,,,,,,,,
22/05/2019 13:00,35360.972,18%,,,,,,,,,,
22/05/2019 14:00,34519.14,17%,,,,,,,,,,
22/05/2019 15:00,34748.965,17%,,,,,,,,,,
22/05/2019 16:00,35695.174,18%,,,,,,,,,,
22/05/2019 17:00,32699.575,16%,,,,,,,,,,
22/05/2019 18:00,31805.57,16%,,,,,,,,,,
22/05/2019 19:00,36340.705,18%,,,,,,,,,,
22/05/2019 20:00,38942.412,19%,,,,,,,,,,
22/05/2019 21:00,35970.139,18%,,,,,,,,,,
22/05/2019 22:00,26857.061,13%,,,,,,,,,,
22/05/2019 23:00,16227.585,8%,,,,,,,,,,
23/05/2019 00:00,7861.969,4%,,,,,,,,,,
23/05/2019 01:00,3013.562,2%,,,,,,,,,,
23/05/2019 02:00,1030.319,1%,,,,,,,,,,
23/05/2019 03:00,1104.794,1%,,,,,,,,,,
23/05/2019 04:00,2598.611,1%,,,,,,,,,,
23/05/2019 05:00,3779.778,2%,,,,,,,,,,
23/05/2019 06:00,2951.011,1%,,,,,,,,,,
23/05/2019 07:00,4573.772,2%,,,,,,,,,,
23/05/2019 08:00,7662.766,4%,,,,,,,,,,
23/05/2019 09:00,10913.68,5%,,,,,,,,,,
23/05/2019 10:00,11906.37,6%,,,,,,,,,,
23/05/2019 11:00,12812.964,6%,,,,,,,,,,
23/05/2019 12:00,14028.504,7%,,,,,,,,,,
23/05/2019 13:00,15203.033,8%,,,,,,,,,,
23/05/2019 14:00,15818.683,8%,,,,,,,,,,
23/05/2019 15:00,16740.276,8%,,,,,,,,,,
23/05/2019 16:00,17440.808,9%,,,,,,,,,,
23/05/2019 17:00,20268.827,10%,,,,,,,,,,
23/05/2019 18:00,29985.559,15%,,,,,,,,,,
23/05/2019 19:00,52750.104,26%,,,,,,,,,,
23/05/2019 20:00,75012.251,38%,,,,,,,,,,
23/05/2019 21:00,74684.267,37%,,,,,,,,,,
23/05/2019 22:00,65918.999,33%,,,,,,,,,,
23/05/2019 23:00,59991.532,30%,,,,,,,,,,
24/05/2019 00:00,58210.076,29%,,,,,,,,,,
24/05/2019 01:00,57784.668,29%,,,,,,,,,,
24/05/2019 02:00,55471.03,28%,,,,,,,,,,
24/05/2019 03:00,51808.106,26%,,,,,,,,,,
24/05/2019 04:00,50966.051,25%,,,,,,,,,,
24/05/2019 05:00,36229.567,18%,,,,,,,,,,
24/05/2019 06:00,25181.613,13%,,,,,,,,,,
24/05/2019 07:00,30872.938,15%,,,,,,,,,,
24/05/2019 08:00,33830.238,17%,,,,,,,,,,
24/05/2019 09:00,36871.14,18%,,,,,,,,,,
24/05/2019 10:00,42230.491,21%,,,,,,,,,,
24/05/2019 11:00,45485.458,23%,,,,,,,,,,
24/05/2019 12:00,47646.272,24%,,,,,,,,,,
24/05/2019 13:00,49582.816,25%,,,,,,,,,,
24/05/2019 14:00,47547.663,24%,,,,,,,,,,
24/05/2019 15:00,45484.987,23%,,,,,,,,,,
24/05/2019 16:00,44164.528,22%,,,,,,,,,,
24/05/2019 17:00,46000.304,23%,,,,,,,,,,
24/05/2019 18:00,41252.272,21%,,,,,,,,,,
24/05/2019 19:00,41903.871,21%,,,,,,,,,,
24/05/2019 20:00,46140.991,23%,,,,,,,,,,
24/05/2019 21:00,45288.485,23%,,,,,,,,,,
24/05/2019 22:00,42867.237,21%,,,,,,,,,,
24/05/2019 23:00,41195.435,21%,,,,,,,,,,
25/05/2019 00:00,41216.797,21%,,,,,,,,,,
25/05/2019 01:00,41273.847,21%,,,,,,,,,,
25/05/2019 02:00,40132.008,20%,,,,,,,,,,
25/05/2019 03:00,38293.694,19%,,,,,,,,,,
25/05/2019 04:00,35769.711,18%,,,,,,,,,,
25/05/2019 05:00,22865.558,11%,,,,,,,,,,
25/05/2019 06:00,15967.703,8%,,,,,,,,,,
25/05/2019 07:00,19692.566,10%,,,,,,,,,,
25/05/2019 08:00,24060.721,12%,,,,,,,,,,
25/05/2019 09:00,25005.432,13%,,,,,,,,,,
25/05/2019 10:00,23541.505,12%,,,,,,,,,,
25/05/2019 11:00,22868.823,11%,,,,,,,,,,
25/05/2019 12:00,22308.426,11%,,,,,,,,,,
25/05/2019 13:00,22508.418,11%,,,,,,,,,,
25/05/2019 14:00,24405.669,12%,,,,,,,,,,
25/05/2019 15:00,29359.397,15%,,,,,,,,,,
25/05/2019 16:00,35774.554,18%,,,,,,,,,,
25/05/2019 17:00,38345.256,19%,,,,,,,,,,
25/05/2019 18:00,40221.838,20%,,,,,,,,,,
25/05/2019 19:00,53274.911,27%,,,,,,,,,,
25/05/2019 20:00,64013.481,32%,,,,,,,,,,
25/05/2019 21:00,65581.468,33%,,,,,,,,,,
25/05/2019 22:00,67968.187,34%,,,,,,,,,,
25/05/2019 23:00,69256.789,35%,,,,,,,,,,
26/05/2019 00:00,66828.618,33%,,,,,,,,,,
26/05/2019 01:00,68642.883,34%,,,,,,,,,,
26/05/2019 02:00,69426.194,35%,,,,,,,,,,
26/05/2019 03:00,71003.241,36%,,,,,,,,,,
26/05/2019 04:00,72015.808,36%,,,,,,,,,,
26/05/2019 05:00,69571.959,35%,,,,,,,,,,
26/05/2019 06:00,63408.1,32%,,,,,,,,,,
26/05/2019 07:00,104335.795,52%,,,,,,,,,,
26/05/2019 08:00,118277.414,59%,,,,,,,,,,
26/05/2019 09:00,121373.152,61%,,,,,,,,,,
26/05/2019 10:00,121724.487,61%,,,,,,,,,,
26/05/2019 11:00,119111.177,60%,,,,,,,,,,
26/05/2019 12:00,115415.947,58%,,,,,,,,,,
26/05/2019 13:00,114222.365,57%,,,,,,,,,,
26/05/2019 14:00,111221.094,56%,,,,,,,,,,
26/05/2019 15:00,111935.141,56%,,,,,,,,,,
26/05/2019 16:00,112140.912,56%,,,,,,,,,,
26/05/2019 17:00,106024.994,53%,,,,,,,,,,
26/05/2019 18:00,89401.452,45%,,,,,,,,,,
26/05/2019 19:00,77123.155,39%,,,,,,,,,,
26/05/2019 20:00,74712.333,37%,,,,,,,,,,
26/05/2019 21:00,75245.198,38%,,,,,,,,,,
26/05/2019 22:00,77127.693,39%,,,,,,,,,,
26/05/2019 23:00,80201.579,40%,,,,,,,,,,
27/05/2019 00:00,80759.161,40%,,,,,,,,,,
27/05/2019 01:00,78556.578,39%,,,,,,,,,,
27/05/2019 02:00,72681.533,36%,,,,,,,,,,
27/05/2019 03:00,70281.472,35%,,,,,,,,,,
27/05/2019 04:00,66129.958,33%,,,,,,,,,,
27/05/2019 05:00,54149.853,27%,,,,,,,,,,
27/05/2019 06:00,73190.384,37%,,,,,,,,,,
27/05/2019 07:00,93524.653,47%,,,,,,,,,,
27/05/2019 08:00,103705.232,52%,,,,,,,,,,
27/05/2019 09:00,109406.646,55%,,,,,,,,,,
27/05/2019 10:00,108867.2,54%,,,,,,,,,,
27/05/2019 11:00,110999.812,55%,,,,,,,,,,
27/05/2019 12:00,114750.876,57%,,,,,,,,,,
27/05/2019 13:00,114612.927,57%,,,,,,,,,,
27/05/2019 14:00,110933.598,55%,,,,,,,,,,
27/05/2019 15:00,103158.973,52%,,,,,,,,,,
27/05/2019 16:00,93459.936,47%,,,,,,,,,,
27/05/2019 17:00,75133.231,38%,,,,,,,,,,
27/05/2019 18:00,54132.831,27%,,,,,,,,,,
27/05/2019 19:00,45330.639,23%,,,,,,,,,,
27/05/2019 20:00,50049.605,25%,,,,,,,,,,
27/05/2019 21:00,48131.357,24%,,,,,,,,,,
27/05/2019 22:00,46137.096,23%,,,,,,,,,,
27/05/2019 23:00,46975.806,23%,,,,,,,,,,
28/05/2019 00:00,48148.064,24%,,,,,,,,,,
28/05/2019 01:00,48597.553,24%,,,,,,,,,,
28/05/2019 02:00,47817.759,24%,,,,,,,,,,
28/05/2019 03:00,45479.213,23%,,,,,,,,,,
28/05/2019 04:00,42998.187,21%,,,,,,,,,,
28/05/2019 05:00,38173.577,19%,,,,,,,,,,
28/05/2019 06:00,41750.24,21%,,,,,,,,,,
28/05/2019 07:00,45048.796,23%,,,,,,,,,,
28/05/2019 08:00,44551.243,22%,,,,,,,,,,
28/05/2019 09:00,46585.34,23%,,,,,,,,,,
28/05/2019 10:00,49907.054,25%,,,,,,,,,,
28/05/2019 11:00,50355.876,25%,,,,,,,,,,
28/05/2019 12:00,48144.297,24%,,,,,,,,,,
28/05/2019 13:00,44123.724,22%,,,,,,,,,,
28/05/2019 14:00,40662.538,20%,,,,,,,,,,
28/05/2019 15:00,37294.763,19%,,,,,,,,,,
28/05/2019 16:00,37031.363,19%,,,,,,,,,,
28/05/2019 17:00,39850.799,20%,,,,,,,,,,
28/05/2019 18:00,40407.707,20%,,,,,,,,,,
28/05/2019 19:00,44136.019,22%,,,,,,,,,,
28/05/2019 20:00,49992.478,25%,,,,,,,,,,
28/05/2019 21:00,48595.96,24%,,,,,,,,,,
28/05/2019 22:00,40646.819,20%,,,,,,,,,,
28/05/2019 23:00,28801,14%,,,,,,,,,,
29/05/2019 00:00,17263.756,9%,,,,,,,,,,
29/05/2019 01:00,7645.268,4%,,,,,,,,,,
29/05/2019 02:00,3020.918,2%,,,,,,,,,,
29/05/2019 03:00,2474.246,1%,,,,,,,,,,
29/05/2019 04:00,4502.867,2%,,,,,,,,,,
29/05/2019 05:00,8401.083,4%,,,,,,,,,,
29/05/2019 06:00,14642.619,7%,,,,,,,,,,
29/05/2019 07:00,32228.245,16%,,,,,,,,,,
29/05/2019 08:00,46823.764,23%,,,,,,,,,,
29/05/2019 09:00,60487.451,30%,,,,,,,,,,
29/05/2019 10:00,77131.975,39%,,,,,,,,,,
29/05/2019 11:00,94117.721,47%,,,,,,,,,,
29/05/2019 12:00,105823.629,53%,,,,,,,,,,
29/05/2019 13:00,110571.142,55%,,,,,,,,,,
29/05/2019 14:00,108793.49,54%,,,,,,,,,,
29/05/2019 15:00,99481.017,50%,,,,,,,,,,
29/05/2019 16:00,91211.006,46%,,,,,,,,,,
29/05/2019 17:00,90237.306,45%,,,,,,,,,,
29/05/2019 18:00,96927.045,48%,,,,,,,,,,
29/05/2019 19:00,108867.2,54%,,,,,,,,,,
29/05/2019 20:00,110173.264,55%,,,,,,,,,,
29/05/2019 21:00,104524.442,52%,,,,,,,,,,
29/05/2019 22:00,97675.032,49%,,,,,,,,,,
29/05/2019 23:00,97115.07,49%,,,,,,,,,,
30/05/2019 00:00,94612.346,47%,,,,,,,,,,
30/05/2019 01:00,92707.307,46%,,,,,,,,,,
30/05/2019 02:00,95742.283,48%,,,,,,,,,,
30/05/2019 03:00,99595.604,50%,,,,,,,,,,
30/05/2019 04:00,100959.292,50%,,,,,,,,,,
30/05/2019 05:00,97016.002,49%,,,,,,,,,,
30/05/2019 06:00,109945.362,55%,,,,,,,,,,
30/05/2019 07:00,116596.426,58%,,,,,,,,,,
30/05/2019 08:00,121117.111,61%,,,,,,,,,,
30/05/2019 09:00,121447.104,61%,,,,,,,,,,
30/05/2019 10:00,120612.366,60%,,,,,,,,,,
30/05/2019 11:00,122553.55,61%,,,,,,,,,,
30/05/2019 12:00,125581.486,63%,,,,,,,,,,
30/05/2019 13:00,129726.754,65%,,,,,,,,,,
30/05/2019 14:00,136494.572,68%,,,,,,,,,,
30/05/2019 15:00,138714.624,69%,,,,,,,,,,
30/05/2019 16:00,132098.798,66%,,,,,,,,,,
30/05/2019 17:00,120799.835,60%,,,,,,,,,,
30/05/2019 18:00,105144.366,53%,,,,,,,,,,
30/05/2019 19:00,93407.831,47%,,,,,,,,,,
30/05/2019 20:00,87311.235,44%,,,,,,,,,,
30/05/2019 21:00,84045.564,42%,,,,,,,,,,
30/05/2019 22:00,79684.005,40%,,,,,,,,,,
30/05/2019 23:00,79001.636,40%,,,,,,,,,,
31/05/2019 00:00,80812.947,40%,,,,,,,,,,
31/05/2019 01:00,78446.553,39%,,,,,,,,,,
31/05/2019 02:00,76174.273,38%,,,,,,,,,,
31/05/2019 03:00,77487.923,39%,,,,,,,,,,
31/05/2019 04:00,73511.873,37%,,,,,,,,,,
31/05/2019 05:00,54874.884,27%,,,,,,,,,,
31/05/2019 06:00,56408.534,28%,,,,,,,,,,
31/05/2019 07:00,74775.591,37%,,,,,,,,,,
31/05/2019 08:00,78179.361,39%,,,,,,,,,,
31/05/2019 09:00,78575.358,39%,,,,,,,,,,
31/05/2019 10:00,82685.067,41%,,,,,,,,,,
31/05/2019 11:00,86838.148,43%,,,,,,,,,,
31/05/2019 12:00,89010.457,45%,,,,,,,,,,
31/05/2019 13:00,93258.461,47%,,,,,,,,,,
31/05/2019 14:00,98358.069,49%,,,,,,,,,,
31/05/2019 15:00,100548.842,50%,,,,,,,,,,
31/05/2019 16:00,102063.263,51%,,,,,,,,,,
31/05/2019 17:00,103705.181,52%,,,,,,,,,,
31/05/2019 18:00,99593.161,50%,,,,,,,,,,
31/05/2019 19:00,95170.454,48%,,,,,,,,,,
31/05/2019 20:00,86170.502,43%,,,,,,,,,,
31/05/2019 21:00,80121.523,40%,,,,,,,,,,
31/05/2019 22:00,75250.631,38%,,,,,,,,,,
31/05/2019 23:00,68857.227,34%,,,,,,,,,,
01/06/2019 00:00,60618.242,30%,,,,,,,,,,
01/06/2019 01:00,51466.012,26%,,,,,,,,,,
01/06/2019 02:00,44133.758,22%,,,,,,,,,,
01/06/2019 03:00,35772.251,18%,,,,,,,,,,
01/06/2019 04:00,27245.05,14%,,,,,,,,,,
01/06/2019 05:00,15177.745,8%,,,,,,,,,,
01/06/2019 06:00,7999.864,4%,,,,,,,,,,
01/06/2019 07:00,12666.631,6%,,,,,,,,,,
01/06/2019 08:00,26883.531,13%,,,,,,,,,,
01/06/2019 09:00,39375.583,20%,,,,,,,,,,
01/06/2019 10:00,45605.116,23%,,,,,,,,,,
01/06/2019 11:00,46583.894,23%,,,,,,,,,,
01/06/2019 12:00,42515.793,21%,,,,,,,,,,
01/06/2019 13:00,38364.883,19%,,,,,,,,,,
01/06/2019 14:00,37620.052,19%,,,,,,,,,,
01/06/2019 15:00,39717.371,20%,,,,,,,,,,
01/06/2019 16:00,41149.624,21%,,,,,,,,,,
01/06/2019 17:00,40454.088,20%,,,,,,,,,,
01/06/2019 18:00,46704.866,23%,,,,,,,,,,
01/06/2019 19:00,59666.756,30%,,,,,,,,,,
01/06/2019 20:00,77131.25,39%,,,,,,,,,,
01/06/2019 21:00,90442.715,45%,,,,,,,,,,
01/06/2019 22:00,88426.939,44%,,,,,,,,,,
01/06/2019 23:00,77128.882,39%,,,,,,,,,,
02/06/2019 00:00,66726.692,33%,,,,,,,,,,
02/06/2019 01:00,63201.214,32%,,,,,,,,,,
02/06/2019 02:00,69398.847,35%,,,,,,,,,,
02/06/2019 03:00,77666.133,39%,,,,,,,,,,
02/06/2019 04:00,76759.806,38%,,,,,,,,,,
02/06/2019 05:00,62263.528,31%,,,,,,,,,,
02/06/2019 06:00,56750.624,28%,,,,,,,,,,
02/06/2019 07:00,59256.3,30%,,,,,,,,,,
02/06/2019 08:00,65043.55,33%,,,,,,,,,,
02/06/2019 09:00,86078.532,43%,,,,,,,,,,
02/06/2019 10:00,113159.033,57%,,,,,,,,,,
02/06/2019 11:00,138154.621,69%,,,,,,,,,,
02/06/2019 12:00,155255.982,78%,,,,,,,,,,
02/06/2019 13:00,163112.416,82%,,,,,,,,,,
02/06/2019 14:00,164194.147,82%,,,,,,,,,,
02/06/2019 15:00,160177.023,80%,,,,,,,,,,
02/06/2019 16:00,155301.565,78%,,,,,,,,,,
02/06/2019 17:00,148624.653,74%,,,,,,,,,,
02/06/2019 18:00,142382.988,71%,,,,,,,,,,
02/06/2019 19:00,131412.547,66%,,,,,,,,,,
02/06/2019 20:00,118606.218,59%,,,,,,,,,,
02/06/2019 21:00,105713.984,53%,,,,,,,,,,
02/06/2019 22:00,97480.884,49%,,,,,,,,,,
02/06/2019 23:00,85819.125,43%,,,,,,,,,,
03/06/2019 00:00,82547.371,41%,,,,,,,,,,
03/06/2019 01:00,82883.705,41%,,,,,,,,,,
03/06/2019 02:00,79929.381,40%,,,,,,,,,,
03/06/2019 03:00,73631.43,37%,,,,,,,,,,
03/06/2019 04:00,71000.552,36%,,,,,,,,,,
03/06/2019 05:00,63898.809,32%,,,,,,,,,,
03/06/2019 06:00,75190.696,38%,,,,,,,,,,
03/06/2019 07:00,84186.229,42%,,,,,,,,,,
03/06/2019 08:00,87352.7,44%,,,,,,,,,,
03/06/2019 09:00,91882.22,46%,,,,,,,,,,
03/06/2019 10:00,97263.431,49%,,,,,,,,,,
03/06/2019 11:00,97840.703,49%,,,,,,,,,,
03/06/2019 12:00,98917.455,49%,,,,,,,,,,
03/06/2019 13:00,100477.454,50%,,,,,,,,,,
03/06/2019 14:00,99603.909,50%,,,,,,,,,,
03/06/2019 15:00,96343.773,48%,,,,,,,,,,
03/06/2019 16:00,91880.207,46%,,,,,,,,,,
03/06/2019 17:00,79560.642,40%,,,,,,,,,,
03/06/2019 18:00,59346.206,30%,,,,,,,,,,
03/06/2019 19:00,49233.249,25%,,,,,,,,,,
03/06/2019 20:00,48153.942,24%,,,,,,,,,,
03/06/2019 21:00,49730.091,25%,,,,,,,,,,
03/06/2019 22:00,47544.16,24%,,,,,,,,,,
03/06/2019 23:00,43960.364,22%,,,,,,,,,,
04/06/2019 00:00,42129.637,21%,,,,,,,,,,
04/06/2019 01:00,41634.674,21%,,,,,,,,,,
04/06/2019 02:00,42313.867,21%,,,,,,,,,,
04/06/2019 03:00,43607.997,22%,,,,,,,,,,
04/06/2019 04:00,42148.744,21%,,,,,,,,,,
04/06/2019 05:00,32287.281,16%,,,,,,,,,,
04/06/2019 06:00,32295.117,16%,,,,,,,,,,
04/06/2019 07:00,38073.258,19%,,,,,,,,,,
04/06/2019 08:00,42627.178,21%,,,,,,,,,,
04/06/2019 09:00,47277.284,24%,,,,,,,,,,
04/06/2019 10:00,52751.095,26%,,,,,,,,,,
04/06/2019 11:00,58708.267,29%,,,,,,,,,,
04/06/2019 12:00,62802.393,31%,,,,,,,,,,
04/06/2019 13:00,57289.502,29%,,,,,,,,,,
04/06/2019 14:00,51274.565,26%,,,,,,,,,,
04/06/2019 15:00,42485.377,21%,,,,,,,,,,
04/06/2019 16:00,32988.356,16%,,,,,,,,,,
04/06/2019 17:00,35705.33,18%,,,,,,,,,,
04/06/2019 18:00,45757.145,23%,,,,,,,,,,
04/06/2019 19:00,60492.107,30%,,,,,,,,,,
04/06/2019 20:00,72319.778,36%,,,,,,,,,,
04/06/2019 21:00,74079.086,37%,,,,,,,,,,
04/06/2019 22:00,71941.797,36%,,,,,,,,,,
04/06/2019 23:00,68125.902,34%,,,,,,,,,,
05/06/2019 00:00,65030.99,33%,,,,,,,,,,
05/06/2019 01:00,66645.437,33%,,,,,,,,,,
05/06/2019 02:00,65540.463,33%,,,,,,,,,,
05/06/2019 03:00,65821.113,33%,,,,,,,,,,
05/06/2019 04:00,62916.392,31%,,,,,,,,,,
05/06/2019 05:00,65539.85,33%,,,,,,,,,,
05/06/2019 06:00,82545.299,41%,,,,,,,,,,
05/06/2019 07:00,95740.207,48%,,,,,,,,,,
05/06/2019 08:00,107665.299,54%,,,,,,,,,,
05/06/2019 09:00,114752.321,57%,,,,,,,,,,
05/06/2019 10:00,114221.293,57%,,,,,,,,,,
05/06/2019 11:00,103704.803,52%,,,,,,,,,,
05/06/2019 12:00,91673.063,46%,,,,,,,,,,
05/06/2019 13:00,68648.849,34%,,,,,,,,,,
05/06/2019 14:00,57957.771,29%,,,,,,,,,,
05/06/2019 15:00,49735.484,25%,,,,,,,,,,
05/06/2019 16:00,38953.952,19%,,,,,,,,,,
05/06/2019 17:00,33651.294,17%,,,,,,,,,,
05/06/2019 18:00,29396.297,15%,,,,,,,,,,
05/06/2019 19:00,27584.337,14%,,,,,,,,,,
05/06/2019 20:00,29368.968,15%,,,,,,,,,,
05/06/2019 21:00,29789.129,15%,,,,,,,,,,
05/06/2019 22:00,22951.52,11%,,,,,,,,,,
05/06/2019 23:00,16091.198,8%,,,,,,,,,,
06/06/2019 00:00,14852.13,7%,,,,,,,,,,
06/06/2019 01:00,10082.796,5%,,,,,,,,,,
06/06/2019 02:00,10912.076,5%,,,,,,,,,,
06/06/2019 03:00,20066.684,10%,,,,,,,,,,
06/06/2019 04:00,32162.065,16%,,,,,,,,,,
06/06/2019 05:00,26089.072,13%,,,,,,,,,,
06/06/2019 06:00,27824.826,14%,,,,,,,,,,
06/06/2019 07:00,34373.955,17%,,,,,,,,,,
06/06/2019 08:00,40539.451,20%,,,,,,,,,,
06/06/2019 09:00,49423.546,25%,,,,,,,,,,
06/06/2019 10:00,57886.388,29%,,,,,,,,,,
06/06/2019 11:00,63489.922,32%,,,,,,,,,,
06/06/2019 12:00,66984.008,33%,,,,,,,,,,
06/06/2019 13:00,70237.912,35%,,,,,,,,,,
06/06/2019 14:00,73096.114,37%,,,,,,,,,,
06/06/2019 15:00,69739.835,35%,,,,,,,,,,
06/06/2019 16:00,61855.617,31%,,,,,,,,,,
06/06/2019 17:00,51005,26%,,,,,,,,,,
06/06/2019 18:00,35585.741,18%,,,,,,,,,,
06/06/2019 19:00,30228.417,15%,,,,,,,,,,
06/06/2019 20:00,30590.48,15%,,,,,,,,,,
06/06/2019 21:00,28254.131,14%,,,,,,,,,,
06/06/2019 22:00,23539.554,12%,,,,,,,,,,
06/06/2019 23:00,17613.225,9%,,,,,,,,,,
07/06/2019 00:00,16981.208,8%,,,,,,,,,,
07/06/2019 01:00,20093.902,10%,,,,,,,,,,
07/06/2019 02:00,26457.79,13%,,,,,,,,,,
07/06/2019 03:00,36450.595,18%,,,,,,,,,,
07/06/2019 04:00,52744.424,26%,,,,,,,,,,
07/06/2019 05:00,53501.282,27%,,,,,,,,,,
07/06/2019 06:00,57834.414,29%,,,,,,,,,,
07/06/2019 07:00,66328.351,33%,,,,,,,,,,
07/06/2019 08:00,76275.546,38%,,,,,,,,,,
07/06/2019 09:00,102612.204,51%,,,,,,,,,,
07/06/2019 10:00,133631.165,67%,,,,,,,,,,
07/06/2019 11:00,148774.691,74%,,,,,,,,,,
07/06/2019 12:00,146964.017,73%,,,,,,,,,,
07/06/2019 13:00,137611.033,69%,,,,,,,,,,
07/06/2019 14:00,96293.356,48%,,,,,,,,,,
07/06/2019 15:00,65802.139,33%,,,,,,,,,,
07/06/2019 16:00,42428.594,21%,,,,,,,,,,
07/06/2019 17:00,25313.721,13%,,,,,,,,,,
07/06/2019 18:00,17270.212,9%,,,,,,,,,,
07/06/2019 19:00,14107.128,7%,,,,,,,,,,
07/06/2019 20:00,10084.454,5%,,,,,,,,,,
07/06/2019 21:00,11104.86,6%,,,,,,,,,,
07/06/2019 22:00,20250.853,10%,,,,,,,,,,
07/06/2019 23:00,33533.58,17%,,,,,,,,,,
08/06/2019 00:00,44678.675,22%,,,,,,,,,,
08/06/2019 01:00,51473.423,26%,,,,,,,,,,
08/06/2019 02:00,57919.705,29%,,,,,,,,,,
08/06/2019 03:00,68975.775,34%,,,,,,,,,,
08/06/2019 04:00,86445.383,43%,,,,,,,,,,
08/06/2019 05:00,102249.96,51%,,,,,,,,,,
08/06/2019 06:00,126423.962,63%,,,,,,,,,,
08/06/2019 07:00,150824.165,75%,,,,,,,,,,
08/06/2019 08:00,154015.037,77%,,,,,,,,,,
08/06/2019 09:00,148107.597,74%,,,,,,,,,,
08/06/2019 10:00,150631.063,75%,,,,,,,,,,
08/06/2019 11:00,152308.566,76%,,,,,,,,,,
08/06/2019 12:00,147343.846,74%,,,,,,,,,,
08/06/2019 13:00,139398.752,70%,,,,,,,,,,
08/06/2019 14:00,132680.84,66%,,,,,,,,,,
08/06/2019 15:00,124758.537,62%,,,,,,,,,,
08/06/2019 16:00,113013.724,57%,,,,,,,,,,
08/06/2019 17:00,101237.669,51%,,,,,,,,,,
08/06/2019 18:00,83354.873,42%,,,,,,,,,,
08/06/2019 19:00,76797.838,38%,,,,,,,,,,
08/06/2019 20:00,82942.35,41%,,,,,,,,,,
08/06/2019 21:00,89375.743,45%,,,,,,,,,,
08/06/2019 22:00,85375.976,43%,,,,,,,,,,
08/06/2019 23:00,81459.7,41%,,,,,,,,,,
09/06/2019 00:00,76742.352,38%,,,,,,,,,,
09/06/2019 01:00,68885.012,34%,,,,,,,,,,
09/06/2019 02:00,58761.318,29%,,,,,,,,,,
09/06/2019 03:00,48213.131,24%,,,,,,,,,,
09/06/2019 04:00,36857.04,18%,,,,,,,,,,
09/06/2019 05:00,23519.507,12%,,,,,,,,,,
09/06/2019 06:00,17258.028,9%,,,,,,,,,,
09/06/2019 07:00,19326.928,10%,,,,,,,,,,
09/06/2019 08:00,23626.748,12%,,,,,,,,,,
09/06/2019 09:00,25674.714,13%,,,,,,,,,,
09/06/2019 10:00,25007.133,13%,,,,,,,,,,
09/06/2019 11:00,23577.995,12%,,,,,,,,,,
09/06/2019 12:00,20552.886,10%,,,,,,,,,,
09/06/2019 13:00,18346.715,9%,,,,,,,,,,
09/06/2019 14:00,19317.81,10%,,,,,,,,,,
09/06/2019 15:00,20351.091,10%,,,,,,,,,,
09/06/2019 16:00,18434.955,9%,,,,,,,,,,
09/06/2019 17:00,14948.785,7%,,,,,,,,,,
09/06/2019 18:00,11558.889,6%,,,,,,,,,,
09/06/2019 19:00,8554.684,4%,,,,,,,,,,
09/06/2019 20:00,5798.46,3%,,,,,,,,,,
09/06/2019 21:00,4978.415,2%,,,,,,,,,,
09/06/2019 22:00,5618.08,3%,,,,,,,,,,
09/06/2019 23:00,6766.069,3%,,,,,,,,,,
10/06/2019 00:00,7252.471,4%,,,,,,,,,,
10/06/2019 01:00,8293.82,4%,,,,,,,,,,
10/06/2019 02:00,11045.225,6%,,,,,,,,,,
10/06/2019 03:00,16429.959,8%,,,,,,,,,,
10/06/2019 04:00,23158.258,12%,,,,,,,,,,
10/06/2019 05:00,21000.219,11%,,,,,,,,,,
10/06/2019 06:00,14586.213,7%,,,,,,,,,,
10/06/2019 07:00,15668.125,8%,,,,,,,,,,
10/06/2019 08:00,18631.725,9%,,,,,,,,,,
10/06/2019 09:00,23547.614,12%,,,,,,,,,,
10/06/2019 10:00,31591.547,16%,,,,,,,,,,
10/06/2019 11:00,42441.857,21%,,,,,,,,,,
10/06/2019 12:00,52745.712,26%,,,,,,,,,,
10/06/2019 13:00,63057.538,32%,,,,,,,,,,
10/06/2019 14:00,73388.618,37%,,,,,,,,,,
10/06/2019 15:00,79556.58,40%,,,,,,,,,,
10/06/2019 16:00,84263.439,42%,,,,,,,,,,
10/06/2019 17:00,94207.965,47%,,,,,,,,,,
10/06/2019 18:00,100146.753,50%,,,,,,,,,,
10/06/2019 19:00,106984.586,53%,,,,,,,,,,
10/06/2019 20:00,113158.799,57%,,,,,,,,,,
10/06/2019 21:00,124402.904,62%,,,,,,,,,,
10/06/2019 22:00,140069.013,70%,,,,,,,,,,
10/06/2019 23:00,154598.394,77%,,,,,,,,,,
11/06/2019 00:00,166515.582,83%,,,,,,,,,,
11/06/2019 01:00,174399.705,87%,,,,,,,,,,
11/06/2019 02:00,177271.989,89%,,,,,,,,,,
11/06/2019 03:00,178013.829,89%,,,,,,,,,,
11/06/2019 04:00,173583.523,87%,,,,,,,,,,
11/06/2019 05:00,170257.938,85%,,,,,,,,,,
11/06/2019 06:00,168285.169,84%,,,,,,,,,,
11/06/2019 07:00,167778.832,84%,,,,,,,,,,
11/06/2019 08:00,167770.838,84%,,,,,,,,,,
11/06/2019 09:00,164850.759,82%,,,,,,,,,,
11/06/2019 10:00,160772.708,80%,,,,,,,,,,
11/06/2019 11:00,158204.177,79%,,,,,,,,,,
11/06/2019 12:00,155299.313,78%,,,,,,,,,,
11/06/2019 13:00,148812.874,74%,,,,,,,,,,
11/06/2019 14:00,136460.631,68%,,,,,,,,,,
11/06/2019 15:00,129157.259,65%,,,,,,,,,,
11/06/2019 16:00,118398.614,59%,,,,,,,,,,
11/06/2019 17:00,109406.679,55%,,,,,,,,,,
11/06/2019 18:00,103793.601,52%,,,,,,,,,,
11/06/2019 19:00,103158.838,52%,,,,,,,,,,
11/06/2019 20:00,103705.416,52%,,,,,,,,,,
11/06/2019 21:00,100687.35,50%,,,,,,,,,,
11/06/2019 22:00,99389.481,50%,,,,,,,,,,
11/06/2019 23:00,91318.218,46%,,,,,,,,,,
12/06/2019 00:00,77667.647,39%,,,,,,,,,,
12/06/2019 01:00,72416.951,36%,,,,,,,,,,
12/06/2019 02:00,75394.569,38%,,,,,,,,,,
12/06/2019 03:00,66026.85,33%,,,,,,,,,,
12/06/2019 04:00,57784.371,29%,,,,,,,,,,
12/06/2019 05:00,49047.204,25%,,,,,,,,,,
12/06/2019 06:00,40282.966,20%,,,,,,,,,,
12/06/2019 07:00,32934.827,16%,,,,,,,,,,
12/06/2019 08:00,27734.965,14%,,,,,,,,,,
12/06/2019 09:00,28287.356,14%,,,,,,,,,,
12/06/2019 10:00,32663.019,16%,,,,,,,,,,
12/06/2019 11:00,32643.568,16%,,,,,,,,,,
12/06/2019 12:00,23740.002,12%,,,,,,,,,,
12/06/2019 13:00,12213.575,6%,,,,,,,,,,
12/06/2019 14:00,3389.886,2%,,,,,,,,,,
12/06/2019 15:00,1736.846,1%,,,,,,,,,,
12/06/2019 16:00,4686.558,2%,,,,,,,,,,
12/06/2019 17:00,6685.455,3%,,,,,,,,,,
12/06/2019 18:00,7203.575,4%,,,,,,,,,,
12/06/2019 19:00,11105.797,6%,,,,,,,,,,
12/06/2019 20:00,17617.02,9%,,,,,,,,,,
12/06/2019 21:00,20249.406,10%,,,,,,,,,,
12/06/2019 22:00,20578.885,10%,,,,,,,,,,
12/06/2019 23:00,23986.961,12%,,,,,,,,,,
13/06/2019 00:00,28575.79,14%,,,,,,,,,,
13/06/2019 01:00,30266.874,15%,,,,,,,,,,
13/06/2019 02:00,30210.978,15%,,,,,,,,,,
13/06/2019 03:00,28137.263,14%,,,,,,,,,,
13/06/2019 04:00,25434.773,13%,,,,,,,,,,
13/06/2019 05:00,20843.248,10%,,,,,,,,,,
13/06/2019 06:00,18300.993,9%,,,,,,,,,,
13/06/2019 07:00,20376.883,10%,,,,,,,,,,
13/06/2019 08:00,18560.101,9%,,,,,,,,,,
13/06/2019 09:00,20563.653,10%,,,,,,,,,,
13/06/2019 10:00,23895.328,12%,,,,,,,,,,
13/06/2019 11:00,27669.451,14%,,,,,,,,,,
13/06/2019 12:00,31168.005,16%,,,,,,,,,,
13/06/2019 13:00,34912.11,17%,,,,,,,,,,
13/06/2019 14:00,38192.238,19%,,,,,,,,,,
13/06/2019 15:00,40793.133,20%,,,,,,,,,,
13/06/2019 16:00,37803.219,19%,,,,,,,,,,
13/06/2019 17:00,30235.861,15%,,,,,,,,,,
13/06/2019 18:00,19574.56,10%,,,,,,,,,,
13/06/2019 19:00,12138.977,6%,,,,,,,,,,
13/06/2019 20:00,8260.112,4%,,,,,,,,,,
13/06/2019 21:00,9838.909,5%,,,,,,,,,,
13/06/2019 22:00,18682.819,9%,,,,,,,,,,
13/06/2019 23:00,28792.658,14%,,,,,,,,,,
14/06/2019 00:00,35492.958,18%,,,,,,,,,,
14/06/2019 01:00,40165.261,20%,,,,,,,,,,
14/06/2019 02:00,42257.425,21%,,,,,,,,,,
14/06/2019 03:00,41970.779,21%,,,,,,,,,,
14/06/2019 04:00,43958.274,22%,,,,,,,,,,
14/06/2019 05:00,45483.315,23%,,,,,,,,,,
14/06/2019 06:00,48272.321,24%,,,,,,,,,,
14/06/2019 07:00,55603.968,28%,,,,,,,,,,
14/06/2019 08:00,64104.646,32%,,,,,,,,,,
14/06/2019 09:00,69756.75,35%,,,,,,,,,,
14/06/2019 10:00,68909.182,34%,,,,,,,,,,
14/06/2019 11:00,66118.219,33%,,,,,,,,,,
14/06/2019 12:00,65286.811,33%,,,,,,,,,,
14/06/2019 13:00,69659.701,35%,,,,,,,,,,
14/06/2019 14:00,77399.737,39%,,,,,,,,,,
14/06/2019 15:00,83913.636,42%,,,,,,,,,,
14/06/2019 16:00,86468.952,43%,,,,,,,,,,
14/06/2019 17:00,74008.254,37%,,,,,,,,,,
14/06/2019 18:00,55176.28,28%,,,,,,,,,,
14/06/2019 19:00,52970.661,26%,,,,,,,,,,
14/06/2019 20:00,67433.797,34%,,,,,,,,,,
14/06/2019 21:00,79144.049,40%,,,,,,,,,,
14/06/2019 22:00,84460.887,42%,,,,,,,,,,
14/06/2019 23:00,80401.154,40%,,,,,,,,,,
15/06/2019 00:00,75648.707,38%,,,,,,,,,,
15/06/2019 01:00,72117.138,36%,,,,,,,,,,
15/06/2019 02:00,70998.549,35%,,,,,,,,,,
15/06/2019 03:00,71525.95,36%,,,,,,,,,,
15/06/2019 04:00,69677.24,35%,,,,,,,,,,
15/06/2019 05:00,70998.588,35%,,,,,,,,,,
15/06/2019 06:00,88851.591,44%,,,,,,,,,,
15/06/2019 07:00,116696.807,58%,,,,,,,,,,
15/06/2019 08:00,125004.408,63%,,,,,,,,,,
15/06/2019 09:00,123252.353,62%,,,,,,,,,,
15/06/2019 10:00,114087.825,57%,,,,,,,,,,
15/06/2019 11:00,101766.874,51%,,,,,,,,,,
15/06/2019 12:00,89593.513,45%,,,,,,,,,,
15/06/2019 13:00,80785.989,40%,,,,,,,,,,
15/06/2019 14:00,76190.22,38%,,,,,,,,,,
15/06/2019 15:00,72323.24,36%,,,,,,,,,,
15/06/2019 16:00,67347.698,34%,,,,,,,,,,
15/06/2019 17:00,58166.578,29%,,,,,,,,,,
15/06/2019 18:00,48794.891,24%,,,,,,,,,,
15/06/2019 19:00,48142.807,24%,,,,,,,,,,
15/06/2019 20:00,54405.066,27%,,,,,,,,,,
15/06/2019 21:00,64287.867,32%,,,,,,,,,,
15/06/2019 22:00,70410.146,35%,,,,,,,,,,
15/06/2019 23:00,70088.805,35%,,,,,,,,,,
16/06/2019 00:00,66214.835,33%,,,,,,,,,,
16/06/2019 01:00,63667.547,32%,,,,,,,,,,
16/06/2019 02:00,65795.049,33%,,,,,,,,,,
16/06/2019 03:00,71007.318,36%,,,,,,,,,,
16/06/2019 04:00,66601.097,33%,,,,,,,,,,
16/06/2019 05:00,53180.88,27%,,,,,,,,,,
16/06/2019 06:00,60994.817,30%,,,,,,,,,,
16/06/2019 07:00,83911.924,42%,,,,,,,,,,
16/06/2019 08:00,96290.673,48%,,,,,,,,,,
16/06/2019 09:00,109406.721,55%,,,,,,,,,,
16/06/2019 10:00,121603.399,61%,,,,,,,,,,
16/06/2019 11:00,134223.92,67%,,,,,,,,,,
16/06/2019 12:00,143568.222,72%,,,,,,,,,,
16/06/2019 13:00,148936.116,74%,,,,,,,,,,
16/06/2019 14:00,150398.865,75%,,,,,,,,,,
16/06/2019 15:00,148776.987,74%,,,,,,,,,,
16/06/2019 16:00,143026.85,72%,,,,,,,,,,
16/06/2019 17:00,128814.364,64%,,,,,,,,,,
16/06/2019 18:00,121218.095,61%,,,,,,,,,,
16/06/2019 19:00,128847.994,64%,,,,,,,,,,
16/06/2019 20:00,133162.173,67%,,,,,,,,,,
16/06/2019 21:00,128323.837,64%,,,,,,,,,,
16/06/2019 22:00,124834.167,62%,,,,,,,,,,
16/06/2019 23:00,120895.128,60%,,,,,,,,,,
17/06/2019 00:00,116597.078,58%,,,,,,,,,,
17/06/2019 01:00,110445.703,55%,,,,,,,,,,
17/06/2019 02:00,97667.432,49%,,,,,,,,,,
17/06/2019 03:00,94043.169,47%,,,,,,,,,,
17/06/2019 04:00,90780.162,45%,,,,,,,,,,
17/06/2019 05:00,81457.027,41%,,,,,,,,,,
17/06/2019 06:00,97628.355,49%,,,,,,,,,,
17/06/2019 07:00,109306.31,55%,,,,,,,,,,
17/06/2019 08:00,113493.528,57%,,,,,,,,,,
17/06/2019 09:00,114222.418,57%,,,,,,,,,,
17/06/2019 10:00,114752.473,57%,,,,,,,,,,
17/06/2019 11:00,115725.113,58%,,,,,,,,,,
17/06/2019 12:00,115545.249,58%,,,,,,,,,,
17/06/2019 13:00,114752.515,57%,,,,,,,,,,
17/06/2019 14:00,114752.357,57%,,,,,,,,,,
17/06/2019 15:00,111783.328,56%,,,,,,,,,,
17/06/2019 16:00,105069.642,53%,,,,,,,,,,
17/06/2019 17:00,88303.25,44%,,,,,,,,,,
17/06/2019 18:00,67083.442,34%,,,,,,,,,,
17/06/2019 19:00,58252.937,29%,,,,,,,,,,
17/06/2019 20:00,56720.63,28%,,,,,,,,,,
17/06/2019 21:00,56409.906,28%,,,,,,,,,,
17/06/2019 22:00,53924.614,27%,,,,,,,,,,
17/06/2019 23:00,46263.673,23%,,,,,,,,,,
18/06/2019 00:00,40565.399,20%,,,,,,,,,,
18/06/2019 01:00,37293.442,19%,,,,,,,,,,
18/06/2019 02:00,33497.62,17%,,,,,,,,,,
18/06/2019 03:00,31542.899,16%,,,,,,,,,,
18/06/2019 04:00,28801.527,14%,,,,,,,,,,
18/06/2019 05:00,18775.623,9%,,,,,,,,,,
18/06/2019 06:00,12214.763,6%,,,,,,,,,,
18/06/2019 07:00,13591.329,7%,,,,,,,,,,
18/06/2019 08:00,15920.452,8%,,,,,,,,,,
18/06/2019 09:00,15851.639,8%,,,,,,,,,,
18/06/2019 10:00,11913.114,6%,,,,,,,,,,
18/06/2019 11:00,7281.927,4%,,,,,,,,,,
18/06/2019 12:00,6750.529,3%,,,,,,,,,,
18/06/2019 13:00,8985.025,4%,,,,,,,,,,
18/06/2019 14:00,7909.003,4%,,,,,,,,,,
18/06/2019 15:00,5200.577,3%,,,,,,,,,,
18/06/2019 16:00,3944.727,2%,,,,,,,,,,
18/06/2019 17:00,3146.91,2%,,,,,,,,,,
18/06/2019 18:00,2598.424,1%,,,,,,,,,,
18/06/2019 19:00,2163.379,1%,,,,,,,,,,
18/06/2019 20:00,1547.976,1%,,,,,,,,,,
18/06/2019 21:00,1178.469,1%,,,,,,,,,,
18/06/2019 22:00,770.382,0%,,,,,,,,,,
18/06/2019 23:00,661.113,0%,,,,,,,,,,
19/06/2019 00:00,1390.238,1%,,,,,,,,,,
19/06/2019 01:00,2362.49,1%,,,,,,,,,,
19/06/2019 02:00,3958.569,2%,,,,,,,,,,
19/06/2019 03:00,7031.047,4%,,,,,,,,,,
19/06/2019 04:00,11086.656,6%,,,,,,,,,,
19/06/2019 05:00,13210.056,7%,,,,,,,,,,
19/06/2019 06:00,11437.089,6%,,,,,,,,,,
19/06/2019 07:00,12215.315,6%,,,,,,,,,,
19/06/2019 08:00,9791.109,5%,,,,,,,,,,
19/06/2019 09:00,7236.252,4%,,,,,,,,,,
19/06/2019 10:00,7285.063,4%,,,,,,,,,,
19/06/2019 11:00,9058.777,5%,,,,,,,,,,
19/06/2019 12:00,12101.145,6%,,,,,,,,,,
19/06/2019 13:00,14859.608,7%,,,,,,,,,,
19/06/2019 14:00,16617.608,8%,,,,,,,,,,
19/06/2019 15:00,16823.885,8%,,,,,,,,,,
19/06/2019 16:00,16407.072,8%,,,,,,,,,,
19/06/2019 17:00,15321.002,8%,,,,,,,,,,
19/06/2019 18:00,13588.995,7%,,,,,,,,,,
19/06/2019 19:00,15252.997,8%,,,,,,,,,,
19/06/2019 20:00,20963.354,10%,,,,,,,,,,
19/06/2019 21:00,32113.722,16%,,,,,,,,,,
19/06/2019 22:00,45853.448,23%,,,,,,,,,,
19/06/2019 23:00,54883.356,27%,,,,,,,,,,
20/06/2019 00:00,57468.097,29%,,,,,,,,,,
20/06/2019 01:00,57774.734,29%,,,,,,,,,,
20/06/2019 02:00,56641.465,28%,,,,,,,,,,
20/06/2019 03:00,56584.517,28%,,,,,,,,,,
20/06/2019 04:00,52800.973,26%,,,,,,,,,,
20/06/2019 05:00,38190.812,19%,,,,,,,,,,
20/06/2019 06:00,44613.988,22%,,,,,,,,,,
20/06/2019 07:00,53861.428,27%,,,,,,,,,,
20/06/2019 08:00,59992.549,30%,,,,,,,,,,
20/06/2019 09:00,65641.347,33%,,,,,,,,,,
20/06/2019 10:00,69800.035,35%,,,,,,,,,,
20/06/2019 11:00,72319.076,36%,,,,,,,,,,
20/06/2019 12:00,73786.891,37%,,,,,,,,,,
20/06/2019 13:00,73237.855,37%,,,,,,,,,,
20/06/2019 14:00,71002.636,36%,,,,,,,,,,
20/06/2019 15:00,68125.239,34%,,,,,,,,,,
20/06/2019 16:00,64528.807,32%,,,,,,,,,,
20/06/2019 17:00,60073.988,30%,,,,,,,,,,
20/06/2019 18:00,51057.574,26%,,,,,,,,,,
20/06/2019 19:00,50198.989,25%,,,,,,,,,,
20/06/2019 20:00,60960.665,30%,,,,,,,,,,
20/06/2019 21:00,68771.41,34%,,,,,,,,,,
20/06/2019 22:00,68992.327,34%,,,,,,,,,,
20/06/2019 23:00,64528.697,32%,,,,,,,,,,
21/06/2019 00:00,59863.533,30%,,,,,,,,,,
21/06/2019 01:00,55858.366,28%,,,,,,,,,,
21/06/2019 02:00,54404.698,27%,,,,,,,,,,
21/06/2019 03:00,53354.821,27%,,,,,,,,,,
21/06/2019 04:00,47569.303,24%,,,,,,,,,,
21/06/2019 05:00,29430.86,15%,,,,,,,,,,
21/06/2019 06:00,22318.264,11%,,,,,,,,,,
21/06/2019 07:00,25125.962,13%,,,,,,,,,,
21/06/2019 08:00,27962.381,14%,,,,,,,,,,
21/06/2019 09:00,29342.657,15%,,,,,,,,,,
21/06/2019 10:00,28270.564,14%,,,,,,,,,,
21/06/2019 11:00,26130.486,13%,,,,,,,,,,
21/06/2019 12:00,22249.017,11%,,,,,,,,,,
21/06/2019 13:00,16815.804,8%,,,,,,,,,,
21/06/2019 14:00,12218.286,6%,,,,,,,,,,
21/06/2019 15:00,8832.231,4%,,,,,,,,,,
21/06/2019 16:00,6134.348,3%,,,,,,,,,,
21/06/2019 17:00,4228.356,2%,,,,,,,,,,
21/06/2019 18:00,3588.121,2%,,,,,,,,,,
21/06/2019 19:00,5759.073,3%,,,,,,,,,,
21/06/2019 20:00,12852.78,6%,,,,,,,,,,
21/06/2019 21:00,20663.173,10%,,,,,,,,,,
21/06/2019 22:00,27290.854,14%,,,,,,,,,,
21/06/2019 23:00,33449.485,17%,,,,,,,,,,
22/06/2019 00:00,39179.322,20%,,,,,,,,,,
22/06/2019 01:00,43943.021,22%,,,,,,,,,,
22/06/2019 02:00,42372.741,21%,,,,,,,,,,
22/06/2019 03:00,32942.925,16%,,,,,,,,,,
22/06/2019 04:00,20793.481,10%,,,,,,,,,,
22/06/2019 05:00,9801.511,5%,,,,,,,,,,
22/06/2019 06:00,6491.494,3%,,,,,,,,,,
22/06/2019 07:00,14051.569,7%,,,,,,,,,,
22/06/2019 08:00,19003.705,10%,,,,,,,,,,
22/06/2019 09:00,21086.642,11%,,,,,,,,,,
22/06/2019 10:00,19714.43,10%,,,,,,,,,,
22/06/2019 11:00,16282.388,8%,,,,,,,,,,
22/06/2019 12:00,13522.9,7%,,,,,,,,,,
22/06/2019 13:00,11553.409,6%,,,,,,,,,,
22/06/2019 14:00,11585.787,6%,,,,,,,,,,
22/06/2019 15:00,15971.792,8%,,,,,,,,,,
22/06/2019 16:00,23347.76,12%,,,,,,,,,,
22/06/2019 17:00,31464.237,16%,,,,,,,,,,
22/06/2019 18:00,38592.076,19%,,,,,,,,,,
22/06/2019 19:00,55768.647,28%,,,,,,,,,,
22/06/2019 20:00,76028.187,38%,,,,,,,,,,
22/06/2019 21:00,80702.693,40%,,,,,,,,,,
22/06/2019 22:00,74028.325,37%,,,,,,,,,,
22/06/2019 23:00,61677.831,31%,,,,,,,,,,
23/06/2019 00:00,52945.818,26%,,,,,,,,,,
23/06/2019 01:00,50917.178,25%,,,,,,,,,,
23/06/2019 02:00,53613.043,27%,,,,,,,,,,
23/06/2019 03:00,52282.446,26%,,,,,,,,,,
23/06/2019 04:00,45487.145,23%,,,,,,,,,,
23/06/2019 05:00,35709.793,18%,,,,,,,,,,
23/06/2019 06:00,27974.738,14%,,,,,,,,,,
23/06/2019 07:00,38917.758,19%,,,,,,,,,,
23/06/2019 08:00,49737.963,25%,,,,,,,,,,
23/06/2019 09:00,50706.308,25%,,,,,,,,,,
23/06/2019 10:00,46239.187,23%,,,,,,,,,,
23/06/2019 11:00,43345.532,22%,,,,,,,,,,
23/06/2019 12:00,45487.961,23%,,,,,,,,,,
23/06/2019 13:00,51028.825,26%,,,,,,,,,,
23/06/2019 14:00,50000.291,25%,,,,,,,,,,
23/06/2019 15:00,53930.783,27%,,,,,,,,,,
23/06/2019 16:00,67390.341,34%,,,,,,,,,,
23/06/2019 17:00,80103.263,40%,,,,,,,,,,
23/06/2019 18:00,88379.469,44%,,,,,,,,,,
23/06/2019 19:00,91352.764,46%,,,,,,,,,,
23/06/2019 20:00,89401.38,45%,,,,,,,,,,
23/06/2019 21:00,75788.556,38%,,,,,,,,,,
23/06/2019 22:00,72209.293,36%,,,,,,,,,,
23/06/2019 23:00,64339.999,32%,,,,,,,,,,
24/06/2019 00:00,53665.797,27%,,,,,,,,,,
24/06/2019 01:00,42309.013,21%,,,,,,,,,,
24/06/2019 02:00,37962.501,19%,,,,,,,,,,
24/06/2019 03:00,34693.823,17%,,,,,,,,,,
24/06/2019 04:00,24951.501,12%,,,,,,,,,,
24/06/2019 05:00,11786.169,6%,,,,,,,,,,
24/06/2019 06:00,3013.282,2%,,,,,,,,,,
24/06/2019 07:00,881.556,0%,,,,,,,,,,
24/06/2019 08:00,256.905,0%,,,,,,,,,,
24/06/2019 09:00,629.333,0%,,,,,,,,,,
24/06/2019 10:00,1772.128,1%,,,,,,,,,,
24/06/2019 11:00,3572.808,2%,,,,,,,,,,
24/06/2019 12:00,4519.331,2%,,,,,,,,,,
24/06/2019 13:00,5838.072,3%,,,,,,,,,,
24/06/2019 14:00,7055.362,4%,,,,,,,,,,
24/06/2019 15:00,6765.716,3%,,,,,,,,,,
24/06/2019 16:00,5726.648,3%,,,,,,,,,,
24/06/2019 17:00,4741.475,2%,,,,,,,,,,
24/06/2019 18:00,2928.832,1%,,,,,,,,,,
24/06/2019 19:00,2169.523,1%,,,,,,,,,,
24/06/2019 20:00,4446.793,2%,,,,,,,,,,
24/06/2019 21:00,10795.069,5%,,,,,,,,,,
24/06/2019 22:00,21241.485,11%,,,,,,,,,,
24/06/2019 23:00,32508.68,16%,,,,,,,,,,
25/06/2019 00:00,39652.757,20%,,,,,,,,,,
25/06/2019 01:00,34941.808,17%,,,,,,,,,,
25/06/2019 02:00,27758.2,14%,,,,,,,,,,
25/06/2019 03:00,34078.181,17%,,,,,,,,,,
25/06/2019 04:00,37108.701,19%,,,,,,,,,,
25/06/2019 05:00,30862.724,15%,,,,,,,,,,
25/06/2019 06:00,26130.62,13%,,,,,,,,,,
25/06/2019 07:00,29803.933,15%,,,,,,,,,,
25/06/2019 08:00,33185.794,17%,,,,,,,,,,
25/06/2019 09:00,35776.369,18%,,,,,,,,,,
25/06/2019 10:00,35670.694,18%,,,,,,,,,,
25/06/2019 11:00,33450.422,17%,,,,,,,,,,
25/06/2019 12:00,30810.764,15%,,,,,,,,,,
25/06/2019 13:00,30214.276,15%,,,,,,,,,,
25/06/2019 14:00,31088.892,16%,,,,,,,,,,
25/06/2019 15:00,32604.647,16%,,,,,,,,,,
25/06/2019 16:00,33802.143,17%,,,,,,,,,,
25/06/2019 17:00,34183.115,17%,,,,,,,,,,
25/06/2019 18:00,30916.314,15%,,,,,,,,,,
25/06/2019 19:00,27572.714,14%,,,,,,,,,,
25/06/2019 20:00,31157.751,16%,,,,,,,,,,
25/06/2019 21:00,39933.878,20%,,,,,,,,,,
25/06/2019 22:00,45700.088,23%,,,,,,,,,,
25/06/2019 23:00,44616.371,22%,,,,,,,,,,
26/06/2019 00:00,42432.28,21%,,,,,,,,,,
26/06/2019 01:00,44612.523,22%,,,,,,,,,,
26/06/2019 02:00,42163.604,21%,,,,,,,,,,
26/06/2019 03:00,45970.896,23%,,,,,,,,,,
26/06/2019 04:00,42416.307,21%,,,,,,,,,,
26/06/2019 05:00,44705.754,22%,,,,,,,,,,
26/06/2019 06:00,47283.244,24%,,,,,,,,,,
26/06/2019 07:00,43442.4,22%,,,,,,,,,,
26/06/2019 08:00,43144.453,22%,,,,,,,,,,
26/06/2019 09:00,42236.045,21%,,,,,,,,,,
26/06/2019 10:00,41126.54,21%,,,,,,,,,,
26/06/2019 11:00,44727.988,22%,,,,,,,,,,
26/06/2019 12:00,42634.868,21%,,,,,,,,,,
26/06/2019 13:00,44411.86,22%,,,,,,,,,,
26/06/2019 14:00,56488.529,28%,,,,,,,,,,
26/06/2019 15:00,67487.908,34%,,,,,,,,,,
26/06/2019 16:00,75246.674,38%,,,,,,,,,,
26/06/2019 17:00,83257.663,42%,,,,,,,,,,
26/06/2019 18:00,89767.422,45%,,,,,,,,,,
26/06/2019 19:00,88606.66,44%,,,,,,,,,,
26/06/2019 20:00,80273.481,40%,,,,,,,,,,
26/06/2019 21:00,75698.588,38%,,,,,,,,,,
26/06/2019 22:00,74714.666,37%,,,,,,,,,,
26/06/2019 23:00,65621.302,33%,,,,,,,,,,
27/06/2019 00:00,64658.776,32%,,,,,,,,,,
27/06/2019 01:00,68136.876,34%,,,,,,,,,,
27/06/2019 02:00,68914.463,34%,,,,,,,,,,
27/06/2019 03:00,66672.474,33%,,,,,,,,,,
27/06/2019 04:00,61082.615,31%,,,,,,,,,,
27/06/2019 05:00,67581.791,34%,,,,,,,,,,
27/06/2019 06:00,64520.508,32%,,,,,,,,,,
27/06/2019 07:00,60984.642,30%,,,,,,,,,,
27/06/2019 08:00,63607.284,32%,,,,,,,,,,
27/06/2019 09:00,67349.669,34%,,,,,,,,,,
27/06/2019 10:00,74717.47,37%,,,,,,,,,,
27/06/2019 11:00,79560.558,40%,,,,,,,,,,
27/06/2019 12:00,85344.693,43%,,,,,,,,,,
27/06/2019 13:00,89913.752,45%,,,,,,,,,,
27/06/2019 14:00,95262.407,48%,,,,,,,,,,
27/06/2019 15:00,100262.871,50%,,,,,,,,,,
27/06/2019 16:00,106392.664,53%,,,,,,,,,,
27/06/2019 17:00,108867.2,54%,,,,,,,,,,
27/06/2019 18:00,106972.764,53%,,,,,,,,,,
27/06/2019 19:00,105069.48,53%,,,,,,,,,,
27/06/2019 20:00,103704.852,52%,,,,,,,,,,
27/06/2019 21:00,96629.59,48%,,,,,,,,,,
27/06/2019 22:00,87220.128,44%,,,,,,,,,,
27/06/2019 23:00,77129.306,39%,,,,,,,,,,
28/06/2019 00:00,66836.657,33%,,,,,,,,,,
28/06/2019 01:00,65525.301,33%,,,,,,,,,,
28/06/2019 02:00,66313.894,33%,,,,,,,,,,
28/06/2019 03:00,66316.186,33%,,,,,,,,,,
28/06/2019 04:00,62245.219,31%,,,,,,,,,,
28/06/2019 05:00,70103.652,35%,,,,,,,,,,
28/06/2019 06:00,79258.425,40%,,,,,,,,,,
28/06/2019 07:00,80343.274,40%,,,,,,,,,,
28/06/2019 08:00,80483.246,40%,,,,,,,,,,
28/06/2019 09:00,79019.761,40%,,,,,,,,,,
28/06/2019 10:00,81127.357,41%,,,,,,,,,,
28/06/2019 11:00,82025.868,41%,,,,,,,,,,
28/06/2019 12:00,84007.074,42%,,,,,,,,,,
28/06/2019 13:00,84461.693,42%,,,,,,,,,,
28/06/2019 14:00,80900.689,40%,,,,,,,,,,
28/06/2019 15:00,77129.332,39%,,,,,,,,,,
28/06/2019 16:00,71528.699,36%,,,,,,,,,,
28/06/2019 17:00,65668.642,33%,,,,,,,,,,
28/06/2019 18:00,67680.391,34%,,,,,,,,,,
28/06/2019 19:00,76606.924,38%,,,,,,,,,,
28/06/2019 20:00,81755.53,41%,,,,,,,,,,
28/06/2019 21:00,76443.923,38%,,,,,,,,,,
28/06/2019 22:00,62486.041,31%,,,,,,,,,,
28/06/2019 23:00,48594.982,24%,,,,,,,,,,
29/06/2019 00:00,38622.916,19%,,,,,,,,,,
29/06/2019 01:00,33383.135,17%,,,,,,,,,,
29/06/2019 02:00,30827.171,15%,,,,,,,,,,
29/06/2019 03:00,31266.895,16%,,,,,,,,,,
29/06/2019 04:00,28752.905,14%,,,,,,,,,,
29/06/2019 05:00,16451.975,8%,,,,,,,,,,
29/06/2019 06:00,10059.088,5%,,,,,,,,,,
29/06/2019 07:00,8581.322,4%,,,,,,,,,,
29/06/2019 08:00,12286.068,6%,,,,,,,,,,
29/06/2019 09:00,15899.904,8%,,,,,,,,,,
29/06/2019 10:00,21803.29,11%,,,,,,,,,,
29/06/2019 11:00,30528.56,15%,,,,,,,,,,
29/06/2019 12:00,38159.502,19%,,,,,,,,,,
29/06/2019 13:00,44608.729,22%,,,,,,,,,,
29/06/2019 14:00,50189.296,25%,,,,,,,,,,
29/06/2019 15:00,50854.194,25%,,,,,,,,,,
29/06/2019 16:00,53224.802,27%,,,,,,,,,,
29/06/2019 17:00,52329.705,26%,,,,,,,,,,
29/06/2019 18:00,55369.612,28%,,,,,,,,,,
29/06/2019 19:00,63242.296,32%,,,,,,,,,,
29/06/2019 20:00,75253.612,38%,,,,,,,,,,
29/06/2019 21:00,80098.458,40%,,,,,,,,,,
29/06/2019 22:00,86580.513,43%,,,,,,,,,,
29/06/2019 23:00,87593.95,44%,,,,,,,,,,
30/06/2019 00:00,80258.663,40%,,,,,,,,,,
30/06/2019 01:00,75784.96,38%,,,,,,,,,,
30/06/2019 02:00,71771.63,36%,,,,,,,,,,
30/06/2019 03:00,71947.544,36%,,,,,,,,,,
30/06/2019 04:00,67492.864,34%,,,,,,,,,,
30/06/2019 05:00,52231.976,26%,,,,,,,,,,
30/06/2019 06:00,71005.473,36%,,,,,,,,,,
30/06/2019 07:00,83251.784,42%,,,,,,,,,,
30/06/2019 08:00,93387.486,47%,,,,,,,,,,
30/06/2019 09:00,97954.07,49%,,,,,,,,,,
30/06/2019 10:00,100704.384,50%,,,,,,,,,,
30/06/2019 11:00,105069.179,53%,,,,,,,,,,
30/06/2019 12:00,111288.743,56%,,,,,,,,,,
30/06/2019 13:00,117990.034,59%,,,,,,,,,,
30/06/2019 14:00,123760.418,62%,,,,,,,,,,
30/06/2019 15:00,125953.588,63%,,,,,,,,,,
30/06/2019 16:00,125897.043,63%,,,,,,,,,,
30/06/2019 17:00,120306.858,60%,,,,,,,,,,
30/06/2019 18:00,107673.873,54%,,,,,,,,,,
30/06/2019 19:00,101189.021,51%,,,,,,,,,,
30/06/2019 20:00,91295.938,46%,,,,,,,,,,
30/06/2019 21:00,84835.92,42%,,,,,,,,,,
30/06/2019 22:00,84456.228,42%,,,,,,,,,,
30/06/2019 23:00,80064.515,40%,,,,,,,,,,
01/07/2019 00:00,81178.092,41%,,,,,,,,,,
01/07/2019 01:00,88851.352,44%,,,,,,,,,,
01/07/2019 02:00,83259.51,42%,,,,,,,,,,
01/07/2019 03:00,77125.513,39%,,,,,,,,,,
01/07/2019 04:00,72318.081,36%,,,,,,,,,,
01/07/2019 05:00,64201.273,32%,,,,,,,,,,
01/07/2019 06:00,84677.775,42%,,,,,,,,,,
01/07/2019 07:00,82638.043,41%,,,,,,,,,,
01/07/2019 08:00,81454.339,41%,,,,,,,,,,
01/07/2019 09:00,81348.134,41%,,,,,,,,,,
01/07/2019 10:00,84924.722,42%,,,,,,,,,,
01/07/2019 11:00,89404.978,45%,,,,,,,,,,
01/07/2019 12:00,92041.857,46%,,,,,,,,,,
01/07/2019 13:00,93257.494,47%,,,,,,,,,,
01/07/2019 14:00,93439.907,47%,,,,,,,,,,
01/07/2019 15:00,93658.598,47%,,,,,,,,,,
01/07/2019 16:00,93850.696,47%,,,,,,,,,,
01/07/2019 17:00,89689.364,45%,,,,,,,,,,
01/07/2019 18:00,78483.431,39%,,,,,,,,,,
01/07/2019 19:00,62787.41,31%,,,,,,,,,,
01/07/2019 20:00,56617.331,28%,,,,,,,,,,
01/07/2019 21:00,59358.43,30%,,,,,,,,,,
01/07/2019 22:00,60776.268,30%,,,,,,,,,,
01/07/2019 23:00,61814.242,31%,,,,,,,,,,
02/07/2019 00:00,62553.837,31%,,,,,,,,,,
02/07/2019 01:00,63614.755,32%,,,,,,,,,,
02/07/2019 02:00,62176.776,31%,,,,,,,,,,
02/07/2019 03:00,57545.39,29%,,,,,,,,,,
02/07/2019 04:00,49054.61,25%,,,,,,,,,,
02/07/2019 05:00,30910.763,15%,,,,,,,,,,
02/07/2019 06:00,32766.644,16%,,,,,,,,,,
02/07/2019 07:00,31228.495,16%,,,,,,,,,,
02/07/2019 08:00,28796.112,14%,,,,,,,,,,
02/07/2019 09:00,27064.488,14%,,,,,,,,,,
02/07/2019 10:00,26195.215,13%,,,,,,,,,,
02/07/2019 11:00,26599.844,13%,,,,,,,,,,
02/07/2019 12:00,28414.809,14%,,,,,,,,,,
02/07/2019 13:00,30921.849,15%,,,,,,,,,,
02/07/2019 14:00,33708.768,17%,,,,,,,,,,
02/07/2019 15:00,37437.096,19%,,,,,,,,,,
02/07/2019 16:00,42574.106,21%,,,,,,,,,,
02/07/2019 17:00,48603.041,24%,,,,,,,,,,
02/07/2019 18:00,50950.982,25%,,,,,,,,,,
02/07/2019 19:00,56650.077,28%,,,,,,,,,,
02/07/2019 20:00,68005.399,34%,,,,,,,,,,
02/07/2019 21:00,72211.489,36%,,,,,,,,,,
02/07/2019 22:00,68698.02,34%,,,,,,,,,,
02/07/2019 23:00,65128.056,33%,,,,,,,,,,
03/07/2019 00:00,59593.232,30%,,,,,,,,,,
03/07/2019 01:00,55575.503,28%,,,,,,,,,,
03/07/2019 02:00,53927.054,27%,,,,,,,,,,
03/07/2019 03:00,53177.49,27%,,,,,,,,,,
03/07/2019 04:00,46745.939,23%,,,,,,,,,,
03/07/2019 05:00,25265.212,13%,,,,,,,,,,
03/07/2019 06:00,16665.674,8%,,,,,,,,,,
03/07/2019 07:00,18447.764,9%,,,,,,,,,,
03/07/2019 08:00,11535.951,6%,,,,,,,,,,
03/07/2019 09:00,7701.582,4%,,,,,,,,,,
03/07/2019 10:00,6332.346,3%,,,,,,,,,,
03/07/2019 11:00,5730.173,3%,,,,,,,,,,
03/07/2019 12:00,5629.602,3%,,,,,,,,,,
03/07/2019 13:00,6197.796,3%,,,,,,,,,,
03/07/2019 14:00,7321.931,4%,,,,,,,,,,
03/07/2019 15:00,8802.847,4%,,,,,,,,,,
03/07/2019 16:00,10578.021,5%,,,,,,,,,,
03/07/2019 17:00,13044.013,7%,,,,,,,,,,
03/07/2019 18:00,16620.682,8%,,,,,,,,,,
03/07/2019 19:00,22204.8,11%,,,,,,,,,,
03/07/2019 20:00,29063.742,15%,,,,,,,,,,
03/07/2019 21:00,32853.219,16%,,,,,,,,,,
03/07/2019 22:00,30478.715,15%,,,,,,,,,,
03/07/2019 23:00,23635.8,12%,,,,,,,,,,
04/07/2019 00:00,16416.139,8%,,,,,,,,,,
04/07/2019 01:00,9594.858,5%,,,,,,,,,,
04/07/2019 02:00,6920.207,3%,,,,,,,,,,
04/07/2019 03:00,6713.877,3%,,,,,,,,,,
04/07/2019 04:00,6498.101,3%,,,,,,,,,,
04/07/2019 05:00,4664.207,2%,,,,,,,,,,
04/07/2019 06:00,5558.663,3%,,,,,,,,,,
04/07/2019 07:00,8970.369,4%,,,,,,,,,,
04/07/2019 08:00,11560.126,6%,,,,,,,,,,
04/07/2019 09:00,13705.025,7%,,,,,,,,,,
04/07/2019 10:00,15614.677,8%,,,,,,,,,,
04/07/2019 11:00,18106.375,9%,,,,,,,,,,
04/07/2019 12:00,21341.075,11%,,,,,,,,,,
04/07/2019 13:00,23956.042,12%,,,,,,,,,,
04/07/2019 14:00,26299.673,13%,,,,,,,,,,
04/07/2019 15:00,29163.129,15%,,,,,,,,,,
04/07/2019 16:00,32872.775,16%,,,,,,,,,,
04/07/2019 17:00,34426.376,17%,,,,,,,,,,
04/07/2019 18:00,33756.442,17%,,,,,,,,,,
04/07/2019 19:00,33580.508,17%,,,,,,,,,,
04/07/2019 20:00,36438.196,18%,,,,,,,,,,
04/07/2019 21:00,42101.194,21%,,,,,,,,,,
04/07/2019 22:00,45457.466,23%,,,,,,,,,,
04/07/2019 23:00,43341.6,22%,,,,,,,,,,
05/07/2019 00:00,38432.789,19%,,,,,,,,,,
05/07/2019 01:00,35935.237,18%,,,,,,,,,,
05/07/2019 02:00,36112.823,18%,,,,,,,,,,
05/07/2019 03:00,37554.701,19%,,,,,,,,,,
05/07/2019 04:00,36795.849,18%,,,,,,,,,,
05/07/2019 05:00,22468.229,11%,,,,,,,,,,
05/07/2019 06:00,13392.891,7%,,,,,,,,,,
05/07/2019 07:00,12056.708,6%,,,,,,,,,,
05/07/2019 08:00,12481.067,6%,,,,,,,,,,
05/07/2019 09:00,14086.552,7%,,,,,,,,,,
05/07/2019 10:00,16526.845,8%,,,,,,,,,,
05/07/2019 11:00,18863.788,9%,,,,,,,,,,
05/07/2019 12:00,20281.073,10%,,,,,,,,,,
05/07/2019 13:00,21047.111,11%,,,,,,,,,,
05/07/2019 14:00,22347.235,11%,,,,,,,,,,
05/07/2019 15:00,24539.873,12%,,,,,,,,,,
05/07/2019 16:00,28151.761,14%,,,,,,,,,,
05/07/2019 17:00,32706.65,16%,,,,,,,,,,
05/07/2019 18:00,36063.564,18%,,,,,,,,,,
05/07/2019 19:00,44089.171,22%,,,,,,,,,,
05/07/2019 20:00,53143.827,27%,,,,,,,,,,
05/07/2019 21:00,53617.322,27%,,,,,,,,,,
05/07/2019 22:00,50504.087,25%,,,,,,,,,,
05/07/2019 23:00,46957.746,23%,,,,,,,,,,
06/07/2019 00:00,46586.776,23%,,,,,,,,,,
06/07/2019 01:00,50191.859,25%,,,,,,,,,,
06/07/2019 02:00,52748.819,26%,,,,,,,,,,
06/07/2019 03:00,51612.767,26%,,,,,,,,,,
06/07/2019 04:00,46063.353,23%,,,,,,,,,,
06/07/2019 05:00,28405.612,14%,,,,,,,,,,
06/07/2019 06:00,29069.295,15%,,,,,,,,,,
06/07/2019 07:00,29213.392,15%,,,,,,,,,,
06/07/2019 08:00,26601.207,13%,,,,,,,,,,
06/07/2019 09:00,27554.539,14%,,,,,,,,,,
06/07/2019 10:00,28062.261,14%,,,,,,,,,,
06/07/2019 11:00,28046.056,14%,,,,,,,,,,
06/07/2019 12:00,27034.072,14%,,,,,,,,,,
06/07/2019 13:00,27217.501,14%,,,,,,,,,,
06/07/2019 14:00,28420.962,14%,,,,,,,,,,
06/07/2019 15:00,29193.523,15%,,,,,,,,,,
06/07/2019 16:00,29661.522,15%,,,,,,,,,,
06/07/2019 17:00,31079.12,16%,,,,,,,,,,
06/07/2019 18:00,31230.439,16%,,,,,,,,,,
06/07/2019 19:00,33907.406,17%,,,,,,,,,,
06/07/2019 20:00,43497.116,22%,,,,,,,,,,
06/07/2019 21:00,47149.858,24%,,,,,,,,,,
06/07/2019 22:00,44593.3,22%,,,,,,,,,,
06/07/2019 23:00,39752.232,20%,,,,,,,,,,
07/07/2019 00:00,35445.793,18%,,,,,,,,,,
07/07/2019 01:00,32154.386,16%,,,,,,,,,,
07/07/2019 02:00,30827.086,15%,,,,,,,,,,
07/07/2019 03:00,28364.503,14%,,,,,,,,,,
07/07/2019 04:00,22470.217,11%,,,,,,,,,,
07/07/2019 05:00,11998.775,6%,,,,,,,,,,
07/07/2019 06:00,8152.52,4%,,,,,,,,,,
07/07/2019 07:00,5113.93,3%,,,,,,,,,,
07/07/2019 08:00,3135.276,2%,,,,,,,,,,
07/07/2019 09:00,1912.192,1%,,,,,,,,,,
07/07/2019 10:00,1093.858,1%,,,,,,,,,,
07/07/2019 11:00,712.405,0%,,,,,,,,,,
07/07/2019 12:00,1065.828,1%,,,,,,,,,,
07/07/2019 13:00,2046.247,1%,,,,,,,,,,
07/07/2019 14:00,2648.011,1%,,,,,,,,,,
07/07/2019 15:00,3304.12,2%,,,,,,,,,,
07/07/2019 16:00,4467.636,2%,,,,,,,,,,
07/07/2019 17:00,6364.946,3%,,,,,,,,,,
07/07/2019 18:00,9940.169,5%,,,,,,,,,,
07/07/2019 19:00,17175.105,9%,,,,,,,,,,
07/07/2019 20:00,26518.095,13%,,,,,,,,,,
07/07/2019 21:00,33773.196,17%,,,,,,,,,,
07/07/2019 22:00,39767.876,20%,,,,,,,,,,
07/07/2019 23:00,42064.651,21%,,,,,,,,,,
08/07/2019 00:00,45050.812,23%,,,,,,,,,,
08/07/2019 01:00,46962.2,23%,,,,,,,,,,
08/07/2019 02:00,48151.785,24%,,,,,,,,,,
08/07/2019 03:00,47035.088,24%,,,,,,,,,,
08/07/2019 04:00,38826.5,19%,,,,,,,,,,
08/07/2019 05:00,25081.729,13%,,,,,,,,,,
08/07/2019 06:00,20465.427,10%,,,,,,,,,,
08/07/2019 07:00,17702.634,9%,,,,,,,,,,
08/07/2019 08:00,15290.545,8%,,,,,,,,,,
08/07/2019 09:00,13130.553,7%,,,,,,,,,,
08/07/2019 10:00,10080.22,5%,,,,,,,,,,
08/07/2019 11:00,6794.106,3%,,,,,,,,,,
08/07/2019 12:00,3952.092,2%,,,,,,,,,,
08/07/2019 13:00,2214.051,1%,,,,,,,,,,
08/07/2019 14:00,1297.822,1%,,,,,,,,,,
08/07/2019 15:00,838.131,0%,,,,,,,,,,
08/07/2019 16:00,536.735,0%,,,,,,,,,,
08/07/2019 17:00,966.023,0%,,,,,,,,,,
08/07/2019 18:00,3344.763,2%,,,,,,,,,,
08/07/2019 19:00,11299.123,6%,,,,,,,,,,
08/07/2019 20:00,25243.559,13%,,,,,,,,,,
08/07/2019 21:00,32194.573,16%,,,,,,,,,,
08/07/2019 22:00,31865.373,16%,,,,,,,,,,
08/07/2019 23:00,29384.214,15%,,,,,,,,,,
09/07/2019 00:00,23797.158,12%,,,,,,,,,,
09/07/2019 01:00,15571.022,8%,,,,,,,,,,
09/07/2019 02:00,10229.265,5%,,,,,,,,,,
09/07/2019 03:00,7839.85,4%,,,,,,,,,,
09/07/2019 04:00,6240.547,3%,,,,,,,,,,
09/07/2019 05:00,4450.068,2%,,,,,,,,,,
09/07/2019 06:00,6140.918,3%,,,,,,,,,,
09/07/2019 07:00,9330.987,5%,,,,,,,,,,
09/07/2019 08:00,10448.183,5%,,,,,,,,,,
09/07/2019 09:00,10634.103,5%,,,,,,,,,,
09/07/2019 10:00,11640.293,6%,,,,,,,,,,
09/07/2019 11:00,13726.207,7%,,,,,,,,,,
09/07/2019 12:00,15286.054,8%,,,,,,,,,,
09/07/2019 13:00,15405.41,8%,,,,,,,,,,
09/07/2019 14:00,13979.048,7%,,,,,,,,,,
09/07/2019 15:00,11560.489,6%,,,,,,,,,,
09/07/2019 16:00,9677.205,5%,,,,,,,,,,
09/07/2019 17:00,8566.048,4%,,,,,,,,,,
09/07/2019 18:00,7482.986,4%,,,,,,,,,,
09/07/2019 19:00,5656.293,3%,,,,,,,,,,
09/07/2019 20:00,3054.285,2%,,,,,,,,,,
09/07/2019 21:00,967.629,0%,,,,,,,,,,
09/07/2019 22:00,1314.354,1%,,,,,,,,,,
09/07/2019 23:00,4269.871,2%,,,,,,,,,,
10/07/2019 00:00,9187.37,5%,,,,,,,,,,
10/07/2019 01:00,13803.068,7%,,,,,,,,,,
10/07/2019 02:00,17271.344,9%,,,,,,,,,,
10/07/2019 03:00,20016.694,10%,,,,,,,,,,
10/07/2019 04:00,22619.965,11%,,,,,,,,,,
10/07/2019 05:00,18546.944,9%,,,,,,,,,,
10/07/2019 06:00,13706.348,7%,,,,,,,,,,
10/07/2019 07:00,18180.767,9%,,,,,,,,,,
10/07/2019 08:00,24221.634,12%,,,,,,,,,,
10/07/2019 09:00,32061.16,16%,,,,,,,,,,
10/07/2019 10:00,38902.196,19%,,,,,,,,,,
10/07/2019 11:00,45039.674,23%,,,,,,,,,,
10/07/2019 12:00,53933.478,27%,,,,,,,,,,
10/07/2019 13:00,67559.902,34%,,,,,,,,,,
10/07/2019 14:00,74837.755,37%,,,,,,,,,,
10/07/2019 15:00,62248.655,31%,,,,,,,,,,
10/07/2019 16:00,49735.787,25%,,,,,,,,,,
10/07/2019 17:00,44987.986,22%,,,,,,,,,,
10/07/2019 18:00,38344.567,19%,,,,,,,,,,
10/07/2019 19:00,38446.518,19%,,,,,,,,,,
10/07/2019 20:00,36361.035,18%,,,,,,,,,,
10/07/2019 21:00,36816.929,18%,,,,,,,,,,
10/07/2019 22:00,37243.601,19%,,,,,,,,,,
10/07/2019 23:00,34254.31,17%,,,,,,,,,,
11/07/2019 00:00,33479.956,17%,,,,,,,,,,
11/07/2019 01:00,34825.9,17%,,,,,,,,,,
11/07/2019 02:00,38279.092,19%,,,,,,,,,,
11/07/2019 03:00,41105.582,21%,,,,,,,,,,
11/07/2019 04:00,41592.191,21%,,,,,,,,,,
11/07/2019 05:00,29007.031,15%,,,,,,,,,,
11/07/2019 06:00,29610.219,15%,,,,,,,,,,
11/07/2019 07:00,33804.267,17%,,,,,,,,,,
11/07/2019 08:00,36902.224,18%,,,,,,,,,,
11/07/2019 09:00,39602.53,20%,,,,,,,,,,
11/07/2019 10:00,40854.074,20%,,,,,,,,,,
11/07/2019 11:00,43371.782,22%,,,,,,,,,,
11/07/2019 12:00,47010.792,24%,,,,,,,,,,
11/07/2019 13:00,50465.196,25%,,,,,,,,,,
11/07/2019 14:00,50867.038,25%,,,,,,,,,,
11/07/2019 15:00,54006.314,27%,,,,,,,,,,
11/07/2019 16:00,57804.824,29%,,,,,,,,,,
11/07/2019 17:00,53612.451,27%,,,,,,,,,,
11/07/2019 18:00,41856.196,21%,,,,,,,,,,
11/07/2019 19:00,37570.197,19%,,,,,,,,,,
11/07/2019 20:00,40484.292,20%,,,,,,,,,,
11/07/2019 21:00,41881.99,21%,,,,,,,,,,
11/07/2019 22:00,42050.789,21%,,,,,,,,,,
11/07/2019 23:00,41591.143,21%,,,,,,,,,,
12/07/2019 00:00,43634.245,22%,,,,,,,,,,
12/07/2019 01:00,46064.228,23%,,,,,,,,,,
12/07/2019 02:00,46832.185,23%,,,,,,,,,,
12/07/2019 03:00,49732.681,25%,,,,,,,,,,
12/07/2019 04:00,53269.978,27%,,,,,,,,,,
12/07/2019 05:00,40055.696,20%,,,,,,,,,,
12/07/2019 06:00,46665.91,23%,,,,,,,,,,
12/07/2019 07:00,62685.812,31%,,,,,,,,,,
12/07/2019 08:00,72324.206,36%,,,,,,,,,,
12/07/2019 09:00,85758.353,43%,,,,,,,,,,
12/07/2019 10:00,96348.937,48%,,,,,,,,,,
12/07/2019 11:00,100897.814,50%,,,,,,,,,,
12/07/2019 12:00,99012.376,50%,,,,,,,,,,
12/07/2019 13:00,98218.018,49%,,,,,,,,,,
12/07/2019 14:00,96506.113,48%,,,,,,,,,,
12/07/2019 15:00,95189.111,48%,,,,,,,,,,
12/07/2019 16:00,90806.516,45%,,,,,,,,,,
12/07/2019 17:00,86378.151,43%,,,,,,,,,,
12/07/2019 18:00,78888.21,39%,,,,,,,,,,
12/07/2019 19:00,72854.735,36%,,,,,,,,,,
12/07/2019 20:00,72077.912,36%,,,,,,,,,,
12/07/2019 21:00,69176.979,35%,,,,,,,,,,
12/07/2019 22:00,66834.52,33%,,,,,,,,,,
12/07/2019 23:00,66609.244,33%,,,,,,,,,,
13/07/2019 00:00,66316.667,33%,,,,,,,,,,
13/07/2019 01:00,64528.606,32%,,,,,,,,,,
13/07/2019 02:00,65038.486,33%,,,,,,,,,,
13/07/2019 03:00,66165.533,33%,,,,,,,,,,
13/07/2019 04:00,60000.743,30%,,,,,,,,,,
13/07/2019 05:00,40909.004,20%,,,,,,,,,,
13/07/2019 06:00,50188.216,25%,,,,,,,,,,
13/07/2019 07:00,46145.551,23%,,,,,,,,,,
13/07/2019 08:00,36555.565,18%,,,,,,,,,,
13/07/2019 09:00,29421.447,15%,,,,,,,,,,
13/07/2019 10:00,22803.194,11%,,,,,,,,,,
13/07/2019 11:00,18752.558,9%,,,,,,,,,,
13/07/2019 12:00,16813.276,8%,,,,,,,,,,
13/07/2019 13:00,17065.916,9%,,,,,,,,,,
13/07/2019 14:00,18716.519,9%,,,,,,,,,,
13/07/2019 15:00,21537.554,11%,,,,,,,,,,
13/07/2019 16:00,26729.883,13%,,,,,,,,,,
13/07/2019 17:00,34142.15,17%,,,,,,,,,,
13/07/2019 18:00,39216.282,20%,,,,,,,,,,
13/07/2019 19:00,46583.564,23%,,,,,,,,,,
13/07/2019 20:00,54836.659,27%,,,,,,,,,,
13/07/2019 21:00,54637.822,27%,,,,,,,,,,
13/07/2019 22:00,49740.105,25%,,,,,,,,,,
13/07/2019 23:00,43375.867,22%,,,,,,,,,,
14/07/2019 00:00,35530.488,18%,,,,,,,,,,
14/07/2019 01:00,29777.106,15%,,,,,,,,,,
14/07/2019 02:00,27271.622,14%,,,,,,,,,,
14/07/2019 03:00,25272.841,13%,,,,,,,,,,
14/07/2019 04:00,22559.975,11%,,,,,,,,,,
14/07/2019 05:00,14078.823,7%,,,,,,,,,,
14/07/2019 06:00,9006.532,5%,,,,,,,,,,
14/07/2019 07:00,6217.593,3%,,,,,,,,,,
14/07/2019 08:00,5323.922,3%,,,,,,,,,,
14/07/2019 09:00,5700.972,3%,,,,,,,,,,
14/07/2019 10:00,6689.93,3%,,,,,,,,,,
14/07/2019 11:00,8095.976,4%,,,,,,,,,,
14/07/2019 12:00,9426.904,5%,,,,,,,,,,
14/07/2019 13:00,10875.056,5%,,,,,,,,,,
14/07/2019 14:00,12025.107,6%,,,,,,,,,,
14/07/2019 15:00,13888.337,7%,,,,,,,,,,
14/07/2019 16:00,15105.677,8%,,,,,,,,,,
14/07/2019 17:00,16499.011,8%,,,,,,,,,,
14/07/2019 18:00,21534.171,11%,,,,,,,,,,
14/07/2019 19:00,33488.318,17%,,,,,,,,,,
14/07/2019 20:00,51235.835,26%,,,,,,,,,,
14/07/2019 21:00,56584.91,28%,,,,,,,,,,
14/07/2019 22:00,50454.725,25%,,,,,,,,,,
14/07/2019 23:00,40755.015,20%,,,,,,,,,,
15/07/2019 00:00,30116.395,15%,,,,,,,,,,
15/07/2019 01:00,18961.776,9%,,,,,,,,,,
15/07/2019 02:00,9921.974,5%,,,,,,,,,,
15/07/2019 03:00,5090.224,3%,,,,,,,,,,
15/07/2019 04:00,3258.56,2%,,,,,,,,,,
15/07/2019 05:00,1895.986,1%,,,,,,,,,,
15/07/2019 06:00,1544.118,1%,,,,,,,,,,
15/07/2019 07:00,2082.49,1%,,,,,,,,,,
15/07/2019 08:00,2332.961,1%,,,,,,,,,,
15/07/2019 09:00,2162.879,1%,,,,,,,,,,
15/07/2019 10:00,1581.992,1%,,,,,,,,,,
15/07/2019 11:00,1153.566,1%,,,,,,,,,,
15/07/2019 12:00,925.569,0%,,,,,,,,,,
15/07/2019 13:00,797.152,0%,,,,,,,,,,
15/07/2019 14:00,719.364,0%,,,,,,,,,,
15/07/2019 15:00,751.731,0%,,,,,,,,,,
15/07/2019 16:00,856.56,0%,,,,,,,,,,
15/07/2019 17:00,904.58,0%,,,,,,,,,,
15/07/2019 18:00,806.374,0%,,,,,,,,,,
15/07/2019 19:00,1203.182,1%,,,,,,,,,,
15/07/2019 20:00,4032.284,2%,,,,,,,,,,
15/07/2019 21:00,9503.031,5%,,,,,,,,,,
15/07/2019 22:00,15489.026,8%,,,,,,,,,,
15/07/2019 23:00,20249.012,10%,,,,,,,,,,
16/07/2019 00:00,22100.267,11%,,,,,,,,,,
16/07/2019 01:00,21096.582,11%,,,,,,,,,,
16/07/2019 02:00,19920.929,10%,,,,,,,,,,
16/07/2019 03:00,18073.531,9%,,,,,,,,,,
16/07/2019 04:00,15287.302,8%,,,,,,,,,,
16/07/2019 05:00,10230.464,5%,,,,,,,,,,
16/07/2019 06:00,4277.933,2%,,,,,,,,,,
16/07/2019 07:00,3084.035,2%,,,,,,,,,,
16/07/2019 08:00,1328.774,1%,,,,,,,,,,
16/07/2019 09:00,975.001,0%,,,,,,,,,,
16/07/2019 10:00,1160.292,1%,,,,,,,,,,
16/07/2019 11:00,1403.995,1%,,,,,,,,,,
16/07/2019 12:00,1640.689,1%,,,,,,,,,,
16/07/2019 13:00,1907.792,1%,,,,,,,,,,
16/07/2019 14:00,2247.861,1%,,,,,,,,,,
16/07/2019 15:00,2905.411,1%,,,,,,,,,,
16/07/2019 16:00,4329.06,2%,,,,,,,,,,
16/07/2019 17:00,6776.852,3%,,,,,,,,,,
16/07/2019 18:00,9336.352,5%,,,,,,,,,,
16/07/2019 19:00,14523.881,7%,,,,,,,,,,
16/07/2019 20:00,19957.192,10%,,,,,,,,,,
16/07/2019 21:00,22860.138,11%,,,,,,,,,,
16/07/2019 22:00,22465.679,11%,,,,,,,,,,
16/07/2019 23:00,18507.116,9%,,,,,,,,,,
17/07/2019 00:00,12588.428,6%,,,,,,,,,,
17/07/2019 01:00,7313.714,4%,,,,,,,,,,
17/07/2019 02:00,3557.873,2%,,,,,,,,,,
17/07/2019 03:00,1658.732,1%,,,,,,,,,,
17/07/2019 04:00,682.114,0%,,,,,,,,,,
17/07/2019 05:00,964.328,0%,,,,,,,,,,
17/07/2019 06:00,2204.409,1%,,,,,,,,,,
17/07/2019 07:00,7176.443,4%,,,,,,,,,,
17/07/2019 08:00,16280.723,8%,,,,,,,,,,
17/07/2019 09:00,27839.895,14%,,,,,,,,,,
17/07/2019 10:00,40566.68,20%,,,,,,,,,,
17/07/2019 11:00,49700.373,25%,,,,,,,,,,
17/07/2019 12:00,51809.225,26%,,,,,,,,,,
17/07/2019 13:00,46983.145,23%,,,,,,,,,,
17/07/2019 14:00,39580.98,20%,,,,,,,,,,
17/07/2019 15:00,38736.472,19%,,,,,,,,,,
17/07/2019 16:00,43437.508,22%,,,,,,,,,,
17/07/2019 17:00,46109.042,23%,,,,,,,,,,
17/07/2019 18:00,46138.726,23%,,,,,,,,,,
17/07/2019 19:00,46711.704,23%,,,,,,,,,,
17/07/2019 20:00,61760.371,31%,,,,,,,,,,
17/07/2019 21:00,70708.316,35%,,,,,,,,,,
17/07/2019 22:00,71004.437,36%,,,,,,,,,,
17/07/2019 23:00,75790.044,38%,,,,,,,,,,
18/07/2019 00:00,68337.882,34%,,,,,,,,,,
18/07/2019 01:00,62243.8,31%,,,,,,,,,,
18/07/2019 02:00,68958.042,34%,,,,,,,,,,
18/07/2019 03:00,61242.947,31%,,,,,,,,,,
18/07/2019 04:00,51630.389,26%,,,,,,,,,,
18/07/2019 05:00,41453.68,21%,,,,,,,,,,
18/07/2019 06:00,35373.839,18%,,,,,,,,,,
18/07/2019 07:00,43372.916,22%,,,,,,,,,,
18/07/2019 08:00,44000.583,22%,,,,,,,,,,
18/07/2019 09:00,43684.212,22%,,,,,,,,,,
18/07/2019 10:00,43049.104,22%,,,,,,,,,,
18/07/2019 11:00,46138.225,23%,,,,,,,,,,
18/07/2019 12:00,51810.788,26%,,,,,,,,,,
18/07/2019 13:00,58605.112,29%,,,,,,,,,,
18/07/2019 14:00,63385.884,32%,,,,,,,,,,
18/07/2019 15:00,67198.203,34%,,,,,,,,,,
18/07/2019 16:00,66719.602,33%,,,,,,,,,,
18/07/2019 17:00,58274.143,29%,,,,,,,,,,
18/07/2019 18:00,48600.554,24%,,,,,,,,,,
18/07/2019 19:00,49046.263,25%,,,,,,,,,,
18/07/2019 20:00,57774.07,29%,,,,,,,,,,
18/07/2019 21:00,62847.838,31%,,,,,,,,,,
18/07/2019 22:00,60987.542,30%,,,,,,,,,,
18/07/2019 23:00,56560.821,28%,,,,,,,,,,
19/07/2019 00:00,54397.029,27%,,,,,,,,,,
19/07/2019 01:00,53394.647,27%,,,,,,,,,,
19/07/2019 02:00,52859.635,26%,,,,,,,,,,
19/07/2019 03:00,51993.556,26%,,,,,,,,,,
19/07/2019 04:00,51156.441,26%,,,,,,,,,,
19/07/2019 05:00,41684.354,21%,,,,,,,,,,
19/07/2019 06:00,38092.385,19%,,,,,,,,,,
19/07/2019 07:00,60100.4,30%,,,,,,,,,,
19/07/2019 08:00,94067.849,47%,,,,,,,,,,
19/07/2019 09:00,121147.993,61%,,,,,,,,,,
19/07/2019 10:00,130958.006,65%,,,,,,,,,,
19/07/2019 11:00,130818.517,65%,,,,,,,,,,
19/07/2019 12:00,130132.227,65%,,,,,,,,,,
19/07/2019 13:00,130774.118,65%,,,,,,,,,,
19/07/2019 14:00,132686.764,66%,,,,,,,,,,
19/07/2019 15:00,129484.922,65%,,,,,,,,,,
19/07/2019 16:00,123210.475,62%,,,,,,,,,,
19/07/2019 17:00,107514.794,54%,,,,,,,,,,
19/07/2019 18:00,96878.509,48%,,,,,,,,,,
19/07/2019 19:00,93709.966,47%,,,,,,,,,,
19/07/2019 20:00,82550.36,41%,,,,,,,,,,
19/07/2019 21:00,78529.293,39%,,,,,,,,,,
19/07/2019 22:00,73753.596,37%,,,,,,,,,,
19/07/2019 23:00,72851.089,36%,,,,,,,,,,
20/07/2019 00:00,69620.171,35%,,,,,,,,,,
20/07/2019 01:00,62601.409,31%,,,,,,,,,,
20/07/2019 02:00,58409.865,29%,,,,,,,,,,
20/07/2019 03:00,62755.972,31%,,,,,,,,,,
20/07/2019 04:00,72268.771,36%,,,,,,,,,,
20/07/2019 05:00,76484.054,38%,,,,,,,,,,
20/07/2019 06:00,91017.613,46%,,,,,,,,,,
20/07/2019 07:00,108586.468,54%,,,,,,,,,,
20/07/2019 08:00,124183.88,62%,,,,,,,,,,
20/07/2019 09:00,131487.759,66%,,,,,,,,,,
20/07/2019 10:00,131714.133,66%,,,,,,,,,,
20/07/2019 11:00,128177.339,64%,,,,,,,,,,
20/07/2019 12:00,121022.824,61%,,,,,,,,,,
20/07/2019 13:00,116597.12,58%,,,,,,,,,,
20/07/2019 14:00,116758.088,58%,,,,,,,,,,
20/07/2019 15:00,111882.634,56%,,,,,,,,,,
20/07/2019 16:00,98217.757,49%,,,,,,,,,,
20/07/2019 17:00,86112.905,43%,,,,,,,,,,
20/07/2019 18:00,70481.587,35%,,,,,,,,,,
20/07/2019 19:00,59993.062,30%,,,,,,,,,,
20/07/2019 20:00,58141.966,29%,,,,,,,,,,
20/07/2019 21:00,59991.39,30%,,,,,,,,,,
20/07/2019 22:00,62331.133,31%,,,,,,,,,,
20/07/2019 23:00,66311.809,33%,,,,,,,,,,
21/07/2019 00:00,66318.48,33%,,,,,,,,,,
21/07/2019 01:00,63015.672,32%,,,,,,,,,,
21/07/2019 02:00,55280.006,28%,,,,,,,,,,
21/07/2019 03:00,54762.574,27%,,,,,,,,,,
21/07/2019 04:00,55159.97,28%,,,,,,,,,,
21/07/2019 05:00,39837.114,20%,,,,,,,,,,
21/07/2019 06:00,29836.356,15%,,,,,,,,,,
21/07/2019 07:00,38084.989,19%,,,,,,,,,,
21/07/2019 08:00,49598.347,25%,,,,,,,,,,
21/07/2019 09:00,61215.616,31%,,,,,,,,,,
21/07/2019 10:00,68996.738,34%,,,,,,,,,,
21/07/2019 11:00,77124.296,39%,,,,,,,,,,
21/07/2019 12:00,83422.519,42%,,,,,,,,,,
21/07/2019 13:00,90263.648,45%,,,,,,,,,,
21/07/2019 14:00,90879.438,45%,,,,,,,,,,
21/07/2019 15:00,93563.489,47%,,,,,,,,,,
21/07/2019 16:00,88852.996,44%,,,,,,,,,,
21/07/2019 17:00,80910.928,40%,,,,,,,,,,
21/07/2019 18:00,78542.429,39%,,,,,,,,,,
21/07/2019 19:00,85310.061,43%,,,,,,,,,,
21/07/2019 20:00,95190.917,48%,,,,,,,,,,
21/07/2019 21:00,100903.201,50%,,,,,,,,,,
21/07/2019 22:00,106972.974,53%,,,,,,,,,,
21/07/2019 23:00,110483.438,55%,,,,,,,,,,
22/07/2019 00:00,110482.875,55%,,,,,,,,,,
22/07/2019 01:00,111346.698,56%,,,,,,,,,,
22/07/2019 02:00,113157.981,57%,,,,,,,,,,
22/07/2019 03:00,112060.403,56%,,,,,,,,,,
22/07/2019 04:00,109893.566,55%,,,,,,,,,,
22/07/2019 05:00,102512.523,51%,,,,,,,,,,
22/07/2019 06:00,97965.178,49%,,,,,,,,,,
22/07/2019 07:00,124491.126,62%,,,,,,,,,,
22/07/2019 08:00,128750.123,64%,,,,,,,,,,
22/07/2019 09:00,123063.422,62%,,,,,,,,,,
22/07/2019 10:00,114661.532,57%,,,,,,,,,,
22/07/2019 11:00,108252.056,54%,,,,,,,,,,
22/07/2019 12:00,105470.972,53%,,,,,,,,,,
22/07/2019 13:00,104954.312,52%,,,,,,,,,,
22/07/2019 14:00,103096.515,52%,,,,,,,,,,
22/07/2019 15:00,98822.481,49%,,,,,,,,,,
22/07/2019 16:00,90778.912,45%,,,,,,,,,,
22/07/2019 17:00,78206.16,39%,,,,,,,,,,
22/07/2019 18:00,62273.702,31%,,,,,,,,,,
22/07/2019 19:00,53036.002,27%,,,,,,,,,,
22/07/2019 20:00,51252.503,26%,,,,,,,,,,
22/07/2019 21:00,48985.522,24%,,,,,,,,,,
22/07/2019 22:00,43218.887,22%,,,,,,,,,,
22/07/2019 23:00,35356.545,18%,,,,,,,,,,
23/07/2019 00:00,26988.157,13%,,,,,,,,,,
23/07/2019 01:00,19675.767,10%,,,,,,,,,,
23/07/2019 02:00,13915.822,7%,,,,,,,,,,
23/07/2019 03:00,10561.373,5%,,,,,,,,,,
23/07/2019 04:00,10026.259,5%,,,,,,,,,,
23/07/2019 05:00,10843.069,5%,,,,,,,,,,
23/07/2019 06:00,13156.945,7%,,,,,,,,,,
23/07/2019 07:00,22753.97,11%,,,,,,,,,,
23/07/2019 08:00,28795.874,14%,,,,,,,,,,
23/07/2019 09:00,29970.256,15%,,,,,,,,,,
23/07/2019 10:00,31563.456,16%,,,,,,,,,,
23/07/2019 11:00,33964.009,17%,,,,,,,,,,
23/07/2019 12:00,36665.419,18%,,,,,,,,,,
23/07/2019 13:00,41620.788,21%,,,,,,,,,,
23/07/2019 14:00,50654.546,25%,,,,,,,,,,
23/07/2019 15:00,59300.624,30%,,,,,,,,,,
23/07/2019 16:00,66249.26,33%,,,,,,,,,,
23/07/2019 17:00,75995.664,38%,,,,,,,,,,
23/07/2019 18:00,95847.632,48%,,,,,,,,,,
23/07/2019 19:00,110734.188,55%,,,,,,,,,,
23/07/2019 20:00,110483.421,55%,,,,,,,,,,
23/07/2019 21:00,94892.274,47%,,,,,,,,,,
23/07/2019 22:00,76374.774,38%,,,,,,,,,,
23/07/2019 23:00,67121.833,34%,,,,,,,,,,
24/07/2019 00:00,72854.705,36%,,,,,,,,,,
24/07/2019 01:00,40708.786,20%,,,,,,,,,,
24/07/2019 02:00,1954.862,1%,,,,,,,,,,
24/07/2019 03:00,8087.843,4%,,,,,,,,,,
24/07/2019 04:00,9311.139,5%,,,,,,,,,,
24/07/2019 05:00,7038.461,4%,,,,,,,,,,
24/07/2019 06:00,8103.255,4%,,,,,,,,,,
24/07/2019 07:00,17391.578,9%,,,,,,,,,,
24/07/2019 08:00,20141.358,10%,,,,,,,,,,
24/07/2019 09:00,26969.621,13%,,,,,,,,,,
24/07/2019 10:00,34587.474,17%,,,,,,,,,,
24/07/2019 11:00,38689.341,19%,,,,,,,,,,
24/07/2019 12:00,41453.91,21%,,,,,,,,,,
24/07/2019 13:00,46586.902,23%,,,,,,,,,,
24/07/2019 14:00,52286.541,26%,,,,,,,,,,
24/07/2019 15:00,51813.657,26%,,,,,,,,,,
24/07/2019 16:00,47135.282,24%,,,,,,,,,,
24/07/2019 17:00,40272.003,20%,,,,,,,,,,
24/07/2019 18:00,25416.203,13%,,,,,,,,,,
24/07/2019 19:00,15390.11,8%,,,,,,,,,,
24/07/2019 20:00,9775.615,5%,,,,,,,,,,
24/07/2019 21:00,11516.013,6%,,,,,,,,,,
24/07/2019 22:00,17424.688,9%,,,,,,,,,,
24/07/2019 23:00,25336.805,13%,,,,,,,,,,
25/07/2019 00:00,34895.536,17%,,,,,,,,,,
25/07/2019 01:00,47559.765,24%,,,,,,,,,,
25/07/2019 02:00,63689.108,32%,,,,,,,,,,
25/07/2019 03:00,75783.474,38%,,,,,,,,,,
25/07/2019 04:00,81248.962,41%,,,,,,,,,,
25/07/2019 05:00,68125.69,34%,,,,,,,,,,
25/07/2019 06:00,44837.512,22%,,,,,,,,,,
25/07/2019 07:00,34203.318,17%,,,,,,,,,,
25/07/2019 08:00,59114.216,30%,,,,,,,,,,
25/07/2019 09:00,63000.858,32%,,,,,,,,,,
25/07/2019 10:00,59064.293,30%,,,,,,,,,,
25/07/2019 11:00,61996.457,31%,,,,,,,,,,
25/07/2019 12:00,61829.562,31%,,,,,,,,,,
25/07/2019 13:00,60898.605,30%,,,,,,,,,,
25/07/2019 14:00,70999.24,35%,,,,,,,,,,
25/07/2019 15:00,82546.266,41%,,,,,,,,,,
25/07/2019 16:00,73430.554,37%,,,,,,,,,,
25/07/2019 17:00,66317.29,33%,,,,,,,,,,
25/07/2019 18:00,64279.495,32%,,,,,,,,,,
25/07/2019 19:00,65747.55,33%,,,,,,,,,,
25/07/2019 20:00,64010.427,32%,,,,,,,,,,
25/07/2019 21:00,58270.44,29%,,,,,,,,,,
25/07/2019 22:00,53085.773,27%,,,,,,,,,,
25/07/2019 23:00,49734.339,25%,,,,,,,,,,
26/07/2019 00:00,45937.886,23%,,,,,,,,,,
26/07/2019 01:00,41930.197,21%,,,,,,,,,,
26/07/2019 02:00,40316.121,20%,,,,,,,,,,
26/07/2019 03:00,46588.517,23%,,,,,,,,,,
26/07/2019 04:00,54881.586,27%,,,,,,,,,,
26/07/2019 05:00,46584.696,23%,,,,,,,,,,
26/07/2019 06:00,40220.245,20%,,,,,,,,,,
26/07/2019 07:00,42527.662,21%,,,,,,,,,,
26/07/2019 08:00,46743.853,23%,,,,,,,,,,
26/07/2019 09:00,53933.902,27%,,,,,,,,,,
26/07/2019 10:00,52283.445,26%,,,,,,,,,,
26/07/2019 11:00,39103.234,20%,,,,,,,,,,
26/07/2019 12:00,24307.929,12%,,,,,,,,,,
26/07/2019 13:00,17312.986,9%,,,,,,,,,,
26/07/2019 14:00,15695.566,8%,,,,,,,,,,
26/07/2019 15:00,17983.294,9%,,,,,,,,,,
26/07/2019 16:00,20578.76,10%,,,,,,,,,,
26/07/2019 17:00,20502.712,10%,,,,,,,,,,
26/07/2019 18:00,16741.883,8%,,,,,,,,,,
26/07/2019 19:00,17113.126,9%,,,,,,,,,,
26/07/2019 20:00,23020.12,12%,,,,,,,,,,
26/07/2019 21:00,28296.694,14%,,,,,,,,,,
26/07/2019 22:00,32468.276,16%,,,,,,,,,,
26/07/2019 23:00,35774.732,18%,,,,,,,,,,
27/07/2019 00:00,39672.026,20%,,,,,,,,,,
27/07/2019 01:00,40169.082,20%,,,,,,,,,,
27/07/2019 02:00,35262.392,18%,,,,,,,,,,
27/07/2019 03:00,28799.273,14%,,,,,,,,,,
27/07/2019 04:00,28415.472,14%,,,,,,,,,,
27/07/2019 05:00,28595.246,14%,,,,,,,,,,
27/07/2019 06:00,23972.954,12%,,,,,,,,,,
27/07/2019 07:00,20871.821,10%,,,,,,,,,,
27/07/2019 08:00,21000.338,11%,,,,,,,,,,
27/07/2019 09:00,22568.263,11%,,,,,,,,,,
27/07/2019 10:00,27853.206,14%,,,,,,,,,,
27/07/2019 11:00,34948.699,17%,,,,,,,,,,
27/07/2019 12:00,41247.95,21%,,,,,,,,,,
27/07/2019 13:00,48331.051,24%,,,,,,,,,,
27/07/2019 14:00,55604.983,28%,,,,,,,,,,
27/07/2019 15:00,64013.69,32%,,,,,,,,,,
27/07/2019 16:00,65810.189,33%,,,,,,,,,,
27/07/2019 17:00,57628.91,29%,,,,,,,,,,
27/07/2019 18:00,48497.257,24%,,,,,,,,,,
27/07/2019 19:00,47514.658,24%,,,,,,,,,,
27/07/2019 20:00,52277.66,26%,,,,,,,,,,
27/07/2019 21:00,61440.03,31%,,,,,,,,,,
27/07/2019 22:00,70619.11,35%,,,,,,,,,,
27/07/2019 23:00,77573.435,39%,,,,,,,,,,
28/07/2019 00:00,82543.932,41%,,,,,,,,,,
28/07/2019 01:00,86375.31,43%,,,,,,,,,,
28/07/2019 02:00,88849.492,44%,,,,,,,,,,
28/07/2019 03:00,91329.506,46%,,,,,,,,,,
28/07/2019 04:00,98220.879,49%,,,,,,,,,,
28/07/2019 05:00,103490.376,52%,,,,,,,,,,
28/07/2019 06:00,109945.074,55%,,,,,,,,,,
28/07/2019 07:00,124010.798,62%,,,,,,,,,,
28/07/2019 08:00,127090.605,64%,,,,,,,,,,
28/07/2019 09:00,124487.254,62%,,,,,,,,,,
28/07/2019 10:00,119899.016,60%,,,,,,,,,,
28/07/2019 11:00,111557.933,56%,,,,,,,,,,
28/07/2019 12:00,103705.698,52%,,,,,,,,,,
28/07/2019 13:00,101490.021,51%,,,,,,,,,,
28/07/2019 14:00,103990.837,52%,,,,,,,,,,
28/07/2019 15:00,97045.943,49%,,,,,,,,,,
28/07/2019 16:00,81024,41%,,,,,,,,,,
28/07/2019 17:00,66836.219,33%,,,,,,,,,,
28/07/2019 18:00,52936.226,26%,,,,,,,,,,
28/07/2019 19:00,52280.315,26%,,,,,,,,,,
28/07/2019 20:00,59161.142,30%,,,,,,,,,,
28/07/2019 21:00,58264.349,29%,,,,,,,,,,
28/07/2019 22:00,55571.223,28%,,,,,,,,,,
28/07/2019 23:00,53927.485,27%,,,,,,,,,,
29/07/2019 00:00,54802.77,27%,,,,,,,,,,
29/07/2019 01:00,49735.771,25%,,,,,,,,,,
29/07/2019 02:00,40639.517,20%,,,,,,,,,,
29/07/2019 03:00,35291.027,18%,,,,,,,,,,
29/07/2019 04:00,36159.062,18%,,,,,,,,,,
29/07/2019 05:00,29078.079,15%,,,,,,,,,,
29/07/2019 06:00,19037.61,10%,,,,,,,,,,
29/07/2019 07:00,25007.715,13%,,,,,,,,,,
29/07/2019 08:00,31401.811,16%,,,,,,,,,,
29/07/2019 09:00,32870.582,16%,,,,,,,,,,
29/07/2019 10:00,32303.346,16%,,,,,,,,,,
29/07/2019 11:00,30691.562,15%,,,,,,,,,,
29/07/2019 12:00,28850.11,14%,,,,,,,,,,
29/07/2019 13:00,27676.56,14%,,,,,,,,,,
29/07/2019 14:00,27237.664,14%,,,,,,,,,,
29/07/2019 15:00,27923.965,14%,,,,,,,,,,
29/07/2019 16:00,29646.173,15%,,,,,,,,,,
29/07/2019 17:00,32711.299,16%,,,,,,,,,,
29/07/2019 18:00,39197.39,20%,,,,,,,,,,
29/07/2019 19:00,49733.418,25%,,,,,,,,,,
29/07/2019 20:00,59622.135,30%,,,,,,,,,,
29/07/2019 21:00,69389.86,35%,,,,,,,,,,
29/07/2019 22:00,81509.044,41%,,,,,,,,,,
29/07/2019 23:00,87224.093,44%,,,,,,,,,,
30/07/2019 00:00,87983.415,44%,,,,,,,,,,
30/07/2019 01:00,82928.083,41%,,,,,,,,,,
30/07/2019 02:00,74184.076,37%,,,,,,,,,,
30/07/2019 03:00,62033.283,31%,,,,,,,,,,
30/07/2019 04:00,59992.916,30%,,,,,,,,,,
30/07/2019 05:00,50593.307,25%,,,,,,,,,,
30/07/2019 06:00,48136.138,24%,,,,,,,,,,
30/07/2019 07:00,70696.632,35%,,,,,,,,,,
30/07/2019 08:00,87975.751,44%,,,,,,,,,,
30/07/2019 09:00,103753.676,52%,,,,,,,,,,
30/07/2019 10:00,107648.022,54%,,,,,,,,,,
30/07/2019 11:00,101218.827,51%,,,,,,,,,,
30/07/2019 12:00,84303.163,42%,,,,,,,,,,
30/07/2019 13:00,58727.84,29%,,,,,,,,,,
30/07/2019 14:00,30379.96,15%,,,,,,,,,,
30/07/2019 15:00,13250.597,7%,,,,,,,,,,
30/07/2019 16:00,5895.775,3%,,,,,,,,,,
30/07/2019 17:00,18882.989,9%,,,,,,,,,,
30/07/2019 18:00,45079.776,23%,,,,,,,,,,
30/07/2019 19:00,72850.724,36%,,,,,,,,,,
30/07/2019 20:00,94295.606,47%,,,,,,,,,,
30/07/2019 21:00,98774.731,49%,,,,,,,,,,
30/07/2019 22:00,103705.779,52%,,,,,,,,,,
30/07/2019 23:00,107514.672,54%,,,,,,,,,,
31/07/2019 00:00,113880.994,57%,,,,,,,,,,
31/07/2019 01:00,116641.417,58%,,,,,,,,,,
31/07/2019 02:00,118878.227,59%,,,,,,,,,,
31/07/2019 03:00,123571.258,62%,,,,,,,,,,
31/07/2019 04:00,122045.542,61%,,,,,,,,,,
31/07/2019 05:00,119668.506,60%,,,,,,,,,,
31/07/2019 06:00,117666.271,59%,,,,,,,,,,
31/07/2019 07:00,133163.995,67%,,,,,,,,,,
31/07/2019 08:00,141617.712,71%,,,,,,,,,,
31/07/2019 09:00,146234.308,73%,,,,,,,,,,
31/07/2019 10:00,145988.992,73%,,,,,,,,,,
31/07/2019 11:00,142054.516,71%,,,,,,,,,,
31/07/2019 12:00,135904.484,68%,,,,,,,,,,
31/07/2019 13:00,129802.308,65%,,,,,,,,,,
31/07/2019 14:00,123064.577,62%,,,,,,,,,,
31/07/2019 15:00,117121.589,59%,,,,,,,,,,
31/07/2019 16:00,108137.018,54%,,,,,,,,,,
31/07/2019 17:00,92958.032,46%,,,,,,,,,,
31/07/2019 18:00,79968.765,40%,,,,,,,,,,
31/07/2019 19:00,78202.259,39%,,,,,,,,,,
31/07/2019 20:00,79715.329,40%,,,,,,,,,,
31/07/2019 21:00,78421.926,39%,,,,,,,,,,
31/07/2019 22:00,72169.499,36%,,,,,,,,,,
31/07/2019 23:00,65034.387,33%,,,,,,,,,,
01/08/2019 00:00,61833.535,31%,,,,,,,,,,
01/08/2019 01:00,60257.647,30%,,,,,,,,,,
01/08/2019 02:00,57779.145,29%,,,,,,,,,,
01/08/2019 03:00,55603.295,28%,,,,,,,,,,
01/08/2019 04:00,52280.96,26%,,,,,,,,,,
01/08/2019 05:00,37866.205,19%,,,,,,,,,,
01/08/2019 06:00,25389.701,13%,,,,,,,,,,
01/08/2019 07:00,23546.11,12%,,,,,,,,,,
01/08/2019 08:00,21174.46,11%,,,,,,,,,,
01/08/2019 09:00,20493.315,10%,,,,,,,,,,
01/08/2019 10:00,20338.935,10%,,,,,,,,,,
01/08/2019 11:00,23026.104,12%,,,,,,,,,,
01/08/2019 12:00,25746.496,13%,,,,,,,,,,
01/08/2019 13:00,24578.937,12%,,,,,,,,,,
01/08/2019 14:00,23508.258,12%,,,,,,,,,,
01/08/2019 15:00,24535.826,12%,,,,,,,,,,
01/08/2019 16:00,27930.839,14%,,,,,,,,,,
01/08/2019 17:00,31033.132,16%,,,,,,,,,,
01/08/2019 18:00,32709.235,16%,,,,,,,,,,
01/08/2019 19:00,42809.133,21%,,,,,,,,,,
01/08/2019 20:00,52991.878,26%,,,,,,,,,,
01/08/2019 21:00,52275.714,26%,,,,,,,,,,
01/08/2019 22:00,47605.651,24%,,,,,,,,,,
01/08/2019 23:00,42835.385,21%,,,,,,,,,,
02/08/2019 00:00,37616.655,19%,,,,,,,,,,
02/08/2019 01:00,31814.353,16%,,,,,,,,,,
02/08/2019 02:00,27611.636,14%,,,,,,,,,,
02/08/2019 03:00,26084.779,13%,,,,,,,,,,
02/08/2019 04:00,26225.284,13%,,,,,,,,,,
02/08/2019 05:00,21225.629,11%,,,,,,,,,,
02/08/2019 06:00,14005.143,7%,,,,,,,,,,
02/08/2019 07:00,13490.592,7%,,,,,,,,,,
02/08/2019 08:00,13119.845,7%,,,,,,,,,,
02/08/2019 09:00,12216.883,6%,,,,,,,,,,
02/08/2019 10:00,10648.876,5%,,,,,,,,,,
02/08/2019 11:00,9172.453,5%,,,,,,,,,,
02/08/2019 12:00,8312.92,4%,,,,,,,,,,
02/08/2019 13:00,7514.171,4%,,,,,,,,,,
02/08/2019 14:00,6730.189,3%,,,,,,,,,,
02/08/2019 15:00,6561.114,3%,,,,,,,,,,
02/08/2019 16:00,6842.916,3%,,,,,,,,,,
02/08/2019 17:00,7876.659,4%,,,,,,,,,,
02/08/2019 18:00,11276.666,6%,,,,,,,,,,
02/08/2019 19:00,22180.618,11%,,,,,,,,,,
02/08/2019 20:00,40078.293,20%,,,,,,,,,,
02/08/2019 21:00,56375.651,28%,,,,,,,,,,
02/08/2019 22:00,61926.711,31%,,,,,,,,,,
02/08/2019 23:00,55604.377,28%,,,,,,,,,,
03/08/2019 00:00,47296.899,24%,,,,,,,,,,
03/08/2019 01:00,40898.402,20%,,,,,,,,,,
03/08/2019 02:00,35546.667,18%,,,,,,,,,,
03/08/2019 03:00,32384.712,16%,,,,,,,,,,
03/08/2019 04:00,32186.936,16%,,,,,,,,,,
03/08/2019 05:00,25829.633,13%,,,,,,,,,,
03/08/2019 06:00,16902.606,8%,,,,,,,,,,
03/08/2019 07:00,20461.802,10%,,,,,,,,,,
03/08/2019 08:00,24177.862,12%,,,,,,,,,,
03/08/2019 09:00,23984.797,12%,,,,,,,,,,
03/08/2019 10:00,22885.37,11%,,,,,,,,,,
03/08/2019 11:00,21479.422,11%,,,,,,,,,,
03/08/2019 12:00,20112.387,10%,,,,,,,,,,
03/08/2019 13:00,18471.121,9%,,,,,,,,,,
03/08/2019 14:00,16801.119,8%,,,,,,,,,,
03/08/2019 15:00,16307.773,8%,,,,,,,,,,
03/08/2019 16:00,16830.517,8%,,,,,,,,,,
03/08/2019 17:00,17871.967,9%,,,,,,,,,,
03/08/2019 18:00,20119.44,10%,,,,,,,,,,
03/08/2019 19:00,27911.579,14%,,,,,,,,,,
03/08/2019 20:00,40657.054,20%,,,,,,,,,,
03/08/2019 21:00,52170.873,26%,,,,,,,,,,
03/08/2019 22:00,55601.919,28%,,,,,,,,,,
03/08/2019 23:00,53538.346,27%,,,,,,,,,,
04/08/2019 00:00,48143.146,24%,,,,,,,,,,
04/08/2019 01:00,40172.584,20%,,,,,,,,,,
04/08/2019 02:00,35147.699,18%,,,,,,,,,,
04/08/2019 03:00,33960.124,17%,,,,,,,,,,
04/08/2019 04:00,38923.466,19%,,,,,,,,,,
04/08/2019 05:00,35556.072,18%,,,,,,,,,,
04/08/2019 06:00,23657.789,12%,,,,,,,,,,
04/08/2019 07:00,28189.248,14%,,,,,,,,,,
04/08/2019 08:00,37531.957,19%,,,,,,,,,,
04/08/2019 09:00,43680.579,22%,,,,,,,,,,
04/08/2019 10:00,51807.599,26%,,,,,,,,,,
04/08/2019 11:00,62638.528,31%,,,,,,,,,,
04/08/2019 12:00,69337.148,35%,,,,,,,,,,
04/08/2019 13:00,69818.596,35%,,,,,,,,,,
04/08/2019 14:00,61606.886,31%,,,,,,,,,,
04/08/2019 15:00,52734.983,26%,,,,,,,,,,
04/08/2019 16:00,48143.503,24%,,,,,,,,,,
04/08/2019 17:00,43727.323,22%,,,,,,,,,,
04/08/2019 18:00,42220.4,21%,,,,,,,,,,
04/08/2019 19:00,48596.427,24%,,,,,,,,,,
04/08/2019 20:00,51805.97,26%,,,,,,,,,,
04/08/2019 21:00,50847.728,25%,,,,,,,,,,
04/08/2019 22:00,55993.601,28%,,,,,,,,,,
04/08/2019 23:00,64012.07,32%,,,,,,,,,,
05/08/2019 00:00,68127.291,34%,,,,,,,,,,
05/08/2019 01:00,71366.385,36%,,,,,,,,,,
05/08/2019 02:00,74806.936,37%,,,,,,,,,,
05/08/2019 03:00,76459.525,38%,,,,,,,,,,
05/08/2019 04:00,73599.516,37%,,,,,,,,,,
05/08/2019 05:00,66940.292,33%,,,,,,,,,,
05/08/2019 06:00,59996.738,30%,,,,,,,,,,
05/08/2019 07:00,68124.977,34%,,,,,,,,,,
05/08/2019 08:00,70789.422,35%,,,,,,,,,,
05/08/2019 09:00,73383.774,37%,,,,,,,,,,
05/08/2019 10:00,75780.529,38%,,,,,,,,,,
05/08/2019 11:00,77670.387,39%,,,,,,,,,,
05/08/2019 12:00,80122.546,40%,,,,,,,,,,
05/08/2019 13:00,82022.208,41%,,,,,,,,,,
05/08/2019 14:00,84997.565,42%,,,,,,,,,,
05/08/2019 15:00,90134.936,45%,,,,,,,,,,
05/08/2019 16:00,92954.179,46%,,,,,,,,,,
05/08/2019 17:00,86982.269,43%,,,,,,,,,,
05/08/2019 18:00,80806.052,40%,,,,,,,,,,
05/08/2019 19:00,81460.306,41%,,,,,,,,,,
05/08/2019 20:00,82927.354,41%,,,,,,,,,,
05/08/2019 21:00,81454.275,41%,,,,,,,,,,
05/08/2019 22:00,79015.807,40%,,,,,,,,,,
05/08/2019 23:00,77787.311,39%,,,,,,,,,,
06/08/2019 00:00,77669.873,39%,,,,,,,,,,
06/08/2019 01:00,79278.574,40%,,,,,,,,,,
06/08/2019 02:00,81455.796,41%,,,,,,,,,,
06/08/2019 03:00,82813.366,41%,,,,,,,,,,
06/08/2019 04:00,85727.157,43%,,,,,,,,,,
06/08/2019 05:00,78292.716,39%,,,,,,,,,,
06/08/2019 06:00,72783.063,36%,,,,,,,,,,
06/08/2019 07:00,103765.721,52%,,,,,,,,,,
06/08/2019 08:00,116685.175,58%,,,,,,,,,,
06/08/2019 09:00,126593.357,63%,,,,,,,,,,
06/08/2019 10:00,134806.633,67%,,,,,,,,,,
06/08/2019 11:00,140929.25,70%,,,,,,,,,,
06/08/2019 12:00,142053.636,71%,,,,,,,,,,
06/08/2019 13:00,142257.603,71%,,,,,,,,,,
06/08/2019 14:00,139397.693,70%,,,,,,,,,,
06/08/2019 15:00,135731.474,68%,,,,,,,,,,
06/08/2019 16:00,131629.398,66%,,,,,,,,,,
06/08/2019 17:00,121901.727,61%,,,,,,,,,,
06/08/2019 18:00,107514.796,54%,,,,,,,,,,
06/08/2019 19:00,98221.166,49%,,,,,,,,,,
06/08/2019 20:00,89408.324,45%,,,,,,,,,,
06/08/2019 21:00,85816,43%,,,,,,,,,,
06/08/2019 22:00,85010.137,43%,,,,,,,,,,
06/08/2019 23:00,85223.144,43%,,,,,,,,,,
07/08/2019 00:00,85935.912,43%,,,,,,,,,,
07/08/2019 01:00,85639.712,43%,,,,,,,,,,
07/08/2019 02:00,84894.04,42%,,,,,,,,,,
07/08/2019 03:00,83913.497,42%,,,,,,,,,,
07/08/2019 04:00,83303.335,42%,,,,,,,,,,
07/08/2019 05:00,73809.011,37%,,,,,,,,,,
07/08/2019 06:00,72950.799,36%,,,,,,,,,,
07/08/2019 07:00,76313.147,38%,,,,,,,,,,
07/08/2019 08:00,80734.342,40%,,,,,,,,,,
07/08/2019 09:00,84634.327,42%,,,,,,,,,,
07/08/2019 10:00,87332.026,44%,,,,,,,,,,
07/08/2019 11:00,92706.968,46%,,,,,,,,,,
07/08/2019 12:00,98573.148,49%,,,,,,,,,,
07/08/2019 13:00,103882.744,52%,,,,,,,,,,
07/08/2019 14:00,107514.632,54%,,,,,,,,,,
07/08/2019 15:00,107927.917,54%,,,,,,,,,,
07/08/2019 16:00,105252.876,53%,,,,,,,,,,
07/08/2019 17:00,94636.921,47%,,,,,,,,,,
07/08/2019 18:00,73786.181,37%,,,,,,,,,,
07/08/2019 19:00,64994.091,32%,,,,,,,,,,
07/08/2019 20:00,70481.754,35%,,,,,,,,,,
07/08/2019 21:00,75253.068,38%,,,,,,,,,,
07/08/2019 22:00,74266.137,37%,,,,,,,,,,
07/08/2019 23:00,69517.123,35%,,,,,,,,,,
08/08/2019 00:00,64545.703,32%,,,,,,,,,,
08/08/2019 01:00,62610.049,31%,,,,,,,,,,
08/08/2019 02:00,62467.985,31%,,,,,,,,,,
08/08/2019 03:00,60351.926,30%,,,,,,,,,,
08/08/2019 04:00,58268.348,29%,,,,,,,,,,
08/08/2019 05:00,46261.116,23%,,,,,,,,,,
08/08/2019 06:00,23218.779,12%,,,,,,,,,,
08/08/2019 07:00,16344.028,8%,,,,,,,,,,
08/08/2019 08:00,11424.321,6%,,,,,,,,,,
08/08/2019 09:00,8946.884,4%,,,,,,,,,,
08/08/2019 10:00,10232.205,5%,,,,,,,,,,
08/08/2019 11:00,12675.72,6%,,,,,,,,,,
08/08/2019 12:00,10522.94,5%,,,,,,,,,,
08/08/2019 13:00,8491.048,4%,,,,,,,,,,
08/08/2019 14:00,8384.379,4%,,,,,,,,,,
08/08/2019 15:00,10696.24,5%,,,,,,,,,,
08/08/2019 16:00,14742.811,7%,,,,,,,,,,
08/08/2019 17:00,20085.38,10%,,,,,,,,,,
08/08/2019 18:00,28660.166,14%,,,,,,,,,,
08/08/2019 19:00,56264.941,28%,,,,,,,,,,
08/08/2019 20:00,88733.444,44%,,,,,,,,,,
08/08/2019 21:00,95906.245,48%,,,,,,,,,,
08/08/2019 22:00,95191.631,48%,,,,,,,,,,
08/08/2019 23:00,106898.434,53%,,,,,,,,,,
09/08/2019 00:00,113200.456,57%,,,,,,,,,,
09/08/2019 01:00,113745.632,57%,,,,,,,,,,
09/08/2019 02:00,105282.024,53%,,,,,,,,,,
09/08/2019 03:00,105596.821,53%,,,,,,,,,,
09/08/2019 04:00,116070.364,58%,,,,,,,,,,
09/08/2019 05:00,116599.008,58%,,,,,,,,,,
09/08/2019 06:00,126590.351,63%,,,,,,,,,,
09/08/2019 07:00,118229.013,59%,,,,,,,,,,
09/08/2019 08:00,117733.692,59%,,,,,,,,,,
09/08/2019 09:00,122553.559,61%,,,,,,,,,,
09/08/2019 10:00,132206.894,66%,,,,,,,,,,
09/08/2019 11:00,145865.646,73%,,,,,,,,,,
09/08/2019 12:00,161565.632,81%,,,,,,,,,,
09/08/2019 13:00,174243.669,87%,,,,,,,,,,
09/08/2019 14:00,178713.045,89%,,,,,,,,,,
09/08/2019 15:00,179598.642,90%,,,,,,,,,,
09/08/2019 16:00,174019.935,87%,,,,,,,,,,
09/08/2019 17:00,166584.591,83%,,,,,,,,,,
09/08/2019 18:00,163941.756,82%,,,,,,,,,,
09/08/2019 19:00,167583.969,84%,,,,,,,,,,
09/08/2019 20:00,166854.46,83%,,,,,,,,,,
09/08/2019 21:00,165356.326,83%,,,,,,,,,,
09/08/2019 22:00,164021.086,82%,,,,,,,,,,
09/08/2019 23:00,162776.204,81%,,,,,,,,,,
10/08/2019 00:00,162697.71,81%,,,,,,,,,,
10/08/2019 01:00,162781.791,81%,,,,,,,,,,
10/08/2019 02:00,163756.612,82%,,,,,,,,,,
10/08/2019 03:00,165781.406,83%,,,,,,,,,,
10/08/2019 04:00,168352.835,84%,,,,,,,,,,
10/08/2019 05:00,174234.73,87%,,,,,,,,,,
10/08/2019 06:00,179515.79,90%,,,,,,,,,,
10/08/2019 07:00,185270.731,93%,,,,,,,,,,
10/08/2019 08:00,189623.171,95%,,,,,,,,,,
10/08/2019 09:00,192036.254,96%,,,,,,,,,,
10/08/2019 10:00,192985.552,96%,,,,,,,,,,
10/08/2019 11:00,193027.624,97%,,,,,,,,,,
10/08/2019 12:00,192067.231,96%,,,,,,,,,,
10/08/2019 13:00,191656.119,96%,,,,,,,,,,
10/08/2019 14:00,191766.589,96%,,,,,,,,,,
10/08/2019 15:00,191726.088,96%,,,,,,,,,,
10/08/2019 16:00,190327.557,95%,,,,,,,,,,
10/08/2019 17:00,185562.954,93%,,,,,,,,,,
10/08/2019 18:00,177746.302,89%,,,,,,,,,,
10/08/2019 19:00,170205.689,85%,,,,,,,,,,
10/08/2019 20:00,163767.451,82%,,,,,,,,,,
10/08/2019 21:00,160470.122,80%,,,,,,,,,,
10/08/2019 22:00,158136.304,79%,,,,,,,,,,
10/08/2019 23:00,154017.407,77%,,,,,,,,,,
11/08/2019 00:00,149976.81,75%,,,,,,,,,,
11/08/2019 01:00,146511.829,73%,,,,,,,,,,
11/08/2019 02:00,143997.724,72%,,,,,,,,,,
11/08/2019 03:00,140185.402,70%,,,,,,,,,,
11/08/2019 04:00,136579.027,68%,,,,,,,,,,
11/08/2019 05:00,131427.301,66%,,,,,,,,,,
11/08/2019 06:00,130405.825,65%,,,,,,,,,,
11/08/2019 07:00,142467.392,71%,,,,,,,,,,
11/08/2019 08:00,137953.653,69%,,,,,,,,,,
11/08/2019 09:00,127942.74,64%,,,,,,,,,,
11/08/2019 10:00,112445.705,56%,,,,,,,,,,
11/08/2019 11:00,96843.716,48%,,,,,,,,,,
11/08/2019 12:00,83915.979,42%,,,,,,,,,,
11/08/2019 13:00,74711.049,37%,,,,,,,,,,
11/08/2019 14:00,66052.243,33%,,,,,,,,,,
11/08/2019 15:00,60145.552,30%,,,,,,,,,,
11/08/2019 16:00,56808.14,28%,,,,,,,,,,
11/08/2019 17:00,50429.183,25%,,,,,,,,,,
11/08/2019 18:00,46116.877,23%,,,,,,,,,,
11/08/2019 19:00,47743.559,24%,,,,,,,,,,
11/08/2019 20:00,48594.73,24%,,,,,,,,,,
11/08/2019 21:00,44407.276,22%,,,,,,,,,,
11/08/2019 22:00,38999.234,19%,,,,,,,,,,
11/08/2019 23:00,32949.702,16%,,,,,,,,,,
12/08/2019 00:00,29096.983,15%,,,,,,,,,,
12/08/2019 01:00,28882.679,14%,,,,,,,,,,
12/08/2019 02:00,30912.935,15%,,,,,,,,,,
12/08/2019 03:00,33257.611,17%,,,,,,,,,,
12/08/2019 04:00,35685.637,18%,,,,,,,,,,
12/08/2019 05:00,33035.776,17%,,,,,,,,,,
12/08/2019 06:00,19732.989,10%,,,,,,,,,,
12/08/2019 07:00,27367.138,14%,,,,,,,,,,
12/08/2019 08:00,30608.503,15%,,,,,,,,,,
12/08/2019 09:00,32429.419,16%,,,,,,,,,,
12/08/2019 10:00,36696.704,18%,,,,,,,,,,
12/08/2019 11:00,41371.788,21%,,,,,,,,,,
12/08/2019 12:00,43897.871,22%,,,,,,,,,,
12/08/2019 13:00,43958.813,22%,,,,,,,,,,
12/08/2019 14:00,44357.893,22%,,,,,,,,,,
12/08/2019 15:00,44607.551,22%,,,,,,,,,,
12/08/2019 16:00,45104.826,23%,,,,,,,,,,
12/08/2019 17:00,41391.203,21%,,,,,,,,,,
12/08/2019 18:00,32661.228,16%,,,,,,,,,,
12/08/2019 19:00,34167.464,17%,,,,,,,,,,
12/08/2019 20:00,39116.069,20%,,,,,,,,,,
12/08/2019 21:00,46477.81,23%,,,,,,,,,,
12/08/2019 22:00,52351.569,26%,,,,,,,,,,
12/08/2019 23:00,54273.856,27%,,,,,,,,,,
13/08/2019 00:00,54381.433,27%,,,,,,,,,,
13/08/2019 01:00,55125.906,28%,,,,,,,,,,
13/08/2019 02:00,57284.326,29%,,,,,,,,,,
13/08/2019 03:00,58828.327,29%,,,,,,,,,,
13/08/2019 04:00,59422.659,30%,,,,,,,,,,
13/08/2019 05:00,50616.753,25%,,,,,,,,,,
13/08/2019 06:00,30516.63,15%,,,,,,,,,,
13/08/2019 07:00,36371.198,18%,,,,,,,,,,
13/08/2019 08:00,40259.191,20%,,,,,,,,,,
13/08/2019 09:00,41048.244,21%,,,,,,,,,,
13/08/2019 10:00,40176.894,20%,,,,,,,,,,
13/08/2019 11:00,36512.281,18%,,,,,,,,,,
13/08/2019 12:00,35446.76,18%,,,,,,,,,,
13/08/2019 13:00,40167.639,20%,,,,,,,,,,
13/08/2019 14:00,46584.975,23%,,,,,,,,,,
13/08/2019 15:00,48147.789,24%,,,,,,,,,,
13/08/2019 16:00,43959.298,22%,,,,,,,,,,
13/08/2019 17:00,35540.749,18%,,,,,,,,,,
13/08/2019 18:00,28794.693,14%,,,,,,,,,,
13/08/2019 19:00,24950.706,12%,,,,,,,,,,
13/08/2019 20:00,18404.665,9%,,,,,,,,,,
13/08/2019 21:00,13587.851,7%,,,,,,,,,,
13/08/2019 22:00,13587.261,7%,,,,,,,,,,
13/08/2019 23:00,18045.324,9%,,,,,,,,,,
14/08/2019 00:00,26735.17,13%,,,,,,,,,,
14/08/2019 01:00,38840.817,19%,,,,,,,,,,
14/08/2019 02:00,51809.564,26%,,,,,,,,,,
14/08/2019 03:00,58080.764,29%,,,,,,,,,,
14/08/2019 04:00,61966.459,31%,,,,,,,,,,
14/08/2019 05:00,63735.185,32%,,,,,,,,,,
14/08/2019 06:00,57869.935,29%,,,,,,,,,,
14/08/2019 07:00,84132.236,42%,,,,,,,,,,
14/08/2019 08:00,113653.326,57%,,,,,,,,,,
14/08/2019 09:00,138648.495,69%,,,,,,,,,,
14/08/2019 10:00,149180.267,75%,,,,,,,,,,
14/08/2019 11:00,148780.315,74%,,,,,,,,,,
14/08/2019 12:00,139914.285,70%,,,,,,,,,,
14/08/2019 13:00,132032.266,66%,,,,,,,,,,
14/08/2019 14:00,127090.923,64%,,,,,,,,,,
14/08/2019 15:00,120243.12,60%,,,,,,,,,,
14/08/2019 16:00,105807.273,53%,,,,,,,,,,
14/08/2019 17:00,84342.063,42%,,,,,,,,,,
14/08/2019 18:00,85016.921,43%,,,,,,,,,,
14/08/2019 19:00,83187.862,42%,,,,,,,,,,
14/08/2019 20:00,78073.672,39%,,,,,,,,,,
14/08/2019 21:00,84098.323,42%,,,,,,,,,,
14/08/2019 22:00,89404.23,45%,,,,,,,,,,
14/08/2019 23:00,94002.758,47%,,,,,,,,,,
15/08/2019 00:00,90779.875,45%,,,,,,,,,,
15/08/2019 01:00,92709.824,46%,,,,,,,,,,
15/08/2019 02:00,91912.033,46%,,,,,,,,,,
15/08/2019 03:00,101034.468,51%,,,,,,,,,,
15/08/2019 04:00,108867.2,54%,,,,,,,,,,
15/08/2019 05:00,108824.103,54%,,,,,,,,,,
15/08/2019 06:00,113769.777,57%,,,,,,,,,,
15/08/2019 07:00,131944.178,66%,,,,,,,,,,
15/08/2019 08:00,146444.238,73%,,,,,,,,,,
15/08/2019 09:00,150795.296,75%,,,,,,,,,,
15/08/2019 10:00,149181.811,75%,,,,,,,,,,
15/08/2019 11:00,142055.456,71%,,,,,,,,,,
15/08/2019 12:00,127090.917,64%,,,,,,,,,,
15/08/2019 13:00,113276.816,57%,,,,,,,,,,
15/08/2019 14:00,105787.081,53%,,,,,,,,,,
15/08/2019 15:00,103157.913,52%,,,,,,,,,,
15/08/2019 16:00,91354.949,46%,,,,,,,,,,
15/08/2019 17:00,70474.1,35%,,,,,,,,,,
15/08/2019 18:00,43601.776,22%,,,,,,,,,,
15/08/2019 19:00,31356.588,16%,,,,,,,,,,
15/08/2019 20:00,30802.731,15%,,,,,,,,,,
15/08/2019 21:00,39074.94,20%,,,,,,,,,,
15/08/2019 22:00,50192.182,25%,,,,,,,,,,
15/08/2019 23:00,56589.845,28%,,,,,,,,,,
16/08/2019 00:00,59992.552,30%,,,,,,,,,,
16/08/2019 01:00,65030.019,33%,,,,,,,,,,
16/08/2019 02:00,68651.117,34%,,,,,,,,,,
16/08/2019 03:00,71177.249,36%,,,,,,,,,,
16/08/2019 04:00,74580.857,37%,,,,,,,,,,
16/08/2019 05:00,79018.842,40%,,,,,,,,,,
16/08/2019 06:00,76083.034,38%,,,,,,,,,,
16/08/2019 07:00,92283.285,46%,,,,,,,,,,
16/08/2019 08:00,124038.955,62%,,,,,,,,,,
16/08/2019 09:00,146229.409,73%,,,,,,,,,,
16/08/2019 10:00,160281.73,80%,,,,,,,,,,
16/08/2019 11:00,168057.929,84%,,,,,,,,,,
16/08/2019 12:00,171411.529,86%,,,,,,,,,,
16/08/2019 13:00,173266.763,87%,,,,,,,,,,
16/08/2019 14:00,172911.371,86%,,,,,,,,,,
16/08/2019 15:00,169719.82,85%,,,,,,,,,,
16/08/2019 16:00,164259.962,82%,,,,,,,,,,
16/08/2019 17:00,158103.092,79%,,,,,,,,,,
16/08/2019 18:00,148942.592,74%,,,,,,,,,,
16/08/2019 19:00,138129.299,69%,,,,,,,,,,
16/08/2019 20:00,134178.939,67%,,,,,,,,,,
16/08/2019 21:00,125447.185,63%,,,,,,,,,,
16/08/2019 22:00,116597.954,58%,,,,,,,,,,
16/08/2019 23:00,107631.494,54%,,,,,,,,,,
17/08/2019 00:00,111378.367,56%,,,,,,,,,,
17/08/2019 01:00,102064.158,51%,,,,,,,,,,
17/08/2019 02:00,93668.185,47%,,,,,,,,,,
17/08/2019 03:00,91771.914,46%,,,,,,,,,,
17/08/2019 04:00,88303.105,44%,,,,,,,,,,
17/08/2019 05:00,89488.995,45%,,,,,,,,,,
17/08/2019 06:00,83061.8,42%,,,,,,,,,,
17/08/2019 07:00,114641.136,57%,,,,,,,,,,
17/08/2019 08:00,125241.652,63%,,,,,,,,,,
17/08/2019 09:00,124047.858,62%,,,,,,,,,,
17/08/2019 10:00,123447.884,62%,,,,,,,,,,
17/08/2019 11:00,122040.924,61%,,,,,,,,,,
17/08/2019 12:00,120245.954,60%,,,,,,,,,,
17/08/2019 13:00,118360.511,59%,,,,,,,,,,
17/08/2019 14:00,118261.969,59%,,,,,,,,,,
17/08/2019 15:00,120085.626,60%,,,,,,,,,,
17/08/2019 16:00,121854.506,61%,,,,,,,,,,
17/08/2019 17:00,104524.937,52%,,,,,,,,,,
17/08/2019 18:00,88852.357,44%,,,,,,,,,,
17/08/2019 19:00,88901.172,44%,,,,,,,,,,
17/08/2019 20:00,86189.488,43%,,,,,,,,,,
17/08/2019 21:00,82840.005,41%,,,,,,,,,,
17/08/2019 22:00,77575.024,39%,,,,,,,,,,
17/08/2019 23:00,80258.132,40%,,,,,,,,,,
18/08/2019 00:00,79560.539,40%,,,,,,,,,,
18/08/2019 01:00,78289.451,39%,,,,,,,,,,
18/08/2019 02:00,76404.15,38%,,,,,,,,,,
18/08/2019 03:00,75249.534,38%,,,,,,,,,,
18/08/2019 04:00,74719,37%,,,,,,,,,,
18/08/2019 05:00,71533.823,36%,,,,,,,,,,
18/08/2019 06:00,52754.096,26%,,,,,,,,,,
18/08/2019 07:00,73606.258,37%,,,,,,,,,,
18/08/2019 08:00,96844.943,48%,,,,,,,,,,
18/08/2019 09:00,106429.672,53%,,,,,,,,,,
18/08/2019 10:00,113658.264,57%,,,,,,,,,,
18/08/2019 11:00,122042.625,61%,,,,,,,,,,
18/08/2019 12:00,131646.638,66%,,,,,,,,,,
18/08/2019 13:00,138943.047,69%,,,,,,,,,,
18/08/2019 14:00,142768.635,71%,,,,,,,,,,
18/08/2019 15:00,145019.641,73%,,,,,,,,,,
18/08/2019 16:00,144852.932,72%,,,,,,,,,,
18/08/2019 17:00,135761.29,68%,,,,,,,,,,
18/08/2019 18:00,121333.508,61%,,,,,,,,,,
18/08/2019 19:00,110482.817,55%,,,,,,,,,,
18/08/2019 20:00,98768.638,49%,,,,,,,,,,
18/08/2019 21:00,96909.028,48%,,,,,,,,,,
18/08/2019 22:00,94295.856,47%,,,,,,,,,,
18/08/2019 23:00,91586.721,46%,,,,,,,,,,
19/08/2019 00:00,89401.923,45%,,,,,,,,,,
19/08/2019 01:00,86378.494,43%,,,,,,,,,,
19/08/2019 02:00,82677.574,41%,,,,,,,,,,
19/08/2019 03:00,79015.474,40%,,,,,,,,,,
19/08/2019 04:00,76561.349,38%,,,,,,,,,,
19/08/2019 05:00,70483.597,35%,,,,,,,,,,
19/08/2019 06:00,54881.874,27%,,,,,,,,,,
19/08/2019 07:00,58535.376,29%,,,,,,,,,,
19/08/2019 08:00,56030.639,28%,,,,,,,,,,
19/08/2019 09:00,56607.553,28%,,,,,,,,,,
19/08/2019 10:00,63075.149,32%,,,,,,,,,,
19/08/2019 11:00,76697.797,38%,,,,,,,,,,
19/08/2019 12:00,92746.027,46%,,,,,,,,,,
19/08/2019 13:00,104304.523,52%,,,,,,,,,,
19/08/2019 14:00,108867.2,54%,,,,,,,,,,
19/08/2019 15:00,108292.98,54%,,,,,,,,,,
19/08/2019 16:00,103705.766,52%,,,,,,,,,,
19/08/2019 17:00,90494.256,45%,,,,,,,,,,
19/08/2019 18:00,78623.043,39%,,,,,,,,,,
19/08/2019 19:00,78806.722,39%,,,,,,,,,,
19/08/2019 20:00,82551.636,41%,,,,,,,,,,
19/08/2019 21:00,82003.038,41%,,,,,,,,,,
19/08/2019 22:00,77131.342,39%,,,,,,,,,,
19/08/2019 23:00,72851.318,36%,,,,,,,,,,
20/08/2019 00:00,69974.611,35%,,,,,,,,,,
20/08/2019 01:00,67347.903,34%,,,,,,,,,,
20/08/2019 02:00,65051.755,33%,,,,,,,,,,
20/08/2019 03:00,62989.864,31%,,,,,,,,,,
20/08/2019 04:00,62527.197,31%,,,,,,,,,,
20/08/2019 05:00,59996.15,30%,,,,,,,,,,
20/08/2019 06:00,39775.501,20%,,,,,,,,,,
20/08/2019 07:00,49058.347,25%,,,,,,,,,,
20/08/2019 08:00,58980.854,29%,,,,,,,,,,
20/08/2019 09:00,60985.361,30%,,,,,,,,,,
20/08/2019 10:00,62095.547,31%,,,,,,,,,,
20/08/2019 11:00,61797.462,31%,,,,,,,,,,
20/08/2019 12:00,59322.089,30%,,,,,,,,,,
20/08/2019 13:00,58268.398,29%,,,,,,,,,,
20/08/2019 14:00,59164.092,30%,,,,,,,,,,
20/08/2019 15:00,59468.194,30%,,,,,,,,,,
20/08/2019 16:00,58272.033,29%,,,,,,,,,,
20/08/2019 17:00,49708.988,25%,,,,,,,,,,
20/08/2019 18:00,42796.696,21%,,,,,,,,,,
20/08/2019 19:00,50172.541,25%,,,,,,,,,,
20/08/2019 20:00,61133.462,31%,,,,,,,,,,
20/08/2019 21:00,68740.245,34%,,,,,,,,,,
20/08/2019 22:00,69051.066,35%,,,,,,,,,,
20/08/2019 23:00,67926.766,34%,,,,,,,,,,
21/08/2019 00:00,68142.602,34%,,,,,,,,,,
21/08/2019 01:00,69782.82,35%,,,,,,,,,,
21/08/2019 02:00,68837.183,34%,,,,,,,,,,
21/08/2019 03:00,63368.728,32%,,,,,,,,,,
21/08/2019 04:00,59033.816,30%,,,,,,,,,,
21/08/2019 05:00,53926.155,27%,,,,,,,,,,
21/08/2019 06:00,39431.278,20%,,,,,,,,,,
21/08/2019 07:00,30535.8,15%,,,,,,,,,,
21/08/2019 08:00,39889.909,20%,,,,,,,,,,
21/08/2019 09:00,49543.445,25%,,,,,,,,,,
21/08/2019 10:00,58188.918,29%,,,,,,,,,,
21/08/2019 11:00,66960.246,33%,,,,,,,,,,
21/08/2019 12:00,75445.853,38%,,,,,,,,,,
21/08/2019 13:00,83221.93,42%,,,,,,,,,,
21/08/2019 14:00,86261.256,43%,,,,,,,,,,
21/08/2019 15:00,81454.126,41%,,,,,,,,,,
21/08/2019 16:00,71483.156,36%,,,,,,,,,,
21/08/2019 17:00,62992.323,31%,,,,,,,,,,
21/08/2019 18:00,60985.753,30%,,,,,,,,,,
21/08/2019 19:00,65540.815,33%,,,,,,,,,,
21/08/2019 20:00,69017.465,35%,,,,,,,,,,
21/08/2019 21:00,74014.237,37%,,,,,,,,,,
21/08/2019 22:00,77665.598,39%,,,,,,,,,,
21/08/2019 23:00,78970.91,39%,,,,,,,,,,
22/08/2019 00:00,80098.275,40%,,,,,,,,,,
22/08/2019 01:00,81373.22,41%,,,,,,,,,,
22/08/2019 02:00,83369.312,42%,,,,,,,,,,
22/08/2019 03:00,86367.252,43%,,,,,,,,,,
22/08/2019 04:00,94452.307,47%,,,,,,,,,,
22/08/2019 05:00,87178.441,44%,,,,,,,,,,
22/08/2019 06:00,72325.212,36%,,,,,,,,,,
22/08/2019 07:00,98768.026,49%,,,,,,,,,,
22/08/2019 08:00,121171.834,61%,,,,,,,,,,
22/08/2019 09:00,126530.662,63%,,,,,,,,,,
22/08/2019 10:00,127938.252,64%,,,,,,,,,,
22/08/2019 11:00,127789.47,64%,,,,,,,,,,
22/08/2019 12:00,127089.343,64%,,,,,,,,,,
22/08/2019 13:00,126593.371,63%,,,,,,,,,,
22/08/2019 14:00,126922.684,63%,,,,,,,,,,
22/08/2019 15:00,127089.655,64%,,,,,,,,,,
22/08/2019 16:00,119728.28,60%,,,,,,,,,,
22/08/2019 17:00,102819.019,51%,,,,,,,,,,
22/08/2019 18:00,84502.076,42%,,,,,,,,,,
22/08/2019 19:00,75215.842,38%,,,,,,,,,,
22/08/2019 20:00,70638.233,35%,,,,,,,,,,
22/08/2019 21:00,65546.418,33%,,,,,,,,,,
22/08/2019 22:00,62241.591,31%,,,,,,,,,,
22/08/2019 23:00,59453.99,30%,,,,,,,,,,
23/08/2019 00:00,55845.29,28%,,,,,,,,,,
23/08/2019 01:00,51992.496,26%,,,,,,,,,,
23/08/2019 02:00,48599.532,24%,,,,,,,,,,
23/08/2019 03:00,48146.922,24%,,,,,,,,,,
23/08/2019 04:00,49731.567,25%,,,,,,,,,,
23/08/2019 05:00,48596.412,24%,,,,,,,,,,
23/08/2019 06:00,30355.166,15%,,,,,,,,,,
23/08/2019 07:00,26623.308,13%,,,,,,,,,,
23/08/2019 08:00,25994.042,13%,,,,,,,,,,
23/08/2019 09:00,23862.425,12%,,,,,,,,,,
23/08/2019 10:00,22003.57,11%,,,,,,,,,,
23/08/2019 11:00,20612.188,10%,,,,,,,,,,
23/08/2019 12:00,20679.576,10%,,,,,,,,,,
23/08/2019 13:00,22081.287,11%,,,,,,,,,,
23/08/2019 14:00,23697.631,12%,,,,,,,,,,
23/08/2019 15:00,25116.696,13%,,,,,,,,,,
23/08/2019 16:00,25571.073,13%,,,,,,,,,,
23/08/2019 17:00,23116.552,12%,,,,,,,,,,
23/08/2019 18:00,20844.756,10%,,,,,,,,,,
23/08/2019 19:00,21962.083,11%,,,,,,,,,,
23/08/2019 20:00,25111.151,13%,,,,,,,,,,
23/08/2019 21:00,28558.54,14%,,,,,,,,,,
23/08/2019 22:00,29739.104,15%,,,,,,,,,,
23/08/2019 23:00,28937.829,14%,,,,,,,,,,
24/08/2019 00:00,26836.652,13%,,,,,,,,,,
24/08/2019 01:00,23834.283,12%,,,,,,,,,,
24/08/2019 02:00,21569.878,11%,,,,,,,,,,
24/08/2019 03:00,21518.703,11%,,,,,,,,,,
24/08/2019 04:00,23829.517,12%,,,,,,,,,,
24/08/2019 05:00,27232.169,14%,,,,,,,,,,
24/08/2019 06:00,21323.291,11%,,,,,,,,,,
24/08/2019 07:00,9982.241,5%,,,,,,,,,,
24/08/2019 08:00,9775.669,5%,,,,,,,,,,
24/08/2019 09:00,17826,9%,,,,,,,,,,
24/08/2019 10:00,20828.403,10%,,,,,,,,,,
24/08/2019 11:00,24540.146,12%,,,,,,,,,,
24/08/2019 12:00,26692.664,13%,,,,,,,,,,
24/08/2019 13:00,27645.061,14%,,,,,,,,,,
24/08/2019 14:00,27142.11,14%,,,,,,,,,,
24/08/2019 15:00,25097.214,13%,,,,,,,,,,
24/08/2019 16:00,25168.591,13%,,,,,,,,,,
24/08/2019 17:00,20828.209,10%,,,,,,,,,,
24/08/2019 18:00,19288.19,10%,,,,,,,,,,
24/08/2019 19:00,24144.498,12%,,,,,,,,,,
24/08/2019 20:00,32181.048,16%,,,,,,,,,,
24/08/2019 21:00,39879.968,20%,,,,,,,,,,
24/08/2019 22:00,45481.712,23%,,,,,,,,,,
24/08/2019 23:00,49484.815,25%,,,,,,,,,,
25/08/2019 00:00,51330.339,26%,,,,,,,,,,
25/08/2019 01:00,52773.419,26%,,,,,,,,,,
25/08/2019 02:00,55466.441,28%,,,,,,,,,,
25/08/2019 03:00,57785.99,29%,,,,,,,,,,
25/08/2019 04:00,58273.968,29%,,,,,,,,,,
25/08/2019 05:00,55936.246,28%,,,,,,,,,,
25/08/2019 06:00,35651.528,18%,,,,,,,,,,
25/08/2019 07:00,14370.623,7%,,,,,,,,,,
25/08/2019 08:00,9743.286,5%,,,,,,,,,,
25/08/2019 09:00,19387.991,10%,,,,,,,,,,
25/08/2019 10:00,27189.359,14%,,,,,,,,,,
25/08/2019 11:00,33084.415,17%,,,,,,,,,,
25/08/2019 12:00,37167.985,19%,,,,,,,,,,
25/08/2019 13:00,37803.403,19%,,,,,,,,,,
25/08/2019 14:00,36291.435,18%,,,,,,,,,,
25/08/2019 15:00,32850.417,16%,,,,,,,,,,
25/08/2019 16:00,27041.359,14%,,,,,,,,,,
25/08/2019 17:00,21229.171,11%,,,,,,,,,,
25/08/2019 18:00,27402.775,14%,,,,,,,,,,
25/08/2019 19:00,37204.051,19%,,,,,,,,,,
25/08/2019 20:00,40460.797,20%,,,,,,,,,,
25/08/2019 21:00,36314.588,18%,,,,,,,,,,
25/08/2019 22:00,29581.431,15%,,,,,,,,,,
25/08/2019 23:00,26377.038,13%,,,,,,,,,,
26/08/2019 00:00,26592.809,13%,,,,,,,,,,
26/08/2019 01:00,28487.986,14%,,,,,,,,,,
26/08/2019 02:00,30677.222,15%,,,,,,,,,,
26/08/2019 03:00,31052.735,16%,,,,,,,,,,
26/08/2019 04:00,29678.863,15%,,,,,,,,,,
26/08/2019 05:00,26978.447,13%,,,,,,,,,,
26/08/2019 06:00,16819.662,8%,,,,,,,,,,
26/08/2019 07:00,7030.592,4%,,,,,,,,,,
26/08/2019 08:00,2165.152,1%,,,,,,,,,,
26/08/2019 09:00,467.555,0%,,,,,,,,,,
26/08/2019 10:00,2413.838,1%,,,,,,,,,,
26/08/2019 11:00,3898.512,2%,,,,,,,,,,
26/08/2019 12:00,5654.7,3%,,,,,,,,,,
26/08/2019 13:00,8228.737,4%,,,,,,,,,,
26/08/2019 14:00,10680.371,5%,,,,,,,,,,
26/08/2019 15:00,11282.238,6%,,,,,,,,,,
26/08/2019 16:00,10812.143,5%,,,,,,,,,,
26/08/2019 17:00,13005.654,7%,,,,,,,,,,
26/08/2019 18:00,27690.907,14%,,,,,,,,,,
26/08/2019 19:00,46778.458,23%,,,,,,,,,,
26/08/2019 20:00,53232.484,27%,,,,,,,,,,
26/08/2019 21:00,48604.619,24%,,,,,,,,,,
26/08/2019 22:00,40251.266,20%,,,,,,,,,,
26/08/2019 23:00,30910.971,15%,,,,,,,,,,
27/08/2019 00:00,20965.183,10%,,,,,,,,,,
27/08/2019 01:00,15262.233,8%,,,,,,,,,,
27/08/2019 02:00,15014.704,8%,,,,,,,,,,
27/08/2019 03:00,17455.766,9%,,,,,,,,,,
27/08/2019 04:00,19390.425,10%,,,,,,,,,,
27/08/2019 05:00,19323.14,10%,,,,,,,,,,
27/08/2019 06:00,13243.865,7%,,,,,,,,,,
27/08/2019 07:00,5434.674,3%,,,,,,,,,,
27/08/2019 08:00,834.039,0%,,,,,,,,,,
27/08/2019 09:00,1622.014,1%,,,,,,,,,,
27/08/2019 10:00,3799.077,2%,,,,,,,,,,
27/08/2019 11:00,3653.925,2%,,,,,,,,,,
27/08/2019 12:00,5293.904,3%,,,,,,,,,,
27/08/2019 13:00,12218.782,6%,,,,,,,,,,
27/08/2019 14:00,19774.408,10%,,,,,,,,,,
27/08/2019 15:00,22944.252,11%,,,,,,,,,,
27/08/2019 16:00,24538.043,12%,,,,,,,,,,
27/08/2019 17:00,27816.72,14%,,,,,,,,,,
27/08/2019 18:00,37528.595,19%,,,,,,,,,,
27/08/2019 19:00,47370.123,24%,,,,,,,,,,
27/08/2019 20:00,47526.942,24%,,,,,,,,,,
27/08/2019 21:00,38459.614,19%,,,,,,,,,,
27/08/2019 22:00,25355.569,13%,,,,,,,,,,
27/08/2019 23:00,16422.475,8%,,,,,,,,,,
28/08/2019 00:00,17196.801,9%,,,,,,,,,,
28/08/2019 01:00,24558.836,12%,,,,,,,,,,
28/08/2019 02:00,29143.682,15%,,,,,,,,,,
28/08/2019 03:00,32812.694,16%,,,,,,,,,,
28/08/2019 04:00,36592.989,18%,,,,,,,,,,
28/08/2019 05:00,39592.33,20%,,,,,,,,,,
28/08/2019 06:00,36601.624,18%,,,,,,,,,,
28/08/2019 07:00,42589.152,21%,,,,,,,,,,
28/08/2019 08:00,50188.462,25%,,,,,,,,,,
28/08/2019 09:00,56584.112,28%,,,,,,,,,,
28/08/2019 10:00,71079.727,36%,,,,,,,,,,
28/08/2019 11:00,77440.753,39%,,,,,,,,,,
28/08/2019 12:00,70465.859,35%,,,,,,,,,,
28/08/2019 13:00,60877.4,30%,,,,,,,,,,
28/08/2019 14:00,52633.419,26%,,,,,,,,,,
28/08/2019 15:00,46899.345,23%,,,,,,,,,,
28/08/2019 16:00,36318.008,18%,,,,,,,,,,
28/08/2019 17:00,25314.045,13%,,,,,,,,,,
28/08/2019 18:00,21027.447,11%,,,,,,,,,,
28/08/2019 19:00,20192.83,10%,,,,,,,,,,
28/08/2019 20:00,18558.102,9%,,,,,,,,,,
28/08/2019 21:00,19600.034,10%,,,,,,,,,,
28/08/2019 22:00,22819.733,11%,,,,,,,,,,
28/08/2019 23:00,28162.096,14%,,,,,,,,,,
29/08/2019 00:00,30553.333,15%,,,,,,,,,,
29/08/2019 01:00,31820.565,16%,,,,,,,,,,
29/08/2019 02:00,39453.809,20%,,,,,,,,,,
29/08/2019 03:00,46026.659,23%,,,,,,,,,,
29/08/2019 04:00,48603.319,24%,,,,,,,,,,
29/08/2019 05:00,50938.712,25%,,,,,,,,,,
29/08/2019 06:00,43082.832,22%,,,,,,,,,,
29/08/2019 07:00,42000.345,21%,,,,,,,,,,
29/08/2019 08:00,72286.674,36%,,,,,,,,,,
29/08/2019 09:00,87783.76,44%,,,,,,,,,,
29/08/2019 10:00,100159.036,50%,,,,,,,,,,
29/08/2019 11:00,111960.158,56%,,,,,,,,,,
29/08/2019 12:00,120768.782,60%,,,,,,,,,,
29/08/2019 13:00,126592.656,63%,,,,,,,,,,
29/08/2019 14:00,129064.395,65%,,,,,,,,,,
29/08/2019 15:00,130118.647,65%,,,,,,,,,,
29/08/2019 16:00,123697.538,62%,,,,,,,,,,
29/08/2019 17:00,109406.718,55%,,,,,,,,,,
29/08/2019 18:00,92084.996,46%,,,,,,,,,,
29/08/2019 19:00,78856.363,39%,,,,,,,,,,
29/08/2019 20:00,79554.689,40%,,,,,,,,,,
29/08/2019 21:00,83278.789,42%,,,,,,,,,,
29/08/2019 22:00,85817.661,43%,,,,,,,,,,
29/08/2019 23:00,87065.856,44%,,,,,,,,,,
30/08/2019 00:00,90006.675,45%,,,,,,,,,,
30/08/2019 01:00,91327.62,46%,,,,,,,,,,
30/08/2019 02:00,88854.27,44%,,,,,,,,,,
30/08/2019 03:00,85728.189,43%,,,,,,,,,,
30/08/2019 04:00,86791.436,43%,,,,,,,,,,
30/08/2019 05:00,92710.501,46%,,,,,,,,,,
30/08/2019 06:00,88301.053,44%,,,,,,,,,,
30/08/2019 07:00,105069.319,53%,,,,,,,,,,
30/08/2019 08:00,129312.611,65%,,,,,,,,,,
30/08/2019 09:00,138241.672,69%,,,,,,,,,,
30/08/2019 10:00,142125.36,71%,,,,,,,,,,
30/08/2019 11:00,143583.819,72%,,,,,,,,,,
30/08/2019 12:00,144751.986,72%,,,,,,,,,,
30/08/2019 13:00,143897.991,72%,,,,,,,,,,
30/08/2019 14:00,140954.302,70%,,,,,,,,,,
30/08/2019 15:00,136718.979,68%,,,,,,,,,,
30/08/2019 16:00,128866.725,64%,,,,,,,,,,
30/08/2019 17:00,111618.492,56%,,,,,,,,,,
30/08/2019 18:00,92493.547,46%,,,,,,,,,,
30/08/2019 19:00,82823.447,41%,,,,,,,,,,
30/08/2019 20:00,80100.245,40%,,,,,,,,,,
30/08/2019 21:00,78527.775,39%,,,,,,,,,,
30/08/2019 22:00,80102.245,40%,,,,,,,,,,
30/08/2019 23:00,82003.304,41%,,,,,,,,,,
31/08/2019 00:00,88677.527,44%,,,,,,,,,,
31/08/2019 01:00,94404.761,47%,,,,,,,,,,
31/08/2019 02:00,106386.761,53%,,,,,,,,,,
31/08/2019 03:00,113119.056,57%,,,,,,,,,,
31/08/2019 04:00,115043.489,58%,,,,,,,,,,
31/08/2019 05:00,114584.414,57%,,,,,,,,,,
31/08/2019 06:00,111288.019,56%,,,,,,,,,,
31/08/2019 07:00,129789.043,65%,,,,,,,,,,
31/08/2019 08:00,142059.304,71%,,,,,,,,,,
31/08/2019 09:00,151595.675,76%,,,,,,,,,,
31/08/2019 10:00,153898.882,77%,,,,,,,,,,
31/08/2019 11:00,147254.792,74%,,,,,,,,,,
31/08/2019 12:00,132683.167,66%,,,,,,,,,,
31/08/2019 13:00,123996.611,62%,,,,,,,,,,
31/08/2019 14:00,121083.385,61%,,,,,,,,,,
31/08/2019 15:00,119231.649,60%,,,,,,,,,,
31/08/2019 16:00,112712.412,56%,,,,,,,,,,
31/08/2019 17:00,89391.359,45%,,,,,,,,,,
31/08/2019 18:00,61912.672,31%,,,,,,,,,,
31/08/2019 19:00,56939.26,28%,,,,,,,,,,
31/08/2019 20:00,58816.878,29%,,,,,,,,,,
31/08/2019 21:00,64521.342,32%,,,,,,,,,,
31/08/2019 22:00,65232.453,33%,,,,,,,,,,
31/08/2019 23:00,64525.187,32%,,,,,,,,,,
01/09/2019 00:00,61759.629,31%,,,,,,,,,,
01/09/2019 01:00,56035.431,28%,,,,,,,,,,
01/09/2019 02:00,50858.787,25%,,,,,,,,,,
01/09/2019 03:00,48147.781,24%,,,,,,,,,,
01/09/2019 04:00,50516.743,25%,,,,,,,,,,
01/09/2019 05:00,54941.097,27%,,,,,,,,,,
01/09/2019 06:00,42867.855,21%,,,,,,,,,,
01/09/2019 07:00,50486.458,25%,,,,,,,,,,
01/09/2019 08:00,65795.245,33%,,,,,,,,,,
01/09/2019 09:00,72067.237,36%,,,,,,,,,,
01/09/2019 10:00,76795.244,38%,,,,,,,,,,
01/09/2019 11:00,82549.359,41%,,,,,,,,,,
01/09/2019 12:00,86336.177,43%,,,,,,,,,,
01/09/2019 13:00,89402.738,45%,,,,,,,,,,
01/09/2019 14:00,92314.073,46%,,,,,,,,,,
01/09/2019 15:00,91331.53,46%,,,,,,,,,,
01/09/2019 16:00,86505.288,43%,,,,,,,,,,
01/09/2019 17:00,73818.207,37%,,,,,,,,,,
01/09/2019 18:00,60993.633,30%,,,,,,,,,,
01/09/2019 19:00,56357.849,28%,,,,,,,,,,
01/09/2019 20:00,53931.887,27%,,,,,,,,,,
01/09/2019 21:00,54911.677,27%,,,,,,,,,,
01/09/2019 22:00,58148.738,29%,,,,,,,,,,
01/09/2019 23:00,61056.773,31%,,,,,,,,,,
02/09/2019 00:00,64524.185,32%,,,,,,,,,,
02/09/2019 01:00,65731.631,33%,,,,,,,,,,
02/09/2019 02:00,67590.171,34%,,,,,,,,,,
02/09/2019 03:00,64099.191,32%,,,,,,,,,,
02/09/2019 04:00,59992.639,30%,,,,,,,,,,
02/09/2019 05:00,56647.742,28%,,,,,,,,,,
02/09/2019 06:00,42757.044,21%,,,,,,,,,,
02/09/2019 07:00,37096.151,19%,,,,,,,,,,
02/09/2019 08:00,42443.106,21%,,,,,,,,,,
02/09/2019 09:00,50188.424,25%,,,,,,,,,,
02/09/2019 10:00,61696.711,31%,,,,,,,,,,
02/09/2019 11:00,70473.753,35%,,,,,,,,,,
02/09/2019 12:00,85006.625,43%,,,,,,,,,,
02/09/2019 13:00,100567.907,50%,,,,,,,,,,
02/09/2019 14:00,108867.2,54%,,,,,,,,,,
02/09/2019 15:00,113731.45,57%,,,,,,,,,,
02/09/2019 16:00,116542.733,58%,,,,,,,,,,
02/09/2019 17:00,105328.577,53%,,,,,,,,,,
02/09/2019 18:00,95928.042,48%,,,,,,,,,,
02/09/2019 19:00,86738.929,43%,,,,,,,,,,
02/09/2019 20:00,82639.799,41%,,,,,,,,,,
02/09/2019 21:00,83819.133,42%,,,,,,,,,,
02/09/2019 22:00,85728.32,43%,,,,,,,,,,
02/09/2019 23:00,93842.062,47%,,,,,,,,,,
03/09/2019 00:00,90350.077,45%,,,,,,,,,,
03/09/2019 01:00,83909.432,42%,,,,,,,,,,
03/09/2019 02:00,83912.49,42%,,,,,,,,,,
03/09/2019 03:00,79112.353,40%,,,,,,,,,,
03/09/2019 04:00,76725.704,38%,,,,,,,,,,
03/09/2019 05:00,74363.484,37%,,,,,,,,,,
03/09/2019 06:00,61717.121,31%,,,,,,,,,,
03/09/2019 07:00,54998.627,27%,,,,,,,,,,
03/09/2019 08:00,66001.241,33%,,,,,,,,,,
03/09/2019 09:00,71674.757,36%,,,,,,,,,,
03/09/2019 10:00,76340.41,38%,,,,,,,,,,
03/09/2019 11:00,82286.877,41%,,,,,,,,,,
03/09/2019 12:00,89970.312,45%,,,,,,,,,,
03/09/2019 13:00,98769.197,49%,,,,,,,,,,
03/09/2019 14:00,104458.435,52%,,,,,,,,,,
03/09/2019 15:00,107514.873,54%,,,,,,,,,,
03/09/2019 16:00,105639.461,53%,,,,,,,,,,
03/09/2019 17:00,96907.373,48%,,,,,,,,,,
03/09/2019 18:00,95306.054,48%,,,,,,,,,,
03/09/2019 19:00,96844.576,48%,,,,,,,,,,
03/09/2019 20:00,96842.774,48%,,,,,,,,,,
03/09/2019 21:00,98220.918,49%,,,,,,,,,,
03/09/2019 22:00,101802.894,51%,,,,,,,,,,
03/09/2019 23:00,105318.939,53%,,,,,,,,,,
04/09/2019 00:00,111288.442,56%,,,,,,,,,,
04/09/2019 01:00,112404.888,56%,,,,,,,,,,
04/09/2019 02:00,108332.444,54%,,,,,,,,,,
04/09/2019 03:00,104448.809,52%,,,,,,,,,,
04/09/2019 04:00,106171.441,53%,,,,,,,,,,
04/09/2019 05:00,98985.567,49%,,,,,,,,,,
04/09/2019 06:00,57892.433,29%,,,,,,,,,,
04/09/2019 07:00,66707.85,33%,,,,,,,,,,
04/09/2019 08:00,101334.883,51%,,,,,,,,,,
04/09/2019 09:00,115545.152,58%,,,,,,,,,,
04/09/2019 10:00,126094.281,63%,,,,,,,,,,
04/09/2019 11:00,142054.86,71%,,,,,,,,,,
04/09/2019 12:00,155311.498,78%,,,,,,,,,,
04/09/2019 13:00,162527.411,81%,,,,,,,,,,
04/09/2019 14:00,165882.634,83%,,,,,,,,,,
04/09/2019 15:00,169554.328,85%,,,,,,,,,,
04/09/2019 16:00,170805.397,85%,,,,,,,,,,
04/09/2019 17:00,161204.963,81%,,,,,,,,,,
04/09/2019 18:00,145631.354,73%,,,,,,,,,,
04/09/2019 19:00,138039.678,69%,,,,,,,,,,
04/09/2019 20:00,138039.862,69%,,,,,,,,,,
04/09/2019 21:00,139056.079,70%,,,,,,,,,,
04/09/2019 22:00,135043.399,68%,,,,,,,,,,
04/09/2019 23:00,133160.399,67%,,,,,,,,,,
05/09/2019 00:00,128816.477,64%,,,,,,,,,,
05/09/2019 01:00,116899.431,58%,,,,,,,,,,
05/09/2019 02:00,92756.051,46%,,,,,,,,,,
05/09/2019 03:00,77665.952,39%,,,,,,,,,,
05/09/2019 04:00,71987.028,36%,,,,,,,,,,
05/09/2019 05:00,71399.319,36%,,,,,,,,,,
05/09/2019 06:00,59203.698,30%,,,,,,,,,,
05/09/2019 07:00,66510.687,33%,,,,,,,,,,
05/09/2019 08:00,100169.432,50%,,,,,,,,,,
05/09/2019 09:00,93260.038,47%,,,,,,,,,,
05/09/2019 10:00,81960.586,41%,,,,,,,,,,
05/09/2019 11:00,75863.398,38%,,,,,,,,,,
05/09/2019 12:00,75253.473,38%,,,,,,,,,,
05/09/2019 13:00,78203.891,39%,,,,,,,,,,
05/09/2019 14:00,80409.961,40%,,,,,,,,,,
05/09/2019 15:00,80426.889,40%,,,,,,,,,,
05/09/2019 16:00,77128.835,39%,,,,,,,,,,
05/09/2019 17:00,61565.218,31%,,,,,,,,,,
05/09/2019 18:00,50802.534,25%,,,,,,,,,,
05/09/2019 19:00,62458.759,31%,,,,,,,,,,
05/09/2019 20:00,81862.288,41%,,,,,,,,,,
05/09/2019 21:00,80646.342,40%,,,,,,,,,,
05/09/2019 22:00,73380.803,37%,,,,,,,,,,
05/09/2019 23:00,72771.7,36%,,,,,,,,,,
06/09/2019 00:00,73671.366,37%,,,,,,,,,,
06/09/2019 01:00,79959.713,40%,,,,,,,,,,
06/09/2019 02:00,76912.764,38%,,,,,,,,,,
06/09/2019 03:00,74198.378,37%,,,,,,,,,,
06/09/2019 04:00,83619.144,42%,,,,,,,,,,
06/09/2019 05:00,90778.841,45%,,,,,,,,,,
06/09/2019 06:00,98770.731,49%,,,,,,,,,,
06/09/2019 07:00,100771.484,50%,,,,,,,,,,
06/09/2019 08:00,112268.915,56%,,,,,,,,,,
06/09/2019 09:00,131240.495,66%,,,,,,,,,,
06/09/2019 10:00,122290.069,61%,,,,,,,,,,
06/09/2019 11:00,120279.279,60%,,,,,,,,,,
06/09/2019 12:00,116367.119,58%,,,,,,,,,,
06/09/2019 13:00,111485.121,56%,,,,,,,,,,
06/09/2019 14:00,106756.184,53%,,,,,,,,,,
06/09/2019 15:00,101176.905,51%,,,,,,,,,,
06/09/2019 16:00,92958.84,46%,,,,,,,,,,
06/09/2019 17:00,75196.27,38%,,,,,,,,,,
06/09/2019 18:00,63839.988,32%,,,,,,,,,,
06/09/2019 19:00,64519.564,32%,,,,,,,,,,
06/09/2019 20:00,64014.364,32%,,,,,,,,,,
06/09/2019 21:00,68122.199,34%,,,,,,,,,,
06/09/2019 22:00,72102.729,36%,,,,,,,,,,
06/09/2019 23:00,73387.017,37%,,,,,,,,,,
07/09/2019 00:00,73367.511,37%,,,,,,,,,,
07/09/2019 01:00,73574.598,37%,,,,,,,,,,
07/09/2019 02:00,75789.497,38%,,,,,,,,,,
07/09/2019 03:00,77526.265,39%,,,,,,,,,,
07/09/2019 04:00,77126.192,39%,,,,,,,,,,
07/09/2019 05:00,74000.937,37%,,,,,,,,,,
07/09/2019 06:00,56608.836,28%,,,,,,,,,,
07/09/2019 07:00,40144.194,20%,,,,,,,,,,
07/09/2019 08:00,45543.297,23%,,,,,,,,,,
07/09/2019 09:00,44537.131,22%,,,,,,,,,,
07/09/2019 10:00,40566.089,20%,,,,,,,,,,
07/09/2019 11:00,39157.906,20%,,,,,,,,,,
07/09/2019 12:00,37358.495,19%,,,,,,,,,,
07/09/2019 13:00,36524.736,18%,,,,,,,,,,
07/09/2019 14:00,38382.766,19%,,,,,,,,,,
07/09/2019 15:00,42050.689,21%,,,,,,,,,,
07/09/2019 16:00,44610.785,22%,,,,,,,,,,
07/09/2019 17:00,42044.308,21%,,,,,,,,,,
07/09/2019 18:00,46301.395,23%,,,,,,,,,,
07/09/2019 19:00,49782.25,25%,,,,,,,,,,
07/09/2019 20:00,50648.663,25%,,,,,,,,,,
07/09/2019 21:00,46611.679,23%,,,,,,,,,,
07/09/2019 22:00,34605.515,17%,,,,,,,,,,
07/09/2019 23:00,20828.584,10%,,,,,,,,,,
08/09/2019 00:00,9842.821,5%,,,,,,,,,,
08/09/2019 01:00,3573.964,2%,,,,,,,,,,
08/09/2019 02:00,1276.941,1%,,,,,,,,,,
08/09/2019 03:00,2239.567,1%,,,,,,,,,,
08/09/2019 04:00,3463.46,2%,,,,,,,,,,
08/09/2019 05:00,4284.636,2%,,,,,,,,,,
08/09/2019 06:00,4233.709,2%,,,,,,,,,,
08/09/2019 07:00,2001.701,1%,,,,,,,,,,
08/09/2019 08:00,2081.761,1%,,,,,,,,,,
08/09/2019 09:00,2124.487,1%,,,,,,,,,,
08/09/2019 10:00,1867.492,1%,,,,,,,,,,
08/09/2019 11:00,1944.528,1%,,,,,,,,,,
08/09/2019 12:00,1892.201,1%,,,,,,,,,,
08/09/2019 13:00,1845.827,1%,,,,,,,,,,
08/09/2019 14:00,2308.323,1%,,,,,,,,,,
08/09/2019 15:00,2813.535,1%,,,,,,,,,,
08/09/2019 16:00,2789.861,1%,,,,,,,,,,
08/09/2019 17:00,2475.664,1%,,,,,,,,,,
08/09/2019 18:00,2011.424,1%,,,,,,,,,,
08/09/2019 19:00,3259.11,2%,,,,,,,,,,
08/09/2019 20:00,7852.507,4%,,,,,,,,,,
08/09/2019 21:00,15241.299,8%,,,,,,,,,,
08/09/2019 22:00,22061.302,11%,,,,,,,,,,
08/09/2019 23:00,25695.731,13%,,,,,,,,,,
09/09/2019 00:00,26315.071,13%,,,,,,,,,,
09/09/2019 01:00,24840.232,12%,,,,,,,,,,
09/09/2019 02:00,24299.868,12%,,,,,,,,,,
09/09/2019 03:00,27636.537,14%,,,,,,,,,,
09/09/2019 04:00,35787.417,18%,,,,,,,,,,
09/09/2019 05:00,46583.558,23%,,,,,,,,,,
09/09/2019 06:00,56552.312,28%,,,,,,,,,,
09/09/2019 07:00,57070.307,29%,,,,,,,,,,
09/09/2019 08:00,54964.985,27%,,,,,,,,,,
09/09/2019 09:00,58685.433,29%,,,,,,,,,,
09/09/2019 10:00,67060.885,34%,,,,,,,,,,
09/09/2019 11:00,67354.245,34%,,,,,,,,,,
09/09/2019 12:00,59208.739,30%,,,,,,,,,,
09/09/2019 13:00,47287.055,24%,,,,,,,,,,
09/09/2019 14:00,34100.768,17%,,,,,,,,,,
09/09/2019 15:00,23652.136,12%,,,,,,,,,,
09/09/2019 16:00,16179.503,8%,,,,,,,,,,
09/09/2019 17:00,9787.582,5%,,,,,,,,,,
09/09/2019 18:00,7031.814,4%,,,,,,,,,,
09/09/2019 19:00,5804.875,3%,,,,,,,,,,
09/09/2019 20:00,5227.603,3%,,,,,,,,,,
09/09/2019 21:00,7287.435,4%,,,,,,,,,,
09/09/2019 22:00,12897.495,6%,,,,,,,,,,
09/09/2019 23:00,16615.048,8%,,,,,,,,,,
10/09/2019 00:00,15177.917,8%,,,,,,,,,,
10/09/2019 01:00,15283.355,8%,,,,,,,,,,
10/09/2019 02:00,20588.543,10%,,,,,,,,,,
10/09/2019 03:00,29775.61,15%,,,,,,,,,,
10/09/2019 04:00,36802.763,18%,,,,,,,,,,
10/09/2019 05:00,40204.739,20%,,,,,,,,,,
10/09/2019 06:00,39915.373,20%,,,,,,,,,,
10/09/2019 07:00,28802.972,14%,,,,,,,,,,
10/09/2019 08:00,33820.35,17%,,,,,,,,,,
10/09/2019 09:00,36225.123,18%,,,,,,,,,,
10/09/2019 10:00,32097.692,16%,,,,,,,,,,
10/09/2019 11:00,29219.804,15%,,,,,,,,,,
10/09/2019 12:00,23289.681,12%,,,,,,,,,,
10/09/2019 13:00,21158.238,11%,,,,,,,,,,
10/09/2019 14:00,31077.596,16%,,,,,,,,,,
10/09/2019 15:00,38891.764,19%,,,,,,,,,,
10/09/2019 16:00,36963.551,18%,,,,,,,,,,
10/09/2019 17:00,35773.445,18%,,,,,,,,,,
10/09/2019 18:00,40329.424,20%,,,,,,,,,,
10/09/2019 19:00,45047.968,23%,,,,,,,,,,
10/09/2019 20:00,58271.206,29%,,,,,,,,,,
10/09/2019 21:00,67826.068,34%,,,,,,,,,,
10/09/2019 22:00,65030.452,33%,,,,,,,,,,
10/09/2019 23:00,68651.022,34%,,,,,,,,,,
11/09/2019 00:00,82004.794,41%,,,,,,,,,,
11/09/2019 01:00,103958.596,52%,,,,,,,,,,
11/09/2019 02:00,114220.772,57%,,,,,,,,,,
11/09/2019 03:00,115902.171,58%,,,,,,,,,,
11/09/2019 04:00,117907.631,59%,,,,,,,,,,
11/09/2019 05:00,130004.05,65%,,,,,,,,,,
11/09/2019 06:00,126589.706,63%,,,,,,,,,,
11/09/2019 07:00,115912.431,58%,,,,,,,,,,
11/09/2019 08:00,138046.09,69%,,,,,,,,,,
11/09/2019 09:00,148772.969,74%,,,,,,,,,,
11/09/2019 10:00,143573.655,72%,,,,,,,,,,
11/09/2019 11:00,135783.017,68%,,,,,,,,,,
11/09/2019 12:00,129709.503,65%,,,,,,,,,,
11/09/2019 13:00,122554.065,61%,,,,,,,,,,
11/09/2019 14:00,112699.819,56%,,,,,,,,,,
11/09/2019 15:00,97668.829,49%,,,,,,,,,,
11/09/2019 16:00,78003.693,39%,,,,,,,,,,
11/09/2019 17:00,59046.669,30%,,,,,,,,,,
11/09/2019 18:00,55835.145,28%,,,,,,,,,,
11/09/2019 19:00,55652.135,28%,,,,,,,,,,
11/09/2019 20:00,47353.371,24%,,,,,,,,,,
11/09/2019 21:00,43003.135,22%,,,,,,,,,,
11/09/2019 22:00,44606.792,22%,,,,,,,,,,
11/09/2019 23:00,48598.705,24%,,,,,,,,,,
12/09/2019 00:00,54443.744,27%,,,,,,,,,,
12/09/2019 01:00,60917.515,30%,,,,,,,,,,
12/09/2019 02:00,64650.903,32%,,,,,,,,,,
12/09/2019 03:00,66313.675,33%,,,,,,,,,,
12/09/2019 04:00,71270.808,36%,,,,,,,,,,
12/09/2019 05:00,77079.524,39%,,,,,,,,,,
12/09/2019 06:00,71535.984,36%,,,,,,,,,,
12/09/2019 07:00,59190.328,30%,,,,,,,,,,
12/09/2019 08:00,86095.672,43%,,,,,,,,,,
12/09/2019 09:00,111288.478,56%,,,,,,,,,,
12/09/2019 10:00,129808.905,65%,,,,,,,,,,
12/09/2019 11:00,139552.745,70%,,,,,,,,,,
12/09/2019 12:00,148761.143,74%,,,,,,,,,,
12/09/2019 13:00,157693.917,79%,,,,,,,,,,
12/09/2019 14:00,162452.308,81%,,,,,,,,,,
12/09/2019 15:00,162370.556,81%,,,,,,,,,,
12/09/2019 16:00,153635.049,77%,,,,,,,,,,
12/09/2019 17:00,133165.221,67%,,,,,,,,,,
12/09/2019 18:00,113158.565,57%,,,,,,,,,,
12/09/2019 19:00,100143.974,50%,,,,,,,,,,
12/09/2019 20:00,76471.252,38%,,,,,,,,,,
12/09/2019 21:00,68126.683,34%,,,,,,,,,,
12/09/2019 22:00,75583.394,38%,,,,,,,,,,
12/09/2019 23:00,70479.471,35%,,,,,,,,,,
13/09/2019 00:00,66320.449,33%,,,,,,,,,,
13/09/2019 01:00,64015.132,32%,,,,,,,,,,
13/09/2019 02:00,55664.871,28%,,,,,,,,,,
13/09/2019 03:00,48080.941,24%,,,,,,,,,,
13/09/2019 04:00,46142.514,23%,,,,,,,,,,
13/09/2019 05:00,46143.477,23%,,,,,,,,,,
13/09/2019 06:00,38506.385,19%,,,,,,,,,,
13/09/2019 07:00,19761.347,10%,,,,,,,,,,
13/09/2019 08:00,26592.61,13%,,,,,,,,,,
13/09/2019 09:00,25678.225,13%,,,,,,,,,,
13/09/2019 10:00,21559.773,11%,,,,,,,,,,
13/09/2019 11:00,18910.721,9%,,,,,,,,,,
13/09/2019 12:00,17470.241,9%,,,,,,,,,,
13/09/2019 13:00,17648.429,9%,,,,,,,,,,
13/09/2019 14:00,18523.404,9%,,,,,,,,,,
13/09/2019 15:00,19296.799,10%,,,,,,,,,,
13/09/2019 16:00,22156.754,11%,,,,,,,,,,
13/09/2019 17:00,30134.823,15%,,,,,,,,,,
13/09/2019 18:00,44606.509,22%,,,,,,,,,,
13/09/2019 19:00,49054.991,25%,,,,,,,,,,
13/09/2019 20:00,42282.527,21%,,,,,,,,,,
13/09/2019 21:00,34302.418,17%,,,,,,,,,,
13/09/2019 22:00,28447.572,14%,,,,,,,,,,
13/09/2019 23:00,22614.696,11%,,,,,,,,,,
14/09/2019 00:00,17756.663,9%,,,,,,,,,,
14/09/2019 01:00,17354.117,9%,,,,,,,,,,
14/09/2019 02:00,20904.491,10%,,,,,,,,,,
14/09/2019 03:00,26578.55,13%,,,,,,,,,,
14/09/2019 04:00,32110.315,16%,,,,,,,,,,
14/09/2019 05:00,35917.068,18%,,,,,,,,,,
14/09/2019 06:00,35778.674,18%,,,,,,,,,,
14/09/2019 07:00,20287.949,10%,,,,,,,,,,
14/09/2019 08:00,16613.12,8%,,,,,,,,,,
14/09/2019 09:00,31254.706,16%,,,,,,,,,,
14/09/2019 10:00,27245.891,14%,,,,,,,,,,
14/09/2019 11:00,23673.901,12%,,,,,,,,,,
14/09/2019 12:00,23378.787,12%,,,,,,,,,,
14/09/2019 13:00,25290.348,13%,,,,,,,,,,
14/09/2019 14:00,28067.817,14%,,,,,,,,,,
14/09/2019 15:00,30382.085,15%,,,,,,,,,,
14/09/2019 16:00,29801.95,15%,,,,,,,,,,
14/09/2019 17:00,35679.501,18%,,,,,,,,,,
14/09/2019 18:00,52276.449,26%,,,,,,,,,,
14/09/2019 19:00,68646.111,34%,,,,,,,,,,
14/09/2019 20:00,77992.623,39%,,,,,,,,,,
14/09/2019 21:00,80860.473,40%,,,,,,,,,,
14/09/2019 22:00,80554.771,40%,,,,,,,,,,
14/09/2019 23:00,78817.372,39%,,,,,,,,,,
15/09/2019 00:00,76795.647,38%,,,,,,,,,,
15/09/2019 01:00,75784.899,38%,,,,,,,,,,
15/09/2019 02:00,74108.493,37%,,,,,,,,,,
15/09/2019 03:00,72818.714,36%,,,,,,,,,,
15/09/2019 04:00,70970.681,35%,,,,,,,,,,
15/09/2019 05:00,67927.492,34%,,,,,,,,,,
15/09/2019 06:00,54483.277,27%,,,,,,,,,,
15/09/2019 07:00,30202.559,15%,,,,,,,,,,
15/09/2019 08:00,37170.949,19%,,,,,,,,,,
15/09/2019 09:00,33943.963,17%,,,,,,,,,,
15/09/2019 10:00,29432.955,15%,,,,,,,,,,
15/09/2019 11:00,32402.27,16%,,,,,,,,,,
15/09/2019 12:00,40894.522,20%,,,,,,,,,,
15/09/2019 13:00,44774.126,22%,,,,,,,,,,
15/09/2019 14:00,43495.492,22%,,,,,,,,,,
15/09/2019 15:00,42718.598,21%,,,,,,,,,,
15/09/2019 16:00,38838.475,19%,,,,,,,,,,
15/09/2019 17:00,29846.43,15%,,,,,,,,,,
15/09/2019 18:00,23532.607,12%,,,,,,,,,,
15/09/2019 19:00,15974.548,8%,,,,,,,,,,
15/09/2019 20:00,9333.634,5%,,,,,,,,,,
15/09/2019 21:00,6067.006,3%,,,,,,,,,,
15/09/2019 22:00,6161.364,3%,,,,,,,,,,
15/09/2019 23:00,8178.394,4%,,,,,,,,,,
16/09/2019 00:00,12420.749,6%,,,,,,,,,,
16/09/2019 01:00,17462.784,9%,,,,,,,,,,
16/09/2019 02:00,20030.89,10%,,,,,,,,,,
16/09/2019 03:00,18721.006,9%,,,,,,,,,,
16/09/2019 04:00,17872.525,9%,,,,,,,,,,
16/09/2019 05:00,16688.906,8%,,,,,,,,,,
16/09/2019 06:00,13587.765,7%,,,,,,,,,,
16/09/2019 07:00,8872.015,4%,,,,,,,,,,
16/09/2019 08:00,8873.638,4%,,,,,,,,,,
16/09/2019 09:00,9246.932,5%,,,,,,,,,,
16/09/2019 10:00,10494.88,5%,,,,,,,,,,
16/09/2019 11:00,12287.781,6%,,,,,,,,,,
16/09/2019 12:00,12524.745,6%,,,,,,,,,,
16/09/2019 13:00,13574.342,7%,,,,,,,,,,
16/09/2019 14:00,14889.688,7%,,,,,,,,,,
16/09/2019 15:00,16817.078,8%,,,,,,,,,,
16/09/2019 16:00,19986.281,10%,,,,,,,,,,
16/09/2019 17:00,23216.223,12%,,,,,,,,,,
16/09/2019 18:00,33482.041,17%,,,,,,,,,,
16/09/2019 19:00,46401.978,23%,,,,,,,,,,
16/09/2019 20:00,54403.444,27%,,,,,,,,,,
16/09/2019 21:00,58758.942,29%,,,,,,,,,,
16/09/2019 22:00,58265.243,29%,,,,,,,,,,
16/09/2019 23:00,53105.719,27%,,,,,,,,,,
17/09/2019 00:00,48154.041,24%,,,,,,,,,,
17/09/2019 01:00,49737.761,25%,,,,,,,,,,
17/09/2019 02:00,58495.136,29%,,,,,,,,,,
17/09/2019 03:00,61181.215,31%,,,,,,,,,,
17/09/2019 04:00,57664.636,29%,,,,,,,,,,
17/09/2019 05:00,54400.703,27%,,,,,,,,,,
17/09/2019 06:00,47653.706,24%,,,,,,,,,,
17/09/2019 07:00,29491.384,15%,,,,,,,,,,
17/09/2019 08:00,46582.069,23%,,,,,,,,,,
17/09/2019 09:00,47587.418,24%,,,,,,,,,,
17/09/2019 10:00,46148.124,23%,,,,,,,,,,
17/09/2019 11:00,46752.544,23%,,,,,,,,,,
17/09/2019 12:00,46456.351,23%,,,,,,,,,,
17/09/2019 13:00,44056.293,22%,,,,,,,,,,
17/09/2019 14:00,41097.791,21%,,,,,,,,,,
17/09/2019 15:00,38768.341,19%,,,,,,,,,,
17/09/2019 16:00,36927.07,18%,,,,,,,,,,
17/09/2019 17:00,36520.394,18%,,,,,,,,,,
17/09/2019 18:00,43038.755,22%,,,,,,,,,,
17/09/2019 19:00,40307.625,20%,,,,,,,,,,
17/09/2019 20:00,31501.109,16%,,,,,,,,,,
17/09/2019 21:00,23733.32,12%,,,,,,,,,,
17/09/2019 22:00,19304.355,10%,,,,,,,,,,
17/09/2019 23:00,15536.174,8%,,,,,,,,,,
18/09/2019 00:00,11543.588,6%,,,,,,,,,,
18/09/2019 01:00,7476.082,4%,,,,,,,,,,
18/09/2019 02:00,4302.48,2%,,,,,,,,,,
18/09/2019 03:00,2343.979,1%,,,,,,,,,,
18/09/2019 04:00,2130.012,1%,,,,,,,,,,
18/09/2019 05:00,2751.456,1%,,,,,,,,,,
18/09/2019 06:00,3597.075,2%,,,,,,,,,,
18/09/2019 07:00,2784.392,1%,,,,,,,,,,
18/09/2019 08:00,2532.545,1%,,,,,,,,,,
18/09/2019 09:00,2587.049,1%,,,,,,,,,,
18/09/2019 10:00,2684.199,1%,,,,,,,,,,
18/09/2019 11:00,3708.041,2%,,,,,,,,,,
18/09/2019 12:00,5900.966,3%,,,,,,,,,,
18/09/2019 13:00,8635.061,4%,,,,,,,,,,
18/09/2019 14:00,11581.883,6%,,,,,,,,,,
18/09/2019 15:00,14489.408,7%,,,,,,,,,,
18/09/2019 16:00,17564.803,9%,,,,,,,,,,
18/09/2019 17:00,22335.475,11%,,,,,,,,,,
18/09/2019 18:00,31031.385,16%,,,,,,,,,,
18/09/2019 19:00,37473.025,19%,,,,,,,,,,
18/09/2019 20:00,38975.887,19%,,,,,,,,,,
18/09/2019 21:00,37204.343,19%,,,,,,,,,,
18/09/2019 22:00,32009.143,16%,,,,,,,,,,
18/09/2019 23:00,24526.33,12%,,,,,,,,,,
19/09/2019 00:00,18628.571,9%,,,,,,,,,,
19/09/2019 01:00,15280.054,8%,,,,,,,,,,
19/09/2019 02:00,12213,6%,,,,,,,,,,
19/09/2019 03:00,8703.507,4%,,,,,,,,,,
19/09/2019 04:00,5764.416,3%,,,,,,,,,,
19/09/2019 05:00,4907.27,2%,,,,,,,,,,
19/09/2019 06:00,5485.133,3%,,,,,,,,,,
19/09/2019 07:00,3628.318,2%,,,,,,,,,,
19/09/2019 08:00,1375.89,1%,,,,,,,,,,
19/09/2019 09:00,631.205,0%,,,,,,,,,,
19/09/2019 10:00,620.145,0%,,,,,,,,,,
19/09/2019 11:00,702.093,0%,,,,,,,,,,
19/09/2019 12:00,848.077,0%,,,,,,,,,,
19/09/2019 13:00,918.279,0%,,,,,,,,,,
19/09/2019 14:00,1015.615,1%,,,,,,,,,,
19/09/2019 15:00,1349.365,1%,,,,,,,,,,
19/09/2019 16:00,2080.946,1%,,,,,,,,,,
19/09/2019 17:00,3700.608,2%,,,,,,,,,,
19/09/2019 18:00,7176.127,4%,,,,,,,,,,
19/09/2019 19:00,13244.314,7%,,,,,,,,,,
19/09/2019 20:00,20678.911,10%,,,,,,,,,,
19/09/2019 21:00,28785.913,14%,,,,,,,,,,
19/09/2019 22:00,36519.946,18%,,,,,,,,,,
19/09/2019 23:00,43471.653,22%,,,,,,,,,,
20/09/2019 00:00,47759.858,24%,,,,,,,,,,
20/09/2019 01:00,46588.622,23%,,,,,,,,,,
20/09/2019 02:00,41164.838,21%,,,,,,,,,,
20/09/2019 03:00,36066.518,18%,,,,,,,,,,
20/09/2019 04:00,33222.234,17%,,,,,,,,,,
20/09/2019 05:00,32050.782,16%,,,,,,,,,,
20/09/2019 06:00,31482.439,16%,,,,,,,,,,
20/09/2019 07:00,22288.037,11%,,,,,,,,,,
20/09/2019 08:00,31082.606,16%,,,,,,,,,,
20/09/2019 09:00,43472.501,22%,,,,,,,,,,
20/09/2019 10:00,50189.059,25%,,,,,,,,,,
20/09/2019 11:00,57535.134,29%,,,,,,,,,,
20/09/2019 12:00,66313.318,33%,,,,,,,,,,
20/09/2019 13:00,75688.166,38%,,,,,,,,,,
20/09/2019 14:00,84970.95,42%,,,,,,,,,,
20/09/2019 15:00,89690.559,45%,,,,,,,,,,
20/09/2019 16:00,91881.79,46%,,,,,,,,,,
20/09/2019 17:00,103705.233,52%,,,,,,,,,,
20/09/2019 18:00,117122.232,59%,,,,,,,,,,
20/09/2019 19:00,115440.963,58%,,,,,,,,,,
20/09/2019 20:00,105661.39,53%,,,,,,,,,,
20/09/2019 21:00,99422.53,50%,,,,,,,,,,
20/09/2019 22:00,96290.364,48%,,,,,,,,,,
20/09/2019 23:00,95411.964,48%,,,,,,,,,,
21/09/2019 00:00,96292.859,48%,,,,,,,,,,
21/09/2019 01:00,97204.453,49%,,,,,,,,,,
21/09/2019 02:00,97112.26,49%,,,,,,,,,,
21/09/2019 03:00,95695.956,48%,,,,,,,,,,
21/09/2019 04:00,92088.817,46%,,,,,,,,,,
21/09/2019 05:00,88298.565,44%,,,,,,,,,,
21/09/2019 06:00,80032.073,40%,,,,,,,,,,
21/09/2019 07:00,65226.872,33%,,,,,,,,,,
21/09/2019 08:00,66558.824,33%,,,,,,,,,,
21/09/2019 09:00,82879.383,41%,,,,,,,,,,
21/09/2019 10:00,95191.03,48%,,,,,,,,,,
21/09/2019 11:00,99594.892,50%,,,,,,,,,,
21/09/2019 12:00,96052.726,48%,,,,,,,,,,
21/09/2019 13:00,91879.794,46%,,,,,,,,,,
21/09/2019 14:00,86379.174,43%,,,,,,,,,,
21/09/2019 15:00,82821.132,41%,,,,,,,,,,
21/09/2019 16:00,86668.914,43%,,,,,,,,,,
21/09/2019 17:00,99593.962,50%,,,,,,,,,,
21/09/2019 18:00,111099.601,56%,,,,,,,,,,
21/09/2019 19:00,106429.502,53%,,,,,,,,,,
21/09/2019 20:00,91446.336,46%,,,,,,,,,,
21/09/2019 21:00,79557.012,40%,,,,,,,,,,
21/09/2019 22:00,70473.35,35%,,,,,,,,,,
21/09/2019 23:00,65037.934,33%,,,,,,,,,,
22/09/2019 00:00,64014.904,32%,,,,,,,,,,
22/09/2019 01:00,65554.419,33%,,,,,,,,,,
22/09/2019 02:00,69479.177,35%,,,,,,,,,,
22/09/2019 03:00,66312.154,33%,,,,,,,,,,
22/09/2019 04:00,66312.885,33%,,,,,,,,,,
22/09/2019 05:00,61742.981,31%,,,,,,,,,,
22/09/2019 06:00,52844.967,26%,,,,,,,,,,
22/09/2019 07:00,37362.852,19%,,,,,,,,,,
22/09/2019 08:00,32296.773,16%,,,,,,,,,,
22/09/2019 09:00,42239.134,21%,,,,,,,,,,
22/09/2019 10:00,48153.776,24%,,,,,,,,,,
22/09/2019 11:00,60877.701,30%,,,,,,,,,,
22/09/2019 12:00,59298.09,30%,,,,,,,,,,
22/09/2019 13:00,45668.535,23%,,,,,,,,,,
22/09/2019 14:00,44088.153,22%,,,,,,,,,,
22/09/2019 15:00,41255.268,21%,,,,,,,,,,
22/09/2019 16:00,43811.129,22%,,,,,,,,,,
22/09/2019 17:00,53412.16,27%,,,,,,,,,,
22/09/2019 18:00,71160.511,36%,,,,,,,,,,
22/09/2019 19:00,79556.064,40%,,,,,,,,,,
22/09/2019 20:00,77543.846,39%,,,,,,,,,,
22/09/2019 21:00,71005.205,36%,,,,,,,,,,
22/09/2019 22:00,62693.514,31%,,,,,,,,,,
22/09/2019 23:00,59988.535,30%,,,,,,,,,,
23/09/2019 00:00,62242.823,31%,,,,,,,,,,
23/09/2019 01:00,70999.633,35%,,,,,,,,,,
23/09/2019 02:00,76229.51,38%,,,,,,,,,,
23/09/2019 03:00,78042.764,39%,,,,,,,,,,
23/09/2019 04:00,73381.534,37%,,,,,,,,,,
23/09/2019 05:00,63441.072,32%,,,,,,,,,,
23/09/2019 06:00,57546.341,29%,,,,,,,,,,
23/09/2019 07:00,41478.023,21%,,,,,,,,,,
23/09/2019 08:00,38953.41,19%,,,,,,,,,,
23/09/2019 09:00,61388.067,31%,,,,,,,,,,
23/09/2019 10:00,82005.213,41%,,,,,,,,,,
23/09/2019 11:00,98819.755,49%,,,,,,,,,,
23/09/2019 12:00,113158.21,57%,,,,,,,,,,
23/09/2019 13:00,125766.346,63%,,,,,,,,,,
23/09/2019 14:00,135553.724,68%,,,,,,,,,,
23/09/2019 15:00,131261.062,66%,,,,,,,,,,
23/09/2019 16:00,120547.361,60%,,,,,,,,,,
23/09/2019 17:00,129383.606,65%,,,,,,,,,,
23/09/2019 18:00,145888.767,73%,,,,,,,,,,
23/09/2019 19:00,142497.223,71%,,,,,,,,,,
23/09/2019 20:00,124403.145,62%,,,,,,,,,,
23/09/2019 21:00,103998.729,52%,,,,,,,,,,
23/09/2019 22:00,91563.367,46%,,,,,,,,,,
23/09/2019 23:00,82976.795,41%,,,,,,,,,,
24/09/2019 00:00,81384.321,41%,,,,,,,,,,
24/09/2019 01:00,77661.989,39%,,,,,,,,,,
24/09/2019 02:00,74862.676,37%,,,,,,,,,,
24/09/2019 03:00,72101.266,36%,,,,,,,,,,
24/09/2019 04:00,72323.848,36%,,,,,,,,,,
24/09/2019 05:00,80298.199,40%,,,,,,,,,,
24/09/2019 06:00,77961.968,39%,,,,,,,,,,
24/09/2019 07:00,65752.289,33%,,,,,,,,,,
24/09/2019 08:00,59905.645,30%,,,,,,,,,,
24/09/2019 09:00,50870.959,25%,,,,,,,,,,
24/09/2019 10:00,43436.824,22%,,,,,,,,,,
24/09/2019 11:00,50961.755,25%,,,,,,,,,,
24/09/2019 12:00,69260.117,35%,,,,,,,,,,
24/09/2019 13:00,90939.023,45%,,,,,,,,,,
24/09/2019 14:00,112407.256,56%,,,,,,,,,,
24/09/2019 15:00,116598.342,58%,,,,,,,,,,
24/09/2019 16:00,104300.647,52%,,,,,,,,,,
24/09/2019 17:00,92090.262,46%,,,,,,,,,,
24/09/2019 18:00,91754.334,46%,,,,,,,,,,
24/09/2019 19:00,83340.005,42%,,,,,,,,,,
24/09/2019 20:00,78568.069,39%,,,,,,,,,,
24/09/2019 21:00,76012.596,38%,,,,,,,,,,
24/09/2019 22:00,75245.262,38%,,,,,,,,,,
24/09/2019 23:00,76301.437,38%,,,,,,,,,,
25/09/2019 00:00,73789.364,37%,,,,,,,,,,
25/09/2019 01:00,70374.033,35%,,,,,,,,,,
25/09/2019 02:00,62135.538,31%,,,,,,,,,,
25/09/2019 03:00,50798.062,25%,,,,,,,,,,
25/09/2019 04:00,34328.701,17%,,,,,,,,,,
25/09/2019 05:00,19036.913,10%,,,,,,,,,,
25/09/2019 06:00,9593.551,5%,,,,,,,,,,
25/09/2019 07:00,7448.429,4%,,,,,,,,,,
25/09/2019 08:00,12573.708,6%,,,,,,,,,,
25/09/2019 09:00,20246.397,10%,,,,,,,,,,
25/09/2019 10:00,26156.309,13%,,,,,,,,,,
25/09/2019 11:00,31337.043,16%,,,,,,,,,,
25/09/2019 12:00,35154.565,18%,,,,,,,,,,
25/09/2019 13:00,38023.791,19%,,,,,,,,,,
25/09/2019 14:00,38478.102,19%,,,,,,,,,,
25/09/2019 15:00,35043.063,18%,,,,,,,,,,
25/09/2019 16:00,29712.05,15%,,,,,,,,,,
25/09/2019 17:00,33510.045,17%,,,,,,,,,,
25/09/2019 18:00,50190.674,25%,,,,,,,,,,
25/09/2019 19:00,61916.095,31%,,,,,,,,,,
25/09/2019 20:00,68238.337,34%,,,,,,,,,,
25/09/2019 21:00,70882.948,35%,,,,,,,,,,
25/09/2019 22:00,71000.352,36%,,,,,,,,,,
25/09/2019 23:00,73994.789,37%,,,,,,,,,,
26/09/2019 00:00,79014.701,40%,,,,,,,,,,
26/09/2019 01:00,85004.78,43%,,,,,,,,,,
26/09/2019 02:00,91936.17,46%,,,,,,,,,,
26/09/2019 03:00,98767.91,49%,,,,,,,,,,
26/09/2019 04:00,107458.588,54%,,,,,,,,,,
26/09/2019 05:00,106972.415,53%,,,,,,,,,,
26/09/2019 06:00,95291.296,48%,,,,,,,,,,
26/09/2019 07:00,69209.997,35%,,,,,,,,,,
26/09/2019 08:00,81455.795,41%,,,,,,,,,,
26/09/2019 09:00,112721.589,56%,,,,,,,,,,
26/09/2019 10:00,131342.197,66%,,,,,,,,,,
26/09/2019 11:00,136962.093,68%,,,,,,,,,,
26/09/2019 12:00,142049.397,71%,,,,,,,,,,
26/09/2019 13:00,149858.011,75%,,,,,,,,,,
26/09/2019 14:00,152434.514,76%,,,,,,,,,,
26/09/2019 15:00,143576.707,72%,,,,,,,,,,
26/09/2019 16:00,127252.942,64%,,,,,,,,,,
26/09/2019 17:00,121273.26,61%,,,,,,,,,,
26/09/2019 18:00,123770.254,62%,,,,,,,,,,
26/09/2019 19:00,118219.413,59%,,,,,,,,,,
26/09/2019 20:00,113158.609,57%,,,,,,,,,,
26/09/2019 21:00,111933.713,56%,,,,,,,,,,
26/09/2019 22:00,122553.959,61%,,,,,,,,,,
26/09/2019 23:00,127153.196,64%,,,,,,,,,,
27/09/2019 00:00,122315.521,61%,,,,,,,,,,
27/09/2019 01:00,120244.914,60%,,,,,,,,,,
27/09/2019 02:00,115345.506,58%,,,,,,,,,,
27/09/2019 03:00,113158.131,57%,,,,,,,,,,
27/09/2019 04:00,111288.118,56%,,,,,,,,,,
27/09/2019 05:00,101365.482,51%,,,,,,,,,,
27/09/2019 06:00,98771.234,49%,,,,,,,,,,
27/09/2019 07:00,99081.822,50%,,,,,,,,,,
27/09/2019 08:00,114220.669,57%,,,,,,,,,,
27/09/2019 09:00,142319.525,71%,,,,,,,,,,
27/09/2019 10:00,156171.533,78%,,,,,,,,,,
27/09/2019 11:00,170093.728,85%,,,,,,,,,,
27/09/2019 12:00,171162.615,86%,,,,,,,,,,
27/09/2019 13:00,163195.393,82%,,,,,,,,,,
27/09/2019 14:00,158708.247,79%,,,,,,,,,,
27/09/2019 15:00,155769.09,78%,,,,,,,,,,
27/09/2019 16:00,140279.191,70%,,,,,,,,,,
27/09/2019 17:00,120568.997,60%,,,,,,,,,,
27/09/2019 18:00,100457.42,50%,,,,,,,,,,
27/09/2019 19:00,88303.576,44%,,,,,,,,,,
27/09/2019 20:00,89402.39,45%,,,,,,,,,,
27/09/2019 21:00,91882.046,46%,,,,,,,,,,
27/09/2019 22:00,92604.911,46%,,,,,,,,,,
27/09/2019 23:00,92710.064,46%,,,,,,,,,,
28/09/2019 00:00,95187.898,48%,,,,,,,,,,
28/09/2019 01:00,99595.214,50%,,,,,,,,,,
28/09/2019 02:00,107554.069,54%,,,,,,,,,,
28/09/2019 03:00,118430.942,59%,,,,,,,,,,
28/09/2019 04:00,132684.473,66%,,,,,,,,,,
28/09/2019 05:00,145754.347,73%,,,,,,,,,,
28/09/2019 06:00,149178.549,75%,,,,,,,,,,
28/09/2019 07:00,147518.009,74%,,,,,,,,,,
28/09/2019 08:00,148149.784,74%,,,,,,,,,,
28/09/2019 09:00,160044.191,80%,,,,,,,,,,
28/09/2019 10:00,162568.339,81%,,,,,,,,,,
28/09/2019 11:00,158186.359,79%,,,,,,,,,,
28/09/2019 12:00,153121.726,77%,,,,,,,,,,
28/09/2019 13:00,150245.579,75%,,,,,,,,,,
28/09/2019 14:00,146358.986,73%,,,,,,,,,,
28/09/2019 15:00,129927.758,65%,,,,,,,,,,
28/09/2019 16:00,100645.842,50%,,,,,,,,,,
28/09/2019 17:00,76713.387,38%,,,,,,,,,,
28/09/2019 18:00,71528.122,36%,,,,,,,,,,
28/09/2019 19:00,74714.321,37%,,,,,,,,,,
28/09/2019 20:00,71530.74,36%,,,,,,,,,,
28/09/2019 21:00,82559.669,41%,,,,,,,,,,
28/09/2019 22:00,100694.133,50%,,,,,,,,,,
28/09/2019 23:00,119727.585,60%,,,,,,,,,,
29/09/2019 00:00,154313.531,77%,,,,,,,,,,
29/09/2019 01:00,166423.12,83%,,,,,,,,,,
29/09/2019 02:00,156723.251,78%,,,,,,,,,,
29/09/2019 03:00,144581.925,72%,,,,,,,,,,
29/09/2019 04:00,134811.515,67%,,,,,,,,,,
29/09/2019 05:00,133908.317,67%,,,,,,,,,,
29/09/2019 06:00,131474.431,66%,,,,,,,,,,
29/09/2019 07:00,124467.459,62%,,,,,,,,,,
29/09/2019 08:00,99481.851,50%,,,,,,,,,,
29/09/2019 09:00,95851.751,48%,,,,,,,,,,
29/09/2019 10:00,87670.844,44%,,,,,,,,,,
29/09/2019 11:00,87632.974,44%,,,,,,,,,,
29/09/2019 12:00,89177.666,45%,,,,,,,,,,
29/09/2019 13:00,96291.291,48%,,,,,,,,,,
29/09/2019 14:00,120243.682,60%,,,,,,,,,,
29/09/2019 15:00,150387.811,75%,,,,,,,,,,
29/09/2019 16:00,154865.041,77%,,,,,,,,,,
29/09/2019 17:00,134812.523,67%,,,,,,,,,,
29/09/2019 18:00,106972.947,53%,,,,,,,,,,
29/09/2019 19:00,91330.482,46%,,,,,,,,,,
29/09/2019 20:00,90009.433,45%,,,,,,,,,,
29/09/2019 21:00,81396.239,41%,,,,,,,,,,
29/09/2019 22:00,69166.706,35%,,,,,,,,,,
29/09/2019 23:00,66832.345,33%,,,,,,,,,,
30/09/2019 00:00,62782.226,31%,,,,,,,,,,
30/09/2019 01:00,59562.211,30%,,,,,,,,,,
30/09/2019 02:00,54028.363,27%,,,,,,,,,,
30/09/2019 03:00,48597.871,24%,,,,,,,,,,
30/09/2019 04:00,41205.342,21%,,,,,,,,,,
30/09/2019 05:00,31827.385,16%,,,,,,,,,,
30/09/2019 06:00,23932.378,12%,,,,,,,,,,
30/09/2019 07:00,16373.216,8%,,,,,,,,,,
30/09/2019 08:00,8691.174,4%,,,,,,,,,,
30/09/2019 09:00,11671.424,6%,,,,,,,,,,
30/09/2019 10:00,16816.861,8%,,,,,,,,,,
30/09/2019 11:00,24136.532,12%,,,,,,,,,,
30/09/2019 12:00,32582.285,16%,,,,,,,,,,
30/09/2019 13:00,38181.15,19%,,,,,,,,,,
30/09/2019 14:00,40079.382,20%,,,,,,,,,,
30/09/2019 15:00,38550.737,19%,,,,,,,,,,
30/09/2019 16:00,49275.043,25%,,,,,,,,,,
30/09/2019 17:00,87408.871,44%,,,,,,,,,,
30/09/2019 18:00,108867.2,54%,,,,,,,,,,
30/09/2019 19:00,86891.218,43%,,,,,,,,,,
30/09/2019 20:00,84567.017,42%,,,,,,,,,,
30/09/2019 21:00,108125.878,54%,,,,,,,,,,
30/09/2019 22:00,121024.492,61%,,,,,,,,,,
30/09/2019 23:00,122729.249,61%,,,,,,,,,,
01/10/2019 00:00,107775.936,54%,,,,,,,,,,
01/10/2019 01:00,86072.003,43%,,,,,,,,,,
01/10/2019 02:00,72803.241,36%,,,,,,,,,,
01/10/2019 03:00,65037.003,33%,,,,,,,,,,
01/10/2019 04:00,62999.001,31%,,,,,,,,,,
01/10/2019 05:00,59909.718,30%,,,,,,,,,,
01/10/2019 06:00,52285.139,26%,,,,,,,,,,
01/10/2019 07:00,35411.374,18%,,,,,,,,,,
01/10/2019 08:00,20300.512,10%,,,,,,,,,,
01/10/2019 09:00,15278.594,8%,,,,,,,,,,
01/10/2019 10:00,5711.322,3%,,,,,,,,,,
01/10/2019 11:00,754.094,0%,,,,,,,,,,
01/10/2019 12:00,7311.136,4%,,,,,,,,,,
01/10/2019 13:00,31084.156,16%,,,,,,,,,,
01/10/2019 14:00,80098.094,40%,,,,,,,,,,
01/10/2019 15:00,123064.516,62%,,,,,,,,,,
01/10/2019 16:00,141372.538,71%,,,,,,,,,,
01/10/2019 17:00,142691.112,71%,,,,,,,,,,
01/10/2019 18:00,135679.257,68%,,,,,,,,,,
01/10/2019 19:00,120673.289,60%,,,,,,,,,,
01/10/2019 20:00,103158.208,52%,,,,,,,,,,
01/10/2019 21:00,82004.243,41%,,,,,,,,,,
01/10/2019 22:00,71385.019,36%,,,,,,,,,,
01/10/2019 23:00,72321.982,36%,,,,,,,,,,
02/10/2019 00:00,70481.948,35%,,,,,,,,,,
02/10/2019 01:00,66835.91,33%,,,,,,,,,,
02/10/2019 02:00,59466.002,30%,,,,,,,,,,
02/10/2019 03:00,50508.489,25%,,,,,,,,,,
02/10/2019 04:00,40912.439,20%,,,,,,,,,,
02/10/2019 05:00,32835.087,16%,,,,,,,,,,
02/10/2019 06:00,27628.563,14%,,,,,,,,,,
02/10/2019 07:00,21822.777,11%,,,,,,,,,,
02/10/2019 08:00,17570.626,9%,,,,,,,,,,
02/10/2019 09:00,32949.444,16%,,,,,,,,,,
02/10/2019 10:00,43833.663,22%,,,,,,,,,,
02/10/2019 11:00,45482.838,23%,,,,,,,,,,
02/10/2019 12:00,41920.355,21%,,,,,,,,,,
02/10/2019 13:00,37580.198,19%,,,,,,,,,,
02/10/2019 14:00,32683.459,16%,,,,,,,,,,
02/10/2019 15:00,28111.68,14%,,,,,,,,,,
02/10/2019 16:00,24377.498,12%,,,,,,,,,,
02/10/2019 17:00,26563.839,13%,,,,,,,,,,
02/10/2019 18:00,31579.692,16%,,,,,,,,,,
02/10/2019 19:00,33485.674,17%,,,,,,,,,,
02/10/2019 20:00,28188.391,14%,,,,,,,,,,
02/10/2019 21:00,17457.868,9%,,,,,,,,,,
02/10/2019 22:00,8362.052,4%,,,,,,,,,,
02/10/2019 23:00,3001.589,2%,,,,,,,,,,
03/10/2019 00:00,984.947,0%,,,,,,,,,,
03/10/2019 01:00,1214.351,1%,,,,,,,,,,
03/10/2019 02:00,4582.406,2%,,,,,,,,,,
03/10/2019 03:00,10149.236,5%,,,,,,,,,,
03/10/2019 04:00,16816.579,8%,,,,,,,,,,
03/10/2019 05:00,25372.288,13%,,,,,,,,,,
03/10/2019 06:00,34382.028,17%,,,,,,,,,,
03/10/2019 07:00,32644.088,16%,,,,,,,,,,
03/10/2019 08:00,25286.295,13%,,,,,,,,,,
03/10/2019 09:00,26178.654,13%,,,,,,,,,,
03/10/2019 10:00,42202.018,21%,,,,,,,,,,
03/10/2019 11:00,76389.43,38%,,,,,,,,,,
03/10/2019 12:00,99593.068,50%,,,,,,,,,,
03/10/2019 13:00,114752.145,57%,,,,,,,,,,
03/10/2019 14:00,124768.078,62%,,,,,,,,,,
03/10/2019 15:00,124429.457,62%,,,,,,,,,,
03/10/2019 16:00,120121.455,60%,,,,,,,,,,
03/10/2019 17:00,122046.756,61%,,,,,,,,,,
03/10/2019 18:00,138494.178,69%,,,,,,,,,,
03/10/2019 19:00,144258.492,72%,,,,,,,,,,
03/10/2019 20:00,142386.015,71%,,,,,,,,,,
03/10/2019 21:00,112474.071,56%,,,,,,,,,,
03/10/2019 22:00,100326.533,50%,,,,,,,,,,
03/10/2019 23:00,112383.83,56%,,,,,,,,,,
04/10/2019 00:00,120552.229,60%,,,,,,,,,,
04/10/2019 01:00,109945.577,55%,,,,,,,,,,
04/10/2019 02:00,92709.9,46%,,,,,,,,,,
04/10/2019 03:00,86375.591,43%,,,,,,,,,,
04/10/2019 04:00,86982.059,43%,,,,,,,,,,
04/10/2019 05:00,88835.56,44%,,,,,,,,,,
04/10/2019 06:00,90830.823,45%,,,,,,,,,,
04/10/2019 07:00,99494.675,50%,,,,,,,,,,
04/10/2019 08:00,77652.186,39%,,,,,,,,,,
04/10/2019 09:00,79013.747,40%,,,,,,,,,,
04/10/2019 10:00,102064.028,51%,,,,,,,,,,
04/10/2019 11:00,95742.97,48%,,,,,,,,,,
04/10/2019 12:00,74716.087,37%,,,,,,,,,,
04/10/2019 13:00,50644.755,25%,,,,,,,,,,
04/10/2019 14:00,26772.434,13%,,,,,,,,,,
04/10/2019 15:00,9479.668,5%,,,,,,,,,,
04/10/2019 16:00,6282.577,3%,,,,,,,,,,
04/10/2019 17:00,10813.068,5%,,,,,,,,,,
04/10/2019 18:00,20251.769,10%,,,,,,,,,,
04/10/2019 19:00,34343.206,17%,,,,,,,,,,
04/10/2019 20:00,44603.969,22%,,,,,,,,,,
04/10/2019 21:00,46644.442,23%,,,,,,,,,,
04/10/2019 22:00,45480.43,23%,,,,,,,,,,
04/10/2019 23:00,42777.837,21%,,,,,,,,,,
05/10/2019 00:00,42497.216,21%,,,,,,,,,,
05/10/2019 01:00,41927.408,21%,,,,,,,,,,
05/10/2019 02:00,42379.076,21%,,,,,,,,,,
05/10/2019 03:00,40492.085,20%,,,,,,,,,,
05/10/2019 04:00,38337.783,19%,,,,,,,,,,
05/10/2019 05:00,35990.796,18%,,,,,,,,,,
05/10/2019 06:00,34283.148,17%,,,,,,,,,,
05/10/2019 07:00,26013.741,13%,,,,,,,,,,
05/10/2019 08:00,18556.136,9%,,,,,,,,,,
05/10/2019 09:00,16667.521,8%,,,,,,,,,,
05/10/2019 10:00,29323.395,15%,,,,,,,,,,
05/10/2019 11:00,38343.781,19%,,,,,,,,,,
05/10/2019 12:00,37023.156,19%,,,,,,,,,,
05/10/2019 13:00,35000.464,18%,,,,,,,,,,
05/10/2019 14:00,35355.443,18%,,,,,,,,,,
05/10/2019 15:00,36882.694,18%,,,,,,,,,,
05/10/2019 16:00,43513.244,22%,,,,,,,,,,
05/10/2019 17:00,61176.19,31%,,,,,,,,,,
05/10/2019 18:00,75252.242,38%,,,,,,,,,,
05/10/2019 19:00,83155.849,42%,,,,,,,,,,
05/10/2019 20:00,87015.067,44%,,,,,,,,,,
05/10/2019 21:00,97263.692,49%,,,,,,,,,,
05/10/2019 22:00,105069.102,53%,,,,,,,,,,
05/10/2019 23:00,113068.531,57%,,,,,,,,,,
06/10/2019 00:00,102448.703,51%,,,,,,,,,,
06/10/2019 01:00,75254.113,38%,,,,,,,,,,
06/10/2019 02:00,46636.439,23%,,,,,,,,,,
06/10/2019 03:00,37385.381,19%,,,,,,,,,,
06/10/2019 04:00,73440.63,37%,,,,,,,,,,
06/10/2019 05:00,104106.978,52%,,,,,,,,,,
06/10/2019 06:00,116072.944,58%,,,,,,,,,,
06/10/2019 07:00,111627.552,56%,,,,,,,,,,
06/10/2019 08:00,114220.916,57%,,,,,,,,,,
06/10/2019 09:00,125708.93,63%,,,,,,,,,,
06/10/2019 10:00,139062.154,70%,,,,,,,,,,
06/10/2019 11:00,148275.671,74%,,,,,,,,,,
06/10/2019 12:00,152314.534,76%,,,,,,,,,,
06/10/2019 13:00,150035.299,75%,,,,,,,,,,
06/10/2019 14:00,140017.283,70%,,,,,,,,,,
06/10/2019 15:00,134340.911,67%,,,,,,,,,,
06/10/2019 16:00,116071.49,58%,,,,,,,,,,
06/10/2019 17:00,92870.293,46%,,,,,,,,,,
06/10/2019 18:00,69102.25,35%,,,,,,,,,,
06/10/2019 19:00,57117.707,29%,,,,,,,,,,
06/10/2019 20:00,46278.647,23%,,,,,,,,,,
06/10/2019 21:00,28801.79,14%,,,,,,,,,,
06/10/2019 22:00,9426.199,5%,,,,,,,,,,
06/10/2019 23:00,2771.812,1%,,,,,,,,,,
07/10/2019 00:00,5232.141,3%,,,,,,,,,,
07/10/2019 01:00,9337.346,5%,,,,,,,,,,
07/10/2019 02:00,17740.99,9%,,,,,,,,,,
07/10/2019 03:00,27315.522,14%,,,,,,,,,,
07/10/2019 04:00,37631.999,19%,,,,,,,,,,
07/10/2019 05:00,48808.528,24%,,,,,,,,,,
07/10/2019 06:00,59260.665,30%,,,,,,,,,,
07/10/2019 07:00,58558.895,29%,,,,,,,,,,
07/10/2019 08:00,68127.288,34%,,,,,,,,,,
07/10/2019 09:00,99386.457,50%,,,,,,,,,,
07/10/2019 10:00,123978.105,62%,,,,,,,,,,
07/10/2019 11:00,137389.195,69%,,,,,,,,,,
07/10/2019 12:00,149177.675,75%,,,,,,,,,,
07/10/2019 13:00,151358.373,76%,,,,,,,,,,
07/10/2019 14:00,138943.772,69%,,,,,,,,,,
07/10/2019 15:00,113690.857,57%,,,,,,,,,,
07/10/2019 16:00,99061.492,50%,,,,,,,,,,
07/10/2019 17:00,86193.701,43%,,,,,,,,,,
07/10/2019 18:00,92536.828,46%,,,,,,,,,,
07/10/2019 19:00,85871.026,43%,,,,,,,,,,
07/10/2019 20:00,77763.959,39%,,,,,,,,,,
07/10/2019 21:00,82448.853,41%,,,,,,,,,,
07/10/2019 22:00,90332.932,45%,,,,,,,,,,
07/10/2019 23:00,93620.446,47%,,,,,,,,,,
08/10/2019 00:00,96219.491,48%,,,,,,,,,,
08/10/2019 01:00,96290.889,48%,,,,,,,,,,
08/10/2019 02:00,93573.286,47%,,,,,,,,,,
08/10/2019 03:00,87527.86,44%,,,,,,,,,,
08/10/2019 04:00,83324.356,42%,,,,,,,,,,
08/10/2019 05:00,80281.31,40%,,,,,,,,,,
08/10/2019 06:00,83047.038,42%,,,,,,,,,,
08/10/2019 07:00,82006.477,41%,,,,,,,,,,
08/10/2019 08:00,94587.272,47%,,,,,,,,,,
08/10/2019 09:00,118285.671,59%,,,,,,,,,,
08/10/2019 10:00,144428.992,72%,,,,,,,,,,
08/10/2019 11:00,155955.26,78%,,,,,,,,,,
08/10/2019 12:00,159711.598,80%,,,,,,,,,,
08/10/2019 13:00,161203.152,81%,,,,,,,,,,
08/10/2019 14:00,158530.832,79%,,,,,,,,,,
08/10/2019 15:00,153078.686,77%,,,,,,,,,,
08/10/2019 16:00,146786.11,73%,,,,,,,,,,
08/10/2019 17:00,140437.921,70%,,,,,,,,,,
08/10/2019 18:00,135061.095,68%,,,,,,,,,,
08/10/2019 19:00,116597.217,58%,,,,,,,,,,
08/10/2019 20:00,105052.225,53%,,,,,,,,,,
08/10/2019 21:00,103705.846,52%,,,,,,,,,,
08/10/2019 22:00,102611.684,51%,,,,,,,,,,
08/10/2019 23:00,98143.155,49%,,,,,,,,,,
09/10/2019 00:00,90717.745,45%,,,,,,,,,,
09/10/2019 01:00,84354.199,42%,,,,,,,,,,
09/10/2019 02:00,81454.649,41%,,,,,,,,,,
09/10/2019 03:00,76719.86,38%,,,,,,,,,,
09/10/2019 04:00,73466.131,37%,,,,,,,,,,
09/10/2019 05:00,73874.574,37%,,,,,,,,,,
09/10/2019 06:00,72852.558,36%,,,,,,,,,,
09/10/2019 07:00,68122.377,34%,,,,,,,,,,
09/10/2019 08:00,62247.894,31%,,,,,,,,,,
09/10/2019 09:00,63375.9,32%,,,,,,,,,,
09/10/2019 10:00,97932.794,49%,,,,,,,,,,
09/10/2019 11:00,117770.339,59%,,,,,,,,,,
09/10/2019 12:00,131175.021,66%,,,,,,,,,,
09/10/2019 13:00,139027.641,70%,,,,,,,,,,
09/10/2019 14:00,142058.942,71%,,,,,,,,,,
09/10/2019 15:00,128981.868,64%,,,,,,,,,,
09/10/2019 16:00,108287.9,54%,,,,,,,,,,
09/10/2019 17:00,98220.808,49%,,,,,,,,,,
09/10/2019 18:00,83956.86,42%,,,,,,,,,,
09/10/2019 19:00,73816.457,37%,,,,,,,,,,
09/10/2019 20:00,74294.752,37%,,,,,,,,,,
09/10/2019 21:00,79555.469,40%,,,,,,,,,,
09/10/2019 22:00,87329.135,44%,,,,,,,,,,
09/10/2019 23:00,90714.654,45%,,,,,,,,,,
10/10/2019 00:00,90475.006,45%,,,,,,,,,,
10/10/2019 01:00,89864.087,45%,,,,,,,,,,
10/10/2019 02:00,87447.928,44%,,,,,,,,,,
10/10/2019 03:00,88853.649,44%,,,,,,,,,,
10/10/2019 04:00,88300.107,44%,,,,,,,,,,
10/10/2019 05:00,89910.85,45%,,,,,,,,,,
10/10/2019 06:00,91879.96,46%,,,,,,,,,,
10/10/2019 07:00,88298.84,44%,,,,,,,,,,
10/10/2019 08:00,90639.239,45%,,,,,,,,,,
10/10/2019 09:00,105544.436,53%,,,,,,,,,,
10/10/2019 10:00,125715.364,63%,,,,,,,,,,
10/10/2019 11:00,131013.064,66%,,,,,,,,,,
10/10/2019 12:00,140762.85,70%,,,,,,,,,,
10/10/2019 13:00,153598.335,77%,,,,,,,,,,
10/10/2019 14:00,160050.794,80%,,,,,,,,,,
10/10/2019 15:00,160093.378,80%,,,,,,,,,,
10/10/2019 16:00,160646.145,80%,,,,,,,,,,
10/10/2019 17:00,162783.886,81%,,,,,,,,,,
10/10/2019 18:00,165453.864,83%,,,,,,,,,,
10/10/2019 19:00,168749.205,84%,,,,,,,,,,
10/10/2019 20:00,172304.296,86%,,,,,,,,,,
10/10/2019 21:00,173406.935,87%,,,,,,,,,,
10/10/2019 22:00,171159.4,86%,,,,,,,,,,
10/10/2019 23:00,164523.356,82%,,,,,,,,,,
11/10/2019 00:00,157946.564,79%,,,,,,,,,,
11/10/2019 01:00,155307.089,78%,,,,,,,,,,
11/10/2019 02:00,153241.644,77%,,,,,,,,,,
11/10/2019 03:00,150124.539,75%,,,,,,,,,,
11/10/2019 04:00,148187.304,74%,,,,,,,,,,
11/10/2019 05:00,143204.506,72%,,,,,,,,,,
11/10/2019 06:00,144217.24,72%,,,,,,,,,,
11/10/2019 07:00,146705.606,73%,,,,,,,,,,
11/10/2019 08:00,160219.176,80%,,,,,,,,,,
11/10/2019 09:00,168178.616,84%,,,,,,,,,,
11/10/2019 10:00,174063.994,87%,,,,,,,,,,
11/10/2019 11:00,174238.467,87%,,,,,,,,,,
11/10/2019 12:00,161974.56,81%,,,,,,,,,,
11/10/2019 13:00,134950.885,67%,,,,,,,,,,
11/10/2019 14:00,106729.389,53%,,,,,,,,,,
11/10/2019 15:00,80311.593,40%,,,,,,,,,,
11/10/2019 16:00,61703.283,31%,,,,,,,,,,
11/10/2019 17:00,60125.356,30%,,,,,,,,,,
11/10/2019 18:00,64110.932,32%,,,,,,,,,,
11/10/2019 19:00,68128.471,34%,,,,,,,,,,
11/10/2019 20:00,75782.99,38%,,,,,,,,,,
11/10/2019 21:00,82787.662,41%,,,,,,,,,,
11/10/2019 22:00,77366.567,39%,,,,,,,,,,
11/10/2019 23:00,70285.833,35%,,,,,,,,,,
12/10/2019 00:00,68131.996,34%,,,,,,,,,,
12/10/2019 01:00,67941.452,34%,,,,,,,,,,
12/10/2019 02:00,66828.325,33%,,,,,,,,,,
12/10/2019 03:00,63965.289,32%,,,,,,,,,,
12/10/2019 04:00,62247.565,31%,,,,,,,,,,
12/10/2019 05:00,62143.042,31%,,,,,,,,,,
12/10/2019 06:00,60991.427,30%,,,,,,,,,,
12/10/2019 07:00,55776.178,28%,,,,,,,,,,
12/10/2019 08:00,44264.611,22%,,,,,,,,,,
12/10/2019 09:00,40234.472,20%,,,,,,,,,,
12/10/2019 10:00,42225.591,21%,,,,,,,,,,
12/10/2019 11:00,41135.215,21%,,,,,,,,,,
12/10/2019 12:00,42189.16,21%,,,,,,,,,,
12/10/2019 13:00,39889.352,20%,,,,,,,,,,
12/10/2019 14:00,33493.818,17%,,,,,,,,,,
12/10/2019 15:00,33771.045,17%,,,,,,,,,,
12/10/2019 16:00,47530.712,24%,,,,,,,,,,
12/10/2019 17:00,58273.353,29%,,,,,,,,,,
12/10/2019 18:00,60985.873,30%,,,,,,,,,,
12/10/2019 19:00,54579.253,27%,,,,,,,,,,
12/10/2019 20:00,50602.417,25%,,,,,,,,,,
12/10/2019 21:00,48600.896,24%,,,,,,,,,,
12/10/2019 22:00,45419.093,23%,,,,,,,,,,
12/10/2019 23:00,39152.194,20%,,,,,,,,,,
13/10/2019 00:00,30305.136,15%,,,,,,,,,,
13/10/2019 01:00,26227.772,13%,,,,,,,,,,
13/10/2019 02:00,24682.978,12%,,,,,,,,,,
13/10/2019 03:00,26571.98,13%,,,,,,,,,,
13/10/2019 04:00,35449.014,18%,,,,,,,,,,
13/10/2019 05:00,51806.025,26%,,,,,,,,,,
13/10/2019 06:00,67344.233,34%,,,,,,,,,,
13/10/2019 07:00,72149.93,36%,,,,,,,,,,
13/10/2019 08:00,65037.853,33%,,,,,,,,,,
13/10/2019 09:00,93261.352,47%,,,,,,,,,,
13/10/2019 10:00,122556.368,61%,,,,,,,,,,
13/10/2019 11:00,140949.607,70%,,,,,,,,,,
13/10/2019 12:00,147391.322,74%,,,,,,,,,,
13/10/2019 13:00,138835.44,69%,,,,,,,,,,
13/10/2019 14:00,132876.898,66%,,,,,,,,,,
13/10/2019 15:00,125041.455,63%,,,,,,,,,,
13/10/2019 16:00,117567.826,59%,,,,,,,,,,
13/10/2019 17:00,118972.164,59%,,,,,,,,,,
13/10/2019 18:00,102899.009,51%,,,,,,,,,,
13/10/2019 19:00,81462.681,41%,,,,,,,,,,
13/10/2019 20:00,73369.868,37%,,,,,,,,,,
13/10/2019 21:00,67840.851,34%,,,,,,,,,,
13/10/2019 22:00,58264.684,29%,,,,,,,,,,
13/10/2019 23:00,48153.445,24%,,,,,,,,,,
14/10/2019 00:00,39705.756,20%,,,,,,,,,,
14/10/2019 01:00,41654.052,21%,,,,,,,,,,
14/10/2019 02:00,44615.787,22%,,,,,,,,,,
14/10/2019 03:00,42825.955,21%,,,,,,,,,,
14/10/2019 04:00,42076.846,21%,,,,,,,,,,
14/10/2019 05:00,41774.59,21%,,,,,,,,,,
14/10/2019 06:00,42004.87,21%,,,,,,,,,,
14/10/2019 07:00,40167.396,20%,,,,,,,,,,
14/10/2019 08:00,32700.643,16%,,,,,,,,,,
14/10/2019 09:00,34058.61,17%,,,,,,,,,,
14/10/2019 10:00,44607.031,22%,,,,,,,,,,
14/10/2019 11:00,77132.168,39%,,,,,,,,,,
14/10/2019 12:00,83910.703,42%,,,,,,,,,,
14/10/2019 13:00,77132.15,39%,,,,,,,,,,
14/10/2019 14:00,70473.963,35%,,,,,,,,,,
14/10/2019 15:00,74253.713,37%,,,,,,,,,,
14/10/2019 16:00,82390.313,41%,,,,,,,,,,
14/10/2019 17:00,80788.854,40%,,,,,,,,,,
14/10/2019 18:00,71430.063,36%,,,,,,,,,,
14/10/2019 19:00,53924.191,27%,,,,,,,,,,
14/10/2019 20:00,44617.333,22%,,,,,,,,,,
14/10/2019 21:00,38952.839,19%,,,,,,,,,,
14/10/2019 22:00,42435.029,21%,,,,,,,,,,
14/10/2019 23:00,43317.066,22%,,,,,,,,,,
15/10/2019 00:00,41974.672,21%,,,,,,,,,,
15/10/2019 01:00,40285.512,20%,,,,,,,,,,
15/10/2019 02:00,33428.927,17%,,,,,,,,,,
15/10/2019 03:00,25161.81,13%,,,,,,,,,,
15/10/2019 04:00,26498.196,13%,,,,,,,,,,
15/10/2019 05:00,26532.443,13%,,,,,,,,,,
15/10/2019 06:00,22157.644,11%,,,,,,,,,,
15/10/2019 07:00,18361.481,9%,,,,,,,,,,
15/10/2019 08:00,10808.348,5%,,,,,,,,,,
15/10/2019 09:00,9517.973,5%,,,,,,,,,,
15/10/2019 10:00,10860.262,5%,,,,,,,,,,
15/10/2019 11:00,14310.414,7%,,,,,,,,,,
15/10/2019 12:00,19942.149,10%,,,,,,,,,,
15/10/2019 13:00,25625.54,13%,,,,,,,,,,
15/10/2019 14:00,31887.045,16%,,,,,,,,,,
15/10/2019 15:00,31675.276,16%,,,,,,,,,,
15/10/2019 16:00,35584.724,18%,,,,,,,,,,
15/10/2019 17:00,53100.23,27%,,,,,,,,,,
15/10/2019 18:00,69422.143,35%,,,,,,,,,,
15/10/2019 19:00,76141.509,38%,,,,,,,,,,
15/10/2019 20:00,72327.563,36%,,,,,,,,,,
15/10/2019 21:00,67292.119,34%,,,,,,,,,,
15/10/2019 22:00,71525.79,36%,,,,,,,,,,
15/10/2019 23:00,78343.438,39%,,,,,,,,,,
16/10/2019 00:00,84943.589,42%,,,,,,,,,,
16/10/2019 01:00,93260.07,47%,,,,,,,,,,
16/10/2019 02:00,100679.782,50%,,,,,,,,,,
16/10/2019 03:00,107212.161,54%,,,,,,,,,,
16/10/2019 04:00,117121.203,59%,,,,,,,,,,
16/10/2019 05:00,103704.884,52%,,,,,,,,,,
16/10/2019 06:00,77208.988,39%,,,,,,,,,,
16/10/2019 07:00,57981.156,29%,,,,,,,,,,
16/10/2019 08:00,69713.515,35%,,,,,,,,,,
16/10/2019 09:00,104499.645,52%,,,,,,,,,,
16/10/2019 10:00,103754.818,52%,,,,,,,,,,
16/10/2019 11:00,89403.13,45%,,,,,,,,,,
16/10/2019 12:00,77653.952,39%,,,,,,,,,,
16/10/2019 13:00,66629.936,33%,,,,,,,,,,
16/10/2019 14:00,54878.094,27%,,,,,,,,,,
16/10/2019 15:00,41353.03,21%,,,,,,,,,,
16/10/2019 16:00,32339.306,16%,,,,,,,,,,
16/10/2019 17:00,31118.448,16%,,,,,,,,,,
16/10/2019 18:00,34037.717,17%,,,,,,,,,,
16/10/2019 19:00,39819.821,20%,,,,,,,,,,
16/10/2019 20:00,46454.653,23%,,,,,,,,,,
16/10/2019 21:00,52277.614,26%,,,,,,,,,,
16/10/2019 22:00,54946.364,27%,,,,,,,,,,
16/10/2019 23:00,55845.874,28%,,,,,,,,,,
17/10/2019 00:00,56821.335,28%,,,,,,,,,,
17/10/2019 01:00,59486.323,30%,,,,,,,,,,
17/10/2019 02:00,62246.768,31%,,,,,,,,,,
17/10/2019 03:00,65038.54,33%,,,,,,,,,,
17/10/2019 04:00,67346.512,34%,,,,,,,,,,
17/10/2019 05:00,63050.57,32%,,,,,,,,,,
17/10/2019 06:00,53761.034,27%,,,,,,,,,,
17/10/2019 07:00,50197.813,25%,,,,,,,,,,
17/10/2019 08:00,46937.936,23%,,,,,,,,,,
17/10/2019 09:00,53378.732,27%,,,,,,,,,,
17/10/2019 10:00,75786.716,38%,,,,,,,,,,
17/10/2019 11:00,90206.782,45%,,,,,,,,,,
17/10/2019 12:00,95847.371,48%,,,,,,,,,,
17/10/2019 13:00,93383.383,47%,,,,,,,,,,
17/10/2019 14:00,76493.428,38%,,,,,,,,,,
17/10/2019 15:00,75666.946,38%,,,,,,,,,,
17/10/2019 16:00,91880.395,46%,,,,,,,,,,
17/10/2019 17:00,109474.579,55%,,,,,,,,,,
17/10/2019 18:00,106484.874,53%,,,,,,,,,,
17/10/2019 19:00,92278.106,46%,,,,,,,,,,
17/10/2019 20:00,86332.958,43%,,,,,,,,,,
17/10/2019 21:00,82226.623,41%,,,,,,,,,,
17/10/2019 22:00,80700.982,40%,,,,,,,,,,
17/10/2019 23:00,76986.938,38%,,,,,,,,,,
18/10/2019 00:00,81458.66,41%,,,,,,,,,,
18/10/2019 01:00,108867.2,54%,,,,,,,,,,
18/10/2019 02:00,112675.551,56%,,,,,,,,,,
18/10/2019 03:00,98062.171,49%,,,,,,,,,,
18/10/2019 04:00,87583.223,44%,,,,,,,,,,
18/10/2019 05:00,83909.021,42%,,,,,,,,,,
18/10/2019 06:00,67352.009,34%,,,,,,,,,,
18/10/2019 07:00,56792.998,28%,,,,,,,,,,
18/10/2019 08:00,68122.061,34%,,,,,,,,,,
18/10/2019 09:00,96291.447,48%,,,,,,,,,,
18/10/2019 10:00,117905.87,59%,,,,,,,,,,
18/10/2019 11:00,136437.72,68%,,,,,,,,,,
18/10/2019 12:00,146531.924,73%,,,,,,,,,,
18/10/2019 13:00,143574.533,72%,,,,,,,,,,
18/10/2019 14:00,138129.299,69%,,,,,,,,,,
18/10/2019 15:00,136994.499,68%,,,,,,,,,,
18/10/2019 16:00,138945.829,69%,,,,,,,,,,
18/10/2019 17:00,140857.927,70%,,,,,,,,,,
18/10/2019 18:00,141485.244,71%,,,,,,,,,,
18/10/2019 19:00,131937.753,66%,,,,,,,,,,
18/10/2019 20:00,120245.929,60%,,,,,,,,,,
18/10/2019 21:00,104569.194,52%,,,,,,,,,,
18/10/2019 22:00,100326.612,50%,,,,,,,,,,
18/10/2019 23:00,96291.78,48%,,,,,,,,,,
19/10/2019 00:00,90348.986,45%,,,,,,,,,,
19/10/2019 01:00,84459.389,42%,,,,,,,,,,
19/10/2019 02:00,78522.535,39%,,,,,,,,,,
19/10/2019 03:00,72321.209,36%,,,,,,,,,,
19/10/2019 04:00,69158.815,35%,,,,,,,,,,
19/10/2019 05:00,67110.409,34%,,,,,,,,,,
19/10/2019 06:00,64019.166,32%,,,,,,,,,,
19/10/2019 07:00,58271.02,29%,,,,,,,,,,
19/10/2019 08:00,49512.308,25%,,,,,,,,,,
19/10/2019 09:00,49045.496,25%,,,,,,,,,,
19/10/2019 10:00,48755.866,24%,,,,,,,,,,
19/10/2019 11:00,48596.517,24%,,,,,,,,,,
19/10/2019 12:00,50460.542,25%,,,,,,,,,,
19/10/2019 13:00,51806.722,26%,,,,,,,,,,
19/10/2019 14:00,51331.798,26%,,,,,,,,,,
19/10/2019 15:00,41887.478,21%,,,,,,,,,,
19/10/2019 16:00,39020.627,20%,,,,,,,,,,
19/10/2019 17:00,46580.972,23%,,,,,,,,,,
19/10/2019 18:00,50407.268,25%,,,,,,,,,,
19/10/2019 19:00,52933.525,26%,,,,,,,,,,
19/10/2019 20:00,51077.786,26%,,,,,,,,,,
19/10/2019 21:00,46709.28,23%,,,,,,,,,,
19/10/2019 22:00,46624.7,23%,,,,,,,,,,
19/10/2019 23:00,49180.39,25%,,,,,,,,,,
20/10/2019 00:00,45658.398,23%,,,,,,,,,,
20/10/2019 01:00,41734.294,21%,,,,,,,,,,
20/10/2019 02:00,41073.027,21%,,,,,,,,,,
20/10/2019 03:00,42141.57,21%,,,,,,,,,,
20/10/2019 04:00,43967.758,22%,,,,,,,,,,
20/10/2019 05:00,46346.992,23%,,,,,,,,,,
20/10/2019 06:00,50701.219,25%,,,,,,,,,,
20/10/2019 07:00,55478.823,28%,,,,,,,,,,
20/10/2019 08:00,58759.717,29%,,,,,,,,,,
20/10/2019 09:00,69725.402,35%,,,,,,,,,,
20/10/2019 10:00,56702.356,28%,,,,,,,,,,
20/10/2019 11:00,54883.549,27%,,,,,,,,,,
20/10/2019 12:00,62801.537,31%,,,,,,,,,,
20/10/2019 13:00,74332.773,37%,,,,,,,,,,
20/10/2019 14:00,85632.338,43%,,,,,,,,,,
20/10/2019 15:00,83858.53,42%,,,,,,,,,,
20/10/2019 16:00,86323.786,43%,,,,,,,,,,
20/10/2019 17:00,98769.088,49%,,,,,,,,,,
20/10/2019 18:00,103705.436,52%,,,,,,,,,,
20/10/2019 19:00,113406.019,57%,,,,,,,,,,
20/10/2019 20:00,113690.096,57%,,,,,,,,,,
20/10/2019 21:00,116599.187,58%,,,,,,,,,,
20/10/2019 22:00,113158.2,57%,,,,,,,,,,
20/10/2019 23:00,109947.361,55%,,,,,,,,,,
21/10/2019 00:00,105243.524,53%,,,,,,,,,,
21/10/2019 01:00,98770.915,49%,,,,,,,,,,
21/10/2019 02:00,91329.438,46%,,,,,,,,,,
21/10/2019 03:00,89865.111,45%,,,,,,,,,,
21/10/2019 04:00,85007.49,43%,,,,,,,,,,
21/10/2019 05:00,86619.899,43%,,,,,,,,,,
21/10/2019 06:00,92249.217,46%,,,,,,,,,,
21/10/2019 07:00,85639.019,43%,,,,,,,,,,
21/10/2019 08:00,79560.185,40%,,,,,,,,,,
21/10/2019 09:00,80171.063,40%,,,,,,,,,,
21/10/2019 10:00,97810.353,49%,,,,,,,,,,
21/10/2019 11:00,84572.448,42%,,,,,,,,,,
21/10/2019 12:00,65547.006,33%,,,,,,,,,,
21/10/2019 13:00,48835.321,24%,,,,,,,,,,
21/10/2019 14:00,38846.68,19%,,,,,,,,,,
21/10/2019 15:00,35922.652,18%,,,,,,,,,,
21/10/2019 16:00,39583.544,20%,,,,,,,,,,
21/10/2019 17:00,43966.208,22%,,,,,,,,,,
21/10/2019 18:00,38142.583,19%,,,,,,,,,,
21/10/2019 19:00,27784.676,14%,,,,,,,,,,
21/10/2019 20:00,17700.769,9%,,,,,,,,,,
21/10/2019 21:00,10676.317,5%,,,,,,,,,,
21/10/2019 22:00,6437.186,3%,,,,,,,,,,
21/10/2019 23:00,4717.085,2%,,,,,,,,,,
22/10/2019 00:00,4877.115,2%,,,,,,,,,,
22/10/2019 01:00,9178.167,5%,,,,,,,,,,
22/10/2019 02:00,17334.048,9%,,,,,,,,,,
22/10/2019 03:00,21996.91,11%,,,,,,,,,,
22/10/2019 04:00,19913.596,10%,,,,,,,,,,
22/10/2019 05:00,15574.086,8%,,,,,,,,,,
22/10/2019 06:00,12799.381,6%,,,,,,,,,,
22/10/2019 07:00,13211.497,7%,,,,,,,,,,
22/10/2019 08:00,13610.262,7%,,,,,,,,,,
22/10/2019 09:00,14036.365,7%,,,,,,,,,,
22/10/2019 10:00,18870.535,9%,,,,,,,,,,
22/10/2019 11:00,28546.4,14%,,,,,,,,,,
22/10/2019 12:00,37880.296,19%,,,,,,,,,,
22/10/2019 13:00,45450.531,23%,,,,,,,,,,
22/10/2019 14:00,46775.897,23%,,,,,,,,,,
22/10/2019 15:00,36989.226,18%,,,,,,,,,,
22/10/2019 16:00,35771.53,18%,,,,,,,,,,
22/10/2019 17:00,47478.842,24%,,,,,,,,,,
22/10/2019 18:00,51007.787,26%,,,,,,,,,,
22/10/2019 19:00,54884.611,27%,,,,,,,,,,
22/10/2019 20:00,57807.688,29%,,,,,,,,,,
22/10/2019 21:00,53922.444,27%,,,,,,,,,,
22/10/2019 22:00,49762.019,25%,,,,,,,,,,
22/10/2019 23:00,39072.307,20%,,,,,,,,,,
23/10/2019 00:00,33625.808,17%,,,,,,,,,,
23/10/2019 01:00,34652.699,17%,,,,,,,,,,
23/10/2019 02:00,34947.741,17%,,,,,,,,,,
23/10/2019 03:00,32659.543,16%,,,,,,,,,,
23/10/2019 04:00,27768.171,14%,,,,,,,,,,
23/10/2019 05:00,22467.85,11%,,,,,,,,,,
23/10/2019 06:00,18665.446,9%,,,,,,,,,,
23/10/2019 07:00,19023.326,10%,,,,,,,,,,
23/10/2019 08:00,15541.931,8%,,,,,,,,,,
23/10/2019 09:00,16469.764,8%,,,,,,,,,,
23/10/2019 10:00,26888.573,13%,,,,,,,,,,
23/10/2019 11:00,35884.482,18%,,,,,,,,,,
23/10/2019 12:00,38409.092,19%,,,,,,,,,,
23/10/2019 13:00,36062.989,18%,,,,,,,,,,
23/10/2019 14:00,31764.328,16%,,,,,,,,,,
23/10/2019 15:00,22468.6,11%,,,,,,,,,,
23/10/2019 16:00,19026.817,10%,,,,,,,,,,
23/10/2019 17:00,22681.932,11%,,,,,,,,,,
23/10/2019 18:00,28800.66,14%,,,,,,,,,,
23/10/2019 19:00,33337.887,17%,,,,,,,,,,
23/10/2019 20:00,30891.612,15%,,,,,,,,,,
23/10/2019 21:00,23881.77,12%,,,,,,,,,,
23/10/2019 22:00,24296.327,12%,,,,,,,,,,
23/10/2019 23:00,32566.98,16%,,,,,,,,,,
24/10/2019 00:00,34047.546,17%,,,,,,,,,,
24/10/2019 01:00,29063.427,15%,,,,,,,,,,
24/10/2019 02:00,20942.076,10%,,,,,,,,,,
24/10/2019 03:00,28061.48,14%,,,,,,,,,,
24/10/2019 04:00,32883.048,16%,,,,,,,,,,
24/10/2019 05:00,28393.117,14%,,,,,,,,,,
24/10/2019 06:00,28292.374,14%,,,,,,,,,,
24/10/2019 07:00,28705.25,14%,,,,,,,,,,
24/10/2019 08:00,30271.419,15%,,,,,,,,,,
24/10/2019 09:00,27448.429,14%,,,,,,,,,,
24/10/2019 10:00,24764.918,12%,,,,,,,,,,
24/10/2019 11:00,26256.231,13%,,,,,,,,,,
24/10/2019 12:00,32653.157,16%,,,,,,,,,,
24/10/2019 13:00,37365.986,19%,,,,,,,,,,
24/10/2019 14:00,40806.429,20%,,,,,,,,,,
24/10/2019 15:00,44397.468,22%,,,,,,,,,,
24/10/2019 16:00,61599.992,31%,,,,,,,,,,
24/10/2019 17:00,83650.245,42%,,,,,,,,,,
24/10/2019 18:00,90687.844,45%,,,,,,,,,,
24/10/2019 19:00,89404.231,45%,,,,,,,,,,
24/10/2019 20:00,85996.44,43%,,,,,,,,,,
24/10/2019 21:00,80046.082,40%,,,,,,,,,,
24/10/2019 22:00,75025.874,38%,,,,,,,,,,
24/10/2019 23:00,75884.433,38%,,,,,,,,,,
25/10/2019 00:00,78203.093,39%,,,,,,,,,,
25/10/2019 01:00,73987.04,37%,,,,,,,,,,
25/10/2019 02:00,68123.978,34%,,,,,,,,,,
25/10/2019 03:00,61882.128,31%,,,,,,,,,,
25/10/2019 04:00,54874.58,27%,,,,,,,,,,
25/10/2019 05:00,52285.559,26%,,,,,,,,,,
25/10/2019 06:00,51416.01,26%,,,,,,,,,,
25/10/2019 07:00,51818.612,26%,,,,,,,,,,
25/10/2019 08:00,49985.388,25%,,,,,,,,,,
25/10/2019 09:00,53296.186,27%,,,,,,,,,,
25/10/2019 10:00,69272.893,35%,,,,,,,,,,
25/10/2019 11:00,107386.225,54%,,,,,,,,,,
25/10/2019 12:00,135244.952,68%,,,,,,,,,,
25/10/2019 13:00,166187.867,83%,,,,,,,,,,
25/10/2019 14:00,176253.929,88%,,,,,,,,,,
25/10/2019 15:00,178709.472,89%,,,,,,,,,,
25/10/2019 16:00,182000.213,91%,,,,,,,,,,
25/10/2019 17:00,190344.396,95%,,,,,,,,,,
25/10/2019 18:00,193213.736,97%,,,,,,,,,,
25/10/2019 19:00,192779.335,96%,,,,,,,,,,
25/10/2019 20:00,189509.136,95%,,,,,,,,,,
25/10/2019 21:00,177055.442,89%,,,,,,,,,,
25/10/2019 22:00,144102.16,72%,,,,,,,,,,
25/10/2019 23:00,85802.952,43%,,,,,,,,,,
26/10/2019 00:00,45182.584,23%,,,,,,,,,,
26/10/2019 01:00,29317.813,15%,,,,,,,,,,
26/10/2019 02:00,30214.149,15%,,,,,,,,,,
26/10/2019 03:00,29909.86,15%,,,,,,,,,,
26/10/2019 04:00,27996.523,14%,,,,,,,,,,
26/10/2019 05:00,30792.517,15%,,,,,,,,,,
26/10/2019 06:00,31654.964,16%,,,,,,,,,,
26/10/2019 07:00,32893.824,16%,,,,,,,,,,
26/10/2019 08:00,38177.158,19%,,,,,,,,,,
26/10/2019 09:00,44576.365,22%,,,,,,,,,,
26/10/2019 10:00,50888.109,25%,,,,,,,,,,
26/10/2019 11:00,53651.445,27%,,,,,,,,,,
26/10/2019 12:00,60994.337,30%,,,,,,,,,,
26/10/2019 13:00,74717.159,37%,,,,,,,,,,
26/10/2019 14:00,73877.289,37%,,,,,,,,,,
26/10/2019 15:00,57780.116,29%,,,,,,,,,,
26/10/2019 16:00,53418.321,27%,,,,,,,,,,
26/10/2019 17:00,48671.523,24%,,,,,,,,,,
26/10/2019 18:00,45933.226,23%,,,,,,,,,,
26/10/2019 19:00,53127.035,27%,,,,,,,,,,
26/10/2019 20:00,65313.453,33%,,,,,,,,,,
26/10/2019 21:00,77670.765,39%,,,,,,,,,,
26/10/2019 22:00,77123.981,39%,,,,,,,,,,
26/10/2019 23:00,77298.587,39%,,,,,,,,,,
27/10/2019 00:00,82001.295,41%,,,,,,,,,,
27/10/2019 01:00,80678.832,40%,,,,,,,,,,
27/10/2019 02:00,78103.316,39%,,,,,,,,,,
27/10/2019 03:00,78474.294,39%,,,,,,,,,,
27/10/2019 04:00,79012.791,40%,,,,,,,,,,
27/10/2019 05:00,78486.341,39%,,,,,,,,,,
27/10/2019 06:00,74712.459,37%,,,,,,,,,,
27/10/2019 07:00,67383.222,34%,,,,,,,,,,
27/10/2019 08:00,50805.949,25%,,,,,,,,,,
27/10/2019 09:00,30675.235,15%,,,,,,,,,,
27/10/2019 10:00,49415.664,25%,,,,,,,,,,
27/10/2019 11:00,49365.755,25%,,,,,,,,,,
27/10/2019 12:00,46198.663,23%,,,,,,,,,,
27/10/2019 13:00,47436.376,24%,,,,,,,,,,
27/10/2019 14:00,48510.248,24%,,,,,,,,,,
27/10/2019 15:00,43912.962,22%,,,,,,,,,,
27/10/2019 16:00,44078.212,22%,,,,,,,,,,
27/10/2019 17:00,48593.776,24%,,,,,,,,,,
27/10/2019 18:00,49739.861,25%,,,,,,,,,,
27/10/2019 19:00,50332.711,25%,,,,,,,,,,
27/10/2019 20:00,48159.309,24%,,,,,,,,,,
27/10/2019 21:00,46039.745,23%,,,,,,,,,,
27/10/2019 22:00,44400.891,22%,,,,,,,,,,
27/10/2019 23:00,42365.178,21%,,,,,,,,,,
28/10/2019 00:00,41073.962,21%,,,,,,,,,,
28/10/2019 01:00,40175.2,20%,,,,,,,,,,
28/10/2019 02:00,37404.482,19%,,,,,,,,,,
28/10/2019 03:00,33484.437,17%,,,,,,,,,,
28/10/2019 04:00,29341.881,15%,,,,,,,,,,
28/10/2019 05:00,25259.68,13%,,,,,,,,,,
28/10/2019 06:00,21296.065,11%,,,,,,,,,,
28/10/2019 07:00,15611.175,8%,,,,,,,,,,
28/10/2019 08:00,10996.373,5%,,,,,,,,,,
28/10/2019 09:00,12752.142,6%,,,,,,,,,,
28/10/2019 10:00,18056.158,9%,,,,,,,,,,
28/10/2019 11:00,23651.362,12%,,,,,,,,,,
28/10/2019 12:00,27032.318,14%,,,,,,,,,,
28/10/2019 13:00,30607.387,15%,,,,,,,,,,
28/10/2019 14:00,36307.796,18%,,,,,,,,,,
28/10/2019 15:00,40552.356,20%,,,,,,,,,,
28/10/2019 16:00,48655.892,24%,,,,,,,,,,
28/10/2019 17:00,65395.883,33%,,,,,,,,,,
28/10/2019 18:00,68652.809,34%,,,,,,,,,,
28/10/2019 19:00,67419.608,34%,,,,,,,,,,
28/10/2019 20:00,68126.795,34%,,,,,,,,,,
28/10/2019 21:00,69289.62,35%,,,,,,,,,,
28/10/2019 22:00,65033.417,33%,,,,,,,,,,
28/10/2019 23:00,55807.69,28%,,,,,,,,,,
29/10/2019 00:00,50356.259,25%,,,,,,,,,,
29/10/2019 01:00,43956.892,22%,,,,,,,,,,
29/10/2019 02:00,41251.963,21%,,,,,,,,,,
29/10/2019 03:00,39523.38,20%,,,,,,,,,,
29/10/2019 04:00,38312.834,19%,,,,,,,,,,
29/10/2019 05:00,37521.408,19%,,,,,,,,,,
29/10/2019 06:00,38599.533,19%,,,,,,,,,,
29/10/2019 07:00,38507.075,19%,,,,,,,,,,
29/10/2019 08:00,37803.735,19%,,,,,,,,,,
29/10/2019 09:00,42393.477,21%,,,,,,,,,,
29/10/2019 10:00,60990.292,30%,,,,,,,,,,
29/10/2019 11:00,76308.22,38%,,,,,,,,,,
29/10/2019 12:00,82946.359,41%,,,,,,,,,,
29/10/2019 13:00,87637.262,44%,,,,,,,,,,
29/10/2019 14:00,90326.411,45%,,,,,,,,,,
29/10/2019 15:00,83036.363,42%,,,,,,,,,,
29/10/2019 16:00,88828.098,44%,,,,,,,,,,
29/10/2019 17:00,104071.362,52%,,,,,,,,,,
29/10/2019 18:00,101229.923,51%,,,,,,,,,,
29/10/2019 19:00,92709.06,46%,,,,,,,,,,
29/10/2019 20:00,90137.628,45%,,,,,,,,,,
29/10/2019 21:00,84330.288,42%,,,,,,,,,,
29/10/2019 22:00,76009.35,38%,,,,,,,,,,
29/10/2019 23:00,78210.357,39%,,,,,,,,,,
30/10/2019 00:00,73022.985,37%,,,,,,,,,,
30/10/2019 01:00,69475.971,35%,,,,,,,,,,
30/10/2019 02:00,69373.208,35%,,,,,,,,,,
30/10/2019 03:00,62994.493,31%,,,,,,,,,,
30/10/2019 04:00,56188.348,28%,,,,,,,,,,
30/10/2019 05:00,52650.176,26%,,,,,,,,,,
30/10/2019 06:00,55148.06,28%,,,,,,,,,,
30/10/2019 07:00,59539.705,30%,,,,,,,,,,
30/10/2019 08:00,61974.023,31%,,,,,,,,,,
30/10/2019 09:00,58807.341,29%,,,,,,,,,,
30/10/2019 10:00,93640.568,47%,,,,,,,,,,
30/10/2019 11:00,117906.901,59%,,,,,,,,,,
30/10/2019 12:00,114186.488,57%,,,,,,,,,,
30/10/2019 13:00,106941.471,53%,,,,,,,,,,
30/10/2019 14:00,96938.759,48%,,,,,,,,,,
30/10/2019 15:00,85607.365,43%,,,,,,,,,,
30/10/2019 16:00,86380.1,43%,,,,,,,,,,
30/10/2019 17:00,96291.915,48%,,,,,,,,,,
30/10/2019 18:00,94560.923,47%,,,,,,,,,,
30/10/2019 19:00,94733.727,47%,,,,,,,,,,
30/10/2019 20:00,94792.371,47%,,,,,,,,,,
30/10/2019 21:00,95742.638,48%,,,,,,,,,,
30/10/2019 22:00,90452.639,45%,,,,,,,,,,
30/10/2019 23:00,79018.348,40%,,,,,,,,,,
31/10/2019 00:00,69159.523,35%,,,,,,,,,,
31/10/2019 01:00,73079.463,37%,,,,,,,,,,
31/10/2019 02:00,62239.261,31%,,,,,,,,,,
31/10/2019 03:00,58988.432,29%,,,,,,,,,,
31/10/2019 04:00,56114.564,28%,,,,,,,,,,
31/10/2019 05:00,50199.911,25%,,,,,,,,,,
31/10/2019 06:00,49324.762,25%,,,,,,,,,,
31/10/2019 07:00,46585.829,23%,,,,,,,,,,
31/10/2019 08:00,46599.791,23%,,,,,,,,,,
31/10/2019 09:00,50628.07,25%,,,,,,,,,,
31/10/2019 10:00,62636.004,31%,,,,,,,,,,
31/10/2019 11:00,65813.974,33%,,,,,,,,,,
31/10/2019 12:00,59116.131,30%,,,,,,,,,,
31/10/2019 13:00,52562.283,26%,,,,,,,,,,
31/10/2019 14:00,44609.552,22%,,,,,,,,,,
31/10/2019 15:00,35655.844,18%,,,,,,,,,,
31/10/2019 16:00,45485.294,23%,,,,,,,,,,
31/10/2019 17:00,57030.925,29%,,,,,,,,,,
31/10/2019 18:00,60488.747,30%,,,,,,,,,,
31/10/2019 19:00,61334.824,31%,,,,,,,,,,
31/10/2019 20:00,66829.207,33%,,,,,,,,,,
31/10/2019 21:00,65028.559,33%,,,,,,,,,,
31/10/2019 22:00,59995.532,30%,,,,,,,,,,
31/10/2019 23:00,59296.852,30%,,,,,,,,,,
01/11/2019 00:00,67347.138,34%,,,,,,,,,,
01/11/2019 01:00,84456.637,42%,,,,,,,,,,
01/11/2019 02:00,94128.353,47%,,,,,,,,,,
01/11/2019 03:00,102064.14,51%,,,,,,,,,,
01/11/2019 04:00,104596.213,52%,,,,,,,,,,
01/11/2019 05:00,124163.942,62%,,,,,,,,,,
01/11/2019 06:00,144930.076,72%,,,,,,,,,,
01/11/2019 07:00,123575.364,62%,,,,,,,,,,
01/11/2019 08:00,89404.339,45%,,,,,,,,,,
01/11/2019 09:00,69607.298,35%,,,,,,,,,,
01/11/2019 10:00,52650.611,26%,,,,,,,,,,
01/11/2019 11:00,48912.95,24%,,,,,,,,,,
01/11/2019 12:00,63211.244,32%,,,,,,,,,,
01/11/2019 13:00,73383.471,37%,,,,,,,,,,
01/11/2019 14:00,72254.362,36%,,,,,,,,,,
01/11/2019 15:00,68646.747,34%,,,,,,,,,,
01/11/2019 16:00,75254.504,38%,,,,,,,,,,
01/11/2019 17:00,86001.19,43%,,,,,,,,,,
01/11/2019 18:00,92924.994,46%,,,,,,,,,,
01/11/2019 19:00,103705.314,52%,,,,,,,,,,
01/11/2019 20:00,120856.839,60%,,,,,,,,,,
01/11/2019 21:00,119728.16,60%,,,,,,,,,,
01/11/2019 22:00,126644.805,63%,,,,,,,,,,
01/11/2019 23:00,145968.482,73%,,,,,,,,,,
02/11/2019 00:00,142801.231,71%,,,,,,,,,,
02/11/2019 01:00,137094.741,69%,,,,,,,,,,
02/11/2019 02:00,128655.67,64%,,,,,,,,,,
02/11/2019 03:00,132204.218,66%,,,,,,,,,,
02/11/2019 04:00,134812.398,67%,,,,,,,,,,
02/11/2019 05:00,131383.934,66%,,,,,,,,,,
02/11/2019 06:00,134544.861,67%,,,,,,,,,,
02/11/2019 07:00,140462.693,70%,,,,,,,,,,
02/11/2019 08:00,141927.527,71%,,,,,,,,,,
02/11/2019 09:00,115544.203,58%,,,,,,,,,,
02/11/2019 10:00,75130.806,38%,,,,,,,,,,
02/11/2019 11:00,60486.292,30%,,,,,,,,,,
02/11/2019 12:00,107892.691,54%,,,,,,,,,,
02/11/2019 13:00,117908.773,59%,,,,,,,,,,
02/11/2019 14:00,93762.702,47%,,,,,,,,,,
02/11/2019 15:00,77010.588,39%,,,,,,,,,,
02/11/2019 16:00,77077.257,39%,,,,,,,,,,
02/11/2019 17:00,81462.014,41%,,,,,,,,,,
02/11/2019 18:00,87398.168,44%,,,,,,,,,,
02/11/2019 19:00,89982.236,45%,,,,,,,,,,
02/11/2019 20:00,84394.977,42%,,,,,,,,,,
02/11/2019 21:00,78207.83,39%,,,,,,,,,,
02/11/2019 22:00,71528.324,36%,,,,,,,,,,
02/11/2019 23:00,59994.862,30%,,,,,,,,,,
03/11/2019 00:00,48182.075,24%,,,,,,,,,,
03/11/2019 01:00,40891.72,20%,,,,,,,,,,
03/11/2019 02:00,34645.567,17%,,,,,,,,,,
03/11/2019 03:00,27371.129,14%,,,,,,,,,,
03/11/2019 04:00,20530.759,10%,,,,,,,,,,
03/11/2019 05:00,15405.136,8%,,,,,,,,,,
03/11/2019 06:00,12716.848,6%,,,,,,,,,,
03/11/2019 07:00,11569.312,6%,,,,,,,,,,
03/11/2019 08:00,9006.105,5%,,,,,,,,,,
03/11/2019 09:00,8086.026,4%,,,,,,,,,,
03/11/2019 10:00,9997.293,5%,,,,,,,,,,
03/11/2019 11:00,14073.642,7%,,,,,,,,,,
03/11/2019 12:00,19669.866,10%,,,,,,,,,,
03/11/2019 13:00,23778.864,12%,,,,,,,,,,
03/11/2019 14:00,22143.799,11%,,,,,,,,,,
03/11/2019 15:00,20230.484,10%,,,,,,,,,,
03/11/2019 16:00,30655.541,15%,,,,,,,,,,
03/11/2019 17:00,43037.966,22%,,,,,,,,,,
03/11/2019 18:00,48925.265,24%,,,,,,,,,,
03/11/2019 19:00,49066.579,25%,,,,,,,,,,
03/11/2019 20:00,49707.855,25%,,,,,,,,,,
03/11/2019 21:00,50199.211,25%,,,,,,,,,,
03/11/2019 22:00,47571.974,24%,,,,,,,,,,
03/11/2019 23:00,42819.555,21%,,,,,,,,,,
04/11/2019 00:00,36889.411,18%,,,,,,,,,,
04/11/2019 01:00,30608.597,15%,,,,,,,,,,
04/11/2019 02:00,25943.375,13%,,,,,,,,,,
04/11/2019 03:00,21536.266,11%,,,,,,,,,,
04/11/2019 04:00,18556.256,9%,,,,,,,,,,
04/11/2019 05:00,17783.729,9%,,,,,,,,,,
04/11/2019 06:00,17214.986,9%,,,,,,,,,,
04/11/2019 07:00,16031.049,8%,,,,,,,,,,
04/11/2019 08:00,10031.785,5%,,,,,,,,,,
04/11/2019 09:00,4905.796,2%,,,,,,,,,,
04/11/2019 10:00,4229.154,2%,,,,,,,,,,
04/11/2019 11:00,5986.819,3%,,,,,,,,,,
04/11/2019 12:00,8719.082,4%,,,,,,,,,,
04/11/2019 13:00,12217.529,6%,,,,,,,,,,
04/11/2019 14:00,15422.509,8%,,,,,,,,,,
04/11/2019 15:00,22616.7,11%,,,,,,,,,,
04/11/2019 16:00,37774.557,19%,,,,,,,,,,
04/11/2019 17:00,51320.292,26%,,,,,,,,,,
04/11/2019 18:00,56415.579,28%,,,,,,,,,,
04/11/2019 19:00,54755.314,27%,,,,,,,,,,
04/11/2019 20:00,50885.311,25%,,,,,,,,,,
04/11/2019 21:00,49463.338,25%,,,,,,,,,,
04/11/2019 22:00,52903.046,26%,,,,,,,,,,
04/11/2019 23:00,56539.537,28%,,,,,,,,,,
05/11/2019 00:00,57784.972,29%,,,,,,,,,,
05/11/2019 01:00,60008.063,30%,,,,,,,,,,
05/11/2019 02:00,61328.009,31%,,,,,,,,,,
05/11/2019 03:00,58270.328,29%,,,,,,,,,,
05/11/2019 04:00,57780.246,29%,,,,,,,,,,
05/11/2019 05:00,62247.973,31%,,,,,,,,,,
05/11/2019 06:00,69748.442,35%,,,,,,,,,,
05/11/2019 07:00,82545.715,41%,,,,,,,,,,
05/11/2019 08:00,91715.714,46%,,,,,,,,,,
05/11/2019 09:00,96453.947,48%,,,,,,,,,,
05/11/2019 10:00,100943.759,50%,,,,,,,,,,
05/11/2019 11:00,111795.45,56%,,,,,,,,,,
05/11/2019 12:00,120702.35,60%,,,,,,,,,,
05/11/2019 13:00,118707.956,59%,,,,,,,,,,
05/11/2019 14:00,116528.607,58%,,,,,,,,,,
05/11/2019 15:00,113691.303,57%,,,,,,,,,,
05/11/2019 16:00,108835.853,54%,,,,,,,,,,
05/11/2019 17:00,102062.924,51%,,,,,,,,,,
05/11/2019 18:00,93624.3,47%,,,,,,,,,,
05/11/2019 19:00,78886.65,39%,,,,,,,,,,
05/11/2019 20:00,69658.853,35%,,,,,,,,,,
05/11/2019 21:00,58762.516,29%,,,,,,,,,,
05/11/2019 22:00,43952.873,22%,,,,,,,,,,
05/11/2019 23:00,31769.662,16%,,,,,,,,,,
06/11/2019 00:00,22305.333,11%,,,,,,,,,,
06/11/2019 01:00,12803.025,6%,,,,,,,,,,
06/11/2019 02:00,6323.148,3%,,,,,,,,,,
06/11/2019 03:00,4857.424,2%,,,,,,,,,,
06/11/2019 04:00,4385.437,2%,,,,,,,,,,
06/11/2019 05:00,3392.392,2%,,,,,,,,,,
06/11/2019 06:00,2726.468,1%,,,,,,,,,,
06/11/2019 07:00,5143.347,3%,,,,,,,,,,
06/11/2019 08:00,9005.463,5%,,,,,,,,,,
06/11/2019 09:00,12782.169,6%,,,,,,,,,,
06/11/2019 10:00,17782.478,9%,,,,,,,,,,
06/11/2019 11:00,26801.353,13%,,,,,,,,,,
06/11/2019 12:00,33709.432,17%,,,,,,,,,,
06/11/2019 13:00,35708.823,18%,,,,,,,,,,
06/11/2019 14:00,33792.47,17%,,,,,,,,,,
06/11/2019 15:00,35767.814,18%,,,,,,,,,,
06/11/2019 16:00,46138.949,23%,,,,,,,,,,
06/11/2019 17:00,63486.614,32%,,,,,,,,,,
06/11/2019 18:00,66910.529,33%,,,,,,,,,,
06/11/2019 19:00,63997.158,32%,,,,,,,,,,
06/11/2019 20:00,58262.775,29%,,,,,,,,,,
06/11/2019 21:00,50559.849,25%,,,,,,,,,,
06/11/2019 22:00,50979.632,25%,,,,,,,,,,
06/11/2019 23:00,46584.455,23%,,,,,,,,,,
07/11/2019 00:00,40130.391,20%,,,,,,,,,,
07/11/2019 01:00,32301.155,16%,,,,,,,,,,
07/11/2019 02:00,22229.14,11%,,,,,,,,,,
07/11/2019 03:00,14621.246,7%,,,,,,,,,,
07/11/2019 04:00,11249.252,6%,,,,,,,,,,
07/11/2019 05:00,13734.977,7%,,,,,,,,,,
07/11/2019 06:00,22332.869,11%,,,,,,,,,,
07/11/2019 07:00,35281.485,18%,,,,,,,,,,
07/11/2019 08:00,38350.013,19%,,,,,,,,,,
07/11/2019 09:00,31292.503,16%,,,,,,,,,,
07/11/2019 10:00,31380.02,16%,,,,,,,,,,
07/11/2019 11:00,38011.802,19%,,,,,,,,,,
07/11/2019 12:00,40338.155,20%,,,,,,,,,,
07/11/2019 13:00,38658.683,19%,,,,,,,,,,
07/11/2019 14:00,30921.648,15%,,,,,,,,,,
07/11/2019 15:00,22470,11%,,,,,,,,,,
07/11/2019 16:00,17359.204,9%,,,,,,,,,,
07/11/2019 17:00,12220.61,6%,,,,,,,,,,
07/11/2019 18:00,8284.506,4%,,,,,,,,,,
07/11/2019 19:00,6333.247,3%,,,,,,,,,,
07/11/2019 20:00,7663.752,4%,,,,,,,,,,
07/11/2019 21:00,11558.076,6%,,,,,,,,,,
07/11/2019 22:00,16457.892,8%,,,,,,,,,,
07/11/2019 23:00,22469.074,11%,,,,,,,,,,
08/11/2019 00:00,30916.537,15%,,,,,,,,,,
08/11/2019 01:00,43966.362,22%,,,,,,,,,,
08/11/2019 02:00,64527.955,32%,,,,,,,,,,
08/11/2019 03:00,87309.809,44%,,,,,,,,,,
08/11/2019 04:00,105187.983,53%,,,,,,,,,,
08/11/2019 05:00,103158.102,52%,,,,,,,,,,
08/11/2019 06:00,103446.769,52%,,,,,,,,,,
08/11/2019 07:00,102767.771,51%,,,,,,,,,,
08/11/2019 08:00,91881.976,46%,,,,,,,,,,
08/11/2019 09:00,91795.32,46%,,,,,,,,,,
08/11/2019 10:00,102252.768,51%,,,,,,,,,,
08/11/2019 11:00,105131.507,53%,,,,,,,,,,
08/11/2019 12:00,98221.145,49%,,,,,,,,,,
08/11/2019 13:00,94171.576,47%,,,,,,,,,,
08/11/2019 14:00,85673.72,43%,,,,,,,,,,
08/11/2019 15:00,68180.474,34%,,,,,,,,,,
08/11/2019 16:00,72924.669,36%,,,,,,,,,,
08/11/2019 17:00,75881.801,38%,,,,,,,,,,
08/11/2019 18:00,68643.291,34%,,,,,,,,,,
08/11/2019 19:00,61343.454,31%,,,,,,,,,,
08/11/2019 20:00,53921.278,27%,,,,,,,,,,
08/11/2019 21:00,42835.273,21%,,,,,,,,,,
08/11/2019 22:00,28544.528,14%,,,,,,,,,,
08/11/2019 23:00,15930.193,8%,,,,,,,,,,
09/11/2019 00:00,7902.533,4%,,,,,,,,,,
09/11/2019 01:00,2472.451,1%,,,,,,,,,,
09/11/2019 02:00,474.025,0%,,,,,,,,,,
09/11/2019 03:00,1199.427,1%,,,,,,,,,,
09/11/2019 04:00,5684.431,3%,,,,,,,,,,
09/11/2019 05:00,11108.006,6%,,,,,,,,,,
09/11/2019 06:00,16039.226,8%,,,,,,,,,,
09/11/2019 07:00,20946.411,10%,,,,,,,,,,
09/11/2019 08:00,27014.555,14%,,,,,,,,,,
09/11/2019 09:00,36526.454,18%,,,,,,,,,,
09/11/2019 10:00,49050.704,25%,,,,,,,,,,
09/11/2019 11:00,65033.006,33%,,,,,,,,,,
09/11/2019 12:00,81303.294,41%,,,,,,,,,,
09/11/2019 13:00,78718.388,39%,,,,,,,,,,
09/11/2019 14:00,70480.074,35%,,,,,,,,,,
09/11/2019 15:00,60814.366,30%,,,,,,,,,,
09/11/2019 16:00,52880.074,26%,,,,,,,,,,
09/11/2019 17:00,47520.095,24%,,,,,,,,,,
09/11/2019 18:00,45226.133,23%,,,,,,,,,,
09/11/2019 19:00,47232.608,24%,,,,,,,,,,
09/11/2019 20:00,55848.506,28%,,,,,,,,,,
09/11/2019 21:00,68612.522,34%,,,,,,,,,,
09/11/2019 22:00,83151.153,42%,,,,,,,,,,
09/11/2019 23:00,99594.348,50%,,,,,,,,,,
10/11/2019 00:00,122402.114,61%,,,,,,,,,,
10/11/2019 01:00,131381.502,66%,,,,,,,,,,
10/11/2019 02:00,133091.328,67%,,,,,,,,,,
10/11/2019 03:00,127088.954,64%,,,,,,,,,,
10/11/2019 04:00,114937.302,57%,,,,,,,,,,
10/11/2019 05:00,93802.932,47%,,,,,,,,,,
10/11/2019 06:00,80110.225,40%,,,,,,,,,,
10/11/2019 07:00,69590.732,35%,,,,,,,,,,
10/11/2019 08:00,55429.602,28%,,,,,,,,,,
10/11/2019 09:00,40463.328,20%,,,,,,,,,,
10/11/2019 10:00,33483.637,17%,,,,,,,,,,
10/11/2019 11:00,29394.886,15%,,,,,,,,,,
10/11/2019 12:00,21428.721,11%,,,,,,,,,,
10/11/2019 13:00,7597.425,4%,,,,,,,,,,
10/11/2019 14:00,2579.823,1%,,,,,,,,,,
10/11/2019 15:00,582.46,0%,,,,,,,,,,
10/11/2019 16:00,4165.719,2%,,,,,,,,,,
10/11/2019 17:00,22769.398,11%,,,,,,,,,,
10/11/2019 18:00,38041.442,19%,,,,,,,,,,
10/11/2019 19:00,58731.695,29%,,,,,,,,,,
10/11/2019 20:00,63514.987,32%,,,,,,,,,,
10/11/2019 21:00,58623.111,29%,,,,,,,,,,
10/11/2019 22:00,60991.125,30%,,,,,,,,,,
10/11/2019 23:00,78203.944,39%,,,,,,,,,,
11/11/2019 00:00,94049.753,47%,,,,,,,,,,
11/11/2019 01:00,103188.296,52%,,,,,,,,,,
11/11/2019 02:00,106179.467,53%,,,,,,,,,,
11/11/2019 03:00,102611.696,51%,,,,,,,,,,
11/11/2019 04:00,126591.245,63%,,,,,,,,,,
11/11/2019 05:00,135619.017,68%,,,,,,,,,,
11/11/2019 06:00,137005.382,69%,,,,,,,,,,
11/11/2019 07:00,148778.397,74%,,,,,,,,,,
11/11/2019 08:00,139372.462,70%,,,,,,,,,,
11/11/2019 09:00,132681.711,66%,,,,,,,,,,
11/11/2019 10:00,127892.66,64%,,,,,,,,,,
11/11/2019 11:00,143570.23,72%,,,,,,,,,,
11/11/2019 12:00,157786.927,79%,,,,,,,,,,
11/11/2019 13:00,159709.294,80%,,,,,,,,,,
11/11/2019 14:00,154764.668,77%,,,,,,,,,,
11/11/2019 15:00,149172.082,75%,,,,,,,,,,
11/11/2019 16:00,145340.67,73%,,,,,,,,,,
11/11/2019 17:00,138496.348,69%,,,,,,,,,,
11/11/2019 18:00,123689.805,62%,,,,,,,,,,
11/11/2019 19:00,113690.193,57%,,,,,,,,,,
11/11/2019 20:00,111288.293,56%,,,,,,,,,,
11/11/2019 21:00,104437.102,52%,,,,,,,,,,
11/11/2019 22:00,102063.696,51%,,,,,,,,,,
11/11/2019 23:00,100255.459,50%,,,,,,,,,,
12/11/2019 00:00,98836.816,49%,,,,,,,,,,
12/11/2019 01:00,99227.363,50%,,,,,,,,,,
12/11/2019 02:00,99275.894,50%,,,,,,,,,,
12/11/2019 03:00,102611.141,51%,,,,,,,,,,
12/11/2019 04:00,108867.2,54%,,,,,,,,,,
12/11/2019 05:00,115793.146,58%,,,,,,,,,,
12/11/2019 06:00,123571.434,62%,,,,,,,,,,
12/11/2019 07:00,131989.991,66%,,,,,,,,,,
12/11/2019 08:00,137075.297,69%,,,,,,,,,,
12/11/2019 09:00,149797.139,75%,,,,,,,,,,
12/11/2019 10:00,164067.25,82%,,,,,,,,,,
12/11/2019 11:00,156731.268,78%,,,,,,,,,,
12/11/2019 12:00,150035.79,75%,,,,,,,,,,
12/11/2019 13:00,145071.195,73%,,,,,,,,,,
12/11/2019 14:00,142643.473,71%,,,,,,,,,,
12/11/2019 15:00,145075.662,73%,,,,,,,,,,
12/11/2019 16:00,142997.907,71%,,,,,,,,,,
12/11/2019 17:00,133898.642,67%,,,,,,,,,,
12/11/2019 18:00,117979.978,59%,,,,,,,,,,
12/11/2019 19:00,105068.966,53%,,,,,,,,,,
12/11/2019 20:00,93259.875,47%,,,,,,,,,,
12/11/2019 21:00,83102.099,42%,,,,,,,,,,
12/11/2019 22:00,72851.601,36%,,,,,,,,,,
12/11/2019 23:00,67303.445,34%,,,,,,,,,,
13/11/2019 00:00,69561.319,35%,,,,,,,,,,
13/11/2019 01:00,67749.08,34%,,,,,,,,,,
13/11/2019 02:00,62315.908,31%,,,,,,,,,,
13/11/2019 03:00,59146.726,30%,,,,,,,,,,
13/11/2019 04:00,56636.449,28%,,,,,,,,,,
13/11/2019 05:00,52731.484,26%,,,,,,,,,,
13/11/2019 06:00,48149.112,24%,,,,,,,,,,
13/11/2019 07:00,45043.363,23%,,,,,,,,,,
13/11/2019 08:00,39170.002,20%,,,,,,,,,,
13/11/2019 09:00,27962.373,14%,,,,,,,,,,
13/11/2019 10:00,19223.509,10%,,,,,,,,,,
13/11/2019 11:00,21035.129,11%,,,,,,,,,,
13/11/2019 12:00,26401.908,13%,,,,,,,,,,
13/11/2019 13:00,35287.106,18%,,,,,,,,,,
13/11/2019 14:00,41528.118,21%,,,,,,,,,,
13/11/2019 15:00,50443.32,25%,,,,,,,,,,
13/11/2019 16:00,72966.929,36%,,,,,,,,,,
13/11/2019 17:00,86379.956,43%,,,,,,,,,,
13/11/2019 18:00,92852.407,46%,,,,,,,,,,
13/11/2019 19:00,97898.273,49%,,,,,,,,,,
13/11/2019 20:00,104583.455,52%,,,,,,,,,,
13/11/2019 21:00,110849.177,55%,,,,,,,,,,
13/11/2019 22:00,111957.353,56%,,,,,,,,,,
13/11/2019 23:00,109945.137,55%,,,,,,,,,,
14/11/2019 00:00,103706.011,52%,,,,,,,,,,
14/11/2019 01:00,99763.304,50%,,,,,,,,,,
14/11/2019 02:00,102610.569,51%,,,,,,,,,,
14/11/2019 03:00,110482.898,55%,,,,,,,,,,
14/11/2019 04:00,122045.468,61%,,,,,,,,,,
14/11/2019 05:00,141489.663,71%,,,,,,,,,,
14/11/2019 06:00,148160.305,74%,,,,,,,,,,
14/11/2019 07:00,153631.87,77%,,,,,,,,,,
14/11/2019 08:00,156274.403,78%,,,,,,,,,,
14/11/2019 09:00,153370.018,77%,,,,,,,,,,
14/11/2019 10:00,146520.593,73%,,,,,,,,,,
14/11/2019 11:00,142055.539,71%,,,,,,,,,,
14/11/2019 12:00,138040.468,69%,,,,,,,,,,
14/11/2019 13:00,133189.139,67%,,,,,,,,,,
14/11/2019 14:00,127885.307,64%,,,,,,,,,,
14/11/2019 15:00,121310.114,61%,,,,,,,,,,
14/11/2019 16:00,113158.378,57%,,,,,,,,,,
14/11/2019 17:00,101879.93,51%,,,,,,,,,,
14/11/2019 18:00,87715.547,44%,,,,,,,,,,
14/11/2019 19:00,79496.362,40%,,,,,,,,,,
14/11/2019 20:00,72189.775,36%,,,,,,,,,,
14/11/2019 21:00,72152.176,36%,,,,,,,,,,
14/11/2019 22:00,71004.525,36%,,,,,,,,,,
14/11/2019 23:00,64882.613,32%,,,,,,,,,,
15/11/2019 00:00,64526.023,32%,,,,,,,,,,
15/11/2019 01:00,65547.341,33%,,,,,,,,,,
15/11/2019 02:00,67589.875,34%,,,,,,,,,,
15/11/2019 03:00,66925.423,33%,,,,,,,,,,
15/11/2019 04:00,66597.637,33%,,,,,,,,,,
15/11/2019 05:00,68704.594,34%,,,,,,,,,,
15/11/2019 06:00,72327.919,36%,,,,,,,,,,
15/11/2019 07:00,76345.219,38%,,,,,,,,,,
15/11/2019 08:00,83154.847,42%,,,,,,,,,,
15/11/2019 09:00,87442.642,44%,,,,,,,,,,
15/11/2019 10:00,91330.979,46%,,,,,,,,,,
15/11/2019 11:00,91330.327,46%,,,,,,,,,,
15/11/2019 12:00,102611.147,51%,,,,,,,,,,
15/11/2019 13:00,112133.375,56%,,,,,,,,,,
15/11/2019 14:00,120244.81,60%,,,,,,,,,,
15/11/2019 15:00,129950.804,65%,,,,,,,,,,
15/11/2019 16:00,138494.62,69%,,,,,,,,,,
15/11/2019 17:00,144891.662,72%,,,,,,,,,,
15/11/2019 18:00,149572.877,75%,,,,,,,,,,
15/11/2019 19:00,153071.403,77%,,,,,,,,,,
15/11/2019 20:00,153067.481,77%,,,,,,,,,,
15/11/2019 21:00,146161.39,73%,,,,,,,,,,
15/11/2019 22:00,135800.407,68%,,,,,,,,,,
15/11/2019 23:00,126291.311,63%,,,,,,,,,,
16/11/2019 00:00,113084.591,57%,,,,,,,,,,
16/11/2019 01:00,97365.326,49%,,,,,,,,,,
16/11/2019 02:00,77708.132,39%,,,,,,,,,,
16/11/2019 03:00,65746.24,33%,,,,,,,,,,
16/11/2019 04:00,53932.906,27%,,,,,,,,,,
16/11/2019 05:00,40170.434,20%,,,,,,,,,,
16/11/2019 06:00,27287.256,14%,,,,,,,,,,
16/11/2019 07:00,14607.318,7%,,,,,,,,,,
16/11/2019 08:00,4494.027,2%,,,,,,,,,,
16/11/2019 09:00,445.748,0%,,,,,,,,,,
16/11/2019 10:00,910.42,0%,,,,,,,,,,
16/11/2019 11:00,1294.432,1%,,,,,,,,,,
16/11/2019 12:00,2214.809,1%,,,,,,,,,,
16/11/2019 13:00,5255.474,3%,,,,,,,,,,
16/11/2019 14:00,8923.58,4%,,,,,,,,,,
16/11/2019 15:00,12689.422,6%,,,,,,,,,,
16/11/2019 16:00,17552.565,9%,,,,,,,,,,
16/11/2019 17:00,21116.694,11%,,,,,,,,,,
16/11/2019 18:00,21299.057,11%,,,,,,,,,,
16/11/2019 19:00,20248.581,10%,,,,,,,,,,
16/11/2019 20:00,19007.535,10%,,,,,,,,,,
16/11/2019 21:00,17621.385,9%,,,,,,,,,,
16/11/2019 22:00,15115.091,8%,,,,,,,,,,
16/11/2019 23:00,12214.558,6%,,,,,,,,,,
17/11/2019 00:00,10787.44,5%,,,,,,,,,,
17/11/2019 01:00,10816.455,5%,,,,,,,,,,
17/11/2019 02:00,11499.101,6%,,,,,,,,,,
17/11/2019 03:00,11629.017,6%,,,,,,,,,,
17/11/2019 04:00,10802.997,5%,,,,,,,,,,
17/11/2019 05:00,9772.221,5%,,,,,,,,,,
17/11/2019 06:00,10928.513,5%,,,,,,,,,,
17/11/2019 07:00,14111.944,7%,,,,,,,,,,
17/11/2019 08:00,17093.676,9%,,,,,,,,,,
17/11/2019 09:00,16069.286,8%,,,,,,,,,,
17/11/2019 10:00,15565.615,8%,,,,,,,,,,
17/11/2019 11:00,19251.507,10%,,,,,,,,,,
17/11/2019 12:00,22867.209,11%,,,,,,,,,,
17/11/2019 13:00,26528.787,13%,,,,,,,,,,
17/11/2019 14:00,33488.963,17%,,,,,,,,,,
17/11/2019 15:00,48154.176,24%,,,,,,,,,,
17/11/2019 16:00,72324.657,36%,,,,,,,,,,
17/11/2019 17:00,85277.026,43%,,,,,,,,,,
17/11/2019 18:00,89036.812,45%,,,,,,,,,,
17/11/2019 19:00,81214.994,41%,,,,,,,,,,
17/11/2019 20:00,74711.021,37%,,,,,,,,,,
17/11/2019 21:00,72893.899,36%,,,,,,,,,,
17/11/2019 22:00,63291.977,32%,,,,,,,,,,
17/11/2019 23:00,52778.316,26%,,,,,,,,,,
18/11/2019 00:00,46940.206,23%,,,,,,,,,,
18/11/2019 01:00,46539.22,23%,,,,,,,,,,
18/11/2019 02:00,48147.606,24%,,,,,,,,,,
18/11/2019 03:00,49740.613,25%,,,,,,,,,,
18/11/2019 04:00,47327.828,24%,,,,,,,,,,
18/11/2019 05:00,47433.29,24%,,,,,,,,,,
18/11/2019 06:00,42082.269,21%,,,,,,,,,,
18/11/2019 07:00,43550.417,22%,,,,,,,,,,
18/11/2019 08:00,40053.362,20%,,,,,,,,,,
18/11/2019 09:00,33182.122,17%,,,,,,,,,,
18/11/2019 10:00,32364.381,16%,,,,,,,,,,
18/11/2019 11:00,33458.661,17%,,,,,,,,,,
18/11/2019 12:00,32273.662,16%,,,,,,,,,,
18/11/2019 13:00,31012.364,16%,,,,,,,,,,
18/11/2019 14:00,27296.194,14%,,,,,,,,,,
18/11/2019 15:00,24608.444,12%,,,,,,,,,,
18/11/2019 16:00,20896.058,10%,,,,,,,,,,
18/11/2019 17:00,14152.029,7%,,,,,,,,,,
18/11/2019 18:00,8140.927,4%,,,,,,,,,,
18/11/2019 19:00,3941.455,2%,,,,,,,,,,
18/11/2019 20:00,2184.8,1%,,,,,,,,,,
18/11/2019 21:00,1531.639,1%,,,,,,,,,,
18/11/2019 22:00,2027.958,1%,,,,,,,,,,
18/11/2019 23:00,4031.259,2%,,,,,,,,,,
19/11/2019 00:00,6707.996,3%,,,,,,,,,,
19/11/2019 01:00,9010.175,5%,,,,,,,,,,
19/11/2019 02:00,11411.887,6%,,,,,,,,,,
19/11/2019 03:00,13434.574,7%,,,,,,,,,,
19/11/2019 04:00,15267.565,8%,,,,,,,,,,
19/11/2019 05:00,19490.224,10%,,,,,,,,,,
19/11/2019 06:00,23803.646,12%,,,,,,,,,,
19/11/2019 07:00,22833.795,11%,,,,,,,,,,
19/11/2019 08:00,20203.601,10%,,,,,,,,,,
19/11/2019 09:00,19196.78,10%,,,,,,,,,,
19/11/2019 10:00,21183.71,11%,,,,,,,,,,
19/11/2019 11:00,27770.695,14%,,,,,,,,,,
19/11/2019 12:00,33324.846,17%,,,,,,,,,,
19/11/2019 13:00,38429.748,19%,,,,,,,,,,
19/11/2019 14:00,45476.234,23%,,,,,,,,,,
19/11/2019 15:00,61441.449,31%,,,,,,,,,,
19/11/2019 16:00,76020.302,38%,,,,,,,,,,
19/11/2019 17:00,77125.928,39%,,,,,,,,,,
19/11/2019 18:00,73384.195,37%,,,,,,,,,,
19/11/2019 19:00,71007.234,36%,,,,,,,,,,
19/11/2019 20:00,76062.621,38%,,,,,,,,,,
19/11/2019 21:00,93792.266,47%,,,,,,,,,,
19/11/2019 22:00,97979.987,49%,,,,,,,,,,
19/11/2019 23:00,96292.82,48%,,,,,,,,,,
20/11/2019 00:00,96292.871,48%,,,,,,,,,,
20/11/2019 01:00,89404.106,45%,,,,,,,,,,
20/11/2019 02:00,88306.969,44%,,,,,,,,,,
20/11/2019 03:00,88288.996,44%,,,,,,,,,,
20/11/2019 04:00,88840.484,44%,,,,,,,,,,
20/11/2019 05:00,90946.848,45%,,,,,,,,,,
20/11/2019 06:00,99595.407,50%,,,,,,,,,,
20/11/2019 07:00,105575.561,53%,,,,,,,,,,
20/11/2019 08:00,104708.181,52%,,,,,,,,,,
20/11/2019 09:00,92706.724,46%,,,,,,,,,,
20/11/2019 10:00,83325.423,42%,,,,,,,,,,
20/11/2019 11:00,92005.928,46%,,,,,,,,,,
20/11/2019 12:00,108896.79,54%,,,,,,,,,,
20/11/2019 13:00,111791.112,56%,,,,,,,,,,
20/11/2019 14:00,108216.315,54%,,,,,,,,,,
20/11/2019 15:00,106055.858,53%,,,,,,,,,,
20/11/2019 16:00,99069.937,50%,,,,,,,,,,
20/11/2019 17:00,90060.661,45%,,,,,,,,,,
20/11/2019 18:00,83008.336,42%,,,,,,,,,,
20/11/2019 19:00,80809.227,40%,,,,,,,,,,
20/11/2019 20:00,80800.725,40%,,,,,,,,,,
20/11/2019 21:00,83017.462,42%,,,,,,,,,,
20/11/2019 22:00,86378.747,43%,,,,,,,,,,
20/11/2019 23:00,83337.143,42%,,,,,,,,,,
21/11/2019 00:00,79011.721,40%,,,,,,,,,,
21/11/2019 01:00,72848.633,36%,,,,,,,,,,
21/11/2019 02:00,68976.359,34%,,,,,,,,,,
21/11/2019 03:00,70205.008,35%,,,,,,,,,,
21/11/2019 04:00,68449.582,34%,,,,,,,,,,
21/11/2019 05:00,73842.129,37%,,,,,,,,,,
21/11/2019 06:00,73388.875,37%,,,,,,,,,,
21/11/2019 07:00,72285.703,36%,,,,,,,,,,
21/11/2019 08:00,73006.955,37%,,,,,,,,,,
21/11/2019 09:00,64564.398,32%,,,,,,,,,,
21/11/2019 10:00,72153.425,36%,,,,,,,,,,
21/11/2019 11:00,83916.212,42%,,,,,,,,,,
21/11/2019 12:00,82469.688,41%,,,,,,,,,,
21/11/2019 13:00,70331.305,35%,,,,,,,,,,
21/11/2019 14:00,64525.95,32%,,,,,,,,,,
21/11/2019 15:00,71529.551,36%,,,,,,,,,,
21/11/2019 16:00,80096.681,40%,,,,,,,,,,
21/11/2019 17:00,81456.631,41%,,,,,,,,,,
21/11/2019 18:00,79764.272,40%,,,,,,,,,,
21/11/2019 19:00,77130.461,39%,,,,,,,,,,
21/11/2019 20:00,75846.683,38%,,,,,,,,,,
21/11/2019 21:00,83911.522,42%,,,,,,,,,,
21/11/2019 22:00,80098.867,40%,,,,,,,,,,
21/11/2019 23:00,74430.345,37%,,,,,,,,,,
22/11/2019 00:00,69928.305,35%,,,,,,,,,,
22/11/2019 01:00,66732.508,33%,,,,,,,,,,
22/11/2019 02:00,61769.647,31%,,,,,,,,,,
22/11/2019 03:00,59089.742,30%,,,,,,,,,,
22/11/2019 04:00,61101.967,31%,,,,,,,,,,
22/11/2019 05:00,62114.524,31%,,,,,,,,,,
22/11/2019 06:00,64014.948,32%,,,,,,,,,,
22/11/2019 07:00,68186.369,34%,,,,,,,,,,
22/11/2019 08:00,67985.535,34%,,,,,,,,,,
22/11/2019 09:00,67571.1,34%,,,,,,,,,,
22/11/2019 10:00,63229.784,32%,,,,,,,,,,
22/11/2019 11:00,65472.398,33%,,,,,,,,,,
22/11/2019 12:00,62109.081,31%,,,,,,,,,,
22/11/2019 13:00,62238.224,31%,,,,,,,,,,
22/11/2019 14:00,75249.219,38%,,,,,,,,,,
22/11/2019 15:00,95982.066,48%,,,,,,,,,,
22/11/2019 16:00,100145.144,50%,,,,,,,,,,
22/11/2019 17:00,105196.634,53%,,,,,,,,,,
22/11/2019 18:00,112442.65,56%,,,,,,,,,,
22/11/2019 19:00,115627.309,58%,,,,,,,,,,
22/11/2019 20:00,117015.195,59%,,,,,,,,,,
22/11/2019 21:00,113158.59,57%,,,,,,,,,,
22/11/2019 22:00,106429.813,53%,,,,,,,,,,
22/11/2019 23:00,103530.189,52%,,,,,,,,,,
23/11/2019 00:00,106429.455,53%,,,,,,,,,,
23/11/2019 01:00,107858.265,54%,,,,,,,,,,
23/11/2019 02:00,113158.545,57%,,,,,,,,,,
23/11/2019 03:00,118085.142,59%,,,,,,,,,,
23/11/2019 04:00,117908.77,59%,,,,,,,,,,
23/11/2019 05:00,112528.002,56%,,,,,,,,,,
23/11/2019 06:00,105656.828,53%,,,,,,,,,,
23/11/2019 07:00,99637.507,50%,,,,,,,,,,
23/11/2019 08:00,90463.316,45%,,,,,,,,,,
23/11/2019 09:00,78913.611,39%,,,,,,,,,,
23/11/2019 10:00,68460.767,34%,,,,,,,,,,
23/11/2019 11:00,60993.718,30%,,,,,,,,,,
23/11/2019 12:00,52985.878,26%,,,,,,,,,,
23/11/2019 13:00,47002.573,24%,,,,,,,,,,
23/11/2019 14:00,44122.624,22%,,,,,,,,,,
23/11/2019 15:00,46587.261,23%,,,,,,,,,,
23/11/2019 16:00,51256.671,26%,,,,,,,,,,
23/11/2019 17:00,52282.749,26%,,,,,,,,,,
23/11/2019 18:00,52138.083,26%,,,,,,,,,,
23/11/2019 19:00,50716.353,25%,,,,,,,,,,
23/11/2019 20:00,46775.579,23%,,,,,,,,,,
23/11/2019 21:00,42125.844,21%,,,,,,,,,,
23/11/2019 22:00,38461.878,19%,,,,,,,,,,
23/11/2019 23:00,36407.432,18%,,,,,,,,,,
24/11/2019 00:00,33226.558,17%,,,,,,,,,,
24/11/2019 01:00,27512.105,14%,,,,,,,,,,
24/11/2019 02:00,21645.114,11%,,,,,,,,,,
24/11/2019 03:00,16580.495,8%,,,,,,,,,,
24/11/2019 04:00,12554.431,6%,,,,,,,,,,
24/11/2019 05:00,8947.097,4%,,,,,,,,,,
24/11/2019 06:00,3958.731,2%,,,,,,,,,,
24/11/2019 07:00,1040.067,1%,,,,,,,,,,
24/11/2019 08:00,843.766,0%,,,,,,,,,,
24/11/2019 09:00,1925.105,1%,,,,,,,,,,
24/11/2019 10:00,3115.144,2%,,,,,,,,,,
24/11/2019 11:00,5394.099,3%,,,,,,,,,,
24/11/2019 12:00,9429.676,5%,,,,,,,,,,
24/11/2019 13:00,13580.948,7%,,,,,,,,,,
24/11/2019 14:00,17428.181,9%,,,,,,,,,,
24/11/2019 15:00,26186.958,13%,,,,,,,,,,
24/11/2019 16:00,43645.644,22%,,,,,,,,,,
24/11/2019 17:00,57084.815,29%,,,,,,,,,,
24/11/2019 18:00,59781.264,30%,,,,,,,,,,
24/11/2019 19:00,62937.632,31%,,,,,,,,,,
24/11/2019 20:00,64064.397,32%,,,,,,,,,,
24/11/2019 21:00,70335.005,35%,,,,,,,,,,
24/11/2019 22:00,74122.847,37%,,,,,,,,,,
24/11/2019 23:00,73623.077,37%,,,,,,,,,,
25/11/2019 00:00,71972.082,36%,,,,,,,,,,
25/11/2019 01:00,77004.393,39%,,,,,,,,,,
25/11/2019 02:00,87834.561,44%,,,,,,,,,,
25/11/2019 03:00,91332.152,46%,,,,,,,,,,
25/11/2019 04:00,93686.386,47%,,,,,,,,,,
25/11/2019 05:00,100846.508,50%,,,,,,,,,,
25/11/2019 06:00,95419.891,48%,,,,,,,,,,
25/11/2019 07:00,91775.607,46%,,,,,,,,,,
25/11/2019 08:00,90781.79,45%,,,,,,,,,,
25/11/2019 09:00,90050.904,45%,,,,,,,,,,
25/11/2019 10:00,88941.586,44%,,,,,,,,,,
25/11/2019 11:00,82002.148,41%,,,,,,,,,,
25/11/2019 12:00,73025.218,37%,,,,,,,,,,
25/11/2019 13:00,64013.126,32%,,,,,,,,,,
25/11/2019 14:00,62626.151,31%,,,,,,,,,,
25/11/2019 15:00,68146.653,34%,,,,,,,,,,
25/11/2019 16:00,75254.453,38%,,,,,,,,,,
25/11/2019 17:00,79559.395,40%,,,,,,,,,,
25/11/2019 18:00,76557.295,38%,,,,,,,,,,
25/11/2019 19:00,72136.518,36%,,,,,,,,,,
25/11/2019 20:00,66829.02,33%,,,,,,,,,,
25/11/2019 21:00,65547.338,33%,,,,,,,,,,
25/11/2019 22:00,65654.903,33%,,,,,,,,,,
25/11/2019 23:00,63328.97,32%,,,,,,,,,,
26/11/2019 00:00,62000.892,31%,,,,,,,,,,
26/11/2019 01:00,61608.715,31%,,,,,,,,,,
26/11/2019 02:00,57785.428,29%,,,,,,,,,,
26/11/2019 03:00,58753.906,29%,,,,,,,,,,
26/11/2019 04:00,61627.201,31%,,,,,,,,,,
26/11/2019 05:00,64011.434,32%,,,,,,,,,,
26/11/2019 06:00,69661.934,35%,,,,,,,,,,
26/11/2019 07:00,96293.035,48%,,,,,,,,,,
26/11/2019 08:00,130543.56,65%,,,,,,,,,,
26/11/2019 09:00,142882.742,71%,,,,,,,,,,
26/11/2019 10:00,149749.409,75%,,,,,,,,,,
26/11/2019 11:00,132128.363,66%,,,,,,,,,,
26/11/2019 12:00,124635.514,62%,,,,,,,,,,
26/11/2019 13:00,123572.561,62%,,,,,,,,,,
26/11/2019 14:00,124281.376,62%,,,,,,,,,,
26/11/2019 15:00,126864.021,63%,,,,,,,,,,
26/11/2019 16:00,126909.317,63%,,,,,,,,,,
26/11/2019 17:00,113158.486,57%,,,,,,,,,,
26/11/2019 18:00,90780.244,45%,,,,,,,,,,
26/11/2019 19:00,84700.606,42%,,,,,,,,,,
26/11/2019 20:00,76177.844,38%,,,,,,,,,,
26/11/2019 21:00,66834.665,33%,,,,,,,,,,
26/11/2019 22:00,54678.13,27%,,,,,,,,,,
26/11/2019 23:00,46906.154,23%,,,,,,,,,,
27/11/2019 00:00,46934.214,23%,,,,,,,,,,
27/11/2019 01:00,47978.383,24%,,,,,,,,,,
27/11/2019 02:00,40765.073,20%,,,,,,,,,,
27/11/2019 03:00,29540.034,15%,,,,,,,,,,
27/11/2019 04:00,16811.6,8%,,,,,,,,,,
27/11/2019 05:00,10967.737,5%,,,,,,,,,,
27/11/2019 06:00,8404.517,4%,,,,,,,,,,
27/11/2019 07:00,7388.258,4%,,,,,,,,,,
27/11/2019 08:00,6827.138,3%,,,,,,,,,,
27/11/2019 09:00,4131.453,2%,,,,,,,,,,
27/11/2019 10:00,1938.115,1%,,,,,,,,,,
27/11/2019 11:00,1525.709,1%,,,,,,,,,,
27/11/2019 12:00,3394.409,2%,,,,,,,,,,
27/11/2019 13:00,9298.358,5%,,,,,,,,,,
27/11/2019 14:00,18778.93,9%,,,,,,,,,,
27/11/2019 15:00,33684.591,17%,,,,,,,,,,
27/11/2019 16:00,53922.468,27%,,,,,,,,,,
27/11/2019 17:00,59017.837,30%,,,,,,,,,,
27/11/2019 18:00,60956.54,30%,,,,,,,,,,
27/11/2019 19:00,63609.317,32%,,,,,,,,,,
27/11/2019 20:00,70528.456,35%,,,,,,,,,,
27/11/2019 21:00,74013.513,37%,,,,,,,,,,
27/11/2019 22:00,79938.484,40%,,,,,,,,,,
27/11/2019 23:00,82903.948,41%,,,,,,,,,,
28/11/2019 00:00,81554.973,41%,,,,,,,,,,
28/11/2019 01:00,80080.685,40%,,,,,,,,,,
28/11/2019 02:00,82546.326,41%,,,,,,,,,,
28/11/2019 03:00,91228.242,46%,,,,,,,,,,
28/11/2019 04:00,94547.374,47%,,,,,,,,,,
28/11/2019 05:00,97084.446,49%,,,,,,,,,,
28/11/2019 06:00,88852.868,44%,,,,,,,,,,
28/11/2019 07:00,75887.027,38%,,,,,,,,,,
28/11/2019 08:00,70178.23,35%,,,,,,,,,,
28/11/2019 09:00,64747.92,32%,,,,,,,,,,
28/11/2019 10:00,48599.867,24%,,,,,,,,,,
28/11/2019 11:00,38518.358,19%,,,,,,,,,,
28/11/2019 12:00,32539.009,16%,,,,,,,,,,
28/11/2019 13:00,31486.665,16%,,,,,,,,,,
28/11/2019 14:00,31628.635,16%,,,,,,,,,,
28/11/2019 15:00,35933.505,18%,,,,,,,,,,
28/11/2019 16:00,40899.283,20%,,,,,,,,,,
28/11/2019 17:00,44151.44,22%,,,,,,,,,,
28/11/2019 18:00,43118.472,22%,,,,,,,,,,
28/11/2019 19:00,39554.301,20%,,,,,,,,,,
28/11/2019 20:00,41923.324,21%,,,,,,,,,,
28/11/2019 21:00,42599.109,21%,,,,,,,,,,
28/11/2019 22:00,46581.069,23%,,,,,,,,,,
28/11/2019 23:00,49858.482,25%,,,,,,,,,,
29/11/2019 00:00,50532.956,25%,,,,,,,,,,
29/11/2019 01:00,48602.703,24%,,,,,,,,,,
29/11/2019 02:00,45606.214,23%,,,,,,,,,,
29/11/2019 03:00,41015.491,21%,,,,,,,,,,
29/11/2019 04:00,35087.814,18%,,,,,,,,,,
29/11/2019 05:00,28973.226,14%,,,,,,,,,,
29/11/2019 06:00,25398.203,13%,,,,,,,,,,
29/11/2019 07:00,20252.931,10%,,,,,,,,,,
29/11/2019 08:00,15286.276,8%,,,,,,,,,,
29/11/2019 09:00,10814.517,5%,,,,,,,,,,
29/11/2019 10:00,7693.441,4%,,,,,,,,,,
29/11/2019 11:00,6176.235,3%,,,,,,,,,,
29/11/2019 12:00,5177.732,3%,,,,,,,,,,
29/11/2019 13:00,4294.148,2%,,,,,,,,,,
29/11/2019 14:00,3973.254,2%,,,,,,,,,,
29/11/2019 15:00,4752.636,2%,,,,,,,,,,
29/11/2019 16:00,5366.025,3%,,,,,,,,,,
29/11/2019 17:00,5236.487,3%,,,,,,,,,,
29/11/2019 18:00,5579.843,3%,,,,,,,,,,
29/11/2019 19:00,8428.777,4%,,,,,,,,,,
29/11/2019 20:00,14741.494,7%,,,,,,,,,,
29/11/2019 21:00,23561.154,12%,,,,,,,,,,
29/11/2019 22:00,31379.657,16%,,,,,,,,,,
29/11/2019 23:00,35767.498,18%,,,,,,,,,,
30/11/2019 00:00,30621.258,15%,,,,,,,,,,
30/11/2019 01:00,24162.894,12%,,,,,,,,,,
30/11/2019 02:00,24287.263,12%,,,,,,,,,,
30/11/2019 03:00,27346.285,14%,,,,,,,,,,
30/11/2019 04:00,30913.783,15%,,,,,,,,,,
30/11/2019 05:00,32203.144,16%,,,,,,,,,,
30/11/2019 06:00,33943.37,17%,,,,,,,,,,
30/11/2019 07:00,35310.378,18%,,,,,,,,,,
30/11/2019 08:00,35951.192,18%,,,,,,,,,,
30/11/2019 09:00,38081.89,19%,,,,,,,,,,
30/11/2019 10:00,46212.042,23%,,,,,,,,,,
30/11/2019 11:00,49735.173,25%,,,,,,,,,,
30/11/2019 12:00,49063.86,25%,,,,,,,,,,
30/11/2019 13:00,51818.713,26%,,,,,,,,,,
30/11/2019 14:00,54407.748,27%,,,,,,,,,,
30/11/2019 15:00,61656.298,31%,,,,,,,,,,
30/11/2019 16:00,75787.311,38%,,,,,,,,,,
30/11/2019 17:00,70551.408,35%,,,,,,,,,,
30/11/2019 18:00,58378.567,29%,,,,,,,,,,
30/11/2019 19:00,55784.042,28%,,,,,,,,,,
30/11/2019 20:00,57605.115,29%,,,,,,,,,,
30/11/2019 21:00,60488.127,30%,,,,,,,,,,
30/11/2019 22:00,55259.03,28%,,,,,,,,,,
30/11/2019 23:00,51808.705,26%,,,,,,,,,,
01/12/2019 00:00,52282.555,26%,,,,,,,,,,
01/12/2019 01:00,53933.341,27%,,,,,,,,,,
01/12/2019 02:00,57816.165,29%,,,,,,,,,,
01/12/2019 03:00,60486.841,30%,,,,,,,,,,
01/12/2019 04:00,62688.575,31%,,,,,,,,,,
01/12/2019 05:00,65541.848,33%,,,,,,,,,,
01/12/2019 06:00,68407.27,34%,,,,,,,,,,
01/12/2019 07:00,69767.49,35%,,,,,,,,,,
01/12/2019 08:00,66881.851,33%,,,,,,,,,,
01/12/2019 09:00,55132.284,28%,,,,,,,,,,
01/12/2019 10:00,42696.003,21%,,,,,,,,,,
01/12/2019 11:00,36182.803,18%,,,,,,,,,,
01/12/2019 12:00,40576.551,20%,,,,,,,,,,
01/12/2019 13:00,41931.03,21%,,,,,,,,,,
01/12/2019 14:00,40822.04,20%,,,,,,,,,,
01/12/2019 15:00,55621.219,28%,,,,,,,,,,
01/12/2019 16:00,73652.456,37%,,,,,,,,,,
01/12/2019 17:00,73661.6,37%,,,,,,,,,,
01/12/2019 18:00,65781.089,33%,,,,,,,,,,
01/12/2019 19:00,51684.356,26%,,,,,,,,,,
01/12/2019 20:00,43921.81,22%,,,,,,,,,,
01/12/2019 21:00,38305.921,19%,,,,,,,,,,
01/12/2019 22:00,28427.942,14%,,,,,,,,,,
01/12/2019 23:00,20245.397,10%,,,,,,,,,,
02/12/2019 00:00,20250.862,10%,,,,,,,,,,
02/12/2019 01:00,20815.58,10%,,,,,,,,,,
02/12/2019 02:00,19375.3,10%,,,,,,,,,,
02/12/2019 03:00,20020.388,10%,,,,,,,,,,
02/12/2019 04:00,26592.5,13%,,,,,,,,,,
02/12/2019 05:00,31604.051,16%,,,,,,,,,,
02/12/2019 06:00,34124.457,17%,,,,,,,,,,
02/12/2019 07:00,33610.547,17%,,,,,,,,,,
02/12/2019 08:00,32729.507,16%,,,,,,,,,,
02/12/2019 09:00,27032.143,14%,,,,,,,,,,
02/12/2019 10:00,20517.605,10%,,,,,,,,,,
02/12/2019 11:00,17413.954,9%,,,,,,,,,,
02/12/2019 12:00,17210.498,9%,,,,,,,,,,
02/12/2019 13:00,19356.306,10%,,,,,,,,,,
02/12/2019 14:00,21296.142,11%,,,,,,,,,,
02/12/2019 15:00,29104.657,15%,,,,,,,,,,
02/12/2019 16:00,35770.518,18%,,,,,,,,,,
02/12/2019 17:00,37139.211,19%,,,,,,,,,,
02/12/2019 18:00,35406.8,18%,,,,,,,,,,
02/12/2019 19:00,29919.839,15%,,,,,,,,,,
02/12/2019 20:00,25473.803,13%,,,,,,,,,,
02/12/2019 21:00,22205.73,11%,,,,,,,,,,
02/12/2019 22:00,20523.557,10%,,,,,,,,,,
02/12/2019 23:00,20110.394,10%,,,,,,,,,,
03/12/2019 00:00,20196.302,10%,,,,,,,,,,
03/12/2019 01:00,19981.863,10%,,,,,,,,,,
03/12/2019 02:00,19929.716,10%,,,,,,,,,,
03/12/2019 03:00,20014.871,10%,,,,,,,,,,
03/12/2019 04:00,20252.103,10%,,,,,,,,,,
03/12/2019 05:00,20248.359,10%,,,,,,,,,,
03/12/2019 06:00,20774.521,10%,,,,,,,,,,
03/12/2019 07:00,22817.498,11%,,,,,,,,,,
03/12/2019 08:00,25284.453,13%,,,,,,,,,,
03/12/2019 09:00,24904.514,12%,,,,,,,,,,
03/12/2019 10:00,22309.911,11%,,,,,,,,,,
03/12/2019 11:00,23511.978,12%,,,,,,,,,,
03/12/2019 12:00,26716.545,13%,,,,,,,,,,
03/12/2019 13:00,26690.028,13%,,,,,,,,,,
03/12/2019 14:00,27619.497,14%,,,,,,,,,,
03/12/2019 15:00,40186.009,20%,,,,,,,,,,
03/12/2019 16:00,53926.55,27%,,,,,,,,,,
03/12/2019 17:00,62243.052,31%,,,,,,,,,,
03/12/2019 18:00,66539.045,33%,,,,,,,,,,
03/12/2019 19:00,68558.468,34%,,,,,,,,,,
03/12/2019 20:00,68686.687,34%,,,,,,,,,,
03/12/2019 21:00,67924.831,34%,,,,,,,,,,
03/12/2019 22:00,67928.75,34%,,,,,,,,,,
03/12/2019 23:00,67495.385,34%,,,,,,,,,,
04/12/2019 00:00,64078.936,32%,,,,,,,,,,
04/12/2019 01:00,53934.012,27%,,,,,,,,,,
04/12/2019 02:00,43979.991,22%,,,,,,,,,,
04/12/2019 03:00,36122.251,18%,,,,,,,,,,
04/12/2019 04:00,31247.213,16%,,,,,,,,,,
04/12/2019 05:00,26833.279,13%,,,,,,,,,,
04/12/2019 06:00,23943.922,12%,,,,,,,,,,
04/12/2019 07:00,22170.431,11%,,,,,,,,,,
04/12/2019 08:00,20093.301,10%,,,,,,,,,,
04/12/2019 09:00,17368.573,9%,,,,,,,,,,
04/12/2019 10:00,14742.368,7%,,,,,,,,,,
04/12/2019 11:00,13340.126,7%,,,,,,,,,,
04/12/2019 12:00,12871.469,6%,,,,,,,,,,
04/12/2019 13:00,13317.642,7%,,,,,,,,,,
04/12/2019 14:00,14047.715,7%,,,,,,,,,,
04/12/2019 15:00,15489.929,8%,,,,,,,,,,
04/12/2019 16:00,18545.024,9%,,,,,,,,,,
04/12/2019 17:00,20752.804,10%,,,,,,,,,,
04/12/2019 18:00,23592.634,12%,,,,,,,,,,
04/12/2019 19:00,28144.186,14%,,,,,,,,,,
04/12/2019 20:00,33507.638,17%,,,,,,,,,,
04/12/2019 21:00,37764.154,19%,,,,,,,,,,
04/12/2019 22:00,39685.092,20%,,,,,,,,,,
04/12/2019 23:00,37121.402,19%,,,,,,,,,,
05/12/2019 00:00,35922.976,18%,,,,,,,,,,
05/12/2019 01:00,38833.326,19%,,,,,,,,,,
05/12/2019 02:00,44332.39,22%,,,,,,,,,,
05/12/2019 03:00,45486.265,23%,,,,,,,,,,
05/12/2019 04:00,48384.35,24%,,,,,,,,,,
05/12/2019 05:00,51325.863,26%,,,,,,,,,,
05/12/2019 06:00,53861.538,27%,,,,,,,,,,
05/12/2019 07:00,56353.94,28%,,,,,,,,,,
05/12/2019 08:00,60984.84,30%,,,,,,,,,,
05/12/2019 09:00,71284.494,36%,,,,,,,,,,
05/12/2019 10:00,80274.128,40%,,,,,,,,,,
05/12/2019 11:00,90340.309,45%,,,,,,,,,,
05/12/2019 12:00,106283.658,53%,,,,,,,,,,
05/12/2019 13:00,129164,65%,,,,,,,,,,
05/12/2019 14:00,142671.142,71%,,,,,,,,,,
05/12/2019 15:00,151792.408,76%,,,,,,,,,,
05/12/2019 16:00,155625.668,78%,,,,,,,,,,
05/12/2019 17:00,159704.661,80%,,,,,,,,,,
05/12/2019 18:00,166243.672,83%,,,,,,,,,,
05/12/2019 19:00,170032.639,85%,,,,,,,,,,
05/12/2019 20:00,175139.635,88%,,,,,,,,,,
05/12/2019 21:00,171567.683,86%,,,,,,,,,,
05/12/2019 22:00,170548.001,85%,,,,,,,,,,
05/12/2019 23:00,168760.232,84%,,,,,,,,,,
06/12/2019 00:00,164666.11,82%,,,,,,,,,,
06/12/2019 01:00,158645.216,79%,,,,,,,,,,
06/12/2019 02:00,151738.847,76%,,,,,,,,,,
06/12/2019 03:00,146259.005,73%,,,,,,,,,,
06/12/2019 04:00,131347.91,66%,,,,,,,,,,
06/12/2019 05:00,133084.622,67%,,,,,,,,,,
06/12/2019 06:00,135964.908,68%,,,,,,,,,,
06/12/2019 07:00,130418.793,65%,,,,,,,,,,
06/12/2019 08:00,132684.218,66%,,,,,,,,,,
06/12/2019 09:00,132206.549,66%,,,,,,,,,,
06/12/2019 10:00,138881.691,69%,,,,,,,,,,
06/12/2019 11:00,149167.69,75%,,,,,,,,,,
06/12/2019 12:00,157706.393,79%,,,,,,,,,,
06/12/2019 13:00,159699.44,80%,,,,,,,,,,
06/12/2019 14:00,159704.644,80%,,,,,,,,,,
06/12/2019 15:00,159757.333,80%,,,,,,,,,,
06/12/2019 16:00,155825.982,78%,,,,,,,,,,
06/12/2019 17:00,147355.353,74%,,,,,,,,,,
06/12/2019 18:00,144002.927,72%,,,,,,,,,,
06/12/2019 19:00,135905.06,68%,,,,,,,,,,
06/12/2019 20:00,125040.232,63%,,,,,,,,,,
06/12/2019 21:00,118304.4,59%,,,,,,,,,,
06/12/2019 22:00,111462.851,56%,,,,,,,,,,
06/12/2019 23:00,106972.414,53%,,,,,,,,,,
07/12/2019 00:00,103888.299,52%,,,,,,,,,,
07/12/2019 01:00,97547.267,49%,,,,,,,,,,
07/12/2019 02:00,95742.913,48%,,,,,,,,,,
07/12/2019 03:00,93277.49,47%,,,,,,,,,,
07/12/2019 04:00,87686.095,44%,,,,,,,,,,
07/12/2019 05:00,84760.889,42%,,,,,,,,,,
07/12/2019 06:00,79560.709,40%,,,,,,,,,,
07/12/2019 07:00,74041.828,37%,,,,,,,,,,
07/12/2019 08:00,71522.637,36%,,,,,,,,,,
07/12/2019 09:00,62558.319,31%,,,,,,,,,,
07/12/2019 10:00,53929,27%,,,,,,,,,,
07/12/2019 11:00,62249.482,31%,,,,,,,,,,
07/12/2019 12:00,86169.39,43%,,,,,,,,,,
07/12/2019 13:00,94402.842,47%,,,,,,,,,,
07/12/2019 14:00,98770.782,49%,,,,,,,,,,
07/12/2019 15:00,109655.981,55%,,,,,,,,,,
07/12/2019 16:00,112158.558,56%,,,,,,,,,,
07/12/2019 17:00,126275.971,63%,,,,,,,,,,
07/12/2019 18:00,144053.738,72%,,,,,,,,,,
07/12/2019 19:00,155027.933,78%,,,,,,,,,,
07/12/2019 20:00,164443.714,82%,,,,,,,,,,
07/12/2019 21:00,175398.84,88%,,,,,,,,,,
07/12/2019 22:00,186094.544,93%,,,,,,,,,,
07/12/2019 23:00,190963.716,95%,,,,,,,,,,
08/12/2019 00:00,194456.22,97%,,,,,,,,,,
08/12/2019 01:00,194522.323,97%,,,,,,,,,,
08/12/2019 02:00,187078.154,94%,,,,,,,,,,
08/12/2019 03:00,184927.8,92%,,,,,,,,,,
08/12/2019 04:00,173999.861,87%,,,,,,,,,,
08/12/2019 05:00,162154.145,81%,,,,,,,,,,
08/12/2019 06:00,163337.297,82%,,,,,,,,,,
08/12/2019 07:00,166180.258,83%,,,,,,,,,,
08/12/2019 08:00,172435.756,86%,,,,,,,,,,
08/12/2019 09:00,177083.859,89%,,,,,,,,,,
08/12/2019 10:00,179937.657,90%,,,,,,,,,,
08/12/2019 11:00,181943.438,91%,,,,,,,,,,
08/12/2019 12:00,181428.863,91%,,,,,,,,,,
08/12/2019 13:00,179412.493,90%,,,,,,,,,,
08/12/2019 14:00,176899.689,88%,,,,,,,,,,
08/12/2019 15:00,176839.385,88%,,,,,,,,,,
08/12/2019 16:00,175128.278,88%,,,,,,,,,,
08/12/2019 17:00,174728.915,87%,,,,,,,,,,
08/12/2019 18:00,176067.768,88%,,,,,,,,,,
08/12/2019 19:00,178110.148,89%,,,,,,,,,,
08/12/2019 20:00,177691.062,89%,,,,,,,,,,
08/12/2019 21:00,172061.119,86%,,,,,,,,,,
08/12/2019 22:00,162617.167,81%,,,,,,,,,,
08/12/2019 23:00,155218.65,78%,,,,,,,,,,
09/12/2019 00:00,155108.483,78%,,,,,,,,,,
09/12/2019 01:00,153065.406,77%,,,,,,,,,,
09/12/2019 02:00,146203.602,73%,,,,,,,,,,
09/12/2019 03:00,148227.358,74%,,,,,,,,,,
09/12/2019 04:00,173221.569,87%,,,,,,,,,,
09/12/2019 05:00,186824.661,93%,,,,,,,,,,
09/12/2019 06:00,190770.644,95%,,,,,,,,,,
09/12/2019 07:00,187199.073,94%,,,,,,,,,,
09/12/2019 08:00,176280.428,88%,,,,,,,,,,
09/12/2019 09:00,166060.849,83%,,,,,,,,,,
09/12/2019 10:00,155026.763,78%,,,,,,,,,,
09/12/2019 11:00,147349.221,74%,,,,,,,,,,
09/12/2019 12:00,139404.071,70%,,,,,,,,,,
09/12/2019 13:00,127423.596,64%,,,,,,,,,,
09/12/2019 14:00,106972.987,53%,,,,,,,,,,
09/12/2019 15:00,93433.384,47%,,,,,,,,,,
09/12/2019 16:00,82756.677,41%,,,,,,,,,,
09/12/2019 17:00,72850.428,36%,,,,,,,,,,
09/12/2019 18:00,66311.105,33%,,,,,,,,,,
09/12/2019 19:00,52283.866,26%,,,,,,,,,,
09/12/2019 20:00,45628.78,23%,,,,,,,,,,
09/12/2019 21:00,43961.95,22%,,,,,,,,,,
09/12/2019 22:00,52983.962,26%,,,,,,,,,,
09/12/2019 23:00,72028.46,36%,,,,,,,,,,
10/12/2019 00:00,86205.83,43%,,,,,,,,,,
10/12/2019 01:00,88180.999,44%,,,,,,,,,,
10/12/2019 02:00,81454.349,41%,,,,,,,,,,
10/12/2019 03:00,83586.219,42%,,,,,,,,,,
10/12/2019 04:00,91082.034,46%,,,,,,,,,,
10/12/2019 05:00,105908.686,53%,,,,,,,,,,
10/12/2019 06:00,119345.126,60%,,,,,,,,,,
10/12/2019 07:00,141437.39,71%,,,,,,,,,,
10/12/2019 08:00,165153.568,83%,,,,,,,,,,
10/12/2019 09:00,187569.727,94%,,,,,,,,,,
10/12/2019 10:00,193937.616,97%,,,,,,,,,,
10/12/2019 11:00,192152.874,96%,,,,,,,,,,
10/12/2019 12:00,192593.724,96%,,,,,,,,,,
10/12/2019 13:00,194078.696,97%,,,,,,,,,,
10/12/2019 14:00,195839.305,98%,,,,,,,,,,
10/12/2019 15:00,197047.011,99%,,,,,,,,,,
10/12/2019 16:00,196461.626,98%,,,,,,,,,,
10/12/2019 17:00,189846.428,95%,,,,,,,,,,
10/12/2019 18:00,170895.076,85%,,,,,,,,,,
10/12/2019 19:00,115071.239,58%,,,,,,,,,,
10/12/2019 20:00,93731.245,47%,,,,,,,,,,
10/12/2019 21:00,106677.61,53%,,,,,,,,,,
10/12/2019 22:00,111446.302,56%,,,,,,,,,,
10/12/2019 23:00,112895.136,56%,,,,,,,,,,
11/12/2019 00:00,99593.157,50%,,,,,,,,,,
11/12/2019 01:00,91697.457,46%,,,,,,,,,,
11/12/2019 02:00,86378.428,43%,,,,,,,,,,
11/12/2019 03:00,80599.179,40%,,,,,,,,,,
11/12/2019 04:00,79555.916,40%,,,,,,,,,,
11/12/2019 05:00,73090.406,37%,,,,,,,,,,
11/12/2019 06:00,69236.335,35%,,,,,,,,,,
11/12/2019 07:00,66869.705,33%,,,,,,,,,,
11/12/2019 08:00,75782.523,38%,,,,,,,,,,
11/12/2019 09:00,77900.202,39%,,,,,,,,,,
11/12/2019 10:00,80615.473,40%,,,,,,,,,,
11/12/2019 11:00,79518.872,40%,,,,,,,,,,
11/12/2019 12:00,80100.722,40%,,,,,,,,,,
11/12/2019 13:00,74716.492,37%,,,,,,,,,,
11/12/2019 14:00,65543.862,33%,,,,,,,,,,
11/12/2019 15:00,66538.492,33%,,,,,,,,,,
11/12/2019 16:00,66767.787,33%,,,,,,,,,,
11/12/2019 17:00,69249.909,35%,,,,,,,,,,
11/12/2019 18:00,70475.907,35%,,,,,,,,,,
11/12/2019 19:00,69696.974,35%,,,,,,,,,,
11/12/2019 20:00,65643.576,33%,,,,,,,,,,
11/12/2019 21:00,63329.332,32%,,,,,,,,,,
11/12/2019 22:00,62908.689,31%,,,,,,,,,,
11/12/2019 23:00,63249.336,32%,,,,,,,,,,
12/12/2019 00:00,63250.252,32%,,,,,,,,,,
12/12/2019 01:00,60432.479,30%,,,,,,,,,,
12/12/2019 02:00,57390.961,29%,,,,,,,,,,
12/12/2019 03:00,60992.79,30%,,,,,,,,,,
12/12/2019 04:00,68774.132,34%,,,,,,,,,,
12/12/2019 05:00,74080.737,37%,,,,,,,,,,
12/12/2019 06:00,85946.615,43%,,,,,,,,,,
12/12/2019 07:00,99329.794,50%,,,,,,,,,,
12/12/2019 08:00,111067.066,56%,,,,,,,,,,
12/12/2019 09:00,116042.18,58%,,,,,,,,,,
12/12/2019 10:00,126094.574,63%,,,,,,,,,,
12/12/2019 11:00,117905.879,59%,,,,,,,,,,
12/12/2019 12:00,103501.343,52%,,,,,,,,,,
12/12/2019 13:00,94137.039,47%,,,,,,,,,,
12/12/2019 14:00,86376.157,43%,,,,,,,,,,
12/12/2019 15:00,77200.79,39%,,,,,,,,,,
12/12/2019 16:00,95802.89,48%,,,,,,,,,,
12/12/2019 17:00,104050.543,52%,,,,,,,,,,
12/12/2019 18:00,101338.358,51%,,,,,,,,,,
12/12/2019 19:00,89559.081,45%,,,,,,,,,,
12/12/2019 20:00,86617.961,43%,,,,,,,,,,
12/12/2019 21:00,81188.836,41%,,,,,,,,,,
12/12/2019 22:00,89237.042,45%,,,,,,,,,,
12/12/2019 23:00,104524.379,52%,,,,,,,,,,
13/12/2019 00:00,119346.323,60%,,,,,,,,,,
13/12/2019 01:00,130005.769,65%,,,,,,,,,,
13/12/2019 02:00,149534.694,75%,,,,,,,,,,
13/12/2019 03:00,161857.624,81%,,,,,,,,,,
13/12/2019 04:00,171770.244,86%,,,,,,,,,,
13/12/2019 05:00,169239.925,85%,,,,,,,,,,
13/12/2019 06:00,166479.736,83%,,,,,,,,,,
13/12/2019 07:00,163426.49,82%,,,,,,,,,,
13/12/2019 08:00,161946.966,81%,,,,,,,,,,
13/12/2019 09:00,162344.823,81%,,,,,,,,,,
13/12/2019 10:00,165743.614,83%,,,,,,,,,,
13/12/2019 11:00,170903.112,85%,,,,,,,,,,
13/12/2019 12:00,175052.017,88%,,,,,,,,,,
13/12/2019 13:00,175591.343,88%,,,,,,,,,,
13/12/2019 14:00,172149.906,86%,,,,,,,,,,
13/12/2019 15:00,166714.809,83%,,,,,,,,,,
13/12/2019 16:00,158162.562,79%,,,,,,,,,,
13/12/2019 17:00,147882.394,74%,,,,,,,,,,
13/12/2019 18:00,133165.19,67%,,,,,,,,,,
13/12/2019 19:00,106972.647,53%,,,,,,,,,,
13/12/2019 20:00,97669.872,49%,,,,,,,,,,
13/12/2019 21:00,93838.107,47%,,,,,,,,,,
13/12/2019 22:00,89401.916,45%,,,,,,,,,,
13/12/2019 23:00,87455.988,44%,,,,,,,,,,
14/12/2019 00:00,96841.65,48%,,,,,,,,,,
14/12/2019 01:00,105003.269,53%,,,,,,,,,,
14/12/2019 02:00,113157.879,57%,,,,,,,,,,
14/12/2019 03:00,118942.199,59%,,,,,,,,,,
14/12/2019 04:00,129331.366,65%,,,,,,,,,,
14/12/2019 05:00,136214.947,68%,,,,,,,,,,
14/12/2019 06:00,135769.919,68%,,,,,,,,,,
14/12/2019 07:00,135115.206,68%,,,,,,,,,,
14/12/2019 08:00,131576.69,66%,,,,,,,,,,
14/12/2019 09:00,126091.03,63%,,,,,,,,,,
14/12/2019 10:00,130907.731,65%,,,,,,,,,,
14/12/2019 11:00,161590.572,81%,,,,,,,,,,
14/12/2019 12:00,180075.061,90%,,,,,,,,,,
14/12/2019 13:00,178586.002,89%,,,,,,,,,,
14/12/2019 14:00,162822.958,81%,,,,,,,,,,
14/12/2019 15:00,151686.697,76%,,,,,,,,,,
14/12/2019 16:00,130009.928,65%,,,,,,,,,,
14/12/2019 17:00,102170.639,51%,,,,,,,,,,
14/12/2019 18:00,105957.105,53%,,,,,,,,,,
14/12/2019 19:00,116520.939,58%,,,,,,,,,,
14/12/2019 20:00,136441.523,68%,,,,,,,,,,
14/12/2019 21:00,145732.681,73%,,,,,,,,,,
14/12/2019 22:00,153638.091,77%,,,,,,,,,,
14/12/2019 23:00,161944.136,81%,,,,,,,,,,
15/12/2019 00:00,161099.304,81%,,,,,,,,,,
15/12/2019 01:00,177054.74,89%,,,,,,,,,,
15/12/2019 02:00,178722.507,89%,,,,,,,,,,
15/12/2019 03:00,170215.963,85%,,,,,,,,,,
15/12/2019 04:00,148037.679,74%,,,,,,,,,,
15/12/2019 05:00,128811.907,64%,,,,,,,,,,
15/12/2019 06:00,126408.864,63%,,,,,,,,,,
15/12/2019 07:00,139403.01,70%,,,,,,,,,,
15/12/2019 08:00,116995.255,58%,,,,,,,,,,
15/12/2019 09:00,105306.885,53%,,,,,,,,,,
15/12/2019 10:00,96841.784,48%,,,,,,,,,,
15/12/2019 11:00,98386.322,49%,,,,,,,,,,
15/12/2019 12:00,98770.91,49%,,,,,,,,,,
15/12/2019 13:00,102063.288,51%,,,,,,,,,,
15/12/2019 14:00,111332.958,56%,,,,,,,,,,
15/12/2019 15:00,127505.816,64%,,,,,,,,,,
15/12/2019 16:00,133349.825,67%,,,,,,,,,,
15/12/2019 17:00,131549.476,66%,,,,,,,,,,
15/12/2019 18:00,126838.585,63%,,,,,,,,,,
15/12/2019 19:00,124179.058,62%,,,,,,,,,,
15/12/2019 20:00,116717.15,58%,,,,,,,,,,
15/12/2019 21:00,106429.613,53%,,,,,,,,,,
15/12/2019 22:00,102063.331,51%,,,,,,,,,,
15/12/2019 23:00,97669.391,49%,,,,,,,,,,
16/12/2019 00:00,92706.415,46%,,,,,,,,,,
16/12/2019 01:00,88854.962,44%,,,,,,,,,,
16/12/2019 02:00,87376.082,44%,,,,,,,,,,
16/12/2019 03:00,87544.186,44%,,,,,,,,,,
16/12/2019 04:00,86597.404,43%,,,,,,,,,,
16/12/2019 05:00,84459.226,42%,,,,,,,,,,
16/12/2019 06:00,79476.466,40%,,,,,,,,,,
16/12/2019 07:00,67902.015,34%,,,,,,,,,,
16/12/2019 08:00,62468.201,31%,,,,,,,,,,
16/12/2019 09:00,51812.822,26%,,,,,,,,,,
16/12/2019 10:00,40361.841,20%,,,,,,,,,,
16/12/2019 11:00,30903.041,15%,,,,,,,,,,
16/12/2019 12:00,27899.801,14%,,,,,,,,,,
16/12/2019 13:00,23544.413,12%,,,,,,,,,,
16/12/2019 14:00,26154.755,13%,,,,,,,,,,
16/12/2019 15:00,36036.005,18%,,,,,,,,,,
16/12/2019 16:00,38614.294,19%,,,,,,,,,,
16/12/2019 17:00,29273.423,15%,,,,,,,,,,
16/12/2019 18:00,17562.497,9%,,,,,,,,,,
16/12/2019 19:00,9276.425,5%,,,,,,,,,,
16/12/2019 20:00,6131.354,3%,,,,,,,,,,
16/12/2019 21:00,3647.926,2%,,,,,,,,,,
16/12/2019 22:00,1672.492,1%,,,,,,,,,,
16/12/2019 23:00,1216.166,1%,,,,,,,,,,
17/12/2019 00:00,1005.403,1%,,,,,,,,,,
17/12/2019 01:00,1528.58,1%,,,,,,,,,,
17/12/2019 02:00,1624.577,1%,,,,,,,,,,
17/12/2019 03:00,1266.07,1%,,,,,,,,,,
17/12/2019 04:00,887.327,0%,,,,,,,,,,
17/12/2019 05:00,592.509,0%,,,,,,,,,,
17/12/2019 06:00,556.365,0%,,,,,,,,,,
17/12/2019 07:00,1747.888,1%,,,,,,,,,,
17/12/2019 08:00,4071.271,2%,,,,,,,,,,
17/12/2019 09:00,6370.987,3%,,,,,,,,,,
17/12/2019 10:00,9487.321,5%,,,,,,,,,,
17/12/2019 11:00,9917.433,5%,,,,,,,,,,
17/12/2019 12:00,12215.274,6%,,,,,,,,,,
17/12/2019 13:00,17020.547,9%,,,,,,,,,,
17/12/2019 14:00,19385.524,10%,,,,,,,,,,
17/12/2019 15:00,24152.606,12%,,,,,,,,,,
17/12/2019 16:00,29707.79,15%,,,,,,,,,,
17/12/2019 17:00,29512.754,15%,,,,,,,,,,
17/12/2019 18:00,27103.052,14%,,,,,,,,,,
17/12/2019 19:00,28340.086,14%,,,,,,,,,,
17/12/2019 20:00,31164.891,16%,,,,,,,,,,
17/12/2019 21:00,29276.38,15%,,,,,,,,,,
17/12/2019 22:00,21947.293,11%,,,,,,,,,,
17/12/2019 23:00,18070.067,9%,,,,,,,,,,
18/12/2019 00:00,20249.331,10%,,,,,,,,,,
18/12/2019 01:00,23817.257,12%,,,,,,,,,,
18/12/2019 02:00,25817.512,13%,,,,,,,,,,
18/12/2019 03:00,27135.662,14%,,,,,,,,,,
18/12/2019 04:00,29446.623,15%,,,,,,,,,,
18/12/2019 05:00,35093.582,18%,,,,,,,,,,
18/12/2019 06:00,42768.813,21%,,,,,,,,,,
18/12/2019 07:00,49115.159,25%,,,,,,,,,,
18/12/2019 08:00,58549.291,29%,,,,,,,,,,
18/12/2019 09:00,73795.554,37%,,,,,,,,,,
18/12/2019 10:00,98414.784,49%,,,,,,,,,,
18/12/2019 11:00,97670.35,49%,,,,,,,,,,
18/12/2019 12:00,105292.337,53%,,,,,,,,,,
18/12/2019 13:00,129393.752,65%,,,,,,,,,,
18/12/2019 14:00,150176.277,75%,,,,,,,,,,
18/12/2019 15:00,161047.584,81%,,,,,,,,,,
18/12/2019 16:00,169714.958,85%,,,,,,,,,,
18/12/2019 17:00,173870.896,87%,,,,,,,,,,
18/12/2019 18:00,176280.355,88%,,,,,,,,,,
18/12/2019 19:00,179798.895,90%,,,,,,,,,,
18/12/2019 20:00,178174.979,89%,,,,,,,,,,
18/12/2019 21:00,174479.905,87%,,,,,,,,,,
18/12/2019 22:00,174690.801,87%,,,,,,,,,,
18/12/2019 23:00,167772.542,84%,,,,,,,,,,
19/12/2019 00:00,167722.753,84%,,,,,,,,,,
19/12/2019 01:00,149168.073,75%,,,,,,,,,,
19/12/2019 02:00,131637.17,66%,,,,,,,,,,
19/12/2019 03:00,118959.117,59%,,,,,,,,,,
19/12/2019 04:00,98045.484,49%,,,,,,,,,,
19/12/2019 05:00,97265.308,49%,,,,,,,,,,
19/12/2019 06:00,107513.803,54%,,,,,,,,,,
19/12/2019 07:00,117547.445,59%,,,,,,,,,,
19/12/2019 08:00,125463.521,63%,,,,,,,,,,
19/12/2019 09:00,123574.952,62%,,,,,,,,,,
19/12/2019 10:00,119175.719,60%,,,,,,,,,,
19/12/2019 11:00,118212.697,59%,,,,,,,,,,
19/12/2019 12:00,128321.912,64%,,,,,,,,,,
19/12/2019 13:00,123802.322,62%,,,,,,,,,,
19/12/2019 14:00,105142.418,53%,,,,,,,,,,
19/12/2019 15:00,116070.459,58%,,,,,,,,,,
19/12/2019 16:00,133157.872,67%,,,,,,,,,,
19/12/2019 17:00,150879.1,75%,,,,,,,,,,
19/12/2019 18:00,158617.118,79%,,,,,,,,,,
19/12/2019 19:00,165440.672,83%,,,,,,,,,,
19/12/2019 20:00,172138.841,86%,,,,,,,,,,
19/12/2019 21:00,167906.108,84%,,,,,,,,,,
19/12/2019 22:00,156128.364,78%,,,,,,,,,,
19/12/2019 23:00,128811.958,64%,,,,,,,,,,
20/12/2019 00:00,94037.321,47%,,,,,,,,,,
20/12/2019 01:00,65549.974,33%,,,,,,,,,,
20/12/2019 02:00,60993.352,30%,,,,,,,,,,
20/12/2019 03:00,45481.634,23%,,,,,,,,,,
20/12/2019 04:00,17668.194,9%,,,,,,,,,,
20/12/2019 05:00,6977.415,3%,,,,,,,,,,
20/12/2019 06:00,5122.78,3%,,,,,,,,,,
20/12/2019 07:00,6888.179,3%,,,,,,,,,,
20/12/2019 08:00,8261.91,4%,,,,,,,,,,
20/12/2019 09:00,11007,6%,,,,,,,,,,
20/12/2019 10:00,17250.959,9%,,,,,,,,,,
20/12/2019 11:00,23294.253,12%,,,,,,,,,,
20/12/2019 12:00,27447.995,14%,,,,,,,,,,
20/12/2019 13:00,31254.233,16%,,,,,,,,,,
20/12/2019 14:00,39670.103,20%,,,,,,,,,,
20/12/2019 15:00,48789.247,24%,,,,,,,,,,
20/12/2019 16:00,52745.518,26%,,,,,,,,,,
20/12/2019 17:00,59536.852,30%,,,,,,,,,,
20/12/2019 18:00,72846.071,36%,,,,,,,,,,
20/12/2019 19:00,79079.845,40%,,,,,,,,,,
20/12/2019 20:00,72848.403,36%,,,,,,,,,,
20/12/2019 21:00,65189.282,33%,,,,,,,,,,
20/12/2019 22:00,59909.856,30%,,,,,,,,,,
20/12/2019 23:00,58223.893,29%,,,,,,,,,,
21/12/2019 00:00,51248.955,26%,,,,,,,,,,
21/12/2019 01:00,49620.575,25%,,,,,,,,,,
21/12/2019 02:00,53109.524,27%,,,,,,,,,,
21/12/2019 03:00,58142.784,29%,,,,,,,,,,
21/12/2019 04:00,65335.754,33%,,,,,,,,,,
21/12/2019 05:00,72852.866,36%,,,,,,,,,,
21/12/2019 06:00,79617.01,40%,,,,,,,,,,
21/12/2019 07:00,93356.476,47%,,,,,,,,,,
21/12/2019 08:00,92195.604,46%,,,,,,,,,,
21/12/2019 09:00,89403.482,45%,,,,,,,,,,
21/12/2019 10:00,80084.728,40%,,,,,,,,,,
21/12/2019 11:00,74718.105,37%,,,,,,,,,,
21/12/2019 12:00,69281.743,35%,,,,,,,,,,
21/12/2019 13:00,59862.244,30%,,,,,,,,,,
21/12/2019 14:00,54917.321,27%,,,,,,,,,,
21/12/2019 15:00,53753.661,27%,,,,,,,,,,
21/12/2019 16:00,65289.196,33%,,,,,,,,,,
21/12/2019 17:00,61092.547,31%,,,,,,,,,,
21/12/2019 18:00,56536.839,28%,,,,,,,,,,
21/12/2019 19:00,58855.658,29%,,,,,,,,,,
21/12/2019 20:00,61834.469,31%,,,,,,,,,,
21/12/2019 21:00,59158.628,30%,,,,,,,,,,
21/12/2019 22:00,50194.38,25%,,,,,,,,,,
21/12/2019 23:00,42721.769,21%,,,,,,,,,,
22/12/2019 00:00,37768.507,19%,,,,,,,,,,
22/12/2019 01:00,37954.534,19%,,,,,,,,,,
22/12/2019 02:00,42311.561,21%,,,,,,,,,,
22/12/2019 03:00,46141.243,23%,,,,,,,,,,
22/12/2019 04:00,49675.564,25%,,,,,,,,,,
22/12/2019 05:00,51538.636,26%,,,,,,,,,,
22/12/2019 06:00,59224.412,30%,,,,,,,,,,
22/12/2019 07:00,73386.235,37%,,,,,,,,,,
22/12/2019 08:00,72850.069,36%,,,,,,,,,,
22/12/2019 09:00,55599.762,28%,,,,,,,,,,
22/12/2019 10:00,47111.516,24%,,,,,,,,,,
22/12/2019 11:00,42616.098,21%,,,,,,,,,,
22/12/2019 12:00,43401.116,22%,,,,,,,,,,
22/12/2019 13:00,49739.384,25%,,,,,,,,,,
22/12/2019 14:00,54215.404,27%,,,,,,,,,,
22/12/2019 15:00,59305.056,30%,,,,,,,,,,
22/12/2019 16:00,65741.06,33%,,,,,,,,,,
22/12/2019 17:00,67013.554,34%,,,,,,,,,,
22/12/2019 18:00,70840.161,35%,,,,,,,,,,
22/12/2019 19:00,73775.336,37%,,,,,,,,,,
22/12/2019 20:00,72500.26,36%,,,,,,,,,,
22/12/2019 21:00,71114.039,36%,,,,,,,,,,
22/12/2019 22:00,73388.514,37%,,,,,,,,,,
22/12/2019 23:00,77129.381,39%,,,,,,,,,,
23/12/2019 00:00,86747.028,43%,,,,,,,,,,
23/12/2019 01:00,94406.955,47%,,,,,,,,,,
23/12/2019 02:00,95189.032,48%,,,,,,,,,,
23/12/2019 03:00,103705.755,52%,,,,,,,,,,
23/12/2019 04:00,113059.252,57%,,,,,,,,,,
23/12/2019 05:00,123572.025,62%,,,,,,,,,,
23/12/2019 06:00,126091.654,63%,,,,,,,,,,
23/12/2019 07:00,112234.158,56%,,,,,,,,,,
23/12/2019 08:00,118318.179,59%,,,,,,,,,,
23/12/2019 09:00,121948.06,61%,,,,,,,,,,
23/12/2019 10:00,120992.85,60%,,,,,,,,,,
23/12/2019 11:00,120606.687,60%,,,,,,,,,,
23/12/2019 12:00,119615.357,60%,,,,,,,,,,
23/12/2019 13:00,117248.791,59%,,,,,,,,,,
23/12/2019 14:00,105069.393,53%,,,,,,,,,,
23/12/2019 15:00,94433.383,47%,,,,,,,,,,
23/12/2019 16:00,89555.076,45%,,,,,,,,,,
23/12/2019 17:00,83911.172,42%,,,,,,,,,,
23/12/2019 18:00,80102.147,40%,,,,,,,,,,
23/12/2019 19:00,74159.965,37%,,,,,,,,,,
23/12/2019 20:00,60987.846,30%,,,,,,,,,,
23/12/2019 21:00,55425.94,28%,,,,,,,,,,
23/12/2019 22:00,54424.908,27%,,,,,,,,,,
23/12/2019 23:00,55594.408,28%,,,,,,,,,,
24/12/2019 00:00,50699.809,25%,,,,,,,,,,
24/12/2019 01:00,48143.325,24%,,,,,,,,,,
24/12/2019 02:00,54884.499,27%,,,,,,,,,,
24/12/2019 03:00,63090.169,32%,,,,,,,,,,
24/12/2019 04:00,76606.672,38%,,,,,,,,,,
24/12/2019 05:00,134219.014,67%,,,,,,,,,,
24/12/2019 06:00,163236.102,82%,,,,,,,,,,
24/12/2019 07:00,171860.579,86%,,,,,,,,,,
24/12/2019 08:00,166697.448,83%,,,,,,,,,,
24/12/2019 09:00,154905.541,77%,,,,,,,,,,
24/12/2019 10:00,143572.963,72%,,,,,,,,,,
24/12/2019 11:00,129389.447,65%,,,,,,,,,,
24/12/2019 12:00,126560.52,63%,,,,,,,,,,
24/12/2019 13:00,134340.155,67%,,,,,,,,,,
24/12/2019 14:00,122046.061,61%,,,,,,,,,,
24/12/2019 15:00,100436.182,50%,,,,,,,,,,
24/12/2019 16:00,85799.095,43%,,,,,,,,,,
24/12/2019 17:00,86859.855,43%,,,,,,,,,,
24/12/2019 18:00,95420.829,48%,,,,,,,,,,
24/12/2019 19:00,99374.051,50%,,,,,,,,,,
24/12/2019 20:00,114922.929,57%,,,,,,,,,,
24/12/2019 21:00,115545.146,58%,,,,,,,,,,
24/12/2019 22:00,105617.454,53%,,,,,,,,,,
24/12/2019 23:00,92708.109,46%,,,,,,,,,,
25/12/2019 00:00,89938.362,45%,,,,,,,,,,
25/12/2019 01:00,89976.918,45%,,,,,,,,,,
25/12/2019 02:00,80616.198,40%,,,,,,,,,,
25/12/2019 03:00,75246.166,38%,,,,,,,,,,
25/12/2019 04:00,63772.042,32%,,,,,,,,,,
25/12/2019 05:00,52765.933,26%,,,,,,,,,,
25/12/2019 06:00,48306.865,24%,,,,,,,,,,
25/12/2019 07:00,44176.206,22%,,,,,,,,,,
25/12/2019 08:00,36080.739,18%,,,,,,,,,,
25/12/2019 09:00,27184.312,14%,,,,,,,,,,
25/12/2019 10:00,19686.824,10%,,,,,,,,,,
25/12/2019 11:00,13831.445,7%,,,,,,,,,,
25/12/2019 12:00,8521.292,4%,,,,,,,,,,
25/12/2019 13:00,3927.714,2%,,,,,,,,,,
25/12/2019 14:00,1217.845,1%,,,,,,,,,,
25/12/2019 15:00,575.203,0%,,,,,,,,,,
25/12/2019 16:00,2463.285,1%,,,,,,,,,,
25/12/2019 17:00,8048.007,4%,,,,,,,,,,
25/12/2019 18:00,18248.194,9%,,,,,,,,,,
25/12/2019 19:00,30075.257,15%,,,,,,,,,,
25/12/2019 20:00,42223.851,21%,,,,,,,,,,
25/12/2019 21:00,54405.468,27%,,,,,,,,,,
25/12/2019 22:00,58868.796,29%,,,,,,,,,,
25/12/2019 23:00,55912.377,28%,,,,,,,,,,
26/12/2019 00:00,54271.607,27%,,,,,,,,,,
26/12/2019 01:00,59991.583,30%,,,,,,,,,,
26/12/2019 02:00,70663.812,35%,,,,,,,,,,
26/12/2019 03:00,82546.546,41%,,,,,,,,,,
26/12/2019 04:00,91933.767,46%,,,,,,,,,,
26/12/2019 05:00,102385.038,51%,,,,,,,,,,
26/12/2019 06:00,113604.098,57%,,,,,,,,,,
26/12/2019 07:00,121184.638,61%,,,,,,,,,,
26/12/2019 08:00,132020.487,66%,,,,,,,,,,
26/12/2019 09:00,130762.159,65%,,,,,,,,,,
26/12/2019 10:00,130253.753,65%,,,,,,,,,,
26/12/2019 11:00,86870.99,43%,,,,,,,,,,
26/12/2019 12:00,42663.523,21%,,,,,,,,,,
26/12/2019 13:00,20906.334,10%,,,,,,,,,,
26/12/2019 14:00,26200.026,13%,,,,,,,,,,
26/12/2019 15:00,43997.735,22%,,,,,,,,,,
26/12/2019 16:00,53303.552,27%,,,,,,,,,,
26/12/2019 17:00,48126.242,24%,,,,,,,,,,
26/12/2019 18:00,42579.024,21%,,,,,,,,,,
26/12/2019 19:00,36340.369,18%,,,,,,,,,,
26/12/2019 20:00,35429.292,18%,,,,,,,,,,
26/12/2019 21:00,38019.844,19%,,,,,,,,,,
26/12/2019 22:00,34564.128,17%,,,,,,,,,,
26/12/2019 23:00,26603.073,13%,,,,,,,,,,
27/12/2019 00:00,17776.669,9%,,,,,,,,,,
27/12/2019 01:00,11950.35,6%,,,,,,,,,,
27/12/2019 02:00,7073.036,4%,,,,,,,,,,
27/12/2019 03:00,4032.491,2%,,,,,,,,,,
27/12/2019 04:00,2723.807,1%,,,,,,,,,,
27/12/2019 05:00,3302.329,2%,,,,,,,,,,
27/12/2019 06:00,3803.437,2%,,,,,,,,,,
27/12/2019 07:00,5722.21,3%,,,,,,,,,,
27/12/2019 08:00,12356.895,6%,,,,,,,,,,
27/12/2019 09:00,17663.836,9%,,,,,,,,,,
27/12/2019 10:00,19199.697,10%,,,,,,,,,,
27/12/2019 11:00,20568.714,10%,,,,,,,,,,
27/12/2019 12:00,21430.766,11%,,,,,,,,,,
27/12/2019 13:00,24913.956,12%,,,,,,,,,,
27/12/2019 14:00,29075.875,15%,,,,,,,,,,
27/12/2019 15:00,36283.617,18%,,,,,,,,,,
27/12/2019 16:00,44815.499,22%,,,,,,,,,,
27/12/2019 17:00,45477.091,23%,,,,,,,,,,
27/12/2019 18:00,45667.656,23%,,,,,,,,,,
27/12/2019 19:00,50642.955,25%,,,,,,,,,,
27/12/2019 20:00,51227.855,26%,,,,,,,,,,
27/12/2019 21:00,52273.585,26%,,,,,,,,,,
27/12/2019 22:00,55473.17,28%,,,,,,,,,,
27/12/2019 23:00,56479.051,28%,,,,,,,,,,
28/12/2019 00:00,57783.103,29%,,,,,,,,,,
28/12/2019 01:00,55602.514,28%,,,,,,,,,,
28/12/2019 02:00,55545.222,28%,,,,,,,,,,
28/12/2019 03:00,52283.887,26%,,,,,,,,,,
28/12/2019 04:00,52273.928,26%,,,,,,,,,,
28/12/2019 05:00,53583.616,27%,,,,,,,,,,
28/12/2019 06:00,57705.208,29%,,,,,,,,,,
28/12/2019 07:00,55556.792,28%,,,,,,,,,,
28/12/2019 08:00,54400.867,27%,,,,,,,,,,
28/12/2019 09:00,53561.431,27%,,,,,,,,,,
28/12/2019 10:00,51812.732,26%,,,,,,,,,,
28/12/2019 11:00,50648.059,25%,,,,,,,,,,
28/12/2019 12:00,51807.494,26%,,,,,,,,,,
28/12/2019 13:00,64521.507,32%,,,,,,,,,,
28/12/2019 14:00,78208.375,39%,,,,,,,,,,
28/12/2019 15:00,92591.014,46%,,,,,,,,,,
28/12/2019 16:00,86640.012,43%,,,,,,,,,,
28/12/2019 17:00,76866.421,38%,,,,,,,,,,
28/12/2019 18:00,76120.738,38%,,,,,,,,,,
28/12/2019 19:00,76524.812,38%,,,,,,,,,,
28/12/2019 20:00,77663.919,39%,,,,,,,,,,
28/12/2019 21:00,77752.586,39%,,,,,,,,,,
28/12/2019 22:00,67328.268,34%,,,,,,,,,,
28/12/2019 23:00,65033.175,33%,,,,,,,,,,
29/12/2019 00:00,65189.855,33%,,,,,,,,,,
29/12/2019 01:00,73167.183,37%,,,,,,,,,,
29/12/2019 02:00,73561.746,37%,,,,,,,,,,
29/12/2019 03:00,74719.088,37%,,,,,,,,,,
29/12/2019 04:00,75564.329,38%,,,,,,,,,,
29/12/2019 05:00,82928.265,41%,,,,,,,,,,
29/12/2019 06:00,85393.704,43%,,,,,,,,,,
29/12/2019 07:00,84517.623,42%,,,,,,,,,,
29/12/2019 08:00,88304.172,44%,,,,,,,,,,
29/12/2019 09:00,82919.165,41%,,,,,,,,,,
29/12/2019 10:00,79702.896,40%,,,,,,,,,,
29/12/2019 11:00,85579.96,43%,,,,,,,,,,
29/12/2019 12:00,84462.998,42%,,,,,,,,,,
29/12/2019 13:00,79063.984,40%,,,,,,,,,,
29/12/2019 14:00,70480.475,35%,,,,,,,,,,
29/12/2019 15:00,84545.988,42%,,,,,,,,,,
29/12/2019 16:00,90092.572,45%,,,,,,,,,,
29/12/2019 17:00,85868.88,43%,,,,,,,,,,
29/12/2019 18:00,79707.879,40%,,,,,,,,,,
29/12/2019 19:00,77130.707,39%,,,,,,,,,,
29/12/2019 20:00,73388.533,37%,,,,,,,,,,
29/12/2019 21:00,67351.464,34%,,,,,,,,,,
29/12/2019 22:00,66832.501,33%,,,,,,,,,,
29/12/2019 23:00,62048.783,31%,,,,,,,,,,
30/12/2019 00:00,57054.027,29%,,,,,,,,,,
30/12/2019 01:00,55693.322,28%,,,,,,,,,,
30/12/2019 02:00,64676.186,32%,,,,,,,,,,
30/12/2019 03:00,66167.138,33%,,,,,,,,,,
30/12/2019 04:00,73476.499,37%,,,,,,,,,,
30/12/2019 05:00,74641.806,37%,,,,,,,,,,
30/12/2019 06:00,64527.22,32%,,,,,,,,,,
30/12/2019 07:00,56719.798,28%,,,,,,,,,,
30/12/2019 08:00,55197.034,28%,,,,,,,,,,
30/12/2019 09:00,56684.66,28%,,,,,,,,,,
30/12/2019 10:00,57303.14,29%,,,,,,,,,,
30/12/2019 11:00,58515.119,29%,,,,,,,,,,
30/12/2019 12:00,58264.227,29%,,,,,,,,,,
30/12/2019 13:00,51194.232,26%,,,,,,,,,,
30/12/2019 14:00,49784.309,25%,,,,,,,,,,
30/12/2019 15:00,57093.38,29%,,,,,,,,,,
30/12/2019 16:00,58761.276,29%,,,,,,,,,,
30/12/2019 17:00,46850.255,23%,,,,,,,,,,
30/12/2019 18:00,36270.34,18%,,,,,,,,,,
30/12/2019 19:00,28542.433,14%,,,,,,,,,,
30/12/2019 20:00,22468.139,11%,,,,,,,,,,
30/12/2019 21:00,16486.905,8%,,,,,,,,,,
30/12/2019 22:00,10408.887,5%,,,,,,,,,,
30/12/2019 23:00,6149.883,3%,,,,,,,,,,
31/12/2019 00:00,5990.713,3%,,,,,,,,,,
31/12/2019 01:00,11437.546,6%,,,,,,,,,,
31/12/2019 02:00,21072.444,11%,,,,,,,,,,
31/12/2019 03:00,28270.131,14%,,,,,,,,,,
31/12/2019 04:00,33072.56,17%,,,,,,,,,,
31/12/2019 05:00,37611.73,19%,,,,,,,,,,
31/12/2019 06:00,38041.903,19%,,,,,,,,,,
31/12/2019 07:00,41629.725,21%,,,,,,,,,,
31/12/2019 08:00,47201.905,24%,,,,,,,,,,
31/12/2019 09:00,50391.313,25%,,,,,,,,,,
31/12/2019 10:00,53625.573,27%,,,,,,,,,,
31/12/2019 11:00,49943.589,25%,,,,,,,,,,
31/12/2019 12:00,52273.866,26%,,,,,,,,,,
31/12/2019 13:00,46588.225,23%,,,,,,,,,,
31/12/2019 14:00,44159.295,22%,,,,,,,,,,
31/12/2019 15:00,54401.089,27%,,,,,,,,,,
31/12/2019 16:00,60227.538,30%,,,,,,,,,,
31/12/2019 17:00,62055.293,31%,,,,,,,,,,
31/12/2019 18:00,64016.404,32%,,,,,,,,,,
31/12/2019 19:00,63906.587,32%,,,,,,,,,,
31/12/2019 20:00,61143.254,31%,,,,,,,,,,
31/12/2019 21:00,56996.406,28%,,,,,,,,,,
31/12/2019 22:00,53925.436,27%,,,,,,,,,,
31/12/2019 23:00,55568.27,28%,,,,,,,,,,
