# Renewables.ninja Wind power (Point API) - 53.512, -2.960 - Version: 1.4 - License: https://creativecommons.org/licenses/by-nc/4.0/ - Reference: https://doi.org/10.1016/j.energy.2016.08.068,,,,,,,,,,,
# Units: time in UTC, electricity in kW,,,,,,,,,,,
"# {""units"": {""time"": ""UTC"""," ""electricity"": ""kW""}"," ""params"": {""lat"": ""53.5120065158398"""," ""lon"": ""-2.959539992996355"""," ""date_from"": ""2019-01-01"""," ""date_to"": ""2019-12-31"""," ""dataset"": ""merra2"""," ""header"": ""true"""," ""local_time"": ""false"""," ""capacity"": ""200000"""," ""height"": ""80"""," ""turbine"": ""Vestas V90 2000"""," ""raw"": ""false""}}"
time,electricity,Capacity factor,,,,,,,,,,
01/01/2019 00:00,140072.049,70%,,,,,,,,,,
01/01/2019 01:00,137734.8,69%,,,,,,,,,,
01/01/2019 02:00,132207.742,66%,,,,,,,,,,
01/01/2019 03:00,132203.464,66%,,,,,,,,,,
01/01/2019 04:00,122554.23,61%,,,,,,,,,,
01/01/2019 05:00,110739.471,55%,,,,,,,,,,
01/01/2019 06:00,94028.174,47%,,,,,,,,,,
01/01/2019 07:00,82539.951,41%,,,,,,,,,,
01/01/2019 08:00,81172.171,41%,,,,,,,,,,
01/01/2019 09:00,73926.371,37%,,,,,,,,,,
01/01/2019 10:00,66777.448,33%,,,,,,,,,,
01/01/2019 11:00,69655.947,35%,,,,,,,,,,
01/01/2019 12:00,69308.143,35%,,,,,,,,,,
01/01/2019 13:00,60995.124,30%,,,,,,,,,,
01/01/2019 14:00,51863.801,26%,,,,,,,,,,
01/01/2019 15:00,50196.172,25%,,,,,,,,,,
01/01/2019 16:00,49580.094,25%,,,,,,,,,,
01/01/2019 17:00,46343.944,23%,,,,,,,,,,
01/01/2019 18:00,44977.352,22%,,,,,,,,,,
01/01/2019 19:00,45050.475,23%,,,,,,,,,,
01/01/2019 20:00,43953.406,22%,,,,,,,,,,
01/01/2019 21:00,38650.87,19%,,,,,,,,,,
01/01/2019 22:00,31803.111,16%,,,,,,,,,,
01/01/2019 23:00,25928.131,13%,,,,,,,,,,
02/01/2019 00:00,22421.58,11%,,,,,,,,,,
02/01/2019 01:00,19304.254,10%,,,,,,,,,,
02/01/2019 02:00,15914.983,8%,,,,,,,,,,
02/01/2019 03:00,12918.587,6%,,,,,,,,,,
02/01/2019 04:00,11629.595,6%,,,,,,,,,,
02/01/2019 05:00,11993.612,6%,,,,,,,,,,
02/01/2019 06:00,12739.445,6%,,,,,,,,,,
02/01/2019 07:00,12581.395,6%,,,,,,,,,,
02/01/2019 08:00,11609.075,6%,,,,,,,,,,
02/01/2019 09:00,8701.394,4%,,,,,,,,,,
02/01/2019 10:00,4801.077,2%,,,,,,,,,,
02/01/2019 11:00,2219.866,1%,,,,,,,,,,
02/01/2019 12:00,1333.534,1%,,,,,,,,,,
02/01/2019 13:00,1142.454,1%,,,,,,,,,,
02/01/2019 14:00,1282.726,1%,,,,,,,,,,
02/01/2019 15:00,1832.252,1%,,,,,,,,,,
02/01/2019 16:00,2793.053,1%,,,,,,,,,,
02/01/2019 17:00,3770.535,2%,,,,,,,,,,
02/01/2019 18:00,4570.384,2%,,,,,,,,,,
02/01/2019 19:00,5936.141,3%,,,,,,,,,,
02/01/2019 20:00,7922.059,4%,,,,,,,,,,
02/01/2019 21:00,9101.574,5%,,,,,,,,,,
02/01/2019 22:00,8926.082,4%,,,,,,,,,,
02/01/2019 23:00,7908.019,4%,,,,,,,,,,
03/01/2019 00:00,6558.929,3%,,,,,,,,,,
03/01/2019 01:00,5079.442,3%,,,,,,,,,,
03/01/2019 02:00,4770.932,2%,,,,,,,,,,
03/01/2019 03:00,4550.156,2%,,,,,,,,,,
03/01/2019 04:00,4290.317,2%,,,,,,,,,,
03/01/2019 05:00,5038.521,3%,,,,,,,,,,
03/01/2019 06:00,7588.24,4%,,,,,,,,,,
03/01/2019 07:00,11194.089,6%,,,,,,,,,,
03/01/2019 08:00,13735.129,7%,,,,,,,,,,
03/01/2019 09:00,13592.568,7%,,,,,,,,,,
03/01/2019 10:00,9721.832,5%,,,,,,,,,,
03/01/2019 11:00,5467.261,3%,,,,,,,,,,
03/01/2019 12:00,3274.959,2%,,,,,,,,,,
03/01/2019 13:00,2743.808,1%,,,,,,,,,,
03/01/2019 14:00,4835.329,2%,,,,,,,,,,
03/01/2019 15:00,7500.287,4%,,,,,,,,,,
03/01/2019 16:00,8534.854,4%,,,,,,,,,,
03/01/2019 17:00,8875.123,4%,,,,,,,,,,
03/01/2019 18:00,10088.665,5%,,,,,,,,,,
03/01/2019 19:00,11505.711,6%,,,,,,,,,,
03/01/2019 20:00,13089.339,7%,,,,,,,,,,
03/01/2019 21:00,15365.681,8%,,,,,,,,,,
03/01/2019 22:00,16281.204,8%,,,,,,,,,,
03/01/2019 23:00,18727.863,9%,,,,,,,,,,
04/01/2019 00:00,21005.245,11%,,,,,,,,,,
04/01/2019 01:00,20245.388,10%,,,,,,,,,,
04/01/2019 02:00,15619.087,8%,,,,,,,,,,
04/01/2019 03:00,11568.08,6%,,,,,,,,,,
04/01/2019 04:00,10290.178,5%,,,,,,,,,,
04/01/2019 05:00,10460.705,5%,,,,,,,,,,
04/01/2019 06:00,10134.713,5%,,,,,,,,,,
04/01/2019 07:00,11560.179,6%,,,,,,,,,,
04/01/2019 08:00,15167.981,8%,,,,,,,,,,
04/01/2019 09:00,17815.525,9%,,,,,,,,,,
04/01/2019 10:00,17591.183,9%,,,,,,,,,,
04/01/2019 11:00,17233.571,9%,,,,,,,,,,
04/01/2019 12:00,18990.477,9%,,,,,,,,,,
04/01/2019 13:00,22379.541,11%,,,,,,,,,,
04/01/2019 14:00,27618.971,14%,,,,,,,,,,
04/01/2019 15:00,32556.9,16%,,,,,,,,,,
04/01/2019 16:00,35773.731,18%,,,,,,,,,,
04/01/2019 17:00,37677.746,19%,,,,,,,,,,
04/01/2019 18:00,39454.978,20%,,,,,,,,,,
04/01/2019 19:00,40671.341,20%,,,,,,,,,,
04/01/2019 20:00,40880.98,20%,,,,,,,,,,
04/01/2019 21:00,40175.245,20%,,,,,,,,,,
04/01/2019 22:00,39226.68,20%,,,,,,,,,,
04/01/2019 23:00,38875.209,19%,,,,,,,,,,
05/01/2019 00:00,38376.54,19%,,,,,,,,,,
05/01/2019 01:00,37088.528,19%,,,,,,,,,,
05/01/2019 02:00,35507.628,18%,,,,,,,,,,
05/01/2019 03:00,33486.879,17%,,,,,,,,,,
05/01/2019 04:00,31993.558,16%,,,,,,,,,,
05/01/2019 05:00,32002.422,16%,,,,,,,,,,
05/01/2019 06:00,32230.366,16%,,,,,,,,,,
05/01/2019 07:00,32281.252,16%,,,,,,,,,,
05/01/2019 08:00,30580.709,15%,,,,,,,,,,
05/01/2019 09:00,30579.797,15%,,,,,,,,,,
05/01/2019 10:00,34364.234,17%,,,,,,,,,,
05/01/2019 11:00,42272.658,21%,,,,,,,,,,
05/01/2019 12:00,51268.873,26%,,,,,,,,,,
05/01/2019 13:00,58768.057,29%,,,,,,,,,,
05/01/2019 14:00,63107.045,32%,,,,,,,,,,
05/01/2019 15:00,65592.048,33%,,,,,,,,,,
05/01/2019 16:00,66832.863,33%,,,,,,,,,,
05/01/2019 17:00,66783.913,33%,,,,,,,,,,
05/01/2019 18:00,64781.576,32%,,,,,,,,,,
05/01/2019 19:00,62362.481,31%,,,,,,,,,,
05/01/2019 20:00,59250.472,30%,,,,,,,,,,
05/01/2019 21:00,55570.342,28%,,,,,,,,,,
05/01/2019 22:00,51812.983,26%,,,,,,,,,,
05/01/2019 23:00,47684.884,24%,,,,,,,,,,
06/01/2019 00:00,45964.302,23%,,,,,,,,,,
06/01/2019 01:00,45860.307,23%,,,,,,,,,,
06/01/2019 02:00,43497.851,22%,,,,,,,,,,
06/01/2019 03:00,45834.114,23%,,,,,,,,,,
06/01/2019 04:00,51817.026,26%,,,,,,,,,,
06/01/2019 05:00,57185.58,29%,,,,,,,,,,
06/01/2019 06:00,58753.909,29%,,,,,,,,,,
06/01/2019 07:00,58662.894,29%,,,,,,,,,,
06/01/2019 08:00,57724.022,29%,,,,,,,,,,
06/01/2019 09:00,53933.908,27%,,,,,,,,,,
06/01/2019 10:00,45484.071,23%,,,,,,,,,,
06/01/2019 11:00,37229.486,19%,,,,,,,,,,
06/01/2019 12:00,35751.914,18%,,,,,,,,,,
06/01/2019 13:00,40048.931,20%,,,,,,,,,,
06/01/2019 14:00,44820.625,22%,,,,,,,,,,
06/01/2019 15:00,45033.923,23%,,,,,,,,,,
06/01/2019 16:00,40887.394,20%,,,,,,,,,,
06/01/2019 17:00,37415.685,19%,,,,,,,,,,
06/01/2019 18:00,37167.267,19%,,,,,,,,,,
06/01/2019 19:00,39340.482,20%,,,,,,,,,,
06/01/2019 20:00,45482.361,23%,,,,,,,,,,
06/01/2019 21:00,55742.706,28%,,,,,,,,,,
06/01/2019 22:00,68645.585,34%,,,,,,,,,,
06/01/2019 23:00,78941.912,39%,,,,,,,,,,
07/01/2019 00:00,86441.219,43%,,,,,,,,,,
07/01/2019 01:00,85509.584,43%,,,,,,,,,,
07/01/2019 02:00,97578.92,49%,,,,,,,,,,
07/01/2019 03:00,103597.497,52%,,,,,,,,,,
07/01/2019 04:00,109406.7,55%,,,,,,,,,,
07/01/2019 05:00,107978.962,54%,,,,,,,,,,
07/01/2019 06:00,108462.78,54%,,,,,,,,,,
07/01/2019 07:00,119100.284,60%,,,,,,,,,,
07/01/2019 08:00,127085.294,64%,,,,,,,,,,
07/01/2019 09:00,135560.506,68%,,,,,,,,,,
07/01/2019 10:00,154884.975,77%,,,,,,,,,,
07/01/2019 11:00,171111.24,86%,,,,,,,,,,
07/01/2019 12:00,178780.302,89%,,,,,,,,,,
07/01/2019 13:00,177346.631,89%,,,,,,,,,,
07/01/2019 14:00,175064.324,88%,,,,,,,,,,
07/01/2019 15:00,173342.46,87%,,,,,,,,,,
07/01/2019 16:00,177112.277,89%,,,,,,,,,,
07/01/2019 17:00,177426.594,89%,,,,,,,,,,
07/01/2019 18:00,174561.353,87%,,,,,,,,,,
07/01/2019 19:00,168367.193,84%,,,,,,,,,,
07/01/2019 20:00,160893.748,80%,,,,,,,,,,
07/01/2019 21:00,158514.253,79%,,,,,,,,,,
07/01/2019 22:00,161212.862,81%,,,,,,,,,,
07/01/2019 23:00,164078.911,82%,,,,,,,,,,
08/01/2019 00:00,163868.69,82%,,,,,,,,,,
08/01/2019 01:00,165449.321,83%,,,,,,,,,,
08/01/2019 02:00,166354.571,83%,,,,,,,,,,
08/01/2019 03:00,166235.163,83%,,,,,,,,,,
08/01/2019 04:00,163766.929,82%,,,,,,,,,,
08/01/2019 05:00,156199.081,78%,,,,,,,,,,
08/01/2019 06:00,147357.142,74%,,,,,,,,,,
08/01/2019 07:00,133828.751,67%,,,,,,,,,,
08/01/2019 08:00,123675.015,62%,,,,,,,,,,
08/01/2019 09:00,116071.9,58%,,,,,,,,,,
08/01/2019 10:00,108946.86,54%,,,,,,,,,,
08/01/2019 11:00,109945.001,55%,,,,,,,,,,
08/01/2019 12:00,119643.277,60%,,,,,,,,,,
08/01/2019 13:00,111288.551,56%,,,,,,,,,,
08/01/2019 14:00,103440.636,52%,,,,,,,,,,
08/01/2019 15:00,99947.337,50%,,,,,,,,,,
08/01/2019 16:00,104523.919,52%,,,,,,,,,,
08/01/2019 17:00,102611.029,51%,,,,,,,,,,
08/01/2019 18:00,95672.647,48%,,,,,,,,,,
08/01/2019 19:00,88300.453,44%,,,,,,,,,,
08/01/2019 20:00,80096.108,40%,,,,,,,,,,
08/01/2019 21:00,75351.804,38%,,,,,,,,,,
08/01/2019 22:00,73259.344,37%,,,,,,,,,,
08/01/2019 23:00,67683.149,34%,,,,,,,,,,
09/01/2019 00:00,60494.423,30%,,,,,,,,,,
09/01/2019 01:00,53066.915,27%,,,,,,,,,,
09/01/2019 02:00,45307.813,23%,,,,,,,,,,
09/01/2019 03:00,42099.463,21%,,,,,,,,,,
09/01/2019 04:00,45040.688,23%,,,,,,,,,,
09/01/2019 05:00,45488.711,23%,,,,,,,,,,
09/01/2019 06:00,46590.459,23%,,,,,,,,,,
09/01/2019 07:00,45019.971,23%,,,,,,,,,,
09/01/2019 08:00,33483.53,17%,,,,,,,,,,
09/01/2019 09:00,25931.732,13%,,,,,,,,,,
09/01/2019 10:00,22681.569,11%,,,,,,,,,,
09/01/2019 11:00,17888.004,9%,,,,,,,,,,
09/01/2019 12:00,17399.517,9%,,,,,,,,,,
09/01/2019 13:00,14455.793,7%,,,,,,,,,,
09/01/2019 14:00,13460.388,7%,,,,,,,,,,
09/01/2019 15:00,14771.078,7%,,,,,,,,,,
09/01/2019 16:00,14611.523,7%,,,,,,,,,,
09/01/2019 17:00,16637.574,8%,,,,,,,,,,
09/01/2019 18:00,17242.967,9%,,,,,,,,,,
09/01/2019 19:00,13692.24,7%,,,,,,,,,,
09/01/2019 20:00,8709.941,4%,,,,,,,,,,
09/01/2019 21:00,4538.242,2%,,,,,,,,,,
09/01/2019 22:00,4268.149,2%,,,,,,,,,,
09/01/2019 23:00,5574.847,3%,,,,,,,,,,
10/01/2019 00:00,5553.572,3%,,,,,,,,,,
10/01/2019 01:00,5987.675,3%,,,,,,,,,,
10/01/2019 02:00,9522.801,5%,,,,,,,,,,
10/01/2019 03:00,15623.66,8%,,,,,,,,,,
10/01/2019 04:00,21913.908,11%,,,,,,,,,,
10/01/2019 05:00,27019.705,14%,,,,,,,,,,
10/01/2019 06:00,33334.665,17%,,,,,,,,,,
10/01/2019 07:00,40166.176,20%,,,,,,,,,,
10/01/2019 08:00,48147.992,24%,,,,,,,,,,
10/01/2019 09:00,52851.825,26%,,,,,,,,,,
10/01/2019 10:00,52096.728,26%,,,,,,,,,,
10/01/2019 11:00,53621.953,27%,,,,,,,,,,
10/01/2019 12:00,56318.57,28%,,,,,,,,,,
10/01/2019 13:00,62837.628,31%,,,,,,,,,,
10/01/2019 14:00,68217.23,34%,,,,,,,,,,
10/01/2019 15:00,78698.216,39%,,,,,,,,,,
10/01/2019 16:00,88849.167,44%,,,,,,,,,,
10/01/2019 17:00,89889.051,45%,,,,,,,,,,
10/01/2019 18:00,91700.994,46%,,,,,,,,,,
10/01/2019 19:00,86566.083,43%,,,,,,,,,,
10/01/2019 20:00,80617.943,40%,,,,,,,,,,
10/01/2019 21:00,76522.893,38%,,,,,,,,,,
10/01/2019 22:00,70478.818,35%,,,,,,,,,,
10/01/2019 23:00,66971.549,33%,,,,,,,,,,
11/01/2019 00:00,65549.778,33%,,,,,,,,,,
11/01/2019 01:00,64083.751,32%,,,,,,,,,,
11/01/2019 02:00,60713.975,30%,,,,,,,,,,
11/01/2019 03:00,53084.325,27%,,,,,,,,,,
11/01/2019 04:00,50277.791,25%,,,,,,,,,,
11/01/2019 05:00,50607.928,25%,,,,,,,,,,
11/01/2019 06:00,50193.914,25%,,,,,,,,,,
11/01/2019 07:00,52823.116,26%,,,,,,,,,,
11/01/2019 08:00,50191.1,25%,,,,,,,,,,
11/01/2019 09:00,44606.83,22%,,,,,,,,,,
11/01/2019 10:00,40395.856,20%,,,,,,,,,,
11/01/2019 11:00,40344.713,20%,,,,,,,,,,
11/01/2019 12:00,42639.391,21%,,,,,,,,,,
11/01/2019 13:00,48558.076,24%,,,,,,,,,,
11/01/2019 14:00,56135.341,28%,,,,,,,,,,
11/01/2019 15:00,65033.295,33%,,,,,,,,,,
11/01/2019 16:00,75787.574,38%,,,,,,,,,,
11/01/2019 17:00,88299.425,44%,,,,,,,,,,
11/01/2019 18:00,93306.291,47%,,,,,,,,,,
11/01/2019 19:00,92116.907,46%,,,,,,,,,,
11/01/2019 20:00,94197.517,47%,,,,,,,,,,
11/01/2019 21:00,98545.364,49%,,,,,,,,,,
11/01/2019 22:00,104523.987,52%,,,,,,,,,,
11/01/2019 23:00,111529.381,56%,,,,,,,,,,
12/01/2019 00:00,122298.143,61%,,,,,,,,,,
12/01/2019 01:00,129014.466,65%,,,,,,,,,,
12/01/2019 02:00,144516.321,72%,,,,,,,,,,
12/01/2019 03:00,153094.824,77%,,,,,,,,,,
12/01/2019 04:00,152690.454,76%,,,,,,,,,,
12/01/2019 05:00,158448.878,79%,,,,,,,,,,
12/01/2019 06:00,160049.28,80%,,,,,,,,,,
12/01/2019 07:00,159708.794,80%,,,,,,,,,,
12/01/2019 08:00,156616.791,78%,,,,,,,,,,
12/01/2019 09:00,160572.8,80%,,,,,,,,,,
12/01/2019 10:00,162610.591,81%,,,,,,,,,,
12/01/2019 11:00,162288.291,81%,,,,,,,,,,
12/01/2019 12:00,159712.672,80%,,,,,,,,,,
12/01/2019 13:00,155978.891,78%,,,,,,,,,,
12/01/2019 14:00,160044.008,80%,,,,,,,,,,
12/01/2019 15:00,168259.998,84%,,,,,,,,,,
12/01/2019 16:00,174008.124,87%,,,,,,,,,,
12/01/2019 17:00,176660.809,88%,,,,,,,,,,
12/01/2019 18:00,177709.932,89%,,,,,,,,,,
12/01/2019 19:00,175402.726,88%,,,,,,,,,,
12/01/2019 20:00,174634.983,87%,,,,,,,,,,
12/01/2019 21:00,174833.284,87%,,,,,,,,,,
12/01/2019 22:00,174037.136,87%,,,,,,,,,,
12/01/2019 23:00,173567.596,87%,,,,,,,,,,
13/01/2019 00:00,174494.778,87%,,,,,,,,,,
13/01/2019 01:00,178922.672,89%,,,,,,,,,,
13/01/2019 02:00,182356.27,91%,,,,,,,,,,
13/01/2019 03:00,183149.73,92%,,,,,,,,,,
13/01/2019 04:00,181939.849,91%,,,,,,,,,,
13/01/2019 05:00,180662.799,90%,,,,,,,,,,
13/01/2019 06:00,182549.4,91%,,,,,,,,,,
13/01/2019 07:00,181779.239,91%,,,,,,,,,,
13/01/2019 08:00,180642.596,90%,,,,,,,,,,
13/01/2019 09:00,183587.647,92%,,,,,,,,,,
13/01/2019 10:00,187689.365,94%,,,,,,,,,,
13/01/2019 11:00,190682.688,95%,,,,,,,,,,
13/01/2019 12:00,190604.051,95%,,,,,,,,,,
13/01/2019 13:00,190863.633,95%,,,,,,,,,,
13/01/2019 14:00,190397.721,95%,,,,,,,,,,
13/01/2019 15:00,191155.89,96%,,,,,,,,,,
13/01/2019 16:00,189980.56,95%,,,,,,,,,,
13/01/2019 17:00,188278.875,94%,,,,,,,,,,
13/01/2019 18:00,186493.777,93%,,,,,,,,,,
13/01/2019 19:00,183882.535,92%,,,,,,,,,,
13/01/2019 20:00,181420.078,91%,,,,,,,,,,
13/01/2019 21:00,179393.009,90%,,,,,,,,,,
13/01/2019 22:00,177328.224,89%,,,,,,,,,,
13/01/2019 23:00,175839.099,88%,,,,,,,,,,
14/01/2019 00:00,175757.067,88%,,,,,,,,,,
14/01/2019 01:00,173608.372,87%,,,,,,,,,,
14/01/2019 02:00,169312.496,85%,,,,,,,,,,
14/01/2019 03:00,161332.181,81%,,,,,,,,,,
14/01/2019 04:00,152310.666,76%,,,,,,,,,,
14/01/2019 05:00,141075.292,71%,,,,,,,,,,
14/01/2019 06:00,126953.458,63%,,,,,,,,,,
14/01/2019 07:00,118683.302,59%,,,,,,,,,,
14/01/2019 08:00,111102.977,56%,,,,,,,,,,
14/01/2019 09:00,99593.673,50%,,,,,,,,,,
14/01/2019 10:00,84457.877,42%,,,,,,,,,,
14/01/2019 11:00,82005.663,41%,,,,,,,,,,
14/01/2019 12:00,82381.201,41%,,,,,,,,,,
14/01/2019 13:00,74717.289,37%,,,,,,,,,,
14/01/2019 14:00,72232.66,36%,,,,,,,,,,
14/01/2019 15:00,75691.723,38%,,,,,,,,,,
14/01/2019 16:00,79034.293,40%,,,,,,,,,,
14/01/2019 17:00,84224.333,42%,,,,,,,,,,
14/01/2019 18:00,87628.109,44%,,,,,,,,,,
14/01/2019 19:00,89142.803,45%,,,,,,,,,,
14/01/2019 20:00,92228.709,46%,,,,,,,,,,
14/01/2019 21:00,100145.098,50%,,,,,,,,,,
14/01/2019 22:00,109914.487,55%,,,,,,,,,,
14/01/2019 23:00,118903.493,59%,,,,,,,,,,
15/01/2019 00:00,117112.177,59%,,,,,,,,,,
15/01/2019 01:00,114221.009,57%,,,,,,,,,,
15/01/2019 02:00,119726.657,60%,,,,,,,,,,
15/01/2019 03:00,123049.277,62%,,,,,,,,,,
15/01/2019 04:00,121332.407,61%,,,,,,,,,,
15/01/2019 05:00,124285.402,62%,,,,,,,,,,
15/01/2019 06:00,125694.129,63%,,,,,,,,,,
15/01/2019 07:00,123964.907,62%,,,,,,,,,,
15/01/2019 08:00,118624.372,59%,,,,,,,,,,
15/01/2019 09:00,105689.903,53%,,,,,,,,,,
15/01/2019 10:00,88848.796,44%,,,,,,,,,,
15/01/2019 11:00,92705.707,46%,,,,,,,,,,
15/01/2019 12:00,108133.382,54%,,,,,,,,,,
15/01/2019 13:00,107514.633,54%,,,,,,,,,,
15/01/2019 14:00,98221.079,49%,,,,,,,,,,
15/01/2019 15:00,95373.688,48%,,,,,,,,,,
15/01/2019 16:00,98874.187,49%,,,,,,,,,,
15/01/2019 17:00,103705.521,52%,,,,,,,,,,
15/01/2019 18:00,105411.837,53%,,,,,,,,,,
15/01/2019 19:00,109185.379,55%,,,,,,,,,,
15/01/2019 20:00,111347.566,56%,,,,,,,,,,
15/01/2019 21:00,112114.965,56%,,,,,,,,,,
15/01/2019 22:00,114984.051,57%,,,,,,,,,,
15/01/2019 23:00,119538.127,60%,,,,,,,,,,
16/01/2019 00:00,131612.042,66%,,,,,,,,,,
16/01/2019 01:00,131257.918,66%,,,,,,,,,,
16/01/2019 02:00,136878.772,68%,,,,,,,,,,
16/01/2019 03:00,143799.612,72%,,,,,,,,,,
16/01/2019 04:00,144872.304,72%,,,,,,,,,,
16/01/2019 05:00,151717.572,76%,,,,,,,,,,
16/01/2019 06:00,150817.816,75%,,,,,,,,,,
16/01/2019 07:00,140683.047,70%,,,,,,,,,,
16/01/2019 08:00,127335.33,64%,,,,,,,,,,
16/01/2019 09:00,119234.441,60%,,,,,,,,,,
16/01/2019 10:00,99924.105,50%,,,,,,,,,,
16/01/2019 11:00,81394.963,41%,,,,,,,,,,
16/01/2019 12:00,80101.792,40%,,,,,,,,,,
16/01/2019 13:00,90672.881,45%,,,,,,,,,,
16/01/2019 14:00,89354.109,45%,,,,,,,,,,
16/01/2019 15:00,87695.392,44%,,,,,,,,,,
16/01/2019 16:00,92903.957,46%,,,,,,,,,,
16/01/2019 17:00,87963.996,44%,,,,,,,,,,
16/01/2019 18:00,80824.236,40%,,,,,,,,,,
16/01/2019 19:00,79016.943,40%,,,,,,,,,,
16/01/2019 20:00,73379.225,37%,,,,,,,,,,
16/01/2019 21:00,74713.844,37%,,,,,,,,,,
16/01/2019 22:00,86957.66,43%,,,,,,,,,,
16/01/2019 23:00,98217.638,49%,,,,,,,,,,
17/01/2019 00:00,102063.526,51%,,,,,,,,,,
17/01/2019 01:00,116070.762,58%,,,,,,,,,,
17/01/2019 02:00,142546.58,71%,,,,,,,,,,
17/01/2019 03:00,140382.719,70%,,,,,,,,,,
17/01/2019 04:00,130822.434,65%,,,,,,,,,,
17/01/2019 05:00,131063.596,66%,,,,,,,,,,
17/01/2019 06:00,131052.845,66%,,,,,,,,,,
17/01/2019 07:00,131076.465,66%,,,,,,,,,,
17/01/2019 08:00,130108.358,65%,,,,,,,,,,
17/01/2019 09:00,123064.009,62%,,,,,,,,,,
17/01/2019 10:00,113157.629,57%,,,,,,,,,,
17/01/2019 11:00,115544.125,58%,,,,,,,,,,
17/01/2019 12:00,101517.808,51%,,,,,,,,,,
17/01/2019 13:00,81569.848,41%,,,,,,,,,,
17/01/2019 14:00,57778.488,29%,,,,,,,,,,
17/01/2019 15:00,41962.301,21%,,,,,,,,,,
17/01/2019 16:00,30513.393,15%,,,,,,,,,,
17/01/2019 17:00,18899.44,9%,,,,,,,,,,
17/01/2019 18:00,8825.473,4%,,,,,,,,,,
17/01/2019 19:00,2205.858,1%,,,,,,,,,,
17/01/2019 20:00,855.501,0%,,,,,,,,,,
17/01/2019 21:00,2474.916,1%,,,,,,,,,,
17/01/2019 22:00,8358.257,4%,,,,,,,,,,
17/01/2019 23:00,20995.445,10%,,,,,,,,,,
18/01/2019 00:00,37328.025,19%,,,,,,,,,,
18/01/2019 01:00,55978.478,28%,,,,,,,,,,
18/01/2019 02:00,72848.666,36%,,,,,,,,,,
18/01/2019 03:00,79018.62,40%,,,,,,,,,,
18/01/2019 04:00,82178.936,41%,,,,,,,,,,
18/01/2019 05:00,85237.574,43%,,,,,,,,,,
18/01/2019 06:00,87598.159,44%,,,,,,,,,,
18/01/2019 07:00,90869.559,45%,,,,,,,,,,
18/01/2019 08:00,96292.694,48%,,,,,,,,,,
18/01/2019 09:00,96984.301,48%,,,,,,,,,,
18/01/2019 10:00,102610.72,51%,,,,,,,,,,
18/01/2019 11:00,114221.763,57%,,,,,,,,,,
18/01/2019 12:00,139054.23,70%,,,,,,,,,,
18/01/2019 13:00,146815.124,73%,,,,,,,,,,
18/01/2019 14:00,149972.975,75%,,,,,,,,,,
18/01/2019 15:00,152154.051,76%,,,,,,,,,,
18/01/2019 16:00,154020.095,77%,,,,,,,,,,
18/01/2019 17:00,149458.422,75%,,,,,,,,,,
18/01/2019 18:00,144852.479,72%,,,,,,,,,,
18/01/2019 19:00,139395.549,70%,,,,,,,,,,
18/01/2019 20:00,141884.636,71%,,,,,,,,,,
18/01/2019 21:00,137541.477,69%,,,,,,,,,,
18/01/2019 22:00,133915.378,67%,,,,,,,,,,
18/01/2019 23:00,123064.388,62%,,,,,,,,,,
19/01/2019 00:00,112064.229,56%,,,,,,,,,,
19/01/2019 01:00,106069.891,53%,,,,,,,,,,
19/01/2019 02:00,94216.047,47%,,,,,,,,,,
19/01/2019 03:00,88352.262,44%,,,,,,,,,,
19/01/2019 04:00,82997.597,41%,,,,,,,,,,
19/01/2019 05:00,74701.581,37%,,,,,,,,,,
19/01/2019 06:00,66686.629,33%,,,,,,,,,,
19/01/2019 07:00,60987.062,30%,,,,,,,,,,
19/01/2019 08:00,57728.437,29%,,,,,,,,,,
19/01/2019 09:00,54884.123,27%,,,,,,,,,,
19/01/2019 10:00,49733.849,25%,,,,,,,,,,
19/01/2019 11:00,47025.925,24%,,,,,,,,,,
19/01/2019 12:00,45050.906,23%,,,,,,,,,,
19/01/2019 13:00,43966.279,22%,,,,,,,,,,
19/01/2019 14:00,42697.461,21%,,,,,,,,,,
19/01/2019 15:00,42376.931,21%,,,,,,,,,,
19/01/2019 16:00,43061.779,22%,,,,,,,,,,
19/01/2019 17:00,41830.313,21%,,,,,,,,,,
19/01/2019 18:00,39341.453,20%,,,,,,,,,,
19/01/2019 19:00,37527.648,19%,,,,,,,,,,
19/01/2019 20:00,35825.837,18%,,,,,,,,,,
19/01/2019 21:00,34831.54,17%,,,,,,,,,,
19/01/2019 22:00,32904.017,16%,,,,,,,,,,
19/01/2019 23:00,29162.764,15%,,,,,,,,,,
20/01/2019 00:00,23538.101,12%,,,,,,,,,,
20/01/2019 01:00,17454.229,9%,,,,,,,,,,
20/01/2019 02:00,12570.772,6%,,,,,,,,,,
20/01/2019 03:00,9633.445,5%,,,,,,,,,,
20/01/2019 04:00,7865.661,4%,,,,,,,,,,
20/01/2019 05:00,5377.993,3%,,,,,,,,,,
20/01/2019 06:00,2876.604,1%,,,,,,,,,,
20/01/2019 07:00,1252.59,1%,,,,,,,,,,
20/01/2019 08:00,430.659,0%,,,,,,,,,,
20/01/2019 09:00,266.836,0%,,,,,,,,,,
20/01/2019 10:00,348.763,0%,,,,,,,,,,
20/01/2019 11:00,1764.025,1%,,,,,,,,,,
20/01/2019 12:00,5028.654,3%,,,,,,,,,,
20/01/2019 13:00,8267.377,4%,,,,,,,,,,
20/01/2019 14:00,11783.938,6%,,,,,,,,,,
20/01/2019 15:00,18705.346,9%,,,,,,,,,,
20/01/2019 16:00,25382.549,13%,,,,,,,,,,
20/01/2019 17:00,27080.992,14%,,,,,,,,,,
20/01/2019 18:00,26461.786,13%,,,,,,,,,,
20/01/2019 19:00,29226.607,15%,,,,,,,,,,
20/01/2019 20:00,32402.085,16%,,,,,,,,,,
20/01/2019 21:00,34336.783,17%,,,,,,,,,,
20/01/2019 22:00,32079.644,16%,,,,,,,,,,
20/01/2019 23:00,25534.77,13%,,,,,,,,,,
21/01/2019 00:00,17690.233,9%,,,,,,,,,,
21/01/2019 01:00,10473.018,5%,,,,,,,,,,
21/01/2019 02:00,5535.155,3%,,,,,,,,,,
21/01/2019 03:00,4446.913,2%,,,,,,,,,,
21/01/2019 04:00,5076.807,3%,,,,,,,,,,
21/01/2019 05:00,8258.782,4%,,,,,,,,,,
21/01/2019 06:00,14771.841,7%,,,,,,,,,,
21/01/2019 07:00,23254.223,12%,,,,,,,,,,
21/01/2019 08:00,30306.425,15%,,,,,,,,,,
21/01/2019 09:00,35472.132,18%,,,,,,,,,,
21/01/2019 10:00,40488.016,20%,,,,,,,,,,
21/01/2019 11:00,48595.462,24%,,,,,,,,,,
21/01/2019 12:00,56588.446,28%,,,,,,,,,,
21/01/2019 13:00,66833.62,33%,,,,,,,,,,
21/01/2019 14:00,74720.563,37%,,,,,,,,,,
21/01/2019 15:00,86270.467,43%,,,,,,,,,,
21/01/2019 16:00,101114.1,51%,,,,,,,,,,
21/01/2019 17:00,116596.731,58%,,,,,,,,,,
21/01/2019 18:00,130218.436,65%,,,,,,,,,,
21/01/2019 19:00,135370.903,68%,,,,,,,,,,
21/01/2019 20:00,121103.522,61%,,,,,,,,,,
21/01/2019 21:00,102062.982,51%,,,,,,,,,,
21/01/2019 22:00,100704.698,50%,,,,,,,,,,
21/01/2019 23:00,105069.245,53%,,,,,,,,,,
22/01/2019 00:00,109945.339,55%,,,,,,,,,,
22/01/2019 01:00,112620.357,56%,,,,,,,,,,
22/01/2019 02:00,111288.216,56%,,,,,,,,,,
22/01/2019 03:00,115544.471,58%,,,,,,,,,,
22/01/2019 04:00,114922.627,57%,,,,,,,,,,
22/01/2019 05:00,110650.177,55%,,,,,,,,,,
22/01/2019 06:00,103157.922,52%,,,,,,,,,,
22/01/2019 07:00,99595.529,50%,,,,,,,,,,
22/01/2019 08:00,88849.627,44%,,,,,,,,,,
22/01/2019 09:00,66326.982,33%,,,,,,,,,,
22/01/2019 10:00,49655.709,25%,,,,,,,,,,
22/01/2019 11:00,48601.814,24%,,,,,,,,,,
22/01/2019 12:00,52821.267,26%,,,,,,,,,,
22/01/2019 13:00,57943.635,29%,,,,,,,,,,
22/01/2019 14:00,64017.821,32%,,,,,,,,,,
22/01/2019 15:00,71007.785,36%,,,,,,,,,,
22/01/2019 16:00,78445.693,39%,,,,,,,,,,
22/01/2019 17:00,77670.18,39%,,,,,,,,,,
22/01/2019 18:00,64966.501,32%,,,,,,,,,,
22/01/2019 19:00,52752.226,26%,,,,,,,,,,
22/01/2019 20:00,47088.175,24%,,,,,,,,,,
22/01/2019 21:00,43753.226,22%,,,,,,,,,,
22/01/2019 22:00,42840.965,21%,,,,,,,,,,
22/01/2019 23:00,43366.44,22%,,,,,,,,,,
23/01/2019 00:00,43376.695,22%,,,,,,,,,,
23/01/2019 01:00,48020.608,24%,,,,,,,,,,
23/01/2019 02:00,52280.583,26%,,,,,,,,,,
23/01/2019 03:00,57672.289,29%,,,,,,,,,,
23/01/2019 04:00,61875.27,31%,,,,,,,,,,
23/01/2019 05:00,64530.291,32%,,,,,,,,,,
23/01/2019 06:00,67230.063,34%,,,,,,,,,,
23/01/2019 07:00,65688.969,33%,,,,,,,,,,
23/01/2019 08:00,55601.359,28%,,,,,,,,,,
23/01/2019 09:00,41720.929,21%,,,,,,,,,,
23/01/2019 10:00,28567.522,14%,,,,,,,,,,
23/01/2019 11:00,19839.488,10%,,,,,,,,,,
23/01/2019 12:00,15000.114,8%,,,,,,,,,,
23/01/2019 13:00,13547.707,7%,,,,,,,,,,
23/01/2019 14:00,13321.864,7%,,,,,,,,,,
23/01/2019 15:00,12704.449,6%,,,,,,,,,,
23/01/2019 16:00,9348.438,5%,,,,,,,,,,
23/01/2019 17:00,6855.428,3%,,,,,,,,,,
23/01/2019 18:00,7716.346,4%,,,,,,,,,,
23/01/2019 19:00,11296.733,6%,,,,,,,,,,
23/01/2019 20:00,16679.795,8%,,,,,,,,,,
23/01/2019 21:00,21525.347,11%,,,,,,,,,,
23/01/2019 22:00,23546.974,12%,,,,,,,,,,
23/01/2019 23:00,24876.441,12%,,,,,,,,,,
24/01/2019 00:00,28265.005,14%,,,,,,,,,,
24/01/2019 01:00,34350.137,17%,,,,,,,,,,
24/01/2019 02:00,39870.838,20%,,,,,,,,,,
24/01/2019 03:00,37000.411,19%,,,,,,,,,,
24/01/2019 04:00,33489.638,17%,,,,,,,,,,
24/01/2019 05:00,32712.455,16%,,,,,,,,,,
24/01/2019 06:00,31821.981,16%,,,,,,,,,,
24/01/2019 07:00,29465.032,15%,,,,,,,,,,
24/01/2019 08:00,29399.251,15%,,,,,,,,,,
24/01/2019 09:00,28353.022,14%,,,,,,,,,,
24/01/2019 10:00,24664.264,12%,,,,,,,,,,
24/01/2019 11:00,17098.479,9%,,,,,,,,,,
24/01/2019 12:00,12780.893,6%,,,,,,,,,,
24/01/2019 13:00,12475.467,6%,,,,,,,,,,
24/01/2019 14:00,10513.988,5%,,,,,,,,,,
24/01/2019 15:00,7601.55,4%,,,,,,,,,,
24/01/2019 16:00,5116.808,3%,,,,,,,,,,
24/01/2019 17:00,4302.646,2%,,,,,,,,,,
24/01/2019 18:00,7124.491,4%,,,,,,,,,,
24/01/2019 19:00,12217.846,6%,,,,,,,,,,
24/01/2019 20:00,20901.203,10%,,,,,,,,,,
24/01/2019 21:00,31542.206,16%,,,,,,,,,,
24/01/2019 22:00,38825.005,19%,,,,,,,,,,
24/01/2019 23:00,43767.938,22%,,,,,,,,,,
25/01/2019 00:00,61208.429,31%,,,,,,,,,,
25/01/2019 01:00,91869.856,46%,,,,,,,,,,
25/01/2019 02:00,117121.323,59%,,,,,,,,,,
25/01/2019 03:00,132544.34,66%,,,,,,,,,,
25/01/2019 04:00,140605.804,70%,,,,,,,,,,
25/01/2019 05:00,144427.925,72%,,,,,,,,,,
25/01/2019 06:00,137288.539,69%,,,,,,,,,,
25/01/2019 07:00,129268.318,65%,,,,,,,,,,
25/01/2019 08:00,122457.348,61%,,,,,,,,,,
25/01/2019 09:00,124817.489,62%,,,,,,,,,,
25/01/2019 10:00,121558.694,61%,,,,,,,,,,
25/01/2019 11:00,128812.237,64%,,,,,,,,,,
25/01/2019 12:00,126090.057,63%,,,,,,,,,,
25/01/2019 13:00,123572.251,62%,,,,,,,,,,
25/01/2019 14:00,128144.207,64%,,,,,,,,,,
25/01/2019 15:00,130192.921,65%,,,,,,,,,,
25/01/2019 16:00,132482.177,66%,,,,,,,,,,
25/01/2019 17:00,130585.356,65%,,,,,,,,,,
25/01/2019 18:00,133027.175,67%,,,,,,,,,,
25/01/2019 19:00,135574.912,68%,,,,,,,,,,
25/01/2019 20:00,130706.358,65%,,,,,,,,,,
25/01/2019 21:00,125138.076,63%,,,,,,,,,,
25/01/2019 22:00,117906.789,59%,,,,,,,,,,
25/01/2019 23:00,128811.528,64%,,,,,,,,,,
26/01/2019 00:00,127241.746,64%,,,,,,,,,,
26/01/2019 01:00,131488.057,66%,,,,,,,,,,
26/01/2019 02:00,131196.662,66%,,,,,,,,,,
26/01/2019 03:00,127084.548,64%,,,,,,,,,,
26/01/2019 04:00,123570.91,62%,,,,,,,,,,
26/01/2019 05:00,120154.796,60%,,,,,,,,,,
26/01/2019 06:00,117440.616,59%,,,,,,,,,,
26/01/2019 07:00,116001.491,58%,,,,,,,,,,
26/01/2019 08:00,115743.562,58%,,,,,,,,,,
26/01/2019 09:00,112877.649,56%,,,,,,,,,,
26/01/2019 10:00,117204.64,59%,,,,,,,,,,
26/01/2019 11:00,128072.5,64%,,,,,,,,,,
26/01/2019 12:00,136878.531,68%,,,,,,,,,,
26/01/2019 13:00,155536.985,78%,,,,,,,,,,
26/01/2019 14:00,162817.028,81%,,,,,,,,,,
26/01/2019 15:00,157588.745,79%,,,,,,,,,,
26/01/2019 16:00,143273.516,72%,,,,,,,,,,
26/01/2019 17:00,129133.046,65%,,,,,,,,,,
26/01/2019 18:00,109406.618,55%,,,,,,,,,,
26/01/2019 19:00,81456.652,41%,,,,,,,,,,
26/01/2019 20:00,57780.445,29%,,,,,,,,,,
26/01/2019 21:00,42494.089,21%,,,,,,,,,,
26/01/2019 22:00,31956.57,16%,,,,,,,,,,
26/01/2019 23:00,49732.362,25%,,,,,,,,,,
27/01/2019 00:00,141448.217,71%,,,,,,,,,,
27/01/2019 01:00,185596.548,93%,,,,,,,,,,
27/01/2019 02:00,187384.593,94%,,,,,,,,,,
27/01/2019 03:00,185292.719,93%,,,,,,,,,,
27/01/2019 04:00,187316.695,94%,,,,,,,,,,
27/01/2019 05:00,191069.713,96%,,,,,,,,,,
27/01/2019 06:00,194271.443,97%,,,,,,,,,,
27/01/2019 07:00,195276.441,98%,,,,,,,,,,
27/01/2019 08:00,195852.224,98%,,,,,,,,,,
27/01/2019 09:00,196956.014,98%,,,,,,,,,,
27/01/2019 10:00,197670.644,99%,,,,,,,,,,
27/01/2019 11:00,197807.127,99%,,,,,,,,,,
27/01/2019 12:00,197580.325,99%,,,,,,,,,,
27/01/2019 13:00,197099.539,99%,,,,,,,,,,
27/01/2019 14:00,196268.298,98%,,,,,,,,,,
27/01/2019 15:00,195072.914,98%,,,,,,,,,,
27/01/2019 16:00,192416.368,96%,,,,,,,,,,
27/01/2019 17:00,187752.495,94%,,,,,,,,,,
27/01/2019 18:00,181363.257,91%,,,,,,,,,,
27/01/2019 19:00,173185.946,87%,,,,,,,,,,
27/01/2019 20:00,161525.782,81%,,,,,,,,,,
27/01/2019 21:00,153652.954,77%,,,,,,,,,,
27/01/2019 22:00,146067.13,73%,,,,,,,,,,
27/01/2019 23:00,132203.721,66%,,,,,,,,,,
28/01/2019 00:00,119729.673,60%,,,,,,,,,,
28/01/2019 01:00,113157.965,57%,,,,,,,,,,
28/01/2019 02:00,107529.819,54%,,,,,,,,,,
28/01/2019 03:00,103639.701,52%,,,,,,,,,,
28/01/2019 04:00,98220.917,49%,,,,,,,,,,
28/01/2019 05:00,92707.876,46%,,,,,,,,,,
28/01/2019 06:00,93871.487,47%,,,,,,,,,,
28/01/2019 07:00,89736.601,45%,,,,,,,,,,
28/01/2019 08:00,79568.398,40%,,,,,,,,,,
28/01/2019 09:00,63080.429,32%,,,,,,,,,,
28/01/2019 10:00,64209.788,32%,,,,,,,,,,
28/01/2019 11:00,74746.321,37%,,,,,,,,,,
28/01/2019 12:00,61396.464,31%,,,,,,,,,,
28/01/2019 13:00,52818.477,26%,,,,,,,,,,
28/01/2019 14:00,48382.554,24%,,,,,,,,,,
28/01/2019 15:00,43418.347,22%,,,,,,,,,,
28/01/2019 16:00,45051.57,23%,,,,,,,,,,
28/01/2019 17:00,56343.54,28%,,,,,,,,,,
28/01/2019 18:00,71012.456,36%,,,,,,,,,,
28/01/2019 19:00,84479.863,42%,,,,,,,,,,
28/01/2019 20:00,90777.848,45%,,,,,,,,,,
28/01/2019 21:00,94426.55,47%,,,,,,,,,,
28/01/2019 22:00,91330.786,46%,,,,,,,,,,
28/01/2019 23:00,82770.582,41%,,,,,,,,,,
29/01/2019 00:00,78588.115,39%,,,,,,,,,,
29/01/2019 01:00,74258.153,37%,,,,,,,,,,
29/01/2019 02:00,72114.741,36%,,,,,,,,,,
29/01/2019 03:00,70476.045,35%,,,,,,,,,,
29/01/2019 04:00,69343.791,35%,,,,,,,,,,
29/01/2019 05:00,69666.949,35%,,,,,,,,,,
29/01/2019 06:00,71887.738,36%,,,,,,,,,,
29/01/2019 07:00,74718.935,37%,,,,,,,,,,
29/01/2019 08:00,74101.265,37%,,,,,,,,,,
29/01/2019 09:00,69915.594,35%,,,,,,,,,,
29/01/2019 10:00,65547.672,33%,,,,,,,,,,
29/01/2019 11:00,58268.83,29%,,,,,,,,,,
29/01/2019 12:00,46606.09,23%,,,,,,,,,,
29/01/2019 13:00,43782.936,22%,,,,,,,,,,
29/01/2019 14:00,54875.822,27%,,,,,,,,,,
29/01/2019 15:00,68879.209,34%,,,,,,,,,,
29/01/2019 16:00,82463.878,41%,,,,,,,,,,
29/01/2019 17:00,95692.15,48%,,,,,,,,,,
29/01/2019 18:00,97670.746,49%,,,,,,,,,,
29/01/2019 19:00,94255.314,47%,,,,,,,,,,
29/01/2019 20:00,88851.318,44%,,,,,,,,,,
29/01/2019 21:00,82696.384,41%,,,,,,,,,,
29/01/2019 22:00,77668.625,39%,,,,,,,,,,
29/01/2019 23:00,77661.881,39%,,,,,,,,,,
30/01/2019 00:00,77130.796,39%,,,,,,,,,,
30/01/2019 01:00,74717.729,37%,,,,,,,,,,
30/01/2019 02:00,72318.631,36%,,,,,,,,,,
30/01/2019 03:00,68715.144,34%,,,,,,,,,,
30/01/2019 04:00,62665.841,31%,,,,,,,,,,
30/01/2019 05:00,54994.227,27%,,,,,,,,,,
30/01/2019 06:00,50931.089,25%,,,,,,,,,,
30/01/2019 07:00,48597.006,24%,,,,,,,,,,
30/01/2019 08:00,45595.355,23%,,,,,,,,,,
30/01/2019 09:00,37034.425,19%,,,,,,,,,,
30/01/2019 10:00,27205.068,14%,,,,,,,,,,
30/01/2019 11:00,24505.773,12%,,,,,,,,,,
30/01/2019 12:00,23458.136,12%,,,,,,,,,,
30/01/2019 13:00,20570.929,10%,,,,,,,,,,
30/01/2019 14:00,16780.251,8%,,,,,,,,,,
30/01/2019 15:00,15938.316,8%,,,,,,,,,,
30/01/2019 16:00,16312.712,8%,,,,,,,,,,
30/01/2019 17:00,13273.127,7%,,,,,,,,,,
30/01/2019 18:00,8698.054,4%,,,,,,,,,,
30/01/2019 19:00,5382.654,3%,,,,,,,,,,
30/01/2019 20:00,4327.173,2%,,,,,,,,,,
30/01/2019 21:00,4395.86,2%,,,,,,,,,,
30/01/2019 22:00,3649.629,2%,,,,,,,,,,
30/01/2019 23:00,3013.431,2%,,,,,,,,,,
31/01/2019 00:00,3897.929,2%,,,,,,,,,,
31/01/2019 01:00,5031.24,3%,,,,,,,,,,
31/01/2019 02:00,7128.34,4%,,,,,,,,,,
31/01/2019 03:00,15599.122,8%,,,,,,,,,,
31/01/2019 04:00,26557.711,13%,,,,,,,,,,
31/01/2019 05:00,32225.003,16%,,,,,,,,,,
31/01/2019 06:00,35691.154,18%,,,,,,,,,,
31/01/2019 07:00,40860.063,20%,,,,,,,,,,
31/01/2019 08:00,50187.852,25%,,,,,,,,,,
31/01/2019 09:00,59233.6,30%,,,,,,,,,,
31/01/2019 10:00,67218.206,34%,,,,,,,,,,
31/01/2019 11:00,80364.847,40%,,,,,,,,,,
31/01/2019 12:00,91072.337,46%,,,,,,,,,,
31/01/2019 13:00,96291.477,48%,,,,,,,,,,
31/01/2019 14:00,94265.538,47%,,,,,,,,,,
31/01/2019 15:00,98222.537,49%,,,,,,,,,,
31/01/2019 16:00,109945.496,55%,,,,,,,,,,
31/01/2019 17:00,105742.445,53%,,,,,,,,,,
31/01/2019 18:00,102248.451,51%,,,,,,,,,,
31/01/2019 19:00,100027.346,50%,,,,,,,,,,
31/01/2019 20:00,98770.682,49%,,,,,,,,,,
31/01/2019 21:00,90461.16,45%,,,,,,,,,,
31/01/2019 22:00,83690.592,42%,,,,,,,,,,
31/01/2019 23:00,82492.034,41%,,,,,,,,,,
01/02/2019 00:00,82001.926,41%,,,,,,,,,,
01/02/2019 01:00,81147.059,41%,,,,,,,,,,
01/02/2019 02:00,83891.326,42%,,,,,,,,,,
01/02/2019 03:00,86189.985,43%,,,,,,,,,,
01/02/2019 04:00,88572.068,44%,,,,,,,,,,
01/02/2019 05:00,89399.272,45%,,,,,,,,,,
01/02/2019 06:00,87028.616,44%,,,,,,,,,,
01/02/2019 07:00,86169.743,43%,,,,,,,,,,
01/02/2019 08:00,84457.5,42%,,,,,,,,,,
01/02/2019 09:00,81745.997,41%,,,,,,,,,,
01/02/2019 10:00,79852.217,40%,,,,,,,,,,
01/02/2019 11:00,91880.349,46%,,,,,,,,,,
01/02/2019 12:00,98219.697,49%,,,,,,,,,,
01/02/2019 13:00,96844.386,48%,,,,,,,,,,
01/02/2019 14:00,96970.512,48%,,,,,,,,,,
01/02/2019 15:00,94831.441,47%,,,,,,,,,,
01/02/2019 16:00,92177.907,46%,,,,,,,,,,
01/02/2019 17:00,85839.035,43%,,,,,,,,,,
01/02/2019 18:00,78883.439,39%,,,,,,,,,,
01/02/2019 19:00,72242.174,36%,,,,,,,,,,
01/02/2019 20:00,65687.304,33%,,,,,,,,,,
01/02/2019 21:00,63106.949,32%,,,,,,,,,,
01/02/2019 22:00,62300.588,31%,,,,,,,,,,
01/02/2019 23:00,59991.43,30%,,,,,,,,,,
02/02/2019 00:00,55673.526,28%,,,,,,,,,,
02/02/2019 01:00,50701.197,25%,,,,,,,,,,
02/02/2019 02:00,46698.038,23%,,,,,,,,,,
02/02/2019 03:00,44264.21,22%,,,,,,,,,,
02/02/2019 04:00,45692.241,23%,,,,,,,,,,
02/02/2019 05:00,53179.387,27%,,,,,,,,,,
02/02/2019 06:00,65035.067,33%,,,,,,,,,,
02/02/2019 07:00,74711.256,37%,,,,,,,,,,
02/02/2019 08:00,78201.924,39%,,,,,,,,,,
02/02/2019 09:00,73679.788,37%,,,,,,,,,,
02/02/2019 10:00,81784.59,41%,,,,,,,,,,
02/02/2019 11:00,92404.695,46%,,,,,,,,,,
02/02/2019 12:00,96980.125,48%,,,,,,,,,,
02/02/2019 13:00,95069.353,48%,,,,,,,,,,
02/02/2019 14:00,79124.052,40%,,,,,,,,,,
02/02/2019 15:00,68150.632,34%,,,,,,,,,,
02/02/2019 16:00,63893.158,32%,,,,,,,,,,
02/02/2019 17:00,61350.525,31%,,,,,,,,,,
02/02/2019 18:00,60490.009,30%,,,,,,,,,,
02/02/2019 19:00,53969.933,27%,,,,,,,,,,
02/02/2019 20:00,41773.1,21%,,,,,,,,,,
02/02/2019 21:00,30488.538,15%,,,,,,,,,,
02/02/2019 22:00,20079.289,10%,,,,,,,,,,
02/02/2019 23:00,12573.379,6%,,,,,,,,,,
03/02/2019 00:00,11400.084,6%,,,,,,,,,,
03/02/2019 01:00,15773.321,8%,,,,,,,,,,
03/02/2019 02:00,22458.687,11%,,,,,,,,,,
03/02/2019 03:00,30918.481,15%,,,,,,,,,,
03/02/2019 04:00,39813.506,20%,,,,,,,,,,
03/02/2019 05:00,47260.5,24%,,,,,,,,,,
03/02/2019 06:00,55818.89,28%,,,,,,,,,,
03/02/2019 07:00,65036.972,33%,,,,,,,,,,
03/02/2019 08:00,69255.542,35%,,,,,,,,,,
03/02/2019 09:00,64524.278,32%,,,,,,,,,,
03/02/2019 10:00,63787.244,32%,,,,,,,,,,
03/02/2019 11:00,76397.73,38%,,,,,,,,,,
03/02/2019 12:00,111995.63,56%,,,,,,,,,,
03/02/2019 13:00,120810.775,60%,,,,,,,,,,
03/02/2019 14:00,128818.86,64%,,,,,,,,,,
03/02/2019 15:00,134809.739,67%,,,,,,,,,,
03/02/2019 16:00,138047.151,69%,,,,,,,,,,
03/02/2019 17:00,125537.357,63%,,,,,,,,,,
03/02/2019 18:00,108167.422,54%,,,,,,,,,,
03/02/2019 19:00,105382.062,53%,,,,,,,,,,
03/02/2019 20:00,103159.272,52%,,,,,,,,,,
03/02/2019 21:00,108397.071,54%,,,,,,,,,,
03/02/2019 22:00,119157.127,60%,,,,,,,,,,
03/02/2019 23:00,121734.306,61%,,,,,,,,,,
04/02/2019 00:00,143570.844,72%,,,,,,,,,,
04/02/2019 01:00,167777.133,84%,,,,,,,,,,
04/02/2019 02:00,171138.593,86%,,,,,,,,,,
04/02/2019 03:00,176655.448,88%,,,,,,,,,,
04/02/2019 04:00,169715.681,85%,,,,,,,,,,
04/02/2019 05:00,153065.063,77%,,,,,,,,,,
04/02/2019 06:00,125542.571,63%,,,,,,,,,,
04/02/2019 07:00,114795.214,57%,,,,,,,,,,
04/02/2019 08:00,123571,62%,,,,,,,,,,
04/02/2019 09:00,127087.311,64%,,,,,,,,,,
04/02/2019 10:00,114221.805,57%,,,,,,,,,,
04/02/2019 11:00,107514.851,54%,,,,,,,,,,
04/02/2019 12:00,102948.853,51%,,,,,,,,,,
04/02/2019 13:00,84611.856,42%,,,,,,,,,,
04/02/2019 14:00,73759.062,37%,,,,,,,,,,
04/02/2019 15:00,67538.644,34%,,,,,,,,,,
04/02/2019 16:00,55545.336,28%,,,,,,,,,,
04/02/2019 17:00,40590.275,20%,,,,,,,,,,
04/02/2019 18:00,30940.306,15%,,,,,,,,,,
04/02/2019 19:00,26602.371,13%,,,,,,,,,,
04/02/2019 20:00,24080.117,12%,,,,,,,,,,
04/02/2019 21:00,22361.681,11%,,,,,,,,,,
04/02/2019 22:00,21862.135,11%,,,,,,,,,,
04/02/2019 23:00,21075.918,11%,,,,,,,,,,
05/02/2019 00:00,22140.84,11%,,,,,,,,,,
05/02/2019 01:00,26651.139,13%,,,,,,,,,,
05/02/2019 02:00,32407.742,16%,,,,,,,,,,
05/02/2019 03:00,39993.559,20%,,,,,,,,,,
05/02/2019 04:00,50343.494,25%,,,,,,,,,,
05/02/2019 05:00,62820.788,31%,,,,,,,,,,
05/02/2019 06:00,72852.22,36%,,,,,,,,,,
05/02/2019 07:00,77468.475,39%,,,,,,,,,,
05/02/2019 08:00,80692.234,40%,,,,,,,,,,
05/02/2019 09:00,80470.443,40%,,,,,,,,,,
05/02/2019 10:00,80103.254,40%,,,,,,,,,,
05/02/2019 11:00,86375.356,43%,,,,,,,,,,
05/02/2019 12:00,94837.123,47%,,,,,,,,,,
05/02/2019 13:00,113159.15,57%,,,,,,,,,,
05/02/2019 14:00,124744.502,62%,,,,,,,,,,
05/02/2019 15:00,131365.119,66%,,,,,,,,,,
05/02/2019 16:00,147643.04,74%,,,,,,,,,,
05/02/2019 17:00,167165.207,84%,,,,,,,,,,
05/02/2019 18:00,166330.552,83%,,,,,,,,,,
05/02/2019 19:00,156388.235,78%,,,,,,,,,,
05/02/2019 20:00,140167.018,70%,,,,,,,,,,
05/02/2019 21:00,136216.707,68%,,,,,,,,,,
05/02/2019 22:00,127235.876,64%,,,,,,,,,,
05/02/2019 23:00,118877.632,59%,,,,,,,,,,
06/02/2019 00:00,104163.05,52%,,,,,,,,,,
06/02/2019 01:00,91881.397,46%,,,,,,,,,,
06/02/2019 02:00,84796.332,42%,,,,,,,,,,
06/02/2019 03:00,76463.912,38%,,,,,,,,,,
06/02/2019 04:00,69790.629,35%,,,,,,,,,,
06/02/2019 05:00,66728.302,33%,,,,,,,,,,
06/02/2019 06:00,66346.76,33%,,,,,,,,,,
06/02/2019 07:00,68156.382,34%,,,,,,,,,,
06/02/2019 08:00,69691.373,35%,,,,,,,,,,
06/02/2019 09:00,65843.153,33%,,,,,,,,,,
06/02/2019 10:00,65543.053,33%,,,,,,,,,,
06/02/2019 11:00,64018.121,32%,,,,,,,,,,
06/02/2019 12:00,64519.462,32%,,,,,,,,,,
06/02/2019 13:00,63722.395,32%,,,,,,,,,,
06/02/2019 14:00,64007.86,32%,,,,,,,,,,
06/02/2019 15:00,67907.725,34%,,,,,,,,,,
06/02/2019 16:00,75247.103,38%,,,,,,,,,,
06/02/2019 17:00,79830.733,40%,,,,,,,,,,
06/02/2019 18:00,78704.062,39%,,,,,,,,,,
06/02/2019 19:00,73125.916,37%,,,,,,,,,,
06/02/2019 20:00,67152.487,34%,,,,,,,,,,
06/02/2019 21:00,67197.239,34%,,,,,,,,,,
06/02/2019 22:00,69837.045,35%,,,,,,,,,,
06/02/2019 23:00,76230.752,38%,,,,,,,,,,
07/02/2019 00:00,86859.188,43%,,,,,,,,,,
07/02/2019 01:00,91929.21,46%,,,,,,,,,,
07/02/2019 02:00,96292.766,48%,,,,,,,,,,
07/02/2019 03:00,76551.208,38%,,,,,,,,,,
07/02/2019 04:00,83144.909,42%,,,,,,,,,,
07/02/2019 05:00,148766.888,74%,,,,,,,,,,
07/02/2019 06:00,172308.474,86%,,,,,,,,,,
07/02/2019 07:00,181744.32,91%,,,,,,,,,,
07/02/2019 08:00,186818.584,93%,,,,,,,,,,
07/02/2019 09:00,186801.892,93%,,,,,,,,,,
07/02/2019 10:00,179155.726,90%,,,,,,,,,,
07/02/2019 11:00,169767.796,85%,,,,,,,,,,
07/02/2019 12:00,168256.811,84%,,,,,,,,,,
07/02/2019 13:00,163240.996,82%,,,,,,,,,,
07/02/2019 14:00,153660.404,77%,,,,,,,,,,
07/02/2019 15:00,140072.304,70%,,,,,,,,,,
07/02/2019 16:00,126902.489,63%,,,,,,,,,,
07/02/2019 17:00,117173.357,59%,,,,,,,,,,
07/02/2019 18:00,112992.719,56%,,,,,,,,,,
07/02/2019 19:00,104136.987,52%,,,,,,,,,,
07/02/2019 20:00,97899.264,49%,,,,,,,,,,
07/02/2019 21:00,103021.566,52%,,,,,,,,,,
07/02/2019 22:00,105260.956,53%,,,,,,,,,,
07/02/2019 23:00,113157.701,57%,,,,,,,,,,
08/02/2019 00:00,122060.073,61%,,,,,,,,,,
08/02/2019 01:00,129297.85,65%,,,,,,,,,,
08/02/2019 02:00,135964.798,68%,,,,,,,,,,
08/02/2019 03:00,144844.1,72%,,,,,,,,,,
08/02/2019 04:00,157283.674,79%,,,,,,,,,,
08/02/2019 05:00,169585.346,85%,,,,,,,,,,
08/02/2019 06:00,176069.036,88%,,,,,,,,,,
08/02/2019 07:00,182321.671,91%,,,,,,,,,,
08/02/2019 08:00,188228.713,94%,,,,,,,,,,
08/02/2019 09:00,193486.8,97%,,,,,,,,,,
08/02/2019 10:00,193640.792,97%,,,,,,,,,,
08/02/2019 11:00,193870.445,97%,,,,,,,,,,
08/02/2019 12:00,192785.812,96%,,,,,,,,,,
08/02/2019 13:00,193805.646,97%,,,,,,,,,,
08/02/2019 14:00,193973.562,97%,,,,,,,,,,
08/02/2019 15:00,193094.305,97%,,,,,,,,,,
08/02/2019 16:00,190613.181,95%,,,,,,,,,,
08/02/2019 17:00,186138.901,93%,,,,,,,,,,
08/02/2019 18:00,181752.838,91%,,,,,,,,,,
08/02/2019 19:00,177653.927,89%,,,,,,,,,,
08/02/2019 20:00,176461.374,88%,,,,,,,,,,
08/02/2019 21:00,181394.887,91%,,,,,,,,,,
08/02/2019 22:00,186936.788,93%,,,,,,,,,,
08/02/2019 23:00,190844.05,95%,,,,,,,,,,
09/02/2019 00:00,195027.442,98%,,,,,,,,,,
09/02/2019 01:00,197830.332,99%,,,,,,,,,,
09/02/2019 02:00,197842.021,99%,,,,,,,,,,
09/02/2019 03:00,195936.956,98%,,,,,,,,,,
09/02/2019 04:00,196044.842,98%,,,,,,,,,,
09/02/2019 05:00,197545.697,99%,,,,,,,,,,
09/02/2019 06:00,198267.943,99%,,,,,,,,,,
09/02/2019 07:00,197609.268,99%,,,,,,,,,,
09/02/2019 08:00,195522.338,98%,,,,,,,,,,
09/02/2019 09:00,192460.481,96%,,,,,,,,,,
09/02/2019 10:00,188554.516,94%,,,,,,,,,,
09/02/2019 11:00,184762.583,92%,,,,,,,,,,
09/02/2019 12:00,180946.735,90%,,,,,,,,,,
09/02/2019 13:00,174731.653,87%,,,,,,,,,,
09/02/2019 14:00,166169.221,83%,,,,,,,,,,
09/02/2019 15:00,156497.047,78%,,,,,,,,,,
09/02/2019 16:00,148310.155,74%,,,,,,,,,,
09/02/2019 17:00,137450.4,69%,,,,,,,,,,
09/02/2019 18:00,125530.564,63%,,,,,,,,,,
09/02/2019 19:00,114222.157,57%,,,,,,,,,,
09/02/2019 20:00,98218.265,49%,,,,,,,,,,
09/02/2019 21:00,83221.631,42%,,,,,,,,,,
09/02/2019 22:00,69408.906,35%,,,,,,,,,,
09/02/2019 23:00,55835.58,28%,,,,,,,,,,
10/02/2019 00:00,42199.261,21%,,,,,,,,,,
10/02/2019 01:00,28965.371,14%,,,,,,,,,,
10/02/2019 02:00,17337.588,9%,,,,,,,,,,
10/02/2019 03:00,9854.544,5%,,,,,,,,,,
10/02/2019 04:00,10810.452,5%,,,,,,,,,,
10/02/2019 05:00,19940.696,10%,,,,,,,,,,
10/02/2019 06:00,36292.413,18%,,,,,,,,,,
10/02/2019 07:00,57918.159,29%,,,,,,,,,,
10/02/2019 08:00,73792.928,37%,,,,,,,,,,
10/02/2019 09:00,84080.093,42%,,,,,,,,,,
10/02/2019 10:00,100937.274,50%,,,,,,,,,,
10/02/2019 11:00,126243.846,63%,,,,,,,,,,
10/02/2019 12:00,142966.535,71%,,,,,,,,,,
10/02/2019 13:00,151836.932,76%,,,,,,,,,,
10/02/2019 14:00,150549.443,75%,,,,,,,,,,
10/02/2019 15:00,140070.088,70%,,,,,,,,,,
10/02/2019 16:00,132554.6,66%,,,,,,,,,,
10/02/2019 17:00,128768.214,64%,,,,,,,,,,
10/02/2019 18:00,119728.645,60%,,,,,,,,,,
10/02/2019 19:00,99940.982,50%,,,,,,,,,,
10/02/2019 20:00,73874.143,37%,,,,,,,,,,
10/02/2019 21:00,51929.684,26%,,,,,,,,,,
10/02/2019 22:00,43235.958,22%,,,,,,,,,,
10/02/2019 23:00,62697.155,31%,,,,,,,,,,
11/02/2019 00:00,81454.258,41%,,,,,,,,,,
11/02/2019 01:00,81600.262,41%,,,,,,,,,,
11/02/2019 02:00,69261.351,35%,,,,,,,,,,
11/02/2019 03:00,67009.795,34%,,,,,,,,,,
11/02/2019 04:00,84264.905,42%,,,,,,,,,,
11/02/2019 05:00,88966.541,44%,,,,,,,,,,
11/02/2019 06:00,80234.941,40%,,,,,,,,,,
11/02/2019 07:00,60490.601,30%,,,,,,,,,,
11/02/2019 08:00,37862.996,19%,,,,,,,,,,
11/02/2019 09:00,18151.34,9%,,,,,,,,,,
11/02/2019 10:00,9277.036,5%,,,,,,,,,,
11/02/2019 11:00,3395.165,2%,,,,,,,,,,
11/02/2019 12:00,477.206,0%,,,,,,,,,,
11/02/2019 13:00,2401.036,1%,,,,,,,,,,
11/02/2019 14:00,6714.924,3%,,,,,,,,,,
11/02/2019 15:00,12215.824,6%,,,,,,,,,,
11/02/2019 16:00,14945.587,7%,,,,,,,,,,
11/02/2019 17:00,17604.045,9%,,,,,,,,,,
11/02/2019 18:00,18868.394,9%,,,,,,,,,,
11/02/2019 19:00,23537.688,12%,,,,,,,,,,
11/02/2019 20:00,30372.987,15%,,,,,,,,,,
11/02/2019 21:00,34341.874,17%,,,,,,,,,,
11/02/2019 22:00,38504.687,19%,,,,,,,,,,
11/02/2019 23:00,45484.421,23%,,,,,,,,,,
12/02/2019 00:00,52753.056,26%,,,,,,,,,,
12/02/2019 01:00,57009.073,29%,,,,,,,,,,
12/02/2019 02:00,54408.756,27%,,,,,,,,,,
12/02/2019 03:00,50665.035,25%,,,,,,,,,,
12/02/2019 04:00,51377.49,26%,,,,,,,,,,
12/02/2019 05:00,54880.808,27%,,,,,,,,,,
12/02/2019 06:00,60496.87,30%,,,,,,,,,,
12/02/2019 07:00,73382.543,37%,,,,,,,,,,
12/02/2019 08:00,88852.506,44%,,,,,,,,,,
12/02/2019 09:00,101024.445,51%,,,,,,,,,,
12/02/2019 10:00,109406.765,55%,,,,,,,,,,
12/02/2019 11:00,117912.797,59%,,,,,,,,,,
12/02/2019 12:00,110804.505,55%,,,,,,,,,,
12/02/2019 13:00,109406.729,55%,,,,,,,,,,
12/02/2019 14:00,112450.492,56%,,,,,,,,,,
12/02/2019 15:00,116598.588,58%,,,,,,,,,,
12/02/2019 16:00,125148.249,63%,,,,,,,,,,
12/02/2019 17:00,119711.134,60%,,,,,,,,,,
12/02/2019 18:00,114938.764,57%,,,,,,,,,,
12/02/2019 19:00,104523.586,52%,,,,,,,,,,
12/02/2019 20:00,104524.494,52%,,,,,,,,,,
12/02/2019 21:00,103330.345,52%,,,,,,,,,,
12/02/2019 22:00,98353.013,49%,,,,,,,,,,
12/02/2019 23:00,92517.101,46%,,,,,,,,,,
13/02/2019 00:00,93185.607,47%,,,,,,,,,,
13/02/2019 01:00,93434.226,47%,,,,,,,,,,
13/02/2019 02:00,91332.939,46%,,,,,,,,,,
13/02/2019 03:00,92165.675,46%,,,,,,,,,,
13/02/2019 04:00,96654.421,48%,,,,,,,,,,
13/02/2019 05:00,100238.071,50%,,,,,,,,,,
13/02/2019 06:00,101258.346,51%,,,,,,,,,,
13/02/2019 07:00,101718.883,51%,,,,,,,,,,
13/02/2019 08:00,104020.95,52%,,,,,,,,,,
13/02/2019 09:00,101681.978,51%,,,,,,,,,,
13/02/2019 10:00,100438.618,50%,,,,,,,,,,
13/02/2019 11:00,97542.26,49%,,,,,,,,,,
13/02/2019 12:00,92048.082,46%,,,,,,,,,,
13/02/2019 13:00,90780.461,45%,,,,,,,,,,
13/02/2019 14:00,90402.423,45%,,,,,,,,,,
13/02/2019 15:00,92175.096,46%,,,,,,,,,,
13/02/2019 16:00,95263.815,48%,,,,,,,,,,
13/02/2019 17:00,97186.566,49%,,,,,,,,,,
13/02/2019 18:00,95190.201,48%,,,,,,,,,,
13/02/2019 19:00,98219.525,49%,,,,,,,,,,
13/02/2019 20:00,92710.931,46%,,,,,,,,,,
13/02/2019 21:00,85940.413,43%,,,,,,,,,,
13/02/2019 22:00,82330.98,41%,,,,,,,,,,
13/02/2019 23:00,75818.237,38%,,,,,,,,,,
14/02/2019 00:00,65028.429,33%,,,,,,,,,,
14/02/2019 01:00,58265.466,29%,,,,,,,,,,
14/02/2019 02:00,51181.344,26%,,,,,,,,,,
14/02/2019 03:00,45641,23%,,,,,,,,,,
14/02/2019 04:00,37403.241,19%,,,,,,,,,,
14/02/2019 05:00,35743.745,18%,,,,,,,,,,
14/02/2019 06:00,41307.261,21%,,,,,,,,,,
14/02/2019 07:00,45049.607,23%,,,,,,,,,,
14/02/2019 08:00,45369.235,23%,,,,,,,,,,
14/02/2019 09:00,43434.168,22%,,,,,,,,,,
14/02/2019 10:00,43630.479,22%,,,,,,,,,,
14/02/2019 11:00,46436.529,23%,,,,,,,,,,
14/02/2019 12:00,47632.322,24%,,,,,,,,,,
14/02/2019 13:00,49288.595,25%,,,,,,,,,,
14/02/2019 14:00,49149.261,25%,,,,,,,,,,
14/02/2019 15:00,50481.31,25%,,,,,,,,,,
14/02/2019 16:00,70820.818,35%,,,,,,,,,,
14/02/2019 17:00,92707.279,46%,,,,,,,,,,
14/02/2019 18:00,102281.844,51%,,,,,,,,,,
14/02/2019 19:00,103158.098,52%,,,,,,,,,,
14/02/2019 20:00,100283.402,50%,,,,,,,,,,
14/02/2019 21:00,96108.731,48%,,,,,,,,,,
14/02/2019 22:00,90925.245,45%,,,,,,,,,,
14/02/2019 23:00,82939.082,41%,,,,,,,,,,
15/02/2019 00:00,72944.868,36%,,,,,,,,,,
15/02/2019 01:00,68592.312,34%,,,,,,,,,,
15/02/2019 02:00,67346.092,34%,,,,,,,,,,
15/02/2019 03:00,65546.518,33%,,,,,,,,,,
15/02/2019 04:00,68130.826,34%,,,,,,,,,,
15/02/2019 05:00,70998.964,35%,,,,,,,,,,
15/02/2019 06:00,74543.485,37%,,,,,,,,,,
15/02/2019 07:00,78786.466,39%,,,,,,,,,,
15/02/2019 08:00,80257.162,40%,,,,,,,,,,
15/02/2019 09:00,73527.424,37%,,,,,,,,,,
15/02/2019 10:00,78393.072,39%,,,,,,,,,,
15/02/2019 11:00,79553.431,40%,,,,,,,,,,
15/02/2019 12:00,80396.111,40%,,,,,,,,,,
15/02/2019 13:00,85302.407,43%,,,,,,,,,,
15/02/2019 14:00,85803.788,43%,,,,,,,,,,
15/02/2019 15:00,97526.095,49%,,,,,,,,,,
15/02/2019 16:00,119729.898,60%,,,,,,,,,,
15/02/2019 17:00,134270.736,67%,,,,,,,,,,
15/02/2019 18:00,135933.712,68%,,,,,,,,,,
15/02/2019 19:00,134809.659,67%,,,,,,,,,,
15/02/2019 20:00,128854.635,64%,,,,,,,,,,
15/02/2019 21:00,123377.499,62%,,,,,,,,,,
15/02/2019 22:00,114556.154,57%,,,,,,,,,,
15/02/2019 23:00,115911.067,58%,,,,,,,,,,
16/02/2019 00:00,104156.352,52%,,,,,,,,,,
16/02/2019 01:00,98237.914,49%,,,,,,,,,,
16/02/2019 02:00,95722.708,48%,,,,,,,,,,
16/02/2019 03:00,99463.763,50%,,,,,,,,,,
16/02/2019 04:00,113223.211,57%,,,,,,,,,,
16/02/2019 05:00,107577.673,54%,,,,,,,,,,
16/02/2019 06:00,96291.835,48%,,,,,,,,,,
16/02/2019 07:00,93261.091,47%,,,,,,,,,,
16/02/2019 08:00,83913.971,42%,,,,,,,,,,
16/02/2019 09:00,72655.117,36%,,,,,,,,,,
16/02/2019 10:00,79254.111,40%,,,,,,,,,,
16/02/2019 11:00,83909.074,42%,,,,,,,,,,
16/02/2019 12:00,90307.395,45%,,,,,,,,,,
16/02/2019 13:00,96842.351,48%,,,,,,,,,,
16/02/2019 14:00,96290.545,48%,,,,,,,,,,
16/02/2019 15:00,106477.788,53%,,,,,,,,,,
16/02/2019 16:00,113689.734,57%,,,,,,,,,,
16/02/2019 17:00,119729.624,60%,,,,,,,,,,
16/02/2019 18:00,135490.272,68%,,,,,,,,,,
16/02/2019 19:00,144851.336,72%,,,,,,,,,,
16/02/2019 20:00,148780.107,74%,,,,,,,,,,
16/02/2019 21:00,146201.062,73%,,,,,,,,,,
16/02/2019 22:00,148676.55,74%,,,,,,,,,,
16/02/2019 23:00,152828.026,76%,,,,,,,,,,
17/02/2019 00:00,160268.623,80%,,,,,,,,,,
17/02/2019 01:00,162273.294,81%,,,,,,,,,,
17/02/2019 02:00,163083.932,82%,,,,,,,,,,
17/02/2019 03:00,160513.072,80%,,,,,,,,,,
17/02/2019 04:00,157212.812,79%,,,,,,,,,,
17/02/2019 05:00,156192.069,78%,,,,,,,,,,
17/02/2019 06:00,149445.532,75%,,,,,,,,,,
17/02/2019 07:00,140830.651,70%,,,,,,,,,,
17/02/2019 08:00,136439.27,68%,,,,,,,,,,
17/02/2019 09:00,133002.846,67%,,,,,,,,,,
17/02/2019 10:00,130076.146,65%,,,,,,,,,,
17/02/2019 11:00,128612.014,64%,,,,,,,,,,
17/02/2019 12:00,134808.338,67%,,,,,,,,,,
17/02/2019 13:00,140318.067,70%,,,,,,,,,,
17/02/2019 14:00,142162.213,71%,,,,,,,,,,
17/02/2019 15:00,136537.096,68%,,,,,,,,,,
17/02/2019 16:00,133440.929,67%,,,,,,,,,,
17/02/2019 17:00,136644.069,68%,,,,,,,,,,
17/02/2019 18:00,141016.47,71%,,,,,,,,,,
17/02/2019 19:00,142720.505,71%,,,,,,,,,,
17/02/2019 20:00,142578.864,71%,,,,,,,,,,
17/02/2019 21:00,142863.448,71%,,,,,,,,,,
17/02/2019 22:00,140990.046,70%,,,,,,,,,,
17/02/2019 23:00,135713.167,68%,,,,,,,,,,
18/02/2019 00:00,129860.433,65%,,,,,,,,,,
18/02/2019 01:00,124220.935,62%,,,,,,,,,,
18/02/2019 02:00,120440.171,60%,,,,,,,,,,
18/02/2019 03:00,119506.567,60%,,,,,,,,,,
18/02/2019 04:00,119681.668,60%,,,,,,,,,,
18/02/2019 05:00,119304.342,60%,,,,,,,,,,
18/02/2019 06:00,117122.525,59%,,,,,,,,,,
18/02/2019 07:00,113159.096,57%,,,,,,,,,,
18/02/2019 08:00,105069.994,53%,,,,,,,,,,
18/02/2019 09:00,103158.016,52%,,,,,,,,,,
18/02/2019 10:00,100279.762,50%,,,,,,,,,,
18/02/2019 11:00,110483.225,55%,,,,,,,,,,
18/02/2019 12:00,123572.507,62%,,,,,,,,,,
18/02/2019 13:00,135746.267,68%,,,,,,,,,,
18/02/2019 14:00,145165.932,73%,,,,,,,,,,
18/02/2019 15:00,148037.717,74%,,,,,,,,,,
18/02/2019 16:00,146587.396,73%,,,,,,,,,,
18/02/2019 17:00,146916.91,73%,,,,,,,,,,
18/02/2019 18:00,143226.791,72%,,,,,,,,,,
18/02/2019 19:00,138041.573,69%,,,,,,,,,,
18/02/2019 20:00,131709.754,66%,,,,,,,,,,
18/02/2019 21:00,127088.999,64%,,,,,,,,,,
18/02/2019 22:00,120821.518,60%,,,,,,,,,,
18/02/2019 23:00,121329.446,61%,,,,,,,,,,
19/02/2019 00:00,116596.97,58%,,,,,,,,,,
19/02/2019 01:00,113900.768,57%,,,,,,,,,,
19/02/2019 02:00,120537.011,60%,,,,,,,,,,
19/02/2019 03:00,110278.048,55%,,,,,,,,,,
19/02/2019 04:00,104291.723,52%,,,,,,,,,,
19/02/2019 05:00,96309.969,48%,,,,,,,,,,
19/02/2019 06:00,85007.954,43%,,,,,,,,,,
19/02/2019 07:00,71535.627,36%,,,,,,,,,,
19/02/2019 08:00,59296.687,30%,,,,,,,,,,
19/02/2019 09:00,53046.127,27%,,,,,,,,,,
19/02/2019 10:00,53201.758,27%,,,,,,,,,,
19/02/2019 11:00,59042.51,30%,,,,,,,,,,
19/02/2019 12:00,67348.204,34%,,,,,,,,,,
19/02/2019 13:00,73838.692,37%,,,,,,,,,,
19/02/2019 14:00,74062.585,37%,,,,,,,,,,
19/02/2019 15:00,78933.067,39%,,,,,,,,,,
19/02/2019 16:00,87159.362,44%,,,,,,,,,,
19/02/2019 17:00,93717.107,47%,,,,,,,,,,
19/02/2019 18:00,101403.084,51%,,,,,,,,,,
19/02/2019 19:00,110116.968,55%,,,,,,,,,,
19/02/2019 20:00,113258.795,57%,,,,,,,,,,
19/02/2019 21:00,114751.342,57%,,,,,,,,,,
19/02/2019 22:00,112235.609,56%,,,,,,,,,,
19/02/2019 23:00,111288.682,56%,,,,,,,,,,
20/02/2019 00:00,111288.043,56%,,,,,,,,,,
20/02/2019 01:00,111613.797,56%,,,,,,,,,,
20/02/2019 02:00,109365.335,55%,,,,,,,,,,
20/02/2019 03:00,111089.702,56%,,,,,,,,,,
20/02/2019 04:00,114911.053,57%,,,,,,,,,,
20/02/2019 05:00,114778.623,57%,,,,,,,,,,
20/02/2019 06:00,118998.531,59%,,,,,,,,,,
20/02/2019 07:00,116072.022,58%,,,,,,,,,,
20/02/2019 08:00,110483.36,55%,,,,,,,,,,
20/02/2019 09:00,109103.454,55%,,,,,,,,,,
20/02/2019 10:00,122945.204,61%,,,,,,,,,,
20/02/2019 11:00,134906.432,67%,,,,,,,,,,
20/02/2019 12:00,140398.739,70%,,,,,,,,,,
20/02/2019 13:00,138853.243,69%,,,,,,,,,,
20/02/2019 14:00,132743.55,66%,,,,,,,,,,
20/02/2019 15:00,129612.501,65%,,,,,,,,,,
20/02/2019 16:00,138951.052,69%,,,,,,,,,,
20/02/2019 17:00,141150.819,71%,,,,,,,,,,
20/02/2019 18:00,140068.677,70%,,,,,,,,,,
20/02/2019 19:00,134847.361,67%,,,,,,,,,,
20/02/2019 20:00,128326.317,64%,,,,,,,,,,
20/02/2019 21:00,128651.386,64%,,,,,,,,,,
20/02/2019 22:00,123570.826,62%,,,,,,,,,,
20/02/2019 23:00,118319.273,59%,,,,,,,,,,
21/02/2019 00:00,116799.025,58%,,,,,,,,,,
21/02/2019 01:00,120716.093,60%,,,,,,,,,,
21/02/2019 02:00,103482.112,52%,,,,,,,,,,
21/02/2019 03:00,116849.228,58%,,,,,,,,,,
21/02/2019 04:00,114752.537,57%,,,,,,,,,,
21/02/2019 05:00,105649.389,53%,,,,,,,,,,
21/02/2019 06:00,96843.003,48%,,,,,,,,,,
21/02/2019 07:00,96841.774,48%,,,,,,,,,,
21/02/2019 08:00,77130.718,39%,,,,,,,,,,
21/02/2019 09:00,73791.432,37%,,,,,,,,,,
21/02/2019 10:00,80832.712,40%,,,,,,,,,,
21/02/2019 11:00,81453.887,41%,,,,,,,,,,
21/02/2019 12:00,73002.488,37%,,,,,,,,,,
21/02/2019 13:00,66830.432,33%,,,,,,,,,,
21/02/2019 14:00,58717.438,29%,,,,,,,,,,
21/02/2019 15:00,45047.051,23%,,,,,,,,,,
21/02/2019 16:00,38339.738,19%,,,,,,,,,,
21/02/2019 17:00,43541.923,22%,,,,,,,,,,
21/02/2019 18:00,58383.198,29%,,,,,,,,,,
21/02/2019 19:00,80076.16,40%,,,,,,,,,,
21/02/2019 20:00,96291.841,48%,,,,,,,,,,
21/02/2019 21:00,103266.207,52%,,,,,,,,,,
21/02/2019 22:00,103324.004,52%,,,,,,,,,,
21/02/2019 23:00,98770.302,49%,,,,,,,,,,
22/02/2019 00:00,91732.618,46%,,,,,,,,,,
22/02/2019 01:00,85653.035,43%,,,,,,,,,,
22/02/2019 02:00,82599.916,41%,,,,,,,,,,
22/02/2019 03:00,86430.757,43%,,,,,,,,,,
22/02/2019 04:00,93379.372,47%,,,,,,,,,,
22/02/2019 05:00,96292.009,48%,,,,,,,,,,
22/02/2019 06:00,93804.957,47%,,,,,,,,,,
22/02/2019 07:00,90778.571,45%,,,,,,,,,,
22/02/2019 08:00,86334.829,43%,,,,,,,,,,
22/02/2019 09:00,73371.729,37%,,,,,,,,,,
22/02/2019 10:00,80230.528,40%,,,,,,,,,,
22/02/2019 11:00,86378.132,43%,,,,,,,,,,
22/02/2019 12:00,90476.98,45%,,,,,,,,,,
22/02/2019 13:00,96337.67,48%,,,,,,,,,,
22/02/2019 14:00,98601.975,49%,,,,,,,,,,
22/02/2019 15:00,98219.775,49%,,,,,,,,,,
22/02/2019 16:00,106355.483,53%,,,,,,,,,,
22/02/2019 17:00,118640.861,59%,,,,,,,,,,
22/02/2019 18:00,124737.412,62%,,,,,,,,,,
22/02/2019 19:00,126126.389,63%,,,,,,,,,,
22/02/2019 20:00,124590.453,62%,,,,,,,,,,
22/02/2019 21:00,120698.735,60%,,,,,,,,,,
22/02/2019 22:00,117120.815,59%,,,,,,,,,,
22/02/2019 23:00,114787.801,57%,,,,,,,,,,
23/02/2019 00:00,116072.165,58%,,,,,,,,,,
23/02/2019 01:00,119838.107,60%,,,,,,,,,,
23/02/2019 02:00,122630.873,61%,,,,,,,,,,
23/02/2019 03:00,123643.865,62%,,,,,,,,,,
23/02/2019 04:00,122572.182,61%,,,,,,,,,,
23/02/2019 05:00,122554.771,61%,,,,,,,,,,
23/02/2019 06:00,119638.192,60%,,,,,,,,,,
23/02/2019 07:00,121211.718,61%,,,,,,,,,,
23/02/2019 08:00,117122.261,59%,,,,,,,,,,
23/02/2019 09:00,118288.109,59%,,,,,,,,,,
23/02/2019 10:00,119884.635,60%,,,,,,,,,,
23/02/2019 11:00,117909.686,59%,,,,,,,,,,
23/02/2019 12:00,113158.523,57%,,,,,,,,,,
23/02/2019 13:00,101945.463,51%,,,,,,,,,,
23/02/2019 14:00,91478.663,46%,,,,,,,,,,
23/02/2019 15:00,82545.067,41%,,,,,,,,,,
23/02/2019 16:00,76971.499,38%,,,,,,,,,,
23/02/2019 17:00,76290.456,38%,,,,,,,,,,
23/02/2019 18:00,63097.185,32%,,,,,,,,,,
23/02/2019 19:00,47577.837,24%,,,,,,,,,,
23/02/2019 20:00,35367.777,18%,,,,,,,,,,
23/02/2019 21:00,27890.616,14%,,,,,,,,,,
23/02/2019 22:00,22620.698,11%,,,,,,,,,,
23/02/2019 23:00,14904.01,7%,,,,,,,,,,
24/02/2019 00:00,5230.794,3%,,,,,,,,,,
24/02/2019 01:00,752.323,0%,,,,,,,,,,
24/02/2019 02:00,1035.408,1%,,,,,,,,,,
24/02/2019 03:00,4393.817,2%,,,,,,,,,,
24/02/2019 04:00,13284.103,7%,,,,,,,,,,
24/02/2019 05:00,26591.05,13%,,,,,,,,,,
24/02/2019 06:00,39338.637,20%,,,,,,,,,,
24/02/2019 07:00,41290.783,21%,,,,,,,,,,
24/02/2019 08:00,38141.041,19%,,,,,,,,,,
24/02/2019 09:00,38813.638,19%,,,,,,,,,,
24/02/2019 10:00,45120.474,23%,,,,,,,,,,
24/02/2019 11:00,46797.82,23%,,,,,,,,,,
24/02/2019 12:00,53692.415,27%,,,,,,,,,,
24/02/2019 13:00,58702.382,29%,,,,,,,,,,
24/02/2019 14:00,59232.249,30%,,,,,,,,,,
24/02/2019 15:00,54068.448,27%,,,,,,,,,,
24/02/2019 16:00,54398.644,27%,,,,,,,,,,
24/02/2019 17:00,58273.478,29%,,,,,,,,,,
24/02/2019 18:00,60987.919,30%,,,,,,,,,,
24/02/2019 19:00,67353.503,34%,,,,,,,,,,
24/02/2019 20:00,75895.372,38%,,,,,,,,,,
24/02/2019 21:00,77682.203,39%,,,,,,,,,,
24/02/2019 22:00,72902.758,36%,,,,,,,,,,
24/02/2019 23:00,63974.509,32%,,,,,,,,,,
25/02/2019 00:00,53930.812,27%,,,,,,,,,,
25/02/2019 01:00,46936.802,23%,,,,,,,,,,
25/02/2019 02:00,45049.185,23%,,,,,,,,,,
25/02/2019 03:00,46815.588,23%,,,,,,,,,,
25/02/2019 04:00,49741.753,25%,,,,,,,,,,
25/02/2019 05:00,50630.628,25%,,,,,,,,,,
25/02/2019 06:00,50197.978,25%,,,,,,,,,,
25/02/2019 07:00,54267.66,27%,,,,,,,,,,
25/02/2019 08:00,49950.806,25%,,,,,,,,,,
25/02/2019 09:00,40171.817,20%,,,,,,,,,,
25/02/2019 10:00,36547.722,18%,,,,,,,,,,
25/02/2019 11:00,40071.254,20%,,,,,,,,,,
25/02/2019 12:00,49740.469,25%,,,,,,,,,,
25/02/2019 13:00,46773.187,23%,,,,,,,,,,
25/02/2019 14:00,41416.83,21%,,,,,,,,,,
25/02/2019 15:00,39687.977,20%,,,,,,,,,,
25/02/2019 16:00,52679.322,26%,,,,,,,,,,
25/02/2019 17:00,68125.083,34%,,,,,,,,,,
25/02/2019 18:00,78204.78,39%,,,,,,,,,,
25/02/2019 19:00,82477.521,41%,,,,,,,,,,
25/02/2019 20:00,82685.926,41%,,,,,,,,,,
25/02/2019 21:00,81126.081,41%,,,,,,,,,,
25/02/2019 22:00,77017.364,39%,,,,,,,,,,
25/02/2019 23:00,68817.922,34%,,,,,,,,,,
26/02/2019 00:00,57279.532,29%,,,,,,,,,,
26/02/2019 01:00,44384.196,22%,,,,,,,,,,
26/02/2019 02:00,31958.312,16%,,,,,,,,,,
26/02/2019 03:00,24126.71,12%,,,,,,,,,,
26/02/2019 04:00,20072.235,10%,,,,,,,,,,
26/02/2019 05:00,18097.199,9%,,,,,,,,,,
26/02/2019 06:00,18529.772,9%,,,,,,,,,,
26/02/2019 07:00,21001.463,11%,,,,,,,,,,
26/02/2019 08:00,24315.124,12%,,,,,,,,,,
26/02/2019 09:00,20275.565,10%,,,,,,,,,,
26/02/2019 10:00,14816.921,7%,,,,,,,,,,
26/02/2019 11:00,13588.81,7%,,,,,,,,,,
26/02/2019 12:00,18310.208,9%,,,,,,,,,,
26/02/2019 13:00,26170.546,13%,,,,,,,,,,
26/02/2019 14:00,30225.068,15%,,,,,,,,,,
26/02/2019 15:00,33989.532,17%,,,,,,,,,,
26/02/2019 16:00,46771.249,23%,,,,,,,,,,
26/02/2019 17:00,60989.478,30%,,,,,,,,,,
26/02/2019 18:00,69776.633,35%,,,,,,,,,,
26/02/2019 19:00,73156.934,37%,,,,,,,,,,
26/02/2019 20:00,73384.358,37%,,,,,,,,,,
26/02/2019 21:00,74578.388,37%,,,,,,,,,,
26/02/2019 22:00,75622.051,38%,,,,,,,,,,
26/02/2019 23:00,73993.074,37%,,,,,,,,,,
27/02/2019 00:00,71012.751,36%,,,,,,,,,,
27/02/2019 01:00,65291.271,33%,,,,,,,,,,
27/02/2019 02:00,57784.783,29%,,,,,,,,,,
27/02/2019 03:00,49736.203,25%,,,,,,,,,,
27/02/2019 04:00,40295.119,20%,,,,,,,,,,
27/02/2019 05:00,32432.186,16%,,,,,,,,,,
27/02/2019 06:00,27482.887,14%,,,,,,,,,,
27/02/2019 07:00,23760.906,12%,,,,,,,,,,
27/02/2019 08:00,19120.189,10%,,,,,,,,,,
27/02/2019 09:00,11557.973,6%,,,,,,,,,,
27/02/2019 10:00,7382.39,4%,,,,,,,,,,
27/02/2019 11:00,10050.198,5%,,,,,,,,,,
27/02/2019 12:00,12751.001,6%,,,,,,,,,,
27/02/2019 13:00,12803.925,6%,,,,,,,,,,
27/02/2019 14:00,10671.762,5%,,,,,,,,,,
27/02/2019 15:00,7712.844,4%,,,,,,,,,,
27/02/2019 16:00,4841.879,2%,,,,,,,,,,
27/02/2019 17:00,2013.874,1%,,,,,,,,,,
27/02/2019 18:00,451.439,0%,,,,,,,,,,
27/02/2019 19:00,467.791,0%,,,,,,,,,,
27/02/2019 20:00,920.482,0%,,,,,,,,,,
27/02/2019 21:00,1517.069,1%,,,,,,,,,,
27/02/2019 22:00,2570.66,1%,,,,,,,,,,
27/02/2019 23:00,5737.721,3%,,,,,,,,,,
28/02/2019 00:00,11485.446,6%,,,,,,,,,,
28/02/2019 01:00,19242.548,10%,,,,,,,,,,
28/02/2019 02:00,27371.892,14%,,,,,,,,,,
28/02/2019 03:00,32730.759,16%,,,,,,,,,,
28/02/2019 04:00,32854.979,16%,,,,,,,,,,
28/02/2019 05:00,27876.949,14%,,,,,,,,,,
28/02/2019 06:00,19573.006,10%,,,,,,,,,,
28/02/2019 07:00,10479.615,5%,,,,,,,,,,
28/02/2019 08:00,5805.587,3%,,,,,,,,,,
28/02/2019 09:00,4116.224,2%,,,,,,,,,,
28/02/2019 10:00,3455.938,2%,,,,,,,,,,
28/02/2019 11:00,4043.089,2%,,,,,,,,,,
28/02/2019 12:00,5992.268,3%,,,,,,,,,,
28/02/2019 13:00,8141.173,4%,,,,,,,,,,
28/02/2019 14:00,9100.461,5%,,,,,,,,,,
28/02/2019 15:00,8850.503,4%,,,,,,,,,,
28/02/2019 16:00,9632.003,5%,,,,,,,,,,
28/02/2019 17:00,11237.225,6%,,,,,,,,,,
28/02/2019 18:00,13243.079,7%,,,,,,,,,,
28/02/2019 19:00,16468.307,8%,,,,,,,,,,
28/02/2019 20:00,18147.611,9%,,,,,,,,,,
28/02/2019 21:00,18595.776,9%,,,,,,,,,,
28/02/2019 22:00,16887.266,8%,,,,,,,,,,
28/02/2019 23:00,15801.381,8%,,,,,,,,,,
01/03/2019 00:00,17262.03,9%,,,,,,,,,,
01/03/2019 01:00,21054.968,11%,,,,,,,,,,
01/03/2019 02:00,24197.058,12%,,,,,,,,,,
01/03/2019 03:00,26560.017,13%,,,,,,,,,,
01/03/2019 04:00,28343.858,14%,,,,,,,,,,
01/03/2019 05:00,23540.567,12%,,,,,,,,,,
01/03/2019 06:00,14748.935,7%,,,,,,,,,,
01/03/2019 07:00,14281.807,7%,,,,,,,,,,
01/03/2019 08:00,19636.375,10%,,,,,,,,,,
01/03/2019 09:00,18889.915,9%,,,,,,,,,,
01/03/2019 10:00,17388.739,9%,,,,,,,,,,
01/03/2019 11:00,14779.608,7%,,,,,,,,,,
01/03/2019 12:00,15365.485,8%,,,,,,,,,,
01/03/2019 13:00,18737.426,9%,,,,,,,,,,
01/03/2019 14:00,21589.071,11%,,,,,,,,,,
01/03/2019 15:00,27131.672,14%,,,,,,,,,,
01/03/2019 16:00,40165.858,20%,,,,,,,,,,
01/03/2019 17:00,59924.423,30%,,,,,,,,,,
01/03/2019 18:00,73800.234,37%,,,,,,,,,,
01/03/2019 19:00,85008.527,43%,,,,,,,,,,
01/03/2019 20:00,85007.606,43%,,,,,,,,,,
01/03/2019 21:00,75943.039,38%,,,,,,,,,,
01/03/2019 22:00,69469.796,35%,,,,,,,,,,
01/03/2019 23:00,65546.111,33%,,,,,,,,,,
02/03/2019 00:00,65029.926,33%,,,,,,,,,,
02/03/2019 01:00,69428.737,35%,,,,,,,,,,
02/03/2019 02:00,71002.567,36%,,,,,,,,,,
02/03/2019 03:00,69788.858,35%,,,,,,,,,,
02/03/2019 04:00,80098.43,40%,,,,,,,,,,
02/03/2019 05:00,74719.732,37%,,,,,,,,,,
02/03/2019 06:00,64015.089,32%,,,,,,,,,,
02/03/2019 07:00,59362.449,30%,,,,,,,,,,
02/03/2019 08:00,62269.683,31%,,,,,,,,,,
02/03/2019 09:00,73508.539,37%,,,,,,,,,,
02/03/2019 10:00,83440.266,42%,,,,,,,,,,
02/03/2019 11:00,105777.153,53%,,,,,,,,,,
02/03/2019 12:00,134740.96,67%,,,,,,,,,,
02/03/2019 13:00,156436.602,78%,,,,,,,,,,
02/03/2019 14:00,174668.206,87%,,,,,,,,,,
02/03/2019 15:00,184310.46,92%,,,,,,,,,,
02/03/2019 16:00,188929.717,94%,,,,,,,,,,
02/03/2019 17:00,189220.244,95%,,,,,,,,,,
02/03/2019 18:00,184421.051,92%,,,,,,,,,,
02/03/2019 19:00,179394.29,90%,,,,,,,,,,
02/03/2019 20:00,174003.83,87%,,,,,,,,,,
02/03/2019 21:00,167777.142,84%,,,,,,,,,,
02/03/2019 22:00,170633.992,85%,,,,,,,,,,
02/03/2019 23:00,174474.046,87%,,,,,,,,,,
03/03/2019 00:00,174480.951,87%,,,,,,,,,,
03/03/2019 01:00,171519.944,86%,,,,,,,,,,
03/03/2019 02:00,166417.387,83%,,,,,,,,,,
03/03/2019 03:00,158211.072,79%,,,,,,,,,,
03/03/2019 04:00,150131.865,75%,,,,,,,,,,
03/03/2019 05:00,138499.672,69%,,,,,,,,,,
03/03/2019 06:00,122486.344,61%,,,,,,,,,,
03/03/2019 07:00,102610.597,51%,,,,,,,,,,
03/03/2019 08:00,74058.774,37%,,,,,,,,,,
03/03/2019 09:00,50393.253,25%,,,,,,,,,,
03/03/2019 10:00,40324.803,20%,,,,,,,,,,
03/03/2019 11:00,24027.723,12%,,,,,,,,,,
03/03/2019 12:00,16727.168,8%,,,,,,,,,,
03/03/2019 13:00,28167.427,14%,,,,,,,,,,
03/03/2019 14:00,46941.637,23%,,,,,,,,,,
03/03/2019 15:00,66827.991,33%,,,,,,,,,,
03/03/2019 16:00,97668.145,49%,,,,,,,,,,
03/03/2019 17:00,116496.067,58%,,,,,,,,,,
03/03/2019 18:00,150065.247,75%,,,,,,,,,,
03/03/2019 19:00,186779.669,93%,,,,,,,,,,
03/03/2019 20:00,179951.841,90%,,,,,,,,,,
03/03/2019 21:00,149559.129,75%,,,,,,,,,,
03/03/2019 22:00,174270.777,87%,,,,,,,,,,
03/03/2019 23:00,180478.581,90%,,,,,,,,,,
04/03/2019 00:00,172240.891,86%,,,,,,,,,,
04/03/2019 01:00,176813.714,88%,,,,,,,,,,
04/03/2019 02:00,178910.753,89%,,,,,,,,,,
04/03/2019 03:00,174006.499,87%,,,,,,,,,,
04/03/2019 04:00,168461.582,84%,,,,,,,,,,
04/03/2019 05:00,164863.41,82%,,,,,,,,,,
04/03/2019 06:00,161199.294,81%,,,,,,,,,,
04/03/2019 07:00,148003.979,74%,,,,,,,,,,
04/03/2019 08:00,138952.224,69%,,,,,,,,,,
04/03/2019 09:00,141481.37,71%,,,,,,,,,,
04/03/2019 10:00,125302.477,63%,,,,,,,,,,
04/03/2019 11:00,105553.522,53%,,,,,,,,,,
04/03/2019 12:00,107514.723,54%,,,,,,,,,,
04/03/2019 13:00,124083.129,62%,,,,,,,,,,
04/03/2019 14:00,139740.054,70%,,,,,,,,,,
04/03/2019 15:00,150951.835,75%,,,,,,,,,,
04/03/2019 16:00,150026.537,75%,,,,,,,,,,
04/03/2019 17:00,145531.969,73%,,,,,,,,,,
04/03/2019 18:00,137308.024,69%,,,,,,,,,,
04/03/2019 19:00,118358.247,59%,,,,,,,,,,
04/03/2019 20:00,92498.258,46%,,,,,,,,,,
04/03/2019 21:00,89625.884,45%,,,,,,,,,,
04/03/2019 22:00,96292.023,48%,,,,,,,,,,
04/03/2019 23:00,102300.465,51%,,,,,,,,,,
05/03/2019 00:00,103137.575,52%,,,,,,,,,,
05/03/2019 01:00,101235.732,51%,,,,,,,,,,
05/03/2019 02:00,97668.503,49%,,,,,,,,,,
05/03/2019 03:00,91884.018,46%,,,,,,,,,,
05/03/2019 04:00,93257.982,47%,,,,,,,,,,
05/03/2019 05:00,104319.249,52%,,,,,,,,,,
05/03/2019 06:00,118610.837,59%,,,,,,,,,,
05/03/2019 07:00,130410.101,65%,,,,,,,,,,
05/03/2019 08:00,134808.142,67%,,,,,,,,,,
05/03/2019 09:00,149023.721,75%,,,,,,,,,,
05/03/2019 10:00,160046.933,80%,,,,,,,,,,
05/03/2019 11:00,165454.227,83%,,,,,,,,,,
05/03/2019 12:00,161530.209,81%,,,,,,,,,,
05/03/2019 13:00,155739.891,78%,,,,,,,,,,
05/03/2019 14:00,146179.778,73%,,,,,,,,,,
05/03/2019 15:00,127687.014,64%,,,,,,,,,,
05/03/2019 16:00,108536.168,54%,,,,,,,,,,
05/03/2019 17:00,95507.862,48%,,,,,,,,,,
05/03/2019 18:00,83284.473,42%,,,,,,,,,,
05/03/2019 19:00,76491.305,38%,,,,,,,,,,
05/03/2019 20:00,80107.34,40%,,,,,,,,,,
05/03/2019 21:00,82893,41%,,,,,,,,,,
05/03/2019 22:00,93788.9,47%,,,,,,,,,,
05/03/2019 23:00,116857.335,58%,,,,,,,,,,
06/03/2019 00:00,134932.14,67%,,,,,,,,,,
06/03/2019 01:00,145751.815,73%,,,,,,,,,,
06/03/2019 02:00,152691.648,76%,,,,,,,,,,
06/03/2019 03:00,155497.767,78%,,,,,,,,,,
06/03/2019 04:00,155144.498,78%,,,,,,,,,,
06/03/2019 05:00,143590.009,72%,,,,,,,,,,
06/03/2019 06:00,124975.447,62%,,,,,,,,,,
06/03/2019 07:00,125415.733,63%,,,,,,,,,,
06/03/2019 08:00,105068.893,53%,,,,,,,,,,
06/03/2019 09:00,99135.097,50%,,,,,,,,,,
06/03/2019 10:00,114227.49,57%,,,,,,,,,,
06/03/2019 11:00,120110.159,60%,,,,,,,,,,
06/03/2019 12:00,118725.957,59%,,,,,,,,,,
06/03/2019 13:00,103158.936,52%,,,,,,,,,,
06/03/2019 14:00,100811.232,50%,,,,,,,,,,
06/03/2019 15:00,108471.232,54%,,,,,,,,,,
06/03/2019 16:00,100554.106,50%,,,,,,,,,,
06/03/2019 17:00,88249.769,44%,,,,,,,,,,
06/03/2019 18:00,95189.025,48%,,,,,,,,,,
06/03/2019 19:00,106429.998,53%,,,,,,,,,,
06/03/2019 20:00,110334.909,55%,,,,,,,,,,
06/03/2019 21:00,120245.063,60%,,,,,,,,,,
06/03/2019 22:00,127779.262,64%,,,,,,,,,,
06/03/2019 23:00,138819.758,69%,,,,,,,,,,
07/03/2019 00:00,151730.767,76%,,,,,,,,,,
07/03/2019 01:00,159922.59,80%,,,,,,,,,,
07/03/2019 02:00,164198.034,82%,,,,,,,,,,
07/03/2019 03:00,168055.302,84%,,,,,,,,,,
07/03/2019 04:00,172849.629,86%,,,,,,,,,,
07/03/2019 05:00,176781.195,88%,,,,,,,,,,
07/03/2019 06:00,178397.049,89%,,,,,,,,,,
07/03/2019 07:00,176062.593,88%,,,,,,,,,,
07/03/2019 08:00,168675.224,84%,,,,,,,,,,
07/03/2019 09:00,158296.118,79%,,,,,,,,,,
07/03/2019 10:00,147300.048,74%,,,,,,,,,,
07/03/2019 11:00,148752.52,74%,,,,,,,,,,
07/03/2019 12:00,160450.651,80%,,,,,,,,,,
07/03/2019 13:00,166729.507,83%,,,,,,,,,,
07/03/2019 14:00,170714.26,85%,,,,,,,,,,
07/03/2019 15:00,167079.775,84%,,,,,,,,,,
07/03/2019 16:00,165745.497,83%,,,,,,,,,,
07/03/2019 17:00,165035.776,83%,,,,,,,,,,
07/03/2019 18:00,160213.978,80%,,,,,,,,,,
07/03/2019 19:00,149971.945,75%,,,,,,,,,,
07/03/2019 20:00,135227.279,68%,,,,,,,,,,
07/03/2019 21:00,120539.1,60%,,,,,,,,,,
07/03/2019 22:00,104523.52,52%,,,,,,,,,,
07/03/2019 23:00,90346.051,45%,,,,,,,,,,
08/03/2019 00:00,78203.4,39%,,,,,,,,,,
08/03/2019 01:00,61444.752,31%,,,,,,,,,,
08/03/2019 02:00,41251.565,21%,,,,,,,,,,
08/03/2019 03:00,27113.48,14%,,,,,,,,,,
08/03/2019 04:00,31742.66,16%,,,,,,,,,,
08/03/2019 05:00,42454.435,21%,,,,,,,,,,
08/03/2019 06:00,49789.892,25%,,,,,,,,,,
08/03/2019 07:00,55525.927,28%,,,,,,,,,,
08/03/2019 08:00,53440.453,27%,,,,,,,,,,
08/03/2019 09:00,66339.839,33%,,,,,,,,,,
08/03/2019 10:00,76675.079,38%,,,,,,,,,,
08/03/2019 11:00,92024.509,46%,,,,,,,,,,
08/03/2019 12:00,108867.2,54%,,,,,,,,,,
08/03/2019 13:00,121476.2,61%,,,,,,,,,,
08/03/2019 14:00,125854.912,63%,,,,,,,,,,
08/03/2019 15:00,134911.297,67%,,,,,,,,,,
08/03/2019 16:00,154013.46,77%,,,,,,,,,,
08/03/2019 17:00,155791.535,78%,,,,,,,,,,
08/03/2019 18:00,149968.303,75%,,,,,,,,,,
08/03/2019 19:00,165579.197,83%,,,,,,,,,,
08/03/2019 20:00,186012.203,93%,,,,,,,,,,
08/03/2019 21:00,180284.662,90%,,,,,,,,,,
08/03/2019 22:00,175352.073,88%,,,,,,,,,,
08/03/2019 23:00,174235.414,87%,,,,,,,,,,
09/03/2019 00:00,170900.967,85%,,,,,,,,,,
09/03/2019 01:00,169704.098,85%,,,,,,,,,,
09/03/2019 02:00,169706.828,85%,,,,,,,,,,
09/03/2019 03:00,165709.789,83%,,,,,,,,,,
09/03/2019 04:00,157701.403,79%,,,,,,,,,,
09/03/2019 05:00,144845.503,72%,,,,,,,,,,
09/03/2019 06:00,119240.225,60%,,,,,,,,,,
09/03/2019 07:00,113167.213,57%,,,,,,,,,,
09/03/2019 08:00,158155.267,79%,,,,,,,,,,
09/03/2019 09:00,174282.46,87%,,,,,,,,,,
09/03/2019 10:00,178913.807,89%,,,,,,,,,,
09/03/2019 11:00,182190.726,91%,,,,,,,,,,
09/03/2019 12:00,184245.584,92%,,,,,,,,,,
09/03/2019 13:00,185161.681,93%,,,,,,,,,,
09/03/2019 14:00,184046.506,92%,,,,,,,,,,
09/03/2019 15:00,173458.714,87%,,,,,,,,,,
09/03/2019 16:00,147007.893,74%,,,,,,,,,,
09/03/2019 17:00,132685.274,66%,,,,,,,,,,
09/03/2019 18:00,107805.956,54%,,,,,,,,,,
09/03/2019 19:00,81461.183,41%,,,,,,,,,,
09/03/2019 20:00,55598.619,28%,,,,,,,,,,
09/03/2019 21:00,46698.155,23%,,,,,,,,,,
09/03/2019 22:00,44462.165,22%,,,,,,,,,,
09/03/2019 23:00,36497.959,18%,,,,,,,,,,
10/03/2019 00:00,22089.366,11%,,,,,,,,,,
10/03/2019 01:00,23372.284,12%,,,,,,,,,,
10/03/2019 02:00,27859.464,14%,,,,,,,,,,
10/03/2019 03:00,29066.394,15%,,,,,,,,,,
10/03/2019 04:00,29215.568,15%,,,,,,,,,,
10/03/2019 05:00,20062.812,10%,,,,,,,,,,
10/03/2019 06:00,9995.726,5%,,,,,,,,,,
10/03/2019 07:00,8964.431,4%,,,,,,,,,,
10/03/2019 08:00,44048.47,22%,,,,,,,,,,
10/03/2019 09:00,122122.2,61%,,,,,,,,,,
10/03/2019 10:00,182112.712,91%,,,,,,,,,,
10/03/2019 11:00,194852.652,97%,,,,,,,,,,
10/03/2019 12:00,196873.611,98%,,,,,,,,,,
10/03/2019 13:00,196432.217,98%,,,,,,,,,,
10/03/2019 14:00,195397.995,98%,,,,,,,,,,
10/03/2019 15:00,191870.097,96%,,,,,,,,,,
10/03/2019 16:00,184388.834,92%,,,,,,,,,,
10/03/2019 17:00,177132.457,89%,,,,,,,,,,
10/03/2019 18:00,177271.047,89%,,,,,,,,,,
10/03/2019 19:00,182063.062,91%,,,,,,,,,,
10/03/2019 20:00,185283.5,93%,,,,,,,,,,
10/03/2019 21:00,186068.442,93%,,,,,,,,,,
10/03/2019 22:00,187135.348,94%,,,,,,,,,,
10/03/2019 23:00,187921.884,94%,,,,,,,,,,
11/03/2019 00:00,186598.274,93%,,,,,,,,,,
11/03/2019 01:00,185294.568,93%,,,,,,,,,,
11/03/2019 02:00,183694.207,92%,,,,,,,,,,
11/03/2019 03:00,179870.698,90%,,,,,,,,,,
11/03/2019 04:00,176727.925,88%,,,,,,,,,,
11/03/2019 05:00,173707.23,87%,,,,,,,,,,
11/03/2019 06:00,169794.25,85%,,,,,,,,,,
11/03/2019 07:00,160319.569,80%,,,,,,,,,,
11/03/2019 08:00,147101.652,74%,,,,,,,,,,
11/03/2019 09:00,146366.866,73%,,,,,,,,,,
11/03/2019 10:00,142054.322,71%,,,,,,,,,,
11/03/2019 11:00,131299.266,66%,,,,,,,,,,
11/03/2019 12:00,117906.539,59%,,,,,,,,,,
11/03/2019 13:00,102063.707,51%,,,,,,,,,,
11/03/2019 14:00,88848.491,44%,,,,,,,,,,
11/03/2019 15:00,83909.853,42%,,,,,,,,,,
11/03/2019 16:00,83280.701,42%,,,,,,,,,,
11/03/2019 17:00,96727.036,48%,,,,,,,,,,
11/03/2019 18:00,123749.567,62%,,,,,,,,,,
11/03/2019 19:00,143048.953,72%,,,,,,,,,,
11/03/2019 20:00,154668.837,77%,,,,,,,,,,
11/03/2019 21:00,166963.756,83%,,,,,,,,,,
11/03/2019 22:00,184042.094,92%,,,,,,,,,,
11/03/2019 23:00,191655.566,96%,,,,,,,,,,
12/03/2019 00:00,192293.382,96%,,,,,,,,,,
12/03/2019 01:00,191744.436,96%,,,,,,,,,,
12/03/2019 02:00,190989.61,95%,,,,,,,,,,
12/03/2019 03:00,185806.167,93%,,,,,,,,,,
12/03/2019 04:00,169131.971,85%,,,,,,,,,,
12/03/2019 05:00,145970.573,73%,,,,,,,,,,
12/03/2019 06:00,118016.667,59%,,,,,,,,,,
12/03/2019 07:00,89876.339,45%,,,,,,,,,,
12/03/2019 08:00,82000.564,41%,,,,,,,,,,
12/03/2019 09:00,90710.861,45%,,,,,,,,,,
12/03/2019 10:00,95652.622,48%,,,,,,,,,,
12/03/2019 11:00,102611.44,51%,,,,,,,,,,
12/03/2019 12:00,109854.242,55%,,,,,,,,,,
12/03/2019 13:00,128193.093,64%,,,,,,,,,,
12/03/2019 14:00,149169.881,75%,,,,,,,,,,
12/03/2019 15:00,165174.561,83%,,,,,,,,,,
12/03/2019 16:00,179878.259,90%,,,,,,,,,,
12/03/2019 17:00,187953.859,94%,,,,,,,,,,
12/03/2019 18:00,192719.771,96%,,,,,,,,,,
12/03/2019 19:00,196184.468,98%,,,,,,,,,,
12/03/2019 20:00,197263.417,99%,,,,,,,,,,
12/03/2019 21:00,197720.873,99%,,,,,,,,,,
12/03/2019 22:00,198152.936,99%,,,,,,,,,,
12/03/2019 23:00,198249.455,99%,,,,,,,,,,
13/03/2019 00:00,198224.081,99%,,,,,,,,,,
13/03/2019 01:00,198101.114,99%,,,,,,,,,,
13/03/2019 02:00,197964.478,99%,,,,,,,,,,
13/03/2019 03:00,197981.695,99%,,,,,,,,,,
13/03/2019 04:00,197881.795,99%,,,,,,,,,,
13/03/2019 05:00,197854.205,99%,,,,,,,,,,
13/03/2019 06:00,197891.435,99%,,,,,,,,,,
13/03/2019 07:00,197761.409,99%,,,,,,,,,,
13/03/2019 08:00,197624.482,99%,,,,,,,,,,
13/03/2019 09:00,197403.175,99%,,,,,,,,,,
13/03/2019 10:00,196783.683,98%,,,,,,,,,,
13/03/2019 11:00,196393.907,98%,,,,,,,,,,
13/03/2019 12:00,195815.744,98%,,,,,,,,,,
13/03/2019 13:00,194698.549,97%,,,,,,,,,,
13/03/2019 14:00,190496.551,95%,,,,,,,,,,
13/03/2019 15:00,185286.517,93%,,,,,,,,,,
13/03/2019 16:00,177057.74,89%,,,,,,,,,,
13/03/2019 17:00,170017.751,85%,,,,,,,,,,
13/03/2019 18:00,161851.554,81%,,,,,,,,,,
13/03/2019 19:00,156539.803,78%,,,,,,,,,,
13/03/2019 20:00,154011.518,77%,,,,,,,,,,
13/03/2019 21:00,155837.776,78%,,,,,,,,,,
13/03/2019 22:00,162338.219,81%,,,,,,,,,,
13/03/2019 23:00,168935.384,84%,,,,,,,,,,
14/03/2019 00:00,174775.187,87%,,,,,,,,,,
14/03/2019 01:00,178922.563,89%,,,,,,,,,,
14/03/2019 02:00,183891.683,92%,,,,,,,,,,
14/03/2019 03:00,187752.581,94%,,,,,,,,,,
14/03/2019 04:00,191742.165,96%,,,,,,,,,,
14/03/2019 05:00,194420.621,97%,,,,,,,,,,
14/03/2019 06:00,195558.382,98%,,,,,,,,,,
14/03/2019 07:00,195105.416,98%,,,,,,,,,,
14/03/2019 08:00,194262.326,97%,,,,,,,,,,
14/03/2019 09:00,192958.494,96%,,,,,,,,,,
14/03/2019 10:00,190403.764,95%,,,,,,,,,,
14/03/2019 11:00,189841.681,95%,,,,,,,,,,
14/03/2019 12:00,189135.992,95%,,,,,,,,,,
14/03/2019 13:00,186405.086,93%,,,,,,,,,,
14/03/2019 14:00,181936.383,91%,,,,,,,,,,
14/03/2019 15:00,174999.615,87%,,,,,,,,,,
14/03/2019 16:00,160620.562,80%,,,,,,,,,,
14/03/2019 17:00,145080.049,73%,,,,,,,,,,
14/03/2019 18:00,136439.131,68%,,,,,,,,,,
14/03/2019 19:00,126599.606,63%,,,,,,,,,,
14/03/2019 20:00,115194.244,58%,,,,,,,,,,
14/03/2019 21:00,94270.821,47%,,,,,,,,,,
14/03/2019 22:00,66321.891,33%,,,,,,,,,,
14/03/2019 23:00,56345.062,28%,,,,,,,,,,
15/03/2019 00:00,75486.915,38%,,,,,,,,,,
15/03/2019 01:00,142531.556,71%,,,,,,,,,,
15/03/2019 02:00,187331.016,94%,,,,,,,,,,
15/03/2019 03:00,190900.555,95%,,,,,,,,,,
15/03/2019 04:00,190478.235,95%,,,,,,,,,,
15/03/2019 05:00,189450.237,95%,,,,,,,,,,
15/03/2019 06:00,188114.531,94%,,,,,,,,,,
15/03/2019 07:00,185393.113,93%,,,,,,,,,,
15/03/2019 08:00,186222.007,93%,,,,,,,,,,
15/03/2019 09:00,187792.335,94%,,,,,,,,,,
15/03/2019 10:00,188560.658,94%,,,,,,,,,,
15/03/2019 11:00,187573.468,94%,,,,,,,,,,
15/03/2019 12:00,185806.087,93%,,,,,,,,,,
15/03/2019 13:00,183011.728,92%,,,,,,,,,,
15/03/2019 14:00,178293.619,89%,,,,,,,,,,
15/03/2019 15:00,165090.24,83%,,,,,,,,,,
15/03/2019 16:00,149175.521,75%,,,,,,,,,,
15/03/2019 17:00,129288.473,65%,,,,,,,,,,
15/03/2019 18:00,110483.566,55%,,,,,,,,,,
15/03/2019 19:00,88853.176,44%,,,,,,,,,,
15/03/2019 20:00,80009.343,40%,,,,,,,,,,
15/03/2019 21:00,68651.727,34%,,,,,,,,,,
15/03/2019 22:00,58761.611,29%,,,,,,,,,,
15/03/2019 23:00,39579.434,20%,,,,,,,,,,
16/03/2019 00:00,26585.246,13%,,,,,,,,,,
16/03/2019 01:00,28337.836,14%,,,,,,,,,,
16/03/2019 02:00,49617.798,25%,,,,,,,,,,
16/03/2019 03:00,66834.904,33%,,,,,,,,,,
16/03/2019 04:00,104460.959,52%,,,,,,,,,,
16/03/2019 05:00,141327.156,71%,,,,,,,,,,
16/03/2019 06:00,158155.904,79%,,,,,,,,,,
16/03/2019 07:00,163873.826,82%,,,,,,,,,,
16/03/2019 08:00,183337.903,92%,,,,,,,,,,
16/03/2019 09:00,188242.405,94%,,,,,,,,,,
16/03/2019 10:00,185807.51,93%,,,,,,,,,,
16/03/2019 11:00,186039.943,93%,,,,,,,,,,
16/03/2019 12:00,191550.062,96%,,,,,,,,,,
16/03/2019 13:00,193376.118,97%,,,,,,,,,,
16/03/2019 14:00,191400.779,96%,,,,,,,,,,
16/03/2019 15:00,184951.702,92%,,,,,,,,,,
16/03/2019 16:00,171014.321,86%,,,,,,,,,,
16/03/2019 17:00,151570.204,76%,,,,,,,,,,
16/03/2019 18:00,133159.418,67%,,,,,,,,,,
16/03/2019 19:00,120736.893,60%,,,,,,,,,,
16/03/2019 20:00,127654.74,64%,,,,,,,,,,
16/03/2019 21:00,131306.723,66%,,,,,,,,,,
16/03/2019 22:00,133541.202,67%,,,,,,,,,,
16/03/2019 23:00,132385.567,66%,,,,,,,,,,
17/03/2019 00:00,124512.724,62%,,,,,,,,,,
17/03/2019 01:00,119871.995,60%,,,,,,,,,,
17/03/2019 02:00,118312.06,59%,,,,,,,,,,
17/03/2019 03:00,123504.163,62%,,,,,,,,,,
17/03/2019 04:00,129361.407,65%,,,,,,,,,,
17/03/2019 05:00,130318.211,65%,,,,,,,,,,
17/03/2019 06:00,128324.754,64%,,,,,,,,,,
17/03/2019 07:00,127360.006,64%,,,,,,,,,,
17/03/2019 08:00,138500.121,69%,,,,,,,,,,
17/03/2019 09:00,148441.297,74%,,,,,,,,,,
17/03/2019 10:00,149967.036,75%,,,,,,,,,,
17/03/2019 11:00,152014.738,76%,,,,,,,,,,
17/03/2019 12:00,154373.093,77%,,,,,,,,,,
17/03/2019 13:00,154606.677,77%,,,,,,,,,,
17/03/2019 14:00,147756.058,74%,,,,,,,,,,
17/03/2019 15:00,139395.921,70%,,,,,,,,,,
17/03/2019 16:00,132205.663,66%,,,,,,,,,,
17/03/2019 17:00,143996.455,72%,,,,,,,,,,
17/03/2019 18:00,151705.455,76%,,,,,,,,,,
17/03/2019 19:00,145671.112,73%,,,,,,,,,,
17/03/2019 20:00,137506.543,69%,,,,,,,,,,
17/03/2019 21:00,126589.048,63%,,,,,,,,,,
17/03/2019 22:00,121073.132,61%,,,,,,,,,,
17/03/2019 23:00,115543.414,58%,,,,,,,,,,
18/03/2019 00:00,106972.552,53%,,,,,,,,,,
18/03/2019 01:00,96443.462,48%,,,,,,,,,,
18/03/2019 02:00,86503.638,43%,,,,,,,,,,
18/03/2019 03:00,78206.981,39%,,,,,,,,,,
18/03/2019 04:00,75064.367,38%,,,,,,,,,,
18/03/2019 05:00,77130.337,39%,,,,,,,,,,
18/03/2019 06:00,74718.628,37%,,,,,,,,,,
18/03/2019 07:00,63922.994,32%,,,,,,,,,,
18/03/2019 08:00,58270.199,29%,,,,,,,,,,
18/03/2019 09:00,60643.409,30%,,,,,,,,,,
18/03/2019 10:00,53921.841,27%,,,,,,,,,,
18/03/2019 11:00,46939.728,23%,,,,,,,,,,
18/03/2019 12:00,41036.707,21%,,,,,,,,,,
18/03/2019 13:00,36131.354,18%,,,,,,,,,,
18/03/2019 14:00,33470.988,17%,,,,,,,,,,
18/03/2019 15:00,29384.214,15%,,,,,,,,,,
18/03/2019 16:00,23799.97,12%,,,,,,,,,,
18/03/2019 17:00,26567.527,13%,,,,,,,,,,
18/03/2019 18:00,29401.687,15%,,,,,,,,,,
18/03/2019 19:00,30782.243,15%,,,,,,,,,,
18/03/2019 20:00,30914.578,15%,,,,,,,,,,
18/03/2019 21:00,30020.738,15%,,,,,,,,,,
18/03/2019 22:00,29169.833,15%,,,,,,,,,,
18/03/2019 23:00,29500.939,15%,,,,,,,,,,
19/03/2019 00:00,30336.87,15%,,,,,,,,,,
19/03/2019 01:00,27657.814,14%,,,,,,,,,,
19/03/2019 02:00,22304.799,11%,,,,,,,,,,
19/03/2019 03:00,17379.072,9%,,,,,,,,,,
19/03/2019 04:00,17793.222,9%,,,,,,,,,,
19/03/2019 05:00,22577.241,11%,,,,,,,,,,
19/03/2019 06:00,28013.907,14%,,,,,,,,,,
19/03/2019 07:00,30641.908,15%,,,,,,,,,,
19/03/2019 08:00,30920.12,15%,,,,,,,,,,
19/03/2019 09:00,35218.107,18%,,,,,,,,,,
19/03/2019 10:00,42031.818,21%,,,,,,,,,,
19/03/2019 11:00,50383.172,25%,,,,,,,,,,
19/03/2019 12:00,61329.87,31%,,,,,,,,,,
19/03/2019 13:00,66835.242,33%,,,,,,,,,,
19/03/2019 14:00,64940.148,32%,,,,,,,,,,
19/03/2019 15:00,59121.254,30%,,,,,,,,,,
19/03/2019 16:00,56026.192,28%,,,,,,,,,,
19/03/2019 17:00,56564.522,28%,,,,,,,,,,
19/03/2019 18:00,62805.973,31%,,,,,,,,,,
19/03/2019 19:00,67169.356,34%,,,,,,,,,,
19/03/2019 20:00,65541.287,33%,,,,,,,,,,
19/03/2019 21:00,63501.15,32%,,,,,,,,,,
19/03/2019 22:00,62376.242,31%,,,,,,,,,,
19/03/2019 23:00,61685.801,31%,,,,,,,,,,
20/03/2019 00:00,58267.545,29%,,,,,,,,,,
20/03/2019 01:00,53770.887,27%,,,,,,,,,,
20/03/2019 02:00,52140.938,26%,,,,,,,,,,
20/03/2019 03:00,49829.08,25%,,,,,,,,,,
20/03/2019 04:00,47122.268,24%,,,,,,,,,,
20/03/2019 05:00,44896.676,22%,,,,,,,,,,
20/03/2019 06:00,41079,21%,,,,,,,,,,
20/03/2019 07:00,34232.824,17%,,,,,,,,,,
20/03/2019 08:00,27313.563,14%,,,,,,,,,,
20/03/2019 09:00,33062.97,17%,,,,,,,,,,
20/03/2019 10:00,37611.996,19%,,,,,,,,,,
20/03/2019 11:00,40669.632,20%,,,,,,,,,,
20/03/2019 12:00,45043.284,23%,,,,,,,,,,
20/03/2019 13:00,51028.55,26%,,,,,,,,,,
20/03/2019 14:00,57405.361,29%,,,,,,,,,,
20/03/2019 15:00,61026.698,31%,,,,,,,,,,
20/03/2019 16:00,60000.437,30%,,,,,,,,,,
20/03/2019 17:00,68240.181,34%,,,,,,,,,,
20/03/2019 18:00,83828.276,42%,,,,,,,,,,
20/03/2019 19:00,86058.67,43%,,,,,,,,,,
20/03/2019 20:00,82193.782,41%,,,,,,,,,,
20/03/2019 21:00,80440.648,40%,,,,,,,,,,
20/03/2019 22:00,85672.87,43%,,,,,,,,,,
20/03/2019 23:00,84748.379,42%,,,,,,,,,,
21/03/2019 00:00,83945.059,42%,,,,,,,,,,
21/03/2019 01:00,79911.584,40%,,,,,,,,,,
21/03/2019 02:00,71331.581,36%,,,,,,,,,,
21/03/2019 03:00,63551.585,32%,,,,,,,,,,
21/03/2019 04:00,61851.74,31%,,,,,,,,,,
21/03/2019 05:00,61775.954,31%,,,,,,,,,,
21/03/2019 06:00,59338.438,30%,,,,,,,,,,
21/03/2019 07:00,45048.732,23%,,,,,,,,,,
21/03/2019 08:00,36679.135,18%,,,,,,,,,,
21/03/2019 09:00,35500.532,18%,,,,,,,,,,
21/03/2019 10:00,32814.71,16%,,,,,,,,,,
21/03/2019 11:00,27206.326,14%,,,,,,,,,,
21/03/2019 12:00,22472.077,11%,,,,,,,,,,
21/03/2019 13:00,18100.139,9%,,,,,,,,,,
21/03/2019 14:00,13782.102,7%,,,,,,,,,,
21/03/2019 15:00,9115.041,5%,,,,,,,,,,
21/03/2019 16:00,5448.128,3%,,,,,,,,,,
21/03/2019 17:00,2857.882,1%,,,,,,,,,,
21/03/2019 18:00,3799.898,2%,,,,,,,,,,
21/03/2019 19:00,10427.088,5%,,,,,,,,,,
21/03/2019 20:00,22469.407,11%,,,,,,,,,,
21/03/2019 21:00,33812.757,17%,,,,,,,,,,
21/03/2019 22:00,42322.216,21%,,,,,,,,,,
21/03/2019 23:00,56922.625,28%,,,,,,,,,,
22/03/2019 00:00,73943.342,37%,,,,,,,,,,
22/03/2019 01:00,76549.379,38%,,,,,,,,,,
22/03/2019 02:00,72082.656,36%,,,,,,,,,,
22/03/2019 03:00,69509.09,35%,,,,,,,,,,
22/03/2019 04:00,71002.529,36%,,,,,,,,,,
22/03/2019 05:00,81999.682,41%,,,,,,,,,,
22/03/2019 06:00,88397.322,44%,,,,,,,,,,
22/03/2019 07:00,95188.019,48%,,,,,,,,,,
22/03/2019 08:00,112309.223,56%,,,,,,,,,,
22/03/2019 09:00,128813.39,64%,,,,,,,,,,
22/03/2019 10:00,131688.043,66%,,,,,,,,,,
22/03/2019 11:00,133165.091,67%,,,,,,,,,,
22/03/2019 12:00,135756.931,68%,,,,,,,,,,
22/03/2019 13:00,139392.588,70%,,,,,,,,,,
22/03/2019 14:00,134992.571,67%,,,,,,,,,,
22/03/2019 15:00,129440.408,65%,,,,,,,,,,
22/03/2019 16:00,121370.117,61%,,,,,,,,,,
22/03/2019 17:00,109406.675,55%,,,,,,,,,,
22/03/2019 18:00,87429.087,44%,,,,,,,,,,
22/03/2019 19:00,72505.979,36%,,,,,,,,,,
22/03/2019 20:00,63066.012,32%,,,,,,,,,,
22/03/2019 21:00,60987.856,30%,,,,,,,,,,
22/03/2019 22:00,65542.449,33%,,,,,,,,,,
22/03/2019 23:00,68900.545,34%,,,,,,,,,,
23/03/2019 00:00,73388.186,37%,,,,,,,,,,
23/03/2019 01:00,81459.347,41%,,,,,,,,,,
23/03/2019 02:00,73045.169,37%,,,,,,,,,,
23/03/2019 03:00,62367.724,31%,,,,,,,,,,
23/03/2019 04:00,61190.658,31%,,,,,,,,,,
23/03/2019 05:00,57475.862,29%,,,,,,,,,,
23/03/2019 06:00,49662.277,25%,,,,,,,,,,
23/03/2019 07:00,37734.253,19%,,,,,,,,,,
23/03/2019 08:00,26597.087,13%,,,,,,,,,,
23/03/2019 09:00,24393.183,12%,,,,,,,,,,
23/03/2019 10:00,20686.707,10%,,,,,,,,,,
23/03/2019 11:00,18557.004,9%,,,,,,,,,,
23/03/2019 12:00,16667.844,8%,,,,,,,,,,
23/03/2019 13:00,15356.975,8%,,,,,,,,,,
23/03/2019 14:00,14393.074,7%,,,,,,,,,,
23/03/2019 15:00,13048.82,7%,,,,,,,,,,
23/03/2019 16:00,14242.722,7%,,,,,,,,,,
23/03/2019 17:00,16133.978,8%,,,,,,,,,,
23/03/2019 18:00,14768.24,7%,,,,,,,,,,
23/03/2019 19:00,11558.476,6%,,,,,,,,,,
23/03/2019 20:00,7964.036,4%,,,,,,,,,,
23/03/2019 21:00,4422.448,2%,,,,,,,,,,
23/03/2019 22:00,3136.229,2%,,,,,,,,,,
23/03/2019 23:00,4322.58,2%,,,,,,,,,,
24/03/2019 00:00,8324.52,4%,,,,,,,,,,
24/03/2019 01:00,16844.449,8%,,,,,,,,,,
24/03/2019 02:00,28576.52,14%,,,,,,,,,,
24/03/2019 03:00,34370.676,17%,,,,,,,,,,
24/03/2019 04:00,37155.173,19%,,,,,,,,,,
24/03/2019 05:00,48806.913,24%,,,,,,,,,,
24/03/2019 06:00,66826.457,33%,,,,,,,,,,
24/03/2019 07:00,66829.463,33%,,,,,,,,,,
24/03/2019 08:00,89754.289,45%,,,,,,,,,,
24/03/2019 09:00,110423.822,55%,,,,,,,,,,
24/03/2019 10:00,120074.231,60%,,,,,,,,,,
24/03/2019 11:00,129950.989,65%,,,,,,,,,,
24/03/2019 12:00,142121.656,71%,,,,,,,,,,
24/03/2019 13:00,153066.63,77%,,,,,,,,,,
24/03/2019 14:00,160432.676,80%,,,,,,,,,,
24/03/2019 15:00,164072.074,82%,,,,,,,,,,
24/03/2019 16:00,160103.139,80%,,,,,,,,,,
24/03/2019 17:00,154874.253,77%,,,,,,,,,,
24/03/2019 18:00,152130.552,76%,,,,,,,,,,
24/03/2019 19:00,154421.093,77%,,,,,,,,,,
24/03/2019 20:00,151279.86,76%,,,,,,,,,,
24/03/2019 21:00,148050.662,74%,,,,,,,,,,
24/03/2019 22:00,144812.248,72%,,,,,,,,,,
24/03/2019 23:00,144990.202,72%,,,,,,,,,,
25/03/2019 00:00,145661.678,73%,,,,,,,,,,
25/03/2019 01:00,143106.054,72%,,,,,,,,,,
25/03/2019 02:00,142151.268,71%,,,,,,,,,,
25/03/2019 03:00,138385.485,69%,,,,,,,,,,
25/03/2019 04:00,130993.374,65%,,,,,,,,,,
25/03/2019 05:00,121849.868,61%,,,,,,,,,,
25/03/2019 06:00,111585.188,56%,,,,,,,,,,
25/03/2019 07:00,82005.191,41%,,,,,,,,,,
25/03/2019 08:00,84648.483,42%,,,,,,,,,,
25/03/2019 09:00,72321.383,36%,,,,,,,,,,
25/03/2019 10:00,47343.931,24%,,,,,,,,,,
25/03/2019 11:00,33361.828,17%,,,,,,,,,,
25/03/2019 12:00,29596.713,15%,,,,,,,,,,
25/03/2019 13:00,31661.74,16%,,,,,,,,,,
25/03/2019 14:00,36249.571,18%,,,,,,,,,,
25/03/2019 15:00,40174.311,20%,,,,,,,,,,
25/03/2019 16:00,42187.238,21%,,,,,,,,,,
25/03/2019 17:00,40435.863,20%,,,,,,,,,,
25/03/2019 18:00,40386.251,20%,,,,,,,,,,
25/03/2019 19:00,39345.317,20%,,,,,,,,,,
25/03/2019 20:00,38896.498,19%,,,,,,,,,,
25/03/2019 21:00,38918.847,19%,,,,,,,,,,
25/03/2019 22:00,40174.632,20%,,,,,,,,,,
25/03/2019 23:00,43094.935,22%,,,,,,,,,,
26/03/2019 00:00,46861.253,23%,,,,,,,,,,
26/03/2019 01:00,49516.839,25%,,,,,,,,,,
26/03/2019 02:00,48145.37,24%,,,,,,,,,,
26/03/2019 03:00,46145.3,23%,,,,,,,,,,
26/03/2019 04:00,47452.66,24%,,,,,,,,,,
26/03/2019 05:00,50742.657,25%,,,,,,,,,,
26/03/2019 06:00,53419.448,27%,,,,,,,,,,
26/03/2019 07:00,49780.785,25%,,,,,,,,,,
26/03/2019 08:00,47588.444,24%,,,,,,,,,,
26/03/2019 09:00,69471.206,35%,,,,,,,,,,
26/03/2019 10:00,82689.685,41%,,,,,,,,,,
26/03/2019 11:00,85150.452,43%,,,,,,,,,,
26/03/2019 12:00,84369.626,42%,,,,,,,,,,
26/03/2019 13:00,84218.573,42%,,,,,,,,,,
26/03/2019 14:00,85824.656,43%,,,,,,,,,,
26/03/2019 15:00,83179.185,42%,,,,,,,,,,
26/03/2019 16:00,73948.157,37%,,,,,,,,,,
26/03/2019 17:00,55378.573,28%,,,,,,,,,,
26/03/2019 18:00,49637.184,25%,,,,,,,,,,
26/03/2019 19:00,43962.4,22%,,,,,,,,,,
26/03/2019 20:00,38343.536,19%,,,,,,,,,,
26/03/2019 21:00,35656.278,18%,,,,,,,,,,
26/03/2019 22:00,35574.116,18%,,,,,,,,,,
26/03/2019 23:00,37917.646,19%,,,,,,,,,,
27/03/2019 00:00,41995.459,21%,,,,,,,,,,
27/03/2019 01:00,47552.641,24%,,,,,,,,,,
27/03/2019 02:00,53926.283,27%,,,,,,,,,,
27/03/2019 03:00,58266.029,29%,,,,,,,,,,
27/03/2019 04:00,59998.613,30%,,,,,,,,,,
27/03/2019 05:00,62074.569,31%,,,,,,,,,,
27/03/2019 06:00,62050.725,31%,,,,,,,,,,
27/03/2019 07:00,50663.041,25%,,,,,,,,,,
27/03/2019 08:00,48147.816,24%,,,,,,,,,,
27/03/2019 09:00,59408.444,30%,,,,,,,,,,
27/03/2019 10:00,62523.616,31%,,,,,,,,,,
27/03/2019 11:00,63318.876,32%,,,,,,,,,,
27/03/2019 12:00,64011.584,32%,,,,,,,,,,
27/03/2019 13:00,65028.906,33%,,,,,,,,,,
27/03/2019 14:00,65028.101,33%,,,,,,,,,,
27/03/2019 15:00,59997.583,30%,,,,,,,,,,
27/03/2019 16:00,50861.949,25%,,,,,,,,,,
27/03/2019 17:00,36496.278,18%,,,,,,,,,,
27/03/2019 18:00,28956.152,14%,,,,,,,,,,
27/03/2019 19:00,26063.281,13%,,,,,,,,,,
27/03/2019 20:00,24701.89,12%,,,,,,,,,,
27/03/2019 21:00,24313.18,12%,,,,,,,,,,
27/03/2019 22:00,25456.395,13%,,,,,,,,,,
27/03/2019 23:00,26079.398,13%,,,,,,,,,,
28/03/2019 00:00,25247.774,13%,,,,,,,,,,
28/03/2019 01:00,23963.678,12%,,,,,,,,,,
28/03/2019 02:00,20179.204,10%,,,,,,,,,,
28/03/2019 03:00,16575.803,8%,,,,,,,,,,
28/03/2019 04:00,16813.542,8%,,,,,,,,,,
28/03/2019 05:00,20336.899,10%,,,,,,,,,,
28/03/2019 06:00,21885.275,11%,,,,,,,,,,
28/03/2019 07:00,16206.623,8%,,,,,,,,,,
28/03/2019 08:00,11819.298,6%,,,,,,,,,,
28/03/2019 09:00,11151.245,6%,,,,,,,,,,
28/03/2019 10:00,12219.641,6%,,,,,,,,,,
28/03/2019 11:00,13592.314,7%,,,,,,,,,,
28/03/2019 12:00,15280.154,8%,,,,,,,,,,
28/03/2019 13:00,17056.259,9%,,,,,,,,,,
28/03/2019 14:00,18831.936,9%,,,,,,,,,,
28/03/2019 15:00,18119.488,9%,,,,,,,,,,
28/03/2019 16:00,15744.032,8%,,,,,,,,,,
28/03/2019 17:00,13585.793,7%,,,,,,,,,,
28/03/2019 18:00,14059.402,7%,,,,,,,,,,
28/03/2019 19:00,18172.028,9%,,,,,,,,,,
28/03/2019 20:00,23696.85,12%,,,,,,,,,,
28/03/2019 21:00,27769.352,14%,,,,,,,,,,
28/03/2019 22:00,29024.625,15%,,,,,,,,,,
28/03/2019 23:00,28059.153,14%,,,,,,,,,,
29/03/2019 00:00,26599.584,13%,,,,,,,,,,
29/03/2019 01:00,24894.767,12%,,,,,,,,,,
29/03/2019 02:00,22729.175,11%,,,,,,,,,,
29/03/2019 03:00,22707.548,11%,,,,,,,,,,
29/03/2019 04:00,24322.214,12%,,,,,,,,,,
29/03/2019 05:00,24453.223,12%,,,,,,,,,,
29/03/2019 06:00,23542.231,12%,,,,,,,,,,
29/03/2019 07:00,19840.649,10%,,,,,,,,,,
29/03/2019 08:00,17610.187,9%,,,,,,,,,,
29/03/2019 09:00,16290.858,8%,,,,,,,,,,
29/03/2019 10:00,13583.643,7%,,,,,,,,,,
29/03/2019 11:00,12453.453,6%,,,,,,,,,,
29/03/2019 12:00,11021.044,6%,,,,,,,,,,
29/03/2019 13:00,9501.183,5%,,,,,,,,,,
29/03/2019 14:00,8343.809,4%,,,,,,,,,,
29/03/2019 15:00,7799.084,4%,,,,,,,,,,
29/03/2019 16:00,7813.179,4%,,,,,,,,,,
29/03/2019 17:00,9588.031,5%,,,,,,,,,,
29/03/2019 18:00,13821.589,7%,,,,,,,,,,
29/03/2019 19:00,16311.753,8%,,,,,,,,,,
29/03/2019 20:00,15968.732,8%,,,,,,,,,,
29/03/2019 21:00,13587.211,7%,,,,,,,,,,
29/03/2019 22:00,9012.638,5%,,,,,,,,,,
29/03/2019 23:00,4277.058,2%,,,,,,,,,,
30/03/2019 00:00,1589.423,1%,,,,,,,,,,
30/03/2019 01:00,1115.694,1%,,,,,,,,,,
30/03/2019 02:00,1582.248,1%,,,,,,,,,,
30/03/2019 03:00,2756.537,1%,,,,,,,,,,
30/03/2019 04:00,4416.435,2%,,,,,,,,,,
30/03/2019 05:00,5676.932,3%,,,,,,,,,,
30/03/2019 06:00,6253.347,3%,,,,,,,,,,
30/03/2019 07:00,6421.941,3%,,,,,,,,,,
30/03/2019 08:00,7035.883,4%,,,,,,,,,,
30/03/2019 09:00,7179.926,4%,,,,,,,,,,
30/03/2019 10:00,6192.961,3%,,,,,,,,,,
30/03/2019 11:00,5140.965,3%,,,,,,,,,,
30/03/2019 12:00,4978.372,2%,,,,,,,,,,
30/03/2019 13:00,6409.442,3%,,,,,,,,,,
30/03/2019 14:00,9530.614,5%,,,,,,,,,,
30/03/2019 15:00,13497.332,7%,,,,,,,,,,
30/03/2019 16:00,16755.584,8%,,,,,,,,,,
30/03/2019 17:00,18487.448,9%,,,,,,,,,,
30/03/2019 18:00,23654.159,12%,,,,,,,,,,
30/03/2019 19:00,28507.013,14%,,,,,,,,,,
30/03/2019 20:00,30426.143,15%,,,,,,,,,,
30/03/2019 21:00,28928.436,14%,,,,,,,,,,
30/03/2019 22:00,28063.009,14%,,,,,,,,,,
30/03/2019 23:00,34003.066,17%,,,,,,,,,,
31/03/2019 00:00,44773.704,22%,,,,,,,,,,
31/03/2019 01:00,55967.297,28%,,,,,,,,,,
31/03/2019 02:00,64522.11,32%,,,,,,,,,,
31/03/2019 03:00,67164.368,34%,,,,,,,,,,
31/03/2019 04:00,67346.986,34%,,,,,,,,,,
31/03/2019 05:00,74714.915,37%,,,,,,,,,,
31/03/2019 06:00,73384.594,37%,,,,,,,,,,
31/03/2019 07:00,68131.464,34%,,,,,,,,,,
31/03/2019 08:00,73351.332,37%,,,,,,,,,,
31/03/2019 09:00,73915.087,37%,,,,,,,,,,
31/03/2019 10:00,69467.289,35%,,,,,,,,,,
31/03/2019 11:00,62860.966,31%,,,,,,,,,,
31/03/2019 12:00,55983.626,28%,,,,,,,,,,
31/03/2019 13:00,51332.528,26%,,,,,,,,,,
31/03/2019 14:00,49601.026,25%,,,,,,,,,,
31/03/2019 15:00,50579.948,25%,,,,,,,,,,
31/03/2019 16:00,55357.276,28%,,,,,,,,,,
31/03/2019 17:00,64008.684,32%,,,,,,,,,,
31/03/2019 18:00,84456.224,42%,,,,,,,,,,
31/03/2019 19:00,99594.25,50%,,,,,,,,,,
31/03/2019 20:00,98220.009,49%,,,,,,,,,,
31/03/2019 21:00,87139.733,44%,,,,,,,,,,
31/03/2019 22:00,83199.153,42%,,,,,,,,,,
31/03/2019 23:00,80104.103,40%,,,,,,,,,,
01/04/2019 00:00,87502.827,44%,,,,,,,,,,
01/04/2019 01:00,84461.37,42%,,,,,,,,,,
01/04/2019 02:00,77158.489,39%,,,,,,,,,,
01/04/2019 03:00,72857.181,36%,,,,,,,,,,
01/04/2019 04:00,72282.006,36%,,,,,,,,,,
01/04/2019 05:00,71484.657,36%,,,,,,,,,,
01/04/2019 06:00,71160.585,36%,,,,,,,,,,
01/04/2019 07:00,66830.05,33%,,,,,,,,,,
01/04/2019 08:00,75780.465,38%,,,,,,,,,,
01/04/2019 09:00,71830.646,36%,,,,,,,,,,
01/04/2019 10:00,62811.398,31%,,,,,,,,,,
01/04/2019 11:00,56690.358,28%,,,,,,,,,,
01/04/2019 12:00,51046.262,26%,,,,,,,,,,
01/04/2019 13:00,45577.36,23%,,,,,,,,,,
01/04/2019 14:00,39808.648,20%,,,,,,,,,,
01/04/2019 15:00,35687.744,18%,,,,,,,,,,
01/04/2019 16:00,29650.059,15%,,,,,,,,,,
01/04/2019 17:00,29063.543,15%,,,,,,,,,,
01/04/2019 18:00,33637.67,17%,,,,,,,,,,
01/04/2019 19:00,40129.557,20%,,,,,,,,,,
01/04/2019 20:00,42352.771,21%,,,,,,,,,,
01/04/2019 21:00,51584.114,26%,,,,,,,,,,
01/04/2019 22:00,54808.039,27%,,,,,,,,,,
01/04/2019 23:00,50493.418,25%,,,,,,,,,,
02/04/2019 00:00,43967.123,22%,,,,,,,,,,
02/04/2019 01:00,38671.125,19%,,,,,,,,,,
02/04/2019 02:00,38955.714,19%,,,,,,,,,,
02/04/2019 03:00,44611.048,22%,,,,,,,,,,
02/04/2019 04:00,51811.776,26%,,,,,,,,,,
02/04/2019 05:00,62030.97,31%,,,,,,,,,,
02/04/2019 06:00,73817.598,37%,,,,,,,,,,
02/04/2019 07:00,85007.445,43%,,,,,,,,,,
02/04/2019 08:00,88854.514,44%,,,,,,,,,,
02/04/2019 09:00,85702.654,43%,,,,,,,,,,
02/04/2019 10:00,81456.243,41%,,,,,,,,,,
02/04/2019 11:00,77062.775,39%,,,,,,,,,,
02/04/2019 12:00,68884.254,34%,,,,,,,,,,
02/04/2019 13:00,59221.616,30%,,,,,,,,,,
02/04/2019 14:00,50509.883,25%,,,,,,,,,,
02/04/2019 15:00,43830.598,22%,,,,,,,,,,
02/04/2019 16:00,38230.183,19%,,,,,,,,,,
02/04/2019 17:00,31614.46,16%,,,,,,,,,,
02/04/2019 18:00,28553.716,14%,,,,,,,,,,
02/04/2019 19:00,27072.572,14%,,,,,,,,,,
02/04/2019 20:00,26272.207,13%,,,,,,,,,,
02/04/2019 21:00,26305.755,13%,,,,,,,,,,
02/04/2019 22:00,26859.511,13%,,,,,,,,,,
02/04/2019 23:00,28297.733,14%,,,,,,,,,,
03/04/2019 00:00,29596.637,15%,,,,,,,,,,
03/04/2019 01:00,31187.927,16%,,,,,,,,,,
03/04/2019 02:00,36678.133,18%,,,,,,,,,,
03/04/2019 03:00,50729.042,25%,,,,,,,,,,
03/04/2019 04:00,66837.374,33%,,,,,,,,,,
03/04/2019 05:00,76245.444,38%,,,,,,,,,,
03/04/2019 06:00,82546.7,41%,,,,,,,,,,
03/04/2019 07:00,82483.434,41%,,,,,,,,,,
03/04/2019 08:00,79545.772,40%,,,,,,,,,,
03/04/2019 09:00,73385.398,37%,,,,,,,,,,
03/04/2019 10:00,64526.712,32%,,,,,,,,,,
03/04/2019 11:00,52713.836,26%,,,,,,,,,,
03/04/2019 12:00,36459.278,18%,,,,,,,,,,
03/04/2019 13:00,22466.1,11%,,,,,,,,,,
03/04/2019 14:00,14806.954,7%,,,,,,,,,,
03/04/2019 15:00,16919.935,8%,,,,,,,,,,
03/04/2019 16:00,23837.296,12%,,,,,,,,,,
03/04/2019 17:00,31653.478,16%,,,,,,,,,,
03/04/2019 18:00,42670.728,21%,,,,,,,,,,
03/04/2019 19:00,56262.006,28%,,,,,,,,,,
03/04/2019 20:00,68063.442,34%,,,,,,,,,,
03/04/2019 21:00,75254.212,38%,,,,,,,,,,
03/04/2019 22:00,82874.255,41%,,,,,,,,,,
03/04/2019 23:00,85974.367,43%,,,,,,,,,,
04/04/2019 00:00,86387.469,43%,,,,,,,,,,
04/04/2019 01:00,83903.294,42%,,,,,,,,,,
04/04/2019 02:00,81876.473,41%,,,,,,,,,,
04/04/2019 03:00,76607.503,38%,,,,,,,,,,
04/04/2019 04:00,73629.909,37%,,,,,,,,,,
04/04/2019 05:00,71530.456,36%,,,,,,,,,,
04/04/2019 06:00,71068.872,36%,,,,,,,,,,
04/04/2019 07:00,83341.943,42%,,,,,,,,,,
04/04/2019 08:00,106834.965,53%,,,,,,,,,,
04/04/2019 09:00,132149.36,66%,,,,,,,,,,
04/04/2019 10:00,153068.229,77%,,,,,,,,,,
04/04/2019 11:00,168058.244,84%,,,,,,,,,,
04/04/2019 12:00,176071.9,88%,,,,,,,,,,
04/04/2019 13:00,176549.911,88%,,,,,,,,,,
04/04/2019 14:00,176555.858,88%,,,,,,,,,,
04/04/2019 15:00,171533.119,86%,,,,,,,,,,
04/04/2019 16:00,165438.361,83%,,,,,,,,,,
04/04/2019 17:00,165441.923,83%,,,,,,,,,,
04/04/2019 18:00,166192.878,83%,,,,,,,,,,
04/04/2019 19:00,163550.047,82%,,,,,,,,,,
04/04/2019 20:00,159150.937,80%,,,,,,,,,,
04/04/2019 21:00,154518.128,77%,,,,,,,,,,
04/04/2019 22:00,150962.417,75%,,,,,,,,,,
04/04/2019 23:00,143564.726,72%,,,,,,,,,,
05/04/2019 00:00,133634.322,67%,,,,,,,,,,
05/04/2019 01:00,125947.058,63%,,,,,,,,,,
05/04/2019 02:00,102611.579,51%,,,,,,,,,,
05/04/2019 03:00,96026.6,48%,,,,,,,,,,
05/04/2019 04:00,117908.715,59%,,,,,,,,,,
05/04/2019 05:00,127474.34,64%,,,,,,,,,,
05/04/2019 06:00,132683.572,66%,,,,,,,,,,
05/04/2019 07:00,138783.491,69%,,,,,,,,,,
05/04/2019 08:00,156670.235,78%,,,,,,,,,,
05/04/2019 09:00,167162.405,84%,,,,,,,,,,
05/04/2019 10:00,168696.395,84%,,,,,,,,,,
05/04/2019 11:00,164016.012,82%,,,,,,,,,,
05/04/2019 12:00,155331.772,78%,,,,,,,,,,
05/04/2019 13:00,139876.875,70%,,,,,,,,,,
05/04/2019 14:00,119727.679,60%,,,,,,,,,,
05/04/2019 15:00,100144.606,50%,,,,,,,,,,
05/04/2019 16:00,82000.313,41%,,,,,,,,,,
05/04/2019 17:00,73672.064,37%,,,,,,,,,,
05/04/2019 18:00,82941.23,41%,,,,,,,,,,
05/04/2019 19:00,91879.666,46%,,,,,,,,,,
05/04/2019 20:00,99594.441,50%,,,,,,,,,,
05/04/2019 21:00,97013.612,49%,,,,,,,,,,
05/04/2019 22:00,93307.067,47%,,,,,,,,,,
05/04/2019 23:00,85782.045,43%,,,,,,,,,,
06/04/2019 00:00,77670.969,39%,,,,,,,,,,
06/04/2019 01:00,73396.954,37%,,,,,,,,,,
06/04/2019 02:00,71216.263,36%,,,,,,,,,,
06/04/2019 03:00,66828.194,33%,,,,,,,,,,
06/04/2019 04:00,61239.551,31%,,,,,,,,,,
06/04/2019 05:00,52475.824,26%,,,,,,,,,,
06/04/2019 06:00,43162.352,22%,,,,,,,,,,
06/04/2019 07:00,43961.058,22%,,,,,,,,,,
06/04/2019 08:00,41174.865,21%,,,,,,,,,,
06/04/2019 09:00,28216.391,14%,,,,,,,,,,
06/04/2019 10:00,17031.924,9%,,,,,,,,,,
06/04/2019 11:00,10948.131,5%,,,,,,,,,,
06/04/2019 12:00,9473.604,5%,,,,,,,,,,
06/04/2019 13:00,10762.793,5%,,,,,,,,,,
06/04/2019 14:00,13344.531,7%,,,,,,,,,,
06/04/2019 15:00,16810.976,8%,,,,,,,,,,
06/04/2019 16:00,20186.818,10%,,,,,,,,,,
06/04/2019 17:00,23326.815,12%,,,,,,,,,,
06/04/2019 18:00,29258.073,15%,,,,,,,,,,
06/04/2019 19:00,32866.374,16%,,,,,,,,,,
06/04/2019 20:00,33238.224,17%,,,,,,,,,,
06/04/2019 21:00,35036.645,18%,,,,,,,,,,
06/04/2019 22:00,37473.016,19%,,,,,,,,,,
06/04/2019 23:00,39147.809,20%,,,,,,,,,,
07/04/2019 00:00,37327.43,19%,,,,,,,,,,
07/04/2019 01:00,33491.283,17%,,,,,,,,,,
07/04/2019 02:00,28544.623,14%,,,,,,,,,,
07/04/2019 03:00,27164.517,14%,,,,,,,,,,
07/04/2019 04:00,27818.803,14%,,,,,,,,,,
07/04/2019 05:00,29283.457,15%,,,,,,,,,,
07/04/2019 06:00,25845.639,13%,,,,,,,,,,
07/04/2019 07:00,23845.365,12%,,,,,,,,,,
07/04/2019 08:00,30132.837,15%,,,,,,,,,,
07/04/2019 09:00,30874.572,15%,,,,,,,,,,
07/04/2019 10:00,28331.789,14%,,,,,,,,,,
07/04/2019 11:00,24529.936,12%,,,,,,,,,,
07/04/2019 12:00,20729.546,10%,,,,,,,,,,
07/04/2019 13:00,19326.05,10%,,,,,,,,,,
07/04/2019 14:00,19960.47,10%,,,,,,,,,,
07/04/2019 15:00,21053.283,11%,,,,,,,,,,
07/04/2019 16:00,23144.285,12%,,,,,,,,,,
07/04/2019 17:00,25382.672,13%,,,,,,,,,,
07/04/2019 18:00,34841.908,17%,,,,,,,,,,
07/04/2019 19:00,49246.359,25%,,,,,,,,,,
07/04/2019 20:00,56770.667,28%,,,,,,,,,,
07/04/2019 21:00,67085.201,34%,,,,,,,,,,
07/04/2019 22:00,66273.552,33%,,,,,,,,,,
07/04/2019 23:00,62005.184,31%,,,,,,,,,,
08/04/2019 00:00,55149.771,28%,,,,,,,,,,
08/04/2019 01:00,46142.044,23%,,,,,,,,,,
08/04/2019 02:00,42599.321,21%,,,,,,,,,,
08/04/2019 03:00,39494.439,20%,,,,,,,,,,
08/04/2019 04:00,38956.479,19%,,,,,,,,,,
08/04/2019 05:00,43720.754,22%,,,,,,,,,,
08/04/2019 06:00,49052.258,25%,,,,,,,,,,
08/04/2019 07:00,56785.901,28%,,,,,,,,,,
08/04/2019 08:00,56481.219,28%,,,,,,,,,,
08/04/2019 09:00,66837.365,33%,,,,,,,,,,
08/04/2019 10:00,76418.46,38%,,,,,,,,,,
08/04/2019 11:00,81426.787,41%,,,,,,,,,,
08/04/2019 12:00,86380.648,43%,,,,,,,,,,
08/04/2019 13:00,93261.593,47%,,,,,,,,,,
08/04/2019 14:00,101059.59,51%,,,,,,,,,,
08/04/2019 15:00,106429.531,53%,,,,,,,,,,
08/04/2019 16:00,103665.533,52%,,,,,,,,,,
08/04/2019 17:00,106429.961,53%,,,,,,,,,,
08/04/2019 18:00,116411.363,58%,,,,,,,,,,
08/04/2019 19:00,115394.728,58%,,,,,,,,,,
08/04/2019 20:00,118176.733,59%,,,,,,,,,,
08/04/2019 21:00,113691.388,57%,,,,,,,,,,
08/04/2019 22:00,109945.089,55%,,,,,,,,,,
08/04/2019 23:00,111930.883,56%,,,,,,,,,,
09/04/2019 00:00,105069.798,53%,,,,,,,,,,
09/04/2019 01:00,103012.574,52%,,,,,,,,,,
09/04/2019 02:00,104523.8,52%,,,,,,,,,,
09/04/2019 03:00,105069.205,53%,,,,,,,,,,
09/04/2019 04:00,100471.798,50%,,,,,,,,,,
09/04/2019 05:00,95191.248,48%,,,,,,,,,,
09/04/2019 06:00,92350.041,46%,,,,,,,,,,
09/04/2019 07:00,98529.1,49%,,,,,,,,,,
09/04/2019 08:00,117120.905,59%,,,,,,,,,,
09/04/2019 09:00,115615.532,58%,,,,,,,,,,
09/04/2019 10:00,105069.303,53%,,,,,,,,,,
09/04/2019 11:00,92448.731,46%,,,,,,,,,,
09/04/2019 12:00,81454.371,41%,,,,,,,,,,
09/04/2019 13:00,73487.639,37%,,,,,,,,,,
09/04/2019 14:00,70053.158,35%,,,,,,,,,,
09/04/2019 15:00,73435.687,37%,,,,,,,,,,
09/04/2019 16:00,81462.307,41%,,,,,,,,,,
09/04/2019 17:00,87947.166,44%,,,,,,,,,,
09/04/2019 18:00,91883.948,46%,,,,,,,,,,
09/04/2019 19:00,93906.64,47%,,,,,,,,,,
09/04/2019 20:00,90776.626,45%,,,,,,,,,,
09/04/2019 21:00,82546.56,41%,,,,,,,,,,
09/04/2019 22:00,79012.781,40%,,,,,,,,,,
09/04/2019 23:00,77665.7,39%,,,,,,,,,,
10/04/2019 00:00,74426.478,37%,,,,,,,,,,
10/04/2019 01:00,67347.72,34%,,,,,,,,,,
10/04/2019 02:00,60497.204,30%,,,,,,,,,,
10/04/2019 03:00,57775.412,29%,,,,,,,,,,
10/04/2019 04:00,52081.847,26%,,,,,,,,,,
10/04/2019 05:00,48354.296,24%,,,,,,,,,,
10/04/2019 06:00,39106.68,20%,,,,,,,,,,
10/04/2019 07:00,41100.534,21%,,,,,,,,,,
10/04/2019 08:00,56234.219,28%,,,,,,,,,,
10/04/2019 09:00,48151.996,24%,,,,,,,,,,
10/04/2019 10:00,42697.188,21%,,,,,,,,,,
10/04/2019 11:00,41285.546,21%,,,,,,,,,,
10/04/2019 12:00,39859.332,20%,,,,,,,,,,
10/04/2019 13:00,36346.062,18%,,,,,,,,,,
10/04/2019 14:00,31868.176,16%,,,,,,,,,,
10/04/2019 15:00,28236.473,14%,,,,,,,,,,
10/04/2019 16:00,26377.525,13%,,,,,,,,,,
10/04/2019 17:00,26558.296,13%,,,,,,,,,,
10/04/2019 18:00,36702.28,18%,,,,,,,,,,
10/04/2019 19:00,57780.463,29%,,,,,,,,,,
10/04/2019 20:00,75781.767,38%,,,,,,,,,,
10/04/2019 21:00,80880.497,40%,,,,,,,,,,
10/04/2019 22:00,80925.874,40%,,,,,,,,,,
10/04/2019 23:00,77118.085,39%,,,,,,,,,,
11/04/2019 00:00,72968.914,36%,,,,,,,,,,
11/04/2019 01:00,67583.003,34%,,,,,,,,,,
11/04/2019 02:00,62529.552,31%,,,,,,,,,,
11/04/2019 03:00,58268.551,29%,,,,,,,,,,
11/04/2019 04:00,52949.202,26%,,,,,,,,,,
11/04/2019 05:00,48454.379,24%,,,,,,,,,,
11/04/2019 06:00,39903.203,20%,,,,,,,,,,
11/04/2019 07:00,28806.637,14%,,,,,,,,,,
11/04/2019 08:00,29955.768,15%,,,,,,,,,,
11/04/2019 09:00,23079.816,12%,,,,,,,,,,
11/04/2019 10:00,18158.25,9%,,,,,,,,,,
11/04/2019 11:00,14307.849,7%,,,,,,,,,,
11/04/2019 12:00,10660.567,5%,,,,,,,,,,
11/04/2019 13:00,6982.222,3%,,,,,,,,,,
11/04/2019 14:00,3620.51,2%,,,,,,,,,,
11/04/2019 15:00,1540.248,1%,,,,,,,,,,
11/04/2019 16:00,773.908,0%,,,,,,,,,,
11/04/2019 17:00,1265.436,1%,,,,,,,,,,
11/04/2019 18:00,2910.153,1%,,,,,,,,,,
11/04/2019 19:00,7678.202,4%,,,,,,,,,,
11/04/2019 20:00,18617.65,9%,,,,,,,,,,
11/04/2019 21:00,36251.733,18%,,,,,,,,,,
11/04/2019 22:00,56342.133,28%,,,,,,,,,,
11/04/2019 23:00,72319.595,36%,,,,,,,,,,
12/04/2019 00:00,76033.58,38%,,,,,,,,,,
12/04/2019 01:00,74717.323,37%,,,,,,,,,,
12/04/2019 02:00,69446.57,35%,,,,,,,,,,
12/04/2019 03:00,70672.821,35%,,,,,,,,,,
12/04/2019 04:00,69932.771,35%,,,,,,,,,,
12/04/2019 05:00,67577.614,34%,,,,,,,,,,
12/04/2019 06:00,54407.181,27%,,,,,,,,,,
12/04/2019 07:00,50420.833,25%,,,,,,,,,,
12/04/2019 08:00,59453.813,30%,,,,,,,,,,
12/04/2019 09:00,57785.36,29%,,,,,,,,,,
12/04/2019 10:00,55603.658,28%,,,,,,,,,,
12/04/2019 11:00,54005.366,27%,,,,,,,,,,
12/04/2019 12:00,52825.693,26%,,,,,,,,,,
12/04/2019 13:00,52572.302,26%,,,,,,,,,,
12/04/2019 14:00,54717.751,27%,,,,,,,,,,
12/04/2019 15:00,59991.153,30%,,,,,,,,,,
12/04/2019 16:00,65544.108,33%,,,,,,,,,,
12/04/2019 17:00,68649.186,34%,,,,,,,,,,
12/04/2019 18:00,79288.624,40%,,,,,,,,,,
12/04/2019 19:00,98623.556,49%,,,,,,,,,,
12/04/2019 20:00,104523.551,52%,,,,,,,,,,
12/04/2019 21:00,105170.708,53%,,,,,,,,,,
12/04/2019 22:00,102631.804,51%,,,,,,,,,,
12/04/2019 23:00,96841.945,48%,,,,,,,,,,
13/04/2019 00:00,87848.335,44%,,,,,,,,,,
13/04/2019 01:00,83100.512,42%,,,,,,,,,,
13/04/2019 02:00,84458.137,42%,,,,,,,,,,
13/04/2019 03:00,87115.833,44%,,,,,,,,,,
13/04/2019 04:00,88299.275,44%,,,,,,,,,,
13/04/2019 05:00,86314.797,43%,,,,,,,,,,
13/04/2019 06:00,77129.4,39%,,,,,,,,,,
13/04/2019 07:00,82651.025,41%,,,,,,,,,,
13/04/2019 08:00,102063.4,51%,,,,,,,,,,
13/04/2019 09:00,107514.884,54%,,,,,,,,,,
13/04/2019 10:00,107514.992,54%,,,,,,,,,,
13/04/2019 11:00,105897.656,53%,,,,,,,,,,
13/04/2019 12:00,105312.548,53%,,,,,,,,,,
13/04/2019 13:00,107841.156,54%,,,,,,,,,,
13/04/2019 14:00,110483.325,55%,,,,,,,,,,
13/04/2019 15:00,113200.761,57%,,,,,,,,,,
13/04/2019 16:00,117959.991,59%,,,,,,,,,,
13/04/2019 17:00,118672.822,59%,,,,,,,,,,
13/04/2019 18:00,117122.064,59%,,,,,,,,,,
13/04/2019 19:00,120516.457,60%,,,,,,,,,,
13/04/2019 20:00,119034.404,60%,,,,,,,,,,
13/04/2019 21:00,111872.128,56%,,,,,,,,,,
13/04/2019 22:00,109381.957,55%,,,,,,,,,,
13/04/2019 23:00,103705.6,52%,,,,,,,,,,
14/04/2019 00:00,99595.771,50%,,,,,,,,,,
14/04/2019 01:00,98217.615,49%,,,,,,,,,,
14/04/2019 02:00,91085.595,46%,,,,,,,,,,
14/04/2019 03:00,82062.139,41%,,,,,,,,,,
14/04/2019 04:00,85119.891,43%,,,,,,,,,,
14/04/2019 05:00,93966.698,47%,,,,,,,,,,
14/04/2019 06:00,79560.444,40%,,,,,,,,,,
14/04/2019 07:00,66772.642,33%,,,,,,,,,,
14/04/2019 08:00,114222.325,57%,,,,,,,,,,
14/04/2019 09:00,123575.502,62%,,,,,,,,,,
14/04/2019 10:00,127602.498,64%,,,,,,,,,,
14/04/2019 11:00,131225.393,66%,,,,,,,,,,
14/04/2019 12:00,110295.923,55%,,,,,,,,,,
14/04/2019 13:00,94617.721,47%,,,,,,,,,,
14/04/2019 14:00,107497.119,54%,,,,,,,,,,
14/04/2019 15:00,117121.486,59%,,,,,,,,,,
14/04/2019 16:00,111773.273,56%,,,,,,,,,,
14/04/2019 17:00,99883.058,50%,,,,,,,,,,
14/04/2019 18:00,93550.482,47%,,,,,,,,,,
14/04/2019 19:00,103767.953,52%,,,,,,,,,,
14/04/2019 20:00,110497.901,55%,,,,,,,,,,
14/04/2019 21:00,111320.495,56%,,,,,,,,,,
14/04/2019 22:00,111288.647,56%,,,,,,,,,,
14/04/2019 23:00,107514.657,54%,,,,,,,,,,
15/04/2019 00:00,104524.746,52%,,,,,,,,,,
15/04/2019 01:00,110616.122,55%,,,,,,,,,,
15/04/2019 02:00,117905.942,59%,,,,,,,,,,
15/04/2019 03:00,119298.16,60%,,,,,,,,,,
15/04/2019 04:00,124432.512,62%,,,,,,,,,,
15/04/2019 05:00,123727.963,62%,,,,,,,,,,
15/04/2019 06:00,128322.029,64%,,,,,,,,,,
15/04/2019 07:00,145276.582,73%,,,,,,,,,,
15/04/2019 08:00,166973.753,83%,,,,,,,,,,
15/04/2019 09:00,177772.407,89%,,,,,,,,,,
15/04/2019 10:00,181989.237,91%,,,,,,,,,,
15/04/2019 11:00,181119.419,91%,,,,,,,,,,
15/04/2019 12:00,177588.899,89%,,,,,,,,,,
15/04/2019 13:00,174116.593,87%,,,,,,,,,,
15/04/2019 14:00,171938.604,86%,,,,,,,,,,
15/04/2019 15:00,170857.922,85%,,,,,,,,,,
15/04/2019 16:00,167278.385,84%,,,,,,,,,,
15/04/2019 17:00,159055.68,80%,,,,,,,,,,
15/04/2019 18:00,152257.314,76%,,,,,,,,,,
15/04/2019 19:00,130666.247,65%,,,,,,,,,,
15/04/2019 20:00,112040.972,56%,,,,,,,,,,
15/04/2019 21:00,101326.835,51%,,,,,,,,,,
15/04/2019 22:00,91884.026,46%,,,,,,,,,,
15/04/2019 23:00,80698.792,40%,,,,,,,,,,
16/04/2019 00:00,69442.69,35%,,,,,,,,,,
16/04/2019 01:00,58754.504,29%,,,,,,,,,,
16/04/2019 02:00,50046.761,25%,,,,,,,,,,
16/04/2019 03:00,39643.312,20%,,,,,,,,,,
16/04/2019 04:00,29543.333,15%,,,,,,,,,,
16/04/2019 05:00,21718.415,11%,,,,,,,,,,
16/04/2019 06:00,15925.039,8%,,,,,,,,,,
16/04/2019 07:00,13593.664,7%,,,,,,,,,,
16/04/2019 08:00,15279.857,8%,,,,,,,,,,
16/04/2019 09:00,16335.337,8%,,,,,,,,,,
16/04/2019 10:00,16869.592,8%,,,,,,,,,,
16/04/2019 11:00,16388.384,8%,,,,,,,,,,
16/04/2019 12:00,14912.372,7%,,,,,,,,,,
16/04/2019 13:00,13424.354,7%,,,,,,,,,,
16/04/2019 14:00,12993.304,6%,,,,,,,,,,
16/04/2019 15:00,14822.495,7%,,,,,,,,,,
16/04/2019 16:00,18755.013,9%,,,,,,,,,,
16/04/2019 17:00,24865.792,12%,,,,,,,,,,
16/04/2019 18:00,33796.648,17%,,,,,,,,,,
16/04/2019 19:00,45481.714,23%,,,,,,,,,,
16/04/2019 20:00,49014.455,25%,,,,,,,,,,
16/04/2019 21:00,49672.079,25%,,,,,,,,,,
16/04/2019 22:00,49731.926,25%,,,,,,,,,,
16/04/2019 23:00,52026.908,26%,,,,,,,,,,
17/04/2019 00:00,55729.558,28%,,,,,,,,,,
17/04/2019 01:00,57607.515,29%,,,,,,,,,,
17/04/2019 02:00,55563.098,28%,,,,,,,,,,
17/04/2019 03:00,49731.552,25%,,,,,,,,,,
17/04/2019 04:00,41281.503,21%,,,,,,,,,,
17/04/2019 05:00,34000.629,17%,,,,,,,,,,
17/04/2019 06:00,29019.147,15%,,,,,,,,,,
17/04/2019 07:00,29526.628,15%,,,,,,,,,,
17/04/2019 08:00,29870.693,15%,,,,,,,,,,
17/04/2019 09:00,32922.706,16%,,,,,,,,,,
17/04/2019 10:00,37292.46,19%,,,,,,,,,,
17/04/2019 11:00,35847.126,18%,,,,,,,,,,
17/04/2019 12:00,32268.535,16%,,,,,,,,,,
17/04/2019 13:00,30233.267,15%,,,,,,,,,,
17/04/2019 14:00,31942.291,16%,,,,,,,,,,
17/04/2019 15:00,39961.05,20%,,,,,,,,,,
17/04/2019 16:00,49047.591,25%,,,,,,,,,,
17/04/2019 17:00,67344.064,34%,,,,,,,,,,
17/04/2019 18:00,96780.976,48%,,,,,,,,,,
17/04/2019 19:00,118528.837,59%,,,,,,,,,,
17/04/2019 20:00,117275.801,59%,,,,,,,,,,
17/04/2019 21:00,107890.833,54%,,,,,,,,,,
17/04/2019 22:00,98768.051,49%,,,,,,,,,,
17/04/2019 23:00,89647.302,45%,,,,,,,,,,
18/04/2019 00:00,81774.392,41%,,,,,,,,,,
18/04/2019 01:00,73620.91,37%,,,,,,,,,,
18/04/2019 02:00,65764.852,33%,,,,,,,,,,
18/04/2019 03:00,59490.449,30%,,,,,,,,,,
18/04/2019 04:00,56498.041,28%,,,,,,,,,,
18/04/2019 05:00,54400.454,27%,,,,,,,,,,
18/04/2019 06:00,48599.528,24%,,,,,,,,,,
18/04/2019 07:00,51939.223,26%,,,,,,,,,,
18/04/2019 08:00,58429.369,29%,,,,,,,,,,
18/04/2019 09:00,61360.341,31%,,,,,,,,,,
18/04/2019 10:00,68979.179,34%,,,,,,,,,,
18/04/2019 11:00,77667.764,39%,,,,,,,,,,
18/04/2019 12:00,83909.11,42%,,,,,,,,,,
18/04/2019 13:00,83235.615,42%,,,,,,,,,,
18/04/2019 14:00,72324.992,36%,,,,,,,,,,
18/04/2019 15:00,61478.386,31%,,,,,,,,,,
18/04/2019 16:00,60984.561,30%,,,,,,,,,,
18/04/2019 17:00,70448.121,35%,,,,,,,,,,
18/04/2019 18:00,84674.609,42%,,,,,,,,,,
18/04/2019 19:00,103704.549,52%,,,,,,,,,,
18/04/2019 20:00,108867.2,54%,,,,,,,,,,
18/04/2019 21:00,103646.666,52%,,,,,,,,,,
18/04/2019 22:00,96379.663,48%,,,,,,,,,,
18/04/2019 23:00,87506.905,44%,,,,,,,,,,
19/04/2019 00:00,81474.285,41%,,,,,,,,,,
19/04/2019 01:00,76118.024,38%,,,,,,,,,,
19/04/2019 02:00,70823.96,35%,,,,,,,,,,
19/04/2019 03:00,64974.921,32%,,,,,,,,,,
19/04/2019 04:00,58597.721,29%,,,,,,,,,,
19/04/2019 05:00,54880.396,27%,,,,,,,,,,
19/04/2019 06:00,44612.718,22%,,,,,,,,,,
19/04/2019 07:00,31384.625,16%,,,,,,,,,,
19/04/2019 08:00,24284.656,12%,,,,,,,,,,
19/04/2019 09:00,29597.952,15%,,,,,,,,,,
19/04/2019 10:00,41267.057,21%,,,,,,,,,,
19/04/2019 11:00,50191.867,25%,,,,,,,,,,
19/04/2019 12:00,47964.662,24%,,,,,,,,,,
19/04/2019 13:00,38778.648,19%,,,,,,,,,,
19/04/2019 14:00,27902.459,14%,,,,,,,,,,
19/04/2019 15:00,18688.963,9%,,,,,,,,,,
19/04/2019 16:00,13437.887,7%,,,,,,,,,,
19/04/2019 17:00,11649.48,6%,,,,,,,,,,
19/04/2019 18:00,16696.335,8%,,,,,,,,,,
19/04/2019 19:00,29249.126,15%,,,,,,,,,,
19/04/2019 20:00,46538.831,23%,,,,,,,,,,
19/04/2019 21:00,59997.126,30%,,,,,,,,,,
19/04/2019 22:00,68532.702,34%,,,,,,,,,,
19/04/2019 23:00,72050.878,36%,,,,,,,,,,
20/04/2019 00:00,69674.982,35%,,,,,,,,,,
20/04/2019 01:00,62247.748,31%,,,,,,,,,,
20/04/2019 02:00,54173.092,27%,,,,,,,,,,
20/04/2019 03:00,49049.063,25%,,,,,,,,,,
20/04/2019 04:00,44700.648,22%,,,,,,,,,,
20/04/2019 05:00,38812.105,19%,,,,,,,,,,
20/04/2019 06:00,28939.466,14%,,,,,,,,,,
20/04/2019 07:00,16139.608,8%,,,,,,,,,,
20/04/2019 08:00,9952.24,5%,,,,,,,,,,
20/04/2019 09:00,8767.581,4%,,,,,,,,,,
20/04/2019 10:00,8337.677,4%,,,,,,,,,,
20/04/2019 11:00,7034.941,4%,,,,,,,,,,
20/04/2019 12:00,6172.497,3%,,,,,,,,,,
20/04/2019 13:00,5733.83,3%,,,,,,,,,,
20/04/2019 14:00,5430.132,3%,,,,,,,,,,
20/04/2019 15:00,5171.916,3%,,,,,,,,,,
20/04/2019 16:00,5075.527,3%,,,,,,,,,,
20/04/2019 17:00,5280.3,3%,,,,,,,,,,
20/04/2019 18:00,6801.365,3%,,,,,,,,,,
20/04/2019 19:00,10751.152,5%,,,,,,,,,,
20/04/2019 20:00,19788.126,10%,,,,,,,,,,
20/04/2019 21:00,34396.478,17%,,,,,,,,,,
20/04/2019 22:00,51921.746,26%,,,,,,,,,,
20/04/2019 23:00,66323.232,33%,,,,,,,,,,
21/04/2019 00:00,74080.318,37%,,,,,,,,,,
21/04/2019 01:00,75493.404,38%,,,,,,,,,,
21/04/2019 02:00,72540.614,36%,,,,,,,,,,
21/04/2019 03:00,66732.484,33%,,,,,,,,,,
21/04/2019 04:00,59993.55,30%,,,,,,,,,,
21/04/2019 05:00,53924.29,27%,,,,,,,,,,
21/04/2019 06:00,43461.439,22%,,,,,,,,,,
21/04/2019 07:00,26546.712,13%,,,,,,,,,,
21/04/2019 08:00,16857.092,8%,,,,,,,,,,
21/04/2019 09:00,18556.216,9%,,,,,,,,,,
21/04/2019 10:00,22940.724,11%,,,,,,,,,,
21/04/2019 11:00,24282.2,12%,,,,,,,,,,
21/04/2019 12:00,24332.678,12%,,,,,,,,,,
21/04/2019 13:00,23914.328,12%,,,,,,,,,,
21/04/2019 14:00,23534.541,12%,,,,,,,,,,
21/04/2019 15:00,23545.438,12%,,,,,,,,,,
21/04/2019 16:00,23541.481,12%,,,,,,,,,,
21/04/2019 17:00,24457.042,12%,,,,,,,,,,
21/04/2019 18:00,28660.88,14%,,,,,,,,,,
21/04/2019 19:00,37670.591,19%,,,,,,,,,,
21/04/2019 20:00,45634.513,23%,,,,,,,,,,
21/04/2019 21:00,49313.044,25%,,,,,,,,,,
21/04/2019 22:00,50346.321,25%,,,,,,,,,,
21/04/2019 23:00,52771.906,26%,,,,,,,,,,
22/04/2019 00:00,59381.509,30%,,,,,,,,,,
22/04/2019 01:00,71006.002,36%,,,,,,,,,,
22/04/2019 02:00,83909.253,42%,,,,,,,,,,
22/04/2019 03:00,91108.213,46%,,,,,,,,,,
22/04/2019 04:00,92710.964,46%,,,,,,,,,,
22/04/2019 05:00,88300.076,44%,,,,,,,,,,
22/04/2019 06:00,71780.508,36%,,,,,,,,,,
22/04/2019 07:00,60493.617,30%,,,,,,,,,,
22/04/2019 08:00,60496.485,30%,,,,,,,,,,
22/04/2019 09:00,79012.688,40%,,,,,,,,,,
22/04/2019 10:00,92061.7,46%,,,,,,,,,,
22/04/2019 11:00,95191.688,48%,,,,,,,,,,
22/04/2019 12:00,91329.861,46%,,,,,,,,,,
22/04/2019 13:00,85008.061,43%,,,,,,,,,,
22/04/2019 14:00,79555.623,40%,,,,,,,,,,
22/04/2019 15:00,78493.985,39%,,,,,,,,,,
22/04/2019 16:00,87281.429,44%,,,,,,,,,,
22/04/2019 17:00,106972.577,53%,,,,,,,,,,
22/04/2019 18:00,125379.832,63%,,,,,,,,,,
22/04/2019 19:00,135403.923,68%,,,,,,,,,,
22/04/2019 20:00,124952.748,62%,,,,,,,,,,
22/04/2019 21:00,114901.244,57%,,,,,,,,,,
22/04/2019 22:00,101379.54,51%,,,,,,,,,,
22/04/2019 23:00,87404.305,44%,,,,,,,,,,
23/04/2019 00:00,73383.109,37%,,,,,,,,,,
23/04/2019 01:00,65034.702,33%,,,,,,,,,,
23/04/2019 02:00,61756.41,31%,,,,,,,,,,
23/04/2019 03:00,55825.722,28%,,,,,,,,,,
23/04/2019 04:00,55595.433,28%,,,,,,,,,,
23/04/2019 05:00,60382.751,30%,,,,,,,,,,
23/04/2019 06:00,49730.668,25%,,,,,,,,,,
23/04/2019 07:00,36373.681,18%,,,,,,,,,,
23/04/2019 08:00,42032.731,21%,,,,,,,,,,
23/04/2019 09:00,62826.852,31%,,,,,,,,,,
23/04/2019 10:00,80975.945,40%,,,,,,,,,,
23/04/2019 11:00,93911.752,47%,,,,,,,,,,
23/04/2019 12:00,102290.01,51%,,,,,,,,,,
23/04/2019 13:00,108867.2,54%,,,,,,,,,,
23/04/2019 14:00,111521.924,56%,,,,,,,,,,
23/04/2019 15:00,107678.522,54%,,,,,,,,,,
23/04/2019 16:00,103158.653,52%,,,,,,,,,,
23/04/2019 17:00,101110.148,51%,,,,,,,,,,
23/04/2019 18:00,103287.933,52%,,,,,,,,,,
23/04/2019 19:00,106972.643,53%,,,,,,,,,,
23/04/2019 20:00,102266.396,51%,,,,,,,,,,
23/04/2019 21:00,90778.707,45%,,,,,,,,,,
23/04/2019 22:00,80609.68,40%,,,,,,,,,,
23/04/2019 23:00,73379.271,37%,,,,,,,,,,
24/04/2019 00:00,68219.826,34%,,,,,,,,,,
24/04/2019 01:00,64085.72,32%,,,,,,,,,,
24/04/2019 02:00,62096.47,31%,,,,,,,,,,
24/04/2019 03:00,60324.428,30%,,,,,,,,,,
24/04/2019 04:00,56552.312,28%,,,,,,,,,,
24/04/2019 05:00,57784.036,29%,,,,,,,,,,
24/04/2019 06:00,54401.228,27%,,,,,,,,,,
24/04/2019 07:00,61104.991,31%,,,,,,,,,,
24/04/2019 08:00,64348.893,32%,,,,,,,,,,
24/04/2019 09:00,67374.31,34%,,,,,,,,,,
24/04/2019 10:00,73735.458,37%,,,,,,,,,,
24/04/2019 11:00,80371.641,40%,,,,,,,,,,
24/04/2019 12:00,85759.255,43%,,,,,,,,,,
24/04/2019 13:00,89451.647,45%,,,,,,,,,,
24/04/2019 14:00,85859.106,43%,,,,,,,,,,
24/04/2019 15:00,69531.78,35%,,,,,,,,,,
24/04/2019 16:00,71983.328,36%,,,,,,,,,,
24/04/2019 17:00,107118.311,54%,,,,,,,,,,
24/04/2019 18:00,110010.129,55%,,,,,,,,,,
24/04/2019 19:00,77669.918,39%,,,,,,,,,,
24/04/2019 20:00,57014.244,29%,,,,,,,,,,
24/04/2019 21:00,64543.967,32%,,,,,,,,,,
24/04/2019 22:00,73475.725,37%,,,,,,,,,,
24/04/2019 23:00,70475.348,35%,,,,,,,,,,
25/04/2019 00:00,65029.309,33%,,,,,,,,,,
25/04/2019 01:00,61748.151,31%,,,,,,,,,,
25/04/2019 02:00,64575.41,32%,,,,,,,,,,
25/04/2019 03:00,65780.624,33%,,,,,,,,,,
25/04/2019 04:00,57898.706,29%,,,,,,,,,,
25/04/2019 05:00,60987.806,30%,,,,,,,,,,
25/04/2019 06:00,70478.046,35%,,,,,,,,,,
25/04/2019 07:00,100142.94,50%,,,,,,,,,,
25/04/2019 08:00,119970.227,60%,,,,,,,,,,
25/04/2019 09:00,136503.112,68%,,,,,,,,,,
25/04/2019 10:00,137582.797,69%,,,,,,,,,,
25/04/2019 11:00,128812.12,64%,,,,,,,,,,
25/04/2019 12:00,118437.449,59%,,,,,,,,,,
25/04/2019 13:00,110483.016,55%,,,,,,,,,,
25/04/2019 14:00,99593.092,50%,,,,,,,,,,
25/04/2019 15:00,89166.149,45%,,,,,,,,,,
25/04/2019 16:00,78121.411,39%,,,,,,,,,,
25/04/2019 17:00,73380.127,37%,,,,,,,,,,
25/04/2019 18:00,73387.823,37%,,,,,,,,,,
25/04/2019 19:00,77514.737,39%,,,,,,,,,,
25/04/2019 20:00,80391.404,40%,,,,,,,,,,
25/04/2019 21:00,80099.533,40%,,,,,,,,,,
25/04/2019 22:00,85668.607,43%,,,,,,,,,,
25/04/2019 23:00,92724.73,46%,,,,,,,,,,
26/04/2019 00:00,95740.378,48%,,,,,,,,,,
26/04/2019 01:00,100145.1,50%,,,,,,,,,,
26/04/2019 02:00,106972.991,53%,,,,,,,,,,
26/04/2019 03:00,111287.998,56%,,,,,,,,,,
26/04/2019 04:00,102063.227,51%,,,,,,,,,,
26/04/2019 05:00,92706.355,46%,,,,,,,,,,
26/04/2019 06:00,93101.07,47%,,,,,,,,,,
26/04/2019 07:00,107203.328,54%,,,,,,,,,,
26/04/2019 08:00,127923.596,64%,,,,,,,,,,
26/04/2019 09:00,140300.563,70%,,,,,,,,,,
26/04/2019 10:00,142056.806,71%,,,,,,,,,,
26/04/2019 11:00,135953.027,68%,,,,,,,,,,
26/04/2019 12:00,129620.616,65%,,,,,,,,,,
26/04/2019 13:00,123787.411,62%,,,,,,,,,,
26/04/2019 14:00,116598.743,58%,,,,,,,,,,
26/04/2019 15:00,118415.055,59%,,,,,,,,,,
26/04/2019 16:00,114752.189,57%,,,,,,,,,,
26/04/2019 17:00,115924.259,58%,,,,,,,,,,
26/04/2019 18:00,129599.132,65%,,,,,,,,,,
26/04/2019 19:00,153337.257,77%,,,,,,,,,,
26/04/2019 20:00,166485.368,83%,,,,,,,,,,
26/04/2019 21:00,169073.25,85%,,,,,,,,,,
26/04/2019 22:00,174233.46,87%,,,,,,,,,,
26/04/2019 23:00,175967.524,88%,,,,,,,,,,
27/04/2019 00:00,174986.366,87%,,,,,,,,,,
27/04/2019 01:00,162705.954,81%,,,,,,,,,,
27/04/2019 02:00,128300.319,64%,,,,,,,,,,
27/04/2019 03:00,104088.703,52%,,,,,,,,,,
27/04/2019 04:00,128043.664,64%,,,,,,,,,,
27/04/2019 05:00,168058.83,84%,,,,,,,,,,
27/04/2019 06:00,186453.32,93%,,,,,,,,,,
27/04/2019 07:00,193314.751,97%,,,,,,,,,,
27/04/2019 08:00,195077.402,98%,,,,,,,,,,
27/04/2019 09:00,194797.979,97%,,,,,,,,,,
27/04/2019 10:00,193724.87,97%,,,,,,,,,,
27/04/2019 11:00,192463.852,96%,,,,,,,,,,
27/04/2019 12:00,190992.178,95%,,,,,,,,,,
27/04/2019 13:00,190010.986,95%,,,,,,,,,,
27/04/2019 14:00,188063.912,94%,,,,,,,,,,
27/04/2019 15:00,185504.477,93%,,,,,,,,,,
27/04/2019 16:00,183305.838,92%,,,,,,,,,,
27/04/2019 17:00,182103.117,91%,,,,,,,,,,
27/04/2019 18:00,182340.099,91%,,,,,,,,,,
27/04/2019 19:00,181269.722,91%,,,,,,,,,,
27/04/2019 20:00,181463.994,91%,,,,,,,,,,
27/04/2019 21:00,183137.817,92%,,,,,,,,,,
27/04/2019 22:00,183340.191,92%,,,,,,,,,,
27/04/2019 23:00,179468.15,90%,,,,,,,,,,
28/04/2019 00:00,168194.816,84%,,,,,,,,,,
28/04/2019 01:00,151141.261,76%,,,,,,,,,,
28/04/2019 02:00,131641.251,66%,,,,,,,,,,
28/04/2019 03:00,111686.836,56%,,,,,,,,,,
28/04/2019 04:00,99886.183,50%,,,,,,,,,,
28/04/2019 05:00,82773.223,41%,,,,,,,,,,
28/04/2019 06:00,65388.68,33%,,,,,,,,,,
28/04/2019 07:00,55447.833,28%,,,,,,,,,,
28/04/2019 08:00,45696.845,23%,,,,,,,,,,
28/04/2019 09:00,33217.619,17%,,,,,,,,,,
28/04/2019 10:00,24636.949,12%,,,,,,,,,,
28/04/2019 11:00,22142.04,11%,,,,,,,,,,
28/04/2019 12:00,22470.718,11%,,,,,,,,,,
28/04/2019 13:00,22466.665,11%,,,,,,,,,,
28/04/2019 14:00,19420.017,10%,,,,,,,,,,
28/04/2019 15:00,16898.114,8%,,,,,,,,,,
28/04/2019 16:00,14872.103,7%,,,,,,,,,,
28/04/2019 17:00,13442.691,7%,,,,,,,,,,
28/04/2019 18:00,13139.231,7%,,,,,,,,,,
28/04/2019 19:00,12688.865,6%,,,,,,,,,,
28/04/2019 20:00,11317.27,6%,,,,,,,,,,
28/04/2019 21:00,8287.96,4%,,,,,,,,,,
28/04/2019 22:00,5277.328,3%,,,,,,,,,,
28/04/2019 23:00,3011.086,2%,,,,,,,,,,
29/04/2019 00:00,2075.837,1%,,,,,,,,,,
29/04/2019 01:00,3031.149,2%,,,,,,,,,,
29/04/2019 02:00,6645.571,3%,,,,,,,,,,
29/04/2019 03:00,11554.857,6%,,,,,,,,,,
29/04/2019 04:00,16364.093,8%,,,,,,,,,,
29/04/2019 05:00,18131.895,9%,,,,,,,,,,
29/04/2019 06:00,17879.322,9%,,,,,,,,,,
29/04/2019 07:00,22464.141,11%,,,,,,,,,,
29/04/2019 08:00,27740.813,14%,,,,,,,,,,
29/04/2019 09:00,28798.39,14%,,,,,,,,,,
29/04/2019 10:00,27954.962,14%,,,,,,,,,,
29/04/2019 11:00,27464.616,14%,,,,,,,,,,
29/04/2019 12:00,28171.296,14%,,,,,,,,,,
29/04/2019 13:00,29351.327,15%,,,,,,,,,,
29/04/2019 14:00,30624.472,15%,,,,,,,,,,
29/04/2019 15:00,31919.339,16%,,,,,,,,,,
29/04/2019 16:00,31892.129,16%,,,,,,,,,,
29/04/2019 17:00,30234.479,15%,,,,,,,,,,
29/04/2019 18:00,33485.23,17%,,,,,,,,,,
29/04/2019 19:00,47972.666,24%,,,,,,,,,,
29/04/2019 20:00,64470.542,32%,,,,,,,,,,
29/04/2019 21:00,72541.407,36%,,,,,,,,,,
29/04/2019 22:00,74600.342,37%,,,,,,,,,,
29/04/2019 23:00,71676.36,36%,,,,,,,,,,
30/04/2019 00:00,64173.547,32%,,,,,,,,,,
30/04/2019 01:00,59593.117,30%,,,,,,,,,,
30/04/2019 02:00,54766.27,27%,,,,,,,,,,
30/04/2019 03:00,48232.784,24%,,,,,,,,,,
30/04/2019 04:00,43541.954,22%,,,,,,,,,,
30/04/2019 05:00,38344.376,19%,,,,,,,,,,
30/04/2019 06:00,30333.385,15%,,,,,,,,,,
30/04/2019 07:00,24014.997,12%,,,,,,,,,,
30/04/2019 08:00,17735.914,9%,,,,,,,,,,
30/04/2019 09:00,13937.122,7%,,,,,,,,,,
30/04/2019 10:00,12531.188,6%,,,,,,,,,,
30/04/2019 11:00,11974.476,6%,,,,,,,,,,
30/04/2019 12:00,11947.25,6%,,,,,,,,,,
30/04/2019 13:00,12343.68,6%,,,,,,,,,,
30/04/2019 14:00,12132.625,6%,,,,,,,,,,
30/04/2019 15:00,11083.694,6%,,,,,,,,,,
30/04/2019 16:00,9104.625,5%,,,,,,,,,,
30/04/2019 17:00,7224.229,4%,,,,,,,,,,
30/04/2019 18:00,5007.681,3%,,,,,,,,,,
30/04/2019 19:00,3218.921,2%,,,,,,,,,,
30/04/2019 20:00,2196.093,1%,,,,,,,,,,
30/04/2019 21:00,2473.438,1%,,,,,,,,,,
30/04/2019 22:00,3270.8,2%,,,,,,,,,,
30/04/2019 23:00,3662.28,2%,,,,,,,,,,
01/05/2019 00:00,3391.521,2%,,,,,,,,,,
01/05/2019 01:00,2646.127,1%,,,,,,,,,,
01/05/2019 02:00,1919.797,1%,,,,,,,,,,
01/05/2019 03:00,1363.586,1%,,,,,,,,,,
01/05/2019 04:00,957.454,0%,,,,,,,,,,
01/05/2019 05:00,824.442,0%,,,,,,,,,,
01/05/2019 06:00,811.293,0%,,,,,,,,,,
01/05/2019 07:00,1316.191,1%,,,,,,,,,,
01/05/2019 08:00,3246.908,2%,,,,,,,,,,
01/05/2019 09:00,5588.21,3%,,,,,,,,,,
01/05/2019 10:00,9245.213,5%,,,,,,,,,,
01/05/2019 11:00,13251.695,7%,,,,,,,,,,
01/05/2019 12:00,16006.559,8%,,,,,,,,,,
01/05/2019 13:00,18594.192,9%,,,,,,,,,,
01/05/2019 14:00,21085.957,11%,,,,,,,,,,
01/05/2019 15:00,22107.477,11%,,,,,,,,,,
01/05/2019 16:00,22466.902,11%,,,,,,,,,,
01/05/2019 17:00,24247.484,12%,,,,,,,,,,
01/05/2019 18:00,26653.11,13%,,,,,,,,,,
01/05/2019 19:00,33480.375,17%,,,,,,,,,,
01/05/2019 20:00,39844.21,20%,,,,,,,,,,
01/05/2019 21:00,43784.136,22%,,,,,,,,,,
01/05/2019 22:00,45487.941,23%,,,,,,,,,,
01/05/2019 23:00,49048.046,25%,,,,,,,,,,
02/05/2019 00:00,54400.074,27%,,,,,,,,,,
02/05/2019 01:00,59994.963,30%,,,,,,,,,,
02/05/2019 02:00,63444.815,32%,,,,,,,,,,
02/05/2019 03:00,65375.538,33%,,,,,,,,,,
02/05/2019 04:00,63123.174,32%,,,,,,,,,,
02/05/2019 05:00,55303.293,28%,,,,,,,,,,
02/05/2019 06:00,52179.741,26%,,,,,,,,,,
02/05/2019 07:00,58765.424,29%,,,,,,,,,,
02/05/2019 08:00,63102.645,32%,,,,,,,,,,
02/05/2019 09:00,67281.828,34%,,,,,,,,,,
02/05/2019 10:00,72319.414,36%,,,,,,,,,,
02/05/2019 11:00,77668,39%,,,,,,,,,,
02/05/2019 12:00,78930.398,39%,,,,,,,,,,
02/05/2019 13:00,76456.507,38%,,,,,,,,,,
02/05/2019 14:00,72327.424,36%,,,,,,,,,,
02/05/2019 15:00,68695.883,34%,,,,,,,,,,
02/05/2019 16:00,62519.458,31%,,,,,,,,,,
02/05/2019 17:00,51816.797,26%,,,,,,,,,,
02/05/2019 18:00,36027.673,18%,,,,,,,,,,
02/05/2019 19:00,29321.227,15%,,,,,,,,,,
02/05/2019 20:00,25266.977,13%,,,,,,,,,,
02/05/2019 21:00,17704.954,9%,,,,,,,,,,
02/05/2019 22:00,10490.13,5%,,,,,,,,,,
02/05/2019 23:00,6182.458,3%,,,,,,,,,,
03/05/2019 00:00,3391.32,2%,,,,,,,,,,
03/05/2019 01:00,2420.503,1%,,,,,,,,,,
03/05/2019 02:00,5953.365,3%,,,,,,,,,,
03/05/2019 03:00,7973.663,4%,,,,,,,,,,
03/05/2019 04:00,4992.726,2%,,,,,,,,,,
03/05/2019 05:00,3173.314,2%,,,,,,,,,,
03/05/2019 06:00,2943.666,1%,,,,,,,,,,
03/05/2019 07:00,3143.594,2%,,,,,,,,,,
03/05/2019 08:00,10061.489,5%,,,,,,,,,,
03/05/2019 09:00,18674.987,9%,,,,,,,,,,
03/05/2019 10:00,23393.343,12%,,,,,,,,,,
03/05/2019 11:00,27210.003,14%,,,,,,,,,,
03/05/2019 12:00,35186.27,18%,,,,,,,,,,
03/05/2019 13:00,46869.344,23%,,,,,,,,,,
03/05/2019 14:00,59221.71,30%,,,,,,,,,,
03/05/2019 15:00,65544.409,33%,,,,,,,,,,
03/05/2019 16:00,65545.589,33%,,,,,,,,,,
03/05/2019 17:00,56023.307,28%,,,,,,,,,,
03/05/2019 18:00,39315.172,20%,,,,,,,,,,
03/05/2019 19:00,25635.786,13%,,,,,,,,,,
03/05/2019 20:00,16846.269,8%,,,,,,,,,,
03/05/2019 21:00,12484.025,6%,,,,,,,,,,
03/05/2019 22:00,16815.481,8%,,,,,,,,,,
03/05/2019 23:00,28143.72,14%,,,,,,,,,,
04/05/2019 00:00,41790.507,21%,,,,,,,,,,
04/05/2019 01:00,51274.079,26%,,,,,,,,,,
04/05/2019 02:00,53035.183,27%,,,,,,,,,,
04/05/2019 03:00,54402.685,27%,,,,,,,,,,
04/05/2019 04:00,63504.241,32%,,,,,,,,,,
04/05/2019 05:00,69382.444,35%,,,,,,,,,,
04/05/2019 06:00,77337.306,39%,,,,,,,,,,
04/05/2019 07:00,98221.159,49%,,,,,,,,,,
04/05/2019 08:00,100064.382,50%,,,,,,,,,,
04/05/2019 09:00,99107.26,50%,,,,,,,,,,
04/05/2019 10:00,94346.609,47%,,,,,,,,,,
04/05/2019 11:00,92657.978,46%,,,,,,,,,,
04/05/2019 12:00,93226.483,47%,,,,,,,,,,
04/05/2019 13:00,91332.029,46%,,,,,,,,,,
04/05/2019 14:00,88301.835,44%,,,,,,,,,,
04/05/2019 15:00,86380.353,43%,,,,,,,,,,
04/05/2019 16:00,85010.366,43%,,,,,,,,,,
04/05/2019 17:00,77840.484,39%,,,,,,,,,,
04/05/2019 18:00,63066.482,32%,,,,,,,,,,
04/05/2019 19:00,57511.204,29%,,,,,,,,,,
04/05/2019 20:00,50198.077,25%,,,,,,,,,,
04/05/2019 21:00,39189.846,20%,,,,,,,,,,
04/05/2019 22:00,28279.307,14%,,,,,,,,,,
04/05/2019 23:00,18565.084,9%,,,,,,,,,,
05/05/2019 00:00,11457.977,6%,,,,,,,,,,
05/05/2019 01:00,6971.231,3%,,,,,,,,,,
05/05/2019 02:00,4979.334,2%,,,,,,,,,,
05/05/2019 03:00,4119.695,2%,,,,,,,,,,
05/05/2019 04:00,4002.629,2%,,,,,,,,,,
05/05/2019 05:00,4885.21,2%,,,,,,,,,,
05/05/2019 06:00,7254.381,4%,,,,,,,,,,
05/05/2019 07:00,12215.419,6%,,,,,,,,,,
05/05/2019 08:00,20038.19,10%,,,,,,,,,,
05/05/2019 09:00,29182.118,15%,,,,,,,,,,
05/05/2019 10:00,40175.531,20%,,,,,,,,,,
05/05/2019 11:00,51630.605,26%,,,,,,,,,,
05/05/2019 12:00,61921.732,31%,,,,,,,,,,
05/05/2019 13:00,68270.993,34%,,,,,,,,,,
05/05/2019 14:00,70700.633,35%,,,,,,,,,,
05/05/2019 15:00,69756.051,35%,,,,,,,,,,
05/05/2019 16:00,67352.853,34%,,,,,,,,,,
05/05/2019 17:00,64525.572,32%,,,,,,,,,,
05/05/2019 18:00,58522.168,29%,,,,,,,,,,
05/05/2019 19:00,57129.441,29%,,,,,,,,,,
05/05/2019 20:00,58547.443,29%,,,,,,,,,,
05/05/2019 21:00,60607.049,30%,,,,,,,,,,
05/05/2019 22:00,65550.518,33%,,,,,,,,,,
05/05/2019 23:00,70475.433,35%,,,,,,,,,,
06/05/2019 00:00,73387.944,37%,,,,,,,,,,
06/05/2019 01:00,72639.025,36%,,,,,,,,,,
06/05/2019 02:00,72280.568,36%,,,,,,,,,,
06/05/2019 03:00,69373.532,35%,,,,,,,,,,
06/05/2019 04:00,64386.035,32%,,,,,,,,,,
06/05/2019 05:00,59134.096,30%,,,,,,,,,,
06/05/2019 06:00,49146.373,25%,,,,,,,,,,
06/05/2019 07:00,51525.559,26%,,,,,,,,,,
06/05/2019 08:00,47267.269,24%,,,,,,,,,,
06/05/2019 09:00,44608.751,22%,,,,,,,,,,
06/05/2019 10:00,45130.806,23%,,,,,,,,,,
06/05/2019 11:00,46586.158,23%,,,,,,,,,,
06/05/2019 12:00,47303.466,24%,,,,,,,,,,
06/05/2019 13:00,46135.861,23%,,,,,,,,,,
06/05/2019 14:00,42485.873,21%,,,,,,,,,,
06/05/2019 15:00,37704.457,19%,,,,,,,,,,
06/05/2019 16:00,31223.299,16%,,,,,,,,,,
06/05/2019 17:00,23539.568,12%,,,,,,,,,,
06/05/2019 18:00,16399.112,8%,,,,,,,,,,
06/05/2019 19:00,11822.151,6%,,,,,,,,,,
06/05/2019 20:00,7405.146,4%,,,,,,,,,,
06/05/2019 21:00,4320.286,2%,,,,,,,,,,
06/05/2019 22:00,3960.581,2%,,,,,,,,,,
06/05/2019 23:00,6044.643,3%,,,,,,,,,,
07/05/2019 00:00,8159.901,4%,,,,,,,,,,
07/05/2019 01:00,8925.096,4%,,,,,,,,,,
07/05/2019 02:00,9131.113,5%,,,,,,,,,,
07/05/2019 03:00,9251.335,5%,,,,,,,,,,
07/05/2019 04:00,9605.583,5%,,,,,,,,,,
07/05/2019 05:00,11723.043,6%,,,,,,,,,,
07/05/2019 06:00,13797.573,7%,,,,,,,,,,
07/05/2019 07:00,13968.613,7%,,,,,,,,,,
07/05/2019 08:00,14583.216,7%,,,,,,,,,,
07/05/2019 09:00,13589.535,7%,,,,,,,,,,
07/05/2019 10:00,11361.685,6%,,,,,,,,,,
07/05/2019 11:00,9382.65,5%,,,,,,,,,,
07/05/2019 12:00,8237.919,4%,,,,,,,,,,
07/05/2019 13:00,7882.681,4%,,,,,,,,,,
07/05/2019 14:00,8523.663,4%,,,,,,,,,,
07/05/2019 15:00,10961.822,5%,,,,,,,,,,
07/05/2019 16:00,14560.164,7%,,,,,,,,,,
07/05/2019 17:00,19627.607,10%,,,,,,,,,,
07/05/2019 18:00,31677.188,16%,,,,,,,,,,
07/05/2019 19:00,59389.69,30%,,,,,,,,,,
07/05/2019 20:00,89546.999,45%,,,,,,,,,,
07/05/2019 21:00,93768.186,47%,,,,,,,,,,
07/05/2019 22:00,90046.098,45%,,,,,,,,,,
07/05/2019 23:00,88459.38,44%,,,,,,,,,,
08/05/2019 00:00,84962.404,42%,,,,,,,,,,
08/05/2019 01:00,81547.765,41%,,,,,,,,,,
08/05/2019 02:00,82844.926,41%,,,,,,,,,,
08/05/2019 03:00,85007.973,43%,,,,,,,,,,
08/05/2019 04:00,87490.685,44%,,,,,,,,,,
08/05/2019 05:00,94749.392,47%,,,,,,,,,,
08/05/2019 06:00,123572.925,62%,,,,,,,,,,
08/05/2019 07:00,139591.659,70%,,,,,,,,,,
08/05/2019 08:00,148818.357,74%,,,,,,,,,,
08/05/2019 09:00,155224.866,78%,,,,,,,,,,
08/05/2019 10:00,152312.719,76%,,,,,,,,,,
08/05/2019 11:00,141744.841,71%,,,,,,,,,,
08/05/2019 12:00,127090.595,64%,,,,,,,,,,
08/05/2019 13:00,105515.959,53%,,,,,,,,,,
08/05/2019 14:00,83136.909,42%,,,,,,,,,,
08/05/2019 15:00,70775.822,35%,,,,,,,,,,
08/05/2019 16:00,66833.255,33%,,,,,,,,,,
08/05/2019 17:00,65549.211,33%,,,,,,,,,,
08/05/2019 18:00,63002.22,32%,,,,,,,,,,
08/05/2019 19:00,68267.136,34%,,,,,,,,,,
08/05/2019 20:00,73664.618,37%,,,,,,,,,,
08/05/2019 21:00,76283.084,38%,,,,,,,,,,
08/05/2019 22:00,79368.79,40%,,,,,,,,,,
08/05/2019 23:00,82974.777,41%,,,,,,,,,,
09/05/2019 00:00,80461.611,40%,,,,,,,,,,
09/05/2019 01:00,76292.517,38%,,,,,,,,,,
09/05/2019 02:00,70025.522,35%,,,,,,,,,,
09/05/2019 03:00,68641.71,34%,,,,,,,,,,
09/05/2019 04:00,63245.527,32%,,,,,,,,,,
09/05/2019 05:00,53607.623,27%,,,,,,,,,,
09/05/2019 06:00,45573.845,23%,,,,,,,,,,
09/05/2019 07:00,52749.488,26%,,,,,,,,,,
09/05/2019 08:00,63066.735,32%,,,,,,,,,,
09/05/2019 09:00,63084.407,32%,,,,,,,,,,
09/05/2019 10:00,55314.604,28%,,,,,,,,,,
09/05/2019 11:00,44612.438,22%,,,,,,,,,,
09/05/2019 12:00,34951.099,17%,,,,,,,,,,
09/05/2019 13:00,28034.472,14%,,,,,,,,,,
09/05/2019 14:00,22888.511,11%,,,,,,,,,,
09/05/2019 15:00,18826.102,9%,,,,,,,,,,
09/05/2019 16:00,15686.341,8%,,,,,,,,,,
09/05/2019 17:00,14233.743,7%,,,,,,,,,,
09/05/2019 18:00,14721.001,7%,,,,,,,,,,
09/05/2019 19:00,18900.832,9%,,,,,,,,,,
09/05/2019 20:00,25548.121,13%,,,,,,,,,,
09/05/2019 21:00,31085.038,16%,,,,,,,,,,
09/05/2019 22:00,34436.524,17%,,,,,,,,,,
09/05/2019 23:00,36216.178,18%,,,,,,,,,,
10/05/2019 00:00,36621.72,18%,,,,,,,,,,
10/05/2019 01:00,36006.067,18%,,,,,,,,,,
10/05/2019 02:00,35773.147,18%,,,,,,,,,,
10/05/2019 03:00,34335.641,17%,,,,,,,,,,
10/05/2019 04:00,34061.193,17%,,,,,,,,,,
10/05/2019 05:00,32348.631,16%,,,,,,,,,,
10/05/2019 06:00,27407.424,14%,,,,,,,,,,
10/05/2019 07:00,24383.102,12%,,,,,,,,,,
10/05/2019 08:00,20429.896,10%,,,,,,,,,,
10/05/2019 09:00,15489.474,8%,,,,,,,,,,
10/05/2019 10:00,11207.227,6%,,,,,,,,,,
10/05/2019 11:00,9173.791,5%,,,,,,,,,,
10/05/2019 12:00,8077.524,4%,,,,,,,,,,
10/05/2019 13:00,6352.238,3%,,,,,,,,,,
10/05/2019 14:00,4417.259,2%,,,,,,,,,,
10/05/2019 15:00,2716.636,1%,,,,,,,,,,
10/05/2019 16:00,1811.374,1%,,,,,,,,,,
10/05/2019 17:00,1229.261,1%,,,,,,,,,,
10/05/2019 18:00,1231.379,1%,,,,,,,,,,
10/05/2019 19:00,2623.943,1%,,,,,,,,,,
10/05/2019 20:00,4447.098,2%,,,,,,,,,,
10/05/2019 21:00,4502.692,2%,,,,,,,,,,
10/05/2019 22:00,3396.389,2%,,,,,,,,,,
10/05/2019 23:00,2477.53,1%,,,,,,,,,,
11/05/2019 00:00,2478.317,1%,,,,,,,,,,
11/05/2019 01:00,3770.042,2%,,,,,,,,,,
11/05/2019 02:00,7478.518,4%,,,,,,,,,,
11/05/2019 03:00,11561.161,6%,,,,,,,,,,
11/05/2019 04:00,15420.345,8%,,,,,,,,,,
11/05/2019 05:00,17782.548,9%,,,,,,,,,,
11/05/2019 06:00,17233.362,9%,,,,,,,,,,
11/05/2019 07:00,21483.463,11%,,,,,,,,,,
11/05/2019 08:00,27973.274,14%,,,,,,,,,,
11/05/2019 09:00,34138.239,17%,,,,,,,,,,
11/05/2019 10:00,42736.15,21%,,,,,,,,,,
11/05/2019 11:00,52905.724,26%,,,,,,,,,,
11/05/2019 12:00,61826.558,31%,,,,,,,,,,
11/05/2019 13:00,65441.678,33%,,,,,,,,,,
11/05/2019 14:00,66835.433,33%,,,,,,,,,,
11/05/2019 15:00,68977.552,34%,,,,,,,,,,
11/05/2019 16:00,69670.729,35%,,,,,,,,,,
11/05/2019 17:00,67443.104,34%,,,,,,,,,,
11/05/2019 18:00,61375.297,31%,,,,,,,,,,
11/05/2019 19:00,62145.284,31%,,,,,,,,,,
11/05/2019 20:00,66022.849,33%,,,,,,,,,,
11/05/2019 21:00,62360.346,31%,,,,,,,,,,
11/05/2019 22:00,59180.258,30%,,,,,,,,,,
11/05/2019 23:00,53302.336,27%,,,,,,,,,,
12/05/2019 00:00,46887.203,23%,,,,,,,,,,
12/05/2019 01:00,40580.6,20%,,,,,,,,,,
12/05/2019 02:00,35053.088,18%,,,,,,,,,,
12/05/2019 03:00,28335.193,14%,,,,,,,,,,
12/05/2019 04:00,22289.414,11%,,,,,,,,,,
12/05/2019 05:00,16937.621,8%,,,,,,,,,,
12/05/2019 06:00,10814.753,5%,,,,,,,,,,
12/05/2019 07:00,5928.133,3%,,,,,,,,,,
12/05/2019 08:00,2823.884,1%,,,,,,,,,,
12/05/2019 09:00,1136.617,1%,,,,,,,,,,
12/05/2019 10:00,924.729,0%,,,,,,,,,,
12/05/2019 11:00,1713.379,1%,,,,,,,,,,
12/05/2019 12:00,2496.184,1%,,,,,,,,,,
12/05/2019 13:00,3097.529,2%,,,,,,,,,,
12/05/2019 14:00,3453.132,2%,,,,,,,,,,
12/05/2019 15:00,3583.312,2%,,,,,,,,,,
12/05/2019 16:00,3266.331,2%,,,,,,,,,,
12/05/2019 17:00,2529.313,1%,,,,,,,,,,
12/05/2019 18:00,2376.56,1%,,,,,,,,,,
12/05/2019 19:00,3846.615,2%,,,,,,,,,,
12/05/2019 20:00,8041.971,4%,,,,,,,,,,
12/05/2019 21:00,14584.72,7%,,,,,,,,,,
12/05/2019 22:00,23602.401,12%,,,,,,,,,,
12/05/2019 23:00,37890.57,19%,,,,,,,,,,
13/05/2019 00:00,54557.097,27%,,,,,,,,,,
13/05/2019 01:00,63708.352,32%,,,,,,,,,,
13/05/2019 02:00,66833.386,33%,,,,,,,,,,
13/05/2019 03:00,62991.539,31%,,,,,,,,,,
13/05/2019 04:00,54884.562,27%,,,,,,,,,,
13/05/2019 05:00,45043.897,23%,,,,,,,,,,
13/05/2019 06:00,27507.742,14%,,,,,,,,,,
13/05/2019 07:00,18862.217,9%,,,,,,,,,,
13/05/2019 08:00,12578.566,6%,,,,,,,,,,
13/05/2019 09:00,4981.421,2%,,,,,,,,,,
13/05/2019 10:00,2813.876,1%,,,,,,,,,,
13/05/2019 11:00,2670.682,1%,,,,,,,,,,
13/05/2019 12:00,2477.807,1%,,,,,,,,,,
13/05/2019 13:00,2196.36,1%,,,,,,,,,,
13/05/2019 14:00,2944.291,1%,,,,,,,,,,
13/05/2019 15:00,5242.825,3%,,,,,,,,,,
13/05/2019 16:00,7052.312,4%,,,,,,,,,,
13/05/2019 17:00,6777.026,3%,,,,,,,,,,
13/05/2019 18:00,6258.139,3%,,,,,,,,,,
13/05/2019 19:00,7227.161,4%,,,,,,,,,,
13/05/2019 20:00,12770.732,6%,,,,,,,,,,
13/05/2019 21:00,22354.332,11%,,,,,,,,,,
13/05/2019 22:00,36344.777,18%,,,,,,,,,,
13/05/2019 23:00,52992.674,26%,,,,,,,,,,
14/05/2019 00:00,63506.716,32%,,,,,,,,,,
14/05/2019 01:00,64893.697,32%,,,,,,,,,,
14/05/2019 02:00,60414.385,30%,,,,,,,,,,
14/05/2019 03:00,52940.26,26%,,,,,,,,,,
14/05/2019 04:00,45488.439,23%,,,,,,,,,,
14/05/2019 05:00,37314.137,19%,,,,,,,,,,
14/05/2019 06:00,24609.257,12%,,,,,,,,,,
14/05/2019 07:00,21894.16,11%,,,,,,,,,,
14/05/2019 08:00,32400.794,16%,,,,,,,,,,
14/05/2019 09:00,41328.637,21%,,,,,,,,,,
14/05/2019 10:00,47048.336,24%,,,,,,,,,,
14/05/2019 11:00,45045.883,23%,,,,,,,,,,
14/05/2019 12:00,39858.042,20%,,,,,,,,,,
14/05/2019 13:00,36103.757,18%,,,,,,,,,,
14/05/2019 14:00,35152.34,18%,,,,,,,,,,
14/05/2019 15:00,34164.078,17%,,,,,,,,,,
14/05/2019 16:00,32228.911,16%,,,,,,,,,,
14/05/2019 17:00,29535.311,15%,,,,,,,,,,
14/05/2019 18:00,29439.747,15%,,,,,,,,,,
14/05/2019 19:00,37195.138,19%,,,,,,,,,,
14/05/2019 20:00,47644.701,24%,,,,,,,,,,
14/05/2019 21:00,57984.678,29%,,,,,,,,,,
14/05/2019 22:00,68129.12,34%,,,,,,,,,,
14/05/2019 23:00,75783.361,38%,,,,,,,,,,
15/05/2019 00:00,77127.282,39%,,,,,,,,,,
15/05/2019 01:00,74298.794,37%,,,,,,,,,,
15/05/2019 02:00,69688.803,35%,,,,,,,,,,
15/05/2019 03:00,64221.813,32%,,,,,,,,,,
15/05/2019 04:00,57774.406,29%,,,,,,,,,,
15/05/2019 05:00,44037.634,22%,,,,,,,,,,
15/05/2019 06:00,25015.074,13%,,,,,,,,,,
15/05/2019 07:00,22726.609,11%,,,,,,,,,,
15/05/2019 08:00,22132.467,11%,,,,,,,,,,
15/05/2019 09:00,23853.568,12%,,,,,,,,,,
15/05/2019 10:00,25972.255,13%,,,,,,,,,,
15/05/2019 11:00,25933.334,13%,,,,,,,,,,
15/05/2019 12:00,23327.439,12%,,,,,,,,,,
15/05/2019 13:00,20252.378,10%,,,,,,,,,,
15/05/2019 14:00,19106.846,10%,,,,,,,,,,
15/05/2019 15:00,19917.378,10%,,,,,,,,,,
15/05/2019 16:00,21085.328,11%,,,,,,,,,,
15/05/2019 17:00,22466.109,11%,,,,,,,,,,
15/05/2019 18:00,25984.337,13%,,,,,,,,,,
15/05/2019 19:00,40898.739,20%,,,,,,,,,,
15/05/2019 20:00,72323.079,36%,,,,,,,,,,
15/05/2019 21:00,92443.994,46%,,,,,,,,,,
15/05/2019 22:00,86392.981,43%,,,,,,,,,,
15/05/2019 23:00,76765.851,38%,,,,,,,,,,
16/05/2019 00:00,72078.971,36%,,,,,,,,,,
16/05/2019 01:00,69437.85,35%,,,,,,,,,,
16/05/2019 02:00,68487.697,34%,,,,,,,,,,
16/05/2019 03:00,67349.436,34%,,,,,,,,,,
16/05/2019 04:00,66829.727,33%,,,,,,,,,,
16/05/2019 05:00,57877.957,29%,,,,,,,,,,
16/05/2019 06:00,53578.657,27%,,,,,,,,,,
16/05/2019 07:00,65550.366,33%,,,,,,,,,,
16/05/2019 08:00,72135.711,36%,,,,,,,,,,
16/05/2019 09:00,77128.846,39%,,,,,,,,,,
16/05/2019 10:00,80221.146,40%,,,,,,,,,,
16/05/2019 11:00,80101.731,40%,,,,,,,,,,
16/05/2019 12:00,77661.829,39%,,,,,,,,,,
16/05/2019 13:00,74340.133,37%,,,,,,,,,,
16/05/2019 14:00,73589.11,37%,,,,,,,,,,
16/05/2019 15:00,77668.917,39%,,,,,,,,,,
16/05/2019 16:00,86490.741,43%,,,,,,,,,,
16/05/2019 17:00,98770.649,49%,,,,,,,,,,
16/05/2019 18:00,105730.858,53%,,,,,,,,,,
16/05/2019 19:00,102968.759,51%,,,,,,,,,,
16/05/2019 20:00,100126.89,50%,,,,,,,,,,
16/05/2019 21:00,90136.959,45%,,,,,,,,,,
16/05/2019 22:00,80103.533,40%,,,,,,,,,,
16/05/2019 23:00,80323.37,40%,,,,,,,,,,
17/05/2019 00:00,78400.665,39%,,,,,,,,,,
17/05/2019 01:00,72100.269,36%,,,,,,,,,,
17/05/2019 02:00,75247.39,38%,,,,,,,,,,
17/05/2019 03:00,72852.46,36%,,,,,,,,,,
17/05/2019 04:00,59998.015,30%,,,,,,,,,,
17/05/2019 05:00,45935.119,23%,,,,,,,,,,
17/05/2019 06:00,43161.248,22%,,,,,,,,,,
17/05/2019 07:00,56133.902,28%,,,,,,,,,,
17/05/2019 08:00,66499.776,33%,,,,,,,,,,
17/05/2019 09:00,75786.448,38%,,,,,,,,,,
17/05/2019 10:00,77662.968,39%,,,,,,,,,,
17/05/2019 11:00,75252.037,38%,,,,,,,,,,
17/05/2019 12:00,71531.855,36%,,,,,,,,,,
17/05/2019 13:00,67211.386,34%,,,,,,,,,,
17/05/2019 14:00,63101.548,32%,,,,,,,,,,
17/05/2019 15:00,61640.978,31%,,,,,,,,,,
17/05/2019 16:00,61316.379,31%,,,,,,,,,,
17/05/2019 17:00,57072.338,29%,,,,,,,,,,
17/05/2019 18:00,57027.605,29%,,,,,,,,,,
17/05/2019 19:00,63219.043,32%,,,,,,,,,,
17/05/2019 20:00,63696.389,32%,,,,,,,,,,
17/05/2019 21:00,58271.119,29%,,,,,,,,,,
17/05/2019 22:00,52283.843,26%,,,,,,,,,,
17/05/2019 23:00,46699.213,23%,,,,,,,,,,
18/05/2019 00:00,39995.54,20%,,,,,,,,,,
18/05/2019 01:00,31945.956,16%,,,,,,,,,,
18/05/2019 02:00,26297.093,13%,,,,,,,,,,
18/05/2019 03:00,20459.689,10%,,,,,,,,,,
18/05/2019 04:00,15455.361,8%,,,,,,,,,,
18/05/2019 05:00,9878.844,5%,,,,,,,,,,
18/05/2019 06:00,5267.37,3%,,,,,,,,,,
18/05/2019 07:00,2479.845,1%,,,,,,,,,,
18/05/2019 08:00,968.365,0%,,,,,,,,,,
18/05/2019 09:00,1360.107,1%,,,,,,,,,,
18/05/2019 10:00,3088.77,2%,,,,,,,,,,
18/05/2019 11:00,5550.412,3%,,,,,,,,,,
18/05/2019 12:00,7509.343,4%,,,,,,,,,,
18/05/2019 13:00,9120.359,5%,,,,,,,,,,
18/05/2019 14:00,11342.421,6%,,,,,,,,,,
18/05/2019 15:00,13011.113,7%,,,,,,,,,,
18/05/2019 16:00,13856.891,7%,,,,,,,,,,
18/05/2019 17:00,14338.253,7%,,,,,,,,,,
18/05/2019 18:00,14201.466,7%,,,,,,,,,,
18/05/2019 19:00,13738.207,7%,,,,,,,,,,
18/05/2019 20:00,11990.036,6%,,,,,,,,,,
18/05/2019 21:00,10209.985,5%,,,,,,,,,,
18/05/2019 22:00,9399.537,5%,,,,,,,,,,
18/05/2019 23:00,8994.262,4%,,,,,,,,,,
19/05/2019 00:00,9438.194,5%,,,,,,,,,,
19/05/2019 01:00,10628.846,5%,,,,,,,,,,
19/05/2019 02:00,11440.794,6%,,,,,,,,,,
19/05/2019 03:00,11740.434,6%,,,,,,,,,,
19/05/2019 04:00,12215.287,6%,,,,,,,,,,
19/05/2019 05:00,13129.143,7%,,,,,,,,,,
19/05/2019 06:00,12981.08,6%,,,,,,,,,,
19/05/2019 07:00,13585.27,7%,,,,,,,,,,
19/05/2019 08:00,14359.806,7%,,,,,,,,,,
19/05/2019 09:00,18250.62,9%,,,,,,,,,,
19/05/2019 10:00,23540.426,12%,,,,,,,,,,
19/05/2019 11:00,26946.316,13%,,,,,,,,,,
19/05/2019 12:00,29286.14,15%,,,,,,,,,,
19/05/2019 13:00,31393.222,16%,,,,,,,,,,
19/05/2019 14:00,33073.229,17%,,,,,,,,,,
19/05/2019 15:00,32905.007,16%,,,,,,,,,,
19/05/2019 16:00,30504.301,15%,,,,,,,,,,
19/05/2019 17:00,27048.973,14%,,,,,,,,,,
19/05/2019 18:00,22776.105,11%,,,,,,,,,,
19/05/2019 19:00,20713.126,10%,,,,,,,,,,
19/05/2019 20:00,21314.152,11%,,,,,,,,,,
19/05/2019 21:00,22461.474,11%,,,,,,,,,,
19/05/2019 22:00,24887.128,12%,,,,,,,,,,
19/05/2019 23:00,27844.232,14%,,,,,,,,,,
20/05/2019 00:00,30767.795,15%,,,,,,,,,,
20/05/2019 01:00,31521.415,16%,,,,,,,,,,
20/05/2019 02:00,29944.584,15%,,,,,,,,,,
20/05/2019 03:00,27271.967,14%,,,,,,,,,,
20/05/2019 04:00,24188.884,12%,,,,,,,,,,
20/05/2019 05:00,20250.287,10%,,,,,,,,,,
20/05/2019 06:00,16486.824,8%,,,,,,,,,,
20/05/2019 07:00,16883.112,8%,,,,,,,,,,
20/05/2019 08:00,18560.055,9%,,,,,,,,,,
20/05/2019 09:00,22462.062,11%,,,,,,,,,,
20/05/2019 10:00,26792.398,13%,,,,,,,,,,
20/05/2019 11:00,30817.479,15%,,,,,,,,,,
20/05/2019 12:00,34431.939,17%,,,,,,,,,,
20/05/2019 13:00,39007.191,20%,,,,,,,,,,
20/05/2019 14:00,43967.657,22%,,,,,,,,,,
20/05/2019 15:00,46907.681,23%,,,,,,,,,,
20/05/2019 16:00,46759.044,23%,,,,,,,,,,
20/05/2019 17:00,44089.294,22%,,,,,,,,,,
20/05/2019 18:00,37622.443,19%,,,,,,,,,,
20/05/2019 19:00,35198.886,18%,,,,,,,,,,
20/05/2019 20:00,37313.75,19%,,,,,,,,,,
20/05/2019 21:00,38400.467,19%,,,,,,,,,,
20/05/2019 22:00,42263.251,21%,,,,,,,,,,
20/05/2019 23:00,48600.288,24%,,,,,,,,,,
21/05/2019 00:00,54170.072,27%,,,,,,,,,,
21/05/2019 01:00,56596.572,28%,,,,,,,,,,
21/05/2019 02:00,54880.828,27%,,,,,,,,,,
21/05/2019 03:00,51316.324,26%,,,,,,,,,,
21/05/2019 04:00,47839.256,24%,,,,,,,,,,
21/05/2019 05:00,40169.748,20%,,,,,,,,,,
21/05/2019 06:00,40209.095,20%,,,,,,,,,,
21/05/2019 07:00,43030.022,22%,,,,,,,,,,
21/05/2019 08:00,45849.419,23%,,,,,,,,,,
21/05/2019 09:00,46645.776,23%,,,,,,,,,,
21/05/2019 10:00,48152.226,24%,,,,,,,,,,
21/05/2019 11:00,52282.585,26%,,,,,,,,,,
21/05/2019 12:00,58267.707,29%,,,,,,,,,,
21/05/2019 13:00,63183.531,32%,,,,,,,,,,
21/05/2019 14:00,63774.217,32%,,,,,,,,,,
21/05/2019 15:00,57783.455,29%,,,,,,,,,,
21/05/2019 16:00,49820.759,25%,,,,,,,,,,
21/05/2019 17:00,42165.204,21%,,,,,,,,,,
21/05/2019 18:00,31551.593,16%,,,,,,,,,,
21/05/2019 19:00,23543.799,12%,,,,,,,,,,
21/05/2019 20:00,22040.742,11%,,,,,,,,,,
21/05/2019 21:00,23746.975,12%,,,,,,,,,,
21/05/2019 22:00,26944.355,13%,,,,,,,,,,
21/05/2019 23:00,27924.387,14%,,,,,,,,,,
22/05/2019 00:00,25811.736,13%,,,,,,,,,,
22/05/2019 01:00,21215.395,11%,,,,,,,,,,
22/05/2019 02:00,15468.366,8%,,,,,,,,,,
22/05/2019 03:00,11100.24,6%,,,,,,,,,,
22/05/2019 04:00,9081.59,5%,,,,,,,,,,
22/05/2019 05:00,9370.924,5%,,,,,,,,,,
22/05/2019 06:00,9018.423,5%,,,,,,,,,,
22/05/2019 07:00,10869.339,5%,,,,,,,,,,
22/05/2019 08:00,15850.973,8%,,,,,,,,,,
22/05/2019 09:00,21668.376,11%,,,,,,,,,,
22/05/2019 10:00,26980.065,13%,,,,,,,,,,
22/05/2019 11:00,31533.78,16%,,,,,,,,,,
22/05/2019 12:00,35385.799,18%,,,,,,,,,,
22/05/2019 13:00,38659.097,19%,,,,,,,,,,
22/05/2019 14:00,40515.265,20%,,,,,,,,,,
22/05/2019 15:00,42329.537,21%,,,,,,,,,,
22/05/2019 16:00,43668.893,22%,,,,,,,,,,
22/05/2019 17:00,41474.698,21%,,,,,,,,,,
22/05/2019 18:00,34219.141,17%,,,,,,,,,,
22/05/2019 19:00,28215.371,14%,,,,,,,,,,
22/05/2019 20:00,25714.738,13%,,,,,,,,,,
22/05/2019 21:00,23263.396,12%,,,,,,,,,,
22/05/2019 22:00,21329.417,11%,,,,,,,,,,
22/05/2019 23:00,19772.593,10%,,,,,,,,,,
23/05/2019 00:00,18755.198,9%,,,,,,,,,,
23/05/2019 01:00,17668.142,9%,,,,,,,,,,
23/05/2019 02:00,16817.987,8%,,,,,,,,,,
23/05/2019 03:00,16040.656,8%,,,,,,,,,,
23/05/2019 04:00,16877.125,8%,,,,,,,,,,
23/05/2019 05:00,17941.803,9%,,,,,,,,,,
23/05/2019 06:00,14477.211,7%,,,,,,,,,,
23/05/2019 07:00,15703.178,8%,,,,,,,,,,
23/05/2019 08:00,18833.639,9%,,,,,,,,,,
23/05/2019 09:00,21644.56,11%,,,,,,,,,,
23/05/2019 10:00,23547.932,12%,,,,,,,,,,
23/05/2019 11:00,26271.381,13%,,,,,,,,,,
23/05/2019 12:00,29580.812,15%,,,,,,,,,,
23/05/2019 13:00,34053.941,17%,,,,,,,,,,
23/05/2019 14:00,39118.18,20%,,,,,,,,,,
23/05/2019 15:00,43962.4,22%,,,,,,,,,,
23/05/2019 16:00,46106.437,23%,,,,,,,,,,
23/05/2019 17:00,45207.31,23%,,,,,,,,,,
23/05/2019 18:00,39394.098,20%,,,,,,,,,,
23/05/2019 19:00,33047.7,17%,,,,,,,,,,
23/05/2019 20:00,35769.776,18%,,,,,,,,,,
23/05/2019 21:00,43957.518,22%,,,,,,,,,,
23/05/2019 22:00,55573.363,28%,,,,,,,,,,
23/05/2019 23:00,61455.196,31%,,,,,,,,,,
24/05/2019 00:00,63123.487,32%,,,,,,,,,,
24/05/2019 01:00,62159.825,31%,,,,,,,,,,
24/05/2019 02:00,55566.966,28%,,,,,,,,,,
24/05/2019 03:00,48671.271,24%,,,,,,,,,,
24/05/2019 04:00,45388.867,23%,,,,,,,,,,
24/05/2019 05:00,35440.023,18%,,,,,,,,,,
24/05/2019 06:00,28061.691,14%,,,,,,,,,,
24/05/2019 07:00,32939.905,16%,,,,,,,,,,
24/05/2019 08:00,42287.19,21%,,,,,,,,,,
24/05/2019 09:00,54404.353,27%,,,,,,,,,,
24/05/2019 10:00,61486.363,31%,,,,,,,,,,
24/05/2019 11:00,64912.843,32%,,,,,,,,,,
24/05/2019 12:00,69026.014,35%,,,,,,,,,,
24/05/2019 13:00,66837.404,33%,,,,,,,,,,
24/05/2019 14:00,62016.548,31%,,,,,,,,,,
24/05/2019 15:00,60134.345,30%,,,,,,,,,,
24/05/2019 16:00,61715.089,31%,,,,,,,,,,
24/05/2019 17:00,59344.85,30%,,,,,,,,,,
24/05/2019 18:00,51144.294,26%,,,,,,,,,,
24/05/2019 19:00,39838.687,20%,,,,,,,,,,
24/05/2019 20:00,42131.418,21%,,,,,,,,,,
24/05/2019 21:00,47009.986,24%,,,,,,,,,,
24/05/2019 22:00,50909.864,25%,,,,,,,,,,
24/05/2019 23:00,52278.584,26%,,,,,,,,,,
25/05/2019 00:00,49934.142,25%,,,,,,,,,,
25/05/2019 01:00,44908.015,22%,,,,,,,,,,
25/05/2019 02:00,38300.98,19%,,,,,,,,,,
25/05/2019 03:00,33374.717,17%,,,,,,,,,,
25/05/2019 04:00,26600.899,13%,,,,,,,,,,
25/05/2019 05:00,19831.055,10%,,,,,,,,,,
25/05/2019 06:00,18431.319,9%,,,,,,,,,,
25/05/2019 07:00,21330.355,11%,,,,,,,,,,
25/05/2019 08:00,26597.318,13%,,,,,,,,,,
25/05/2019 09:00,32211.514,16%,,,,,,,,,,
25/05/2019 10:00,37028.075,19%,,,,,,,,,,
25/05/2019 11:00,38152.78,19%,,,,,,,,,,
25/05/2019 12:00,37907.428,19%,,,,,,,,,,
25/05/2019 13:00,41703.642,21%,,,,,,,,,,
25/05/2019 14:00,50295.28,25%,,,,,,,,,,
25/05/2019 15:00,57009.86,29%,,,,,,,,,,
25/05/2019 16:00,59533.101,30%,,,,,,,,,,
25/05/2019 17:00,58758.957,29%,,,,,,,,,,
25/05/2019 18:00,59967.179,30%,,,,,,,,,,
25/05/2019 19:00,72325.939,36%,,,,,,,,,,
25/05/2019 20:00,84899.085,42%,,,,,,,,,,
25/05/2019 21:00,95190.564,48%,,,,,,,,,,
25/05/2019 22:00,108867.2,54%,,,,,,,,,,
25/05/2019 23:00,108867.2,54%,,,,,,,,,,
26/05/2019 00:00,107923.453,54%,,,,,,,,,,
26/05/2019 01:00,113377.969,57%,,,,,,,,,,
26/05/2019 02:00,116070.917,58%,,,,,,,,,,
26/05/2019 03:00,116598.461,58%,,,,,,,,,,
26/05/2019 04:00,113422.258,57%,,,,,,,,,,
26/05/2019 05:00,111203.164,56%,,,,,,,,,,
26/05/2019 06:00,107889.336,54%,,,,,,,,,,
26/05/2019 07:00,115592.382,58%,,,,,,,,,,
26/05/2019 08:00,120322.986,60%,,,,,,,,,,
26/05/2019 09:00,133630.382,67%,,,,,,,,,,
26/05/2019 10:00,145080.834,73%,,,,,,,,,,
26/05/2019 11:00,142065.513,71%,,,,,,,,,,
26/05/2019 12:00,141284.859,71%,,,,,,,,,,
26/05/2019 13:00,144105.304,72%,,,,,,,,,,
26/05/2019 14:00,148180.38,74%,,,,,,,,,,
26/05/2019 15:00,147776.021,74%,,,,,,,,,,
26/05/2019 16:00,146130.921,73%,,,,,,,,,,
26/05/2019 17:00,139393.284,70%,,,,,,,,,,
26/05/2019 18:00,116596.346,58%,,,,,,,,,,
26/05/2019 19:00,103218.338,52%,,,,,,,,,,
26/05/2019 20:00,108867.2,54%,,,,,,,,,,
26/05/2019 21:00,105070.198,53%,,,,,,,,,,
26/05/2019 22:00,103075.101,52%,,,,,,,,,,
26/05/2019 23:00,107514.897,54%,,,,,,,,,,
27/05/2019 00:00,122556.113,61%,,,,,,,,,,
27/05/2019 01:00,124551.64,62%,,,,,,,,,,
27/05/2019 02:00,120393.607,60%,,,,,,,,,,
27/05/2019 03:00,115544.097,58%,,,,,,,,,,
27/05/2019 04:00,108371.406,54%,,,,,,,,,,
27/05/2019 05:00,106178.535,53%,,,,,,,,,,
27/05/2019 06:00,116087.327,58%,,,,,,,,,,
27/05/2019 07:00,118890.129,59%,,,,,,,,,,
27/05/2019 08:00,122556.56,61%,,,,,,,,,,
27/05/2019 09:00,122557.734,61%,,,,,,,,,,
27/05/2019 10:00,118259.606,59%,,,,,,,,,,
27/05/2019 11:00,119739.477,60%,,,,,,,,,,
27/05/2019 12:00,121437.193,61%,,,,,,,,,,
27/05/2019 13:00,118810.708,59%,,,,,,,,,,
27/05/2019 14:00,113158.206,57%,,,,,,,,,,
27/05/2019 15:00,103159.198,52%,,,,,,,,,,
27/05/2019 16:00,88852.362,44%,,,,,,,,,,
27/05/2019 17:00,71245.16,36%,,,,,,,,,,
27/05/2019 18:00,56829.942,28%,,,,,,,,,,
27/05/2019 19:00,52847.163,26%,,,,,,,,,,
27/05/2019 20:00,52561.479,26%,,,,,,,,,,
27/05/2019 21:00,50509.499,25%,,,,,,,,,,
27/05/2019 22:00,50309.842,25%,,,,,,,,,,
27/05/2019 23:00,49731.844,25%,,,,,,,,,,
28/05/2019 00:00,49210.487,25%,,,,,,,,,,
28/05/2019 01:00,50519.071,25%,,,,,,,,,,
28/05/2019 02:00,52547.938,26%,,,,,,,,,,
28/05/2019 03:00,53222.108,27%,,,,,,,,,,
28/05/2019 04:00,52748.046,26%,,,,,,,,,,
28/05/2019 05:00,44364.559,22%,,,,,,,,,,
28/05/2019 06:00,39709.791,20%,,,,,,,,,,
28/05/2019 07:00,41288.005,21%,,,,,,,,,,
28/05/2019 08:00,41963.897,21%,,,,,,,,,,
28/05/2019 09:00,46110.527,23%,,,,,,,,,,
28/05/2019 10:00,52477.65,26%,,,,,,,,,,
28/05/2019 11:00,58672.909,29%,,,,,,,,,,
28/05/2019 12:00,64390.447,32%,,,,,,,,,,
28/05/2019 13:00,66862.523,33%,,,,,,,,,,
28/05/2019 14:00,66831.003,33%,,,,,,,,,,
28/05/2019 15:00,67184.298,34%,,,,,,,,,,
28/05/2019 16:00,68190.736,34%,,,,,,,,,,
28/05/2019 17:00,66827.111,33%,,,,,,,,,,
28/05/2019 18:00,56227.289,28%,,,,,,,,,,
28/05/2019 19:00,45051.521,23%,,,,,,,,,,
28/05/2019 20:00,37718.7,19%,,,,,,,,,,
28/05/2019 21:00,30915.468,15%,,,,,,,,,,
28/05/2019 22:00,24708.99,12%,,,,,,,,,,
28/05/2019 23:00,21014.612,11%,,,,,,,,,,
29/05/2019 00:00,19386.288,10%,,,,,,,,,,
29/05/2019 01:00,18985.843,9%,,,,,,,,,,
29/05/2019 02:00,20142.858,10%,,,,,,,,,,
29/05/2019 03:00,24804.066,12%,,,,,,,,,,
29/05/2019 04:00,32731.544,16%,,,,,,,,,,
29/05/2019 05:00,39236.078,20%,,,,,,,,,,
29/05/2019 06:00,40087.989,20%,,,,,,,,,,
29/05/2019 07:00,49060.34,25%,,,,,,,,,,
29/05/2019 08:00,57785.131,29%,,,,,,,,,,
29/05/2019 09:00,70683.057,35%,,,,,,,,,,
29/05/2019 10:00,86052.049,43%,,,,,,,,,,
29/05/2019 11:00,101448.656,51%,,,,,,,,,,
29/05/2019 12:00,109406.771,55%,,,,,,,,,,
29/05/2019 13:00,106012.462,53%,,,,,,,,,,
29/05/2019 14:00,92857.77,46%,,,,,,,,,,
29/05/2019 15:00,72097.645,36%,,,,,,,,,,
29/05/2019 16:00,65549.605,33%,,,,,,,,,,
29/05/2019 17:00,80692.467,40%,,,,,,,,,,
29/05/2019 18:00,103610.335,52%,,,,,,,,,,
29/05/2019 19:00,126592.134,63%,,,,,,,,,,
29/05/2019 20:00,137419.481,69%,,,,,,,,,,
29/05/2019 21:00,127084.908,64%,,,,,,,,,,
29/05/2019 22:00,120541.805,60%,,,,,,,,,,
29/05/2019 23:00,122043.402,61%,,,,,,,,,,
30/05/2019 00:00,129371.599,65%,,,,,,,,,,
30/05/2019 01:00,132970.515,66%,,,,,,,,,,
30/05/2019 02:00,134810.993,67%,,,,,,,,,,
30/05/2019 03:00,134655.958,67%,,,,,,,,,,
30/05/2019 04:00,141715.646,71%,,,,,,,,,,
30/05/2019 05:00,138494.348,69%,,,,,,,,,,
30/05/2019 06:00,126084.284,63%,,,,,,,,,,
30/05/2019 07:00,116597.573,58%,,,,,,,,,,
30/05/2019 08:00,122557.255,61%,,,,,,,,,,
30/05/2019 09:00,126986.636,63%,,,,,,,,,,
30/05/2019 10:00,133637.236,67%,,,,,,,,,,
30/05/2019 11:00,140074.309,70%,,,,,,,,,,
30/05/2019 12:00,142099.099,71%,,,,,,,,,,
30/05/2019 13:00,142101.034,71%,,,,,,,,,,
30/05/2019 14:00,140226.48,70%,,,,,,,,,,
30/05/2019 15:00,134594.629,67%,,,,,,,,,,
30/05/2019 16:00,130258.898,65%,,,,,,,,,,
30/05/2019 17:00,116597.327,58%,,,,,,,,,,
30/05/2019 18:00,105253.422,53%,,,,,,,,,,
30/05/2019 19:00,102821.929,51%,,,,,,,,,,
30/05/2019 20:00,100915.151,50%,,,,,,,,,,
30/05/2019 21:00,94445.263,47%,,,,,,,,,,
30/05/2019 22:00,88852.994,44%,,,,,,,,,,
30/05/2019 23:00,84294.575,42%,,,,,,,,,,
31/05/2019 00:00,82205.966,41%,,,,,,,,,,
31/05/2019 01:00,82362.592,41%,,,,,,,,,,
31/05/2019 02:00,79559.726,40%,,,,,,,,,,
31/05/2019 03:00,74706.346,37%,,,,,,,,,,
31/05/2019 04:00,70910.441,35%,,,,,,,,,,
31/05/2019 05:00,63296.975,32%,,,,,,,,,,
31/05/2019 06:00,54541.005,27%,,,,,,,,,,
31/05/2019 07:00,71526.337,36%,,,,,,,,,,
31/05/2019 08:00,86599.879,43%,,,,,,,,,,
31/05/2019 09:00,101073.329,51%,,,,,,,,,,
31/05/2019 10:00,108867.2,54%,,,,,,,,,,
31/05/2019 11:00,110483.452,55%,,,,,,,,,,
31/05/2019 12:00,110483.552,55%,,,,,,,,,,
31/05/2019 13:00,113691.052,57%,,,,,,,,,,
31/05/2019 14:00,114321.959,57%,,,,,,,,,,
31/05/2019 15:00,115078.886,58%,,,,,,,,,,
31/05/2019 16:00,117956.431,59%,,,,,,,,,,
31/05/2019 17:00,119728.374,60%,,,,,,,,,,
31/05/2019 18:00,117789.968,59%,,,,,,,,,,
31/05/2019 19:00,119156.978,60%,,,,,,,,,,
31/05/2019 20:00,123794.395,62%,,,,,,,,,,
31/05/2019 21:00,123575.805,62%,,,,,,,,,,
31/05/2019 22:00,111621.478,56%,,,,,,,,,,
31/05/2019 23:00,99898.841,50%,,,,,,,,,,
01/06/2019 00:00,79558.168,40%,,,,,,,,,,
01/06/2019 01:00,56812.15,28%,,,,,,,,,,
01/06/2019 02:00,40055.902,20%,,,,,,,,,,
01/06/2019 03:00,26690.986,13%,,,,,,,,,,
01/06/2019 04:00,15545.163,8%,,,,,,,,,,
01/06/2019 05:00,8433.606,4%,,,,,,,,,,
01/06/2019 06:00,9674.715,5%,,,,,,,,,,
01/06/2019 07:00,18570.169,9%,,,,,,,,,,
01/06/2019 08:00,25881.312,13%,,,,,,,,,,
01/06/2019 09:00,30486.941,15%,,,,,,,,,,
01/06/2019 10:00,32432.695,16%,,,,,,,,,,
01/06/2019 11:00,30940.812,15%,,,,,,,,,,
01/06/2019 12:00,26689.387,13%,,,,,,,,,,
01/06/2019 13:00,30533.947,15%,,,,,,,,,,
01/06/2019 14:00,36915.901,18%,,,,,,,,,,
01/06/2019 15:00,38487.254,19%,,,,,,,,,,
01/06/2019 16:00,37045.449,19%,,,,,,,,,,
01/06/2019 17:00,29373.165,15%,,,,,,,,,,
01/06/2019 18:00,20309.574,10%,,,,,,,,,,
01/06/2019 19:00,21608.013,11%,,,,,,,,,,
01/06/2019 20:00,35774.632,18%,,,,,,,,,,
01/06/2019 21:00,57228.488,29%,,,,,,,,,,
01/06/2019 22:00,72520.115,36%,,,,,,,,,,
01/06/2019 23:00,75902.439,38%,,,,,,,,,,
02/06/2019 00:00,72589.114,36%,,,,,,,,,,
02/06/2019 01:00,66320.026,33%,,,,,,,,,,
02/06/2019 02:00,75787.184,38%,,,,,,,,,,
02/06/2019 03:00,80840.799,40%,,,,,,,,,,
02/06/2019 04:00,77128.152,39%,,,,,,,,,,
02/06/2019 05:00,74712.993,37%,,,,,,,,,,
02/06/2019 06:00,75695.105,38%,,,,,,,,,,
02/06/2019 07:00,80889.867,40%,,,,,,,,,,
02/06/2019 08:00,94481.179,47%,,,,,,,,,,
02/06/2019 09:00,130192.504,65%,,,,,,,,,,
02/06/2019 10:00,149972.723,75%,,,,,,,,,,
02/06/2019 11:00,151952.863,76%,,,,,,,,,,
02/06/2019 12:00,156933.965,78%,,,,,,,,,,
02/06/2019 13:00,162415.122,81%,,,,,,,,,,
02/06/2019 14:00,162133.384,81%,,,,,,,,,,
02/06/2019 15:00,162558.582,81%,,,,,,,,,,
02/06/2019 16:00,164305.607,82%,,,,,,,,,,
02/06/2019 17:00,162764.27,81%,,,,,,,,,,
02/06/2019 18:00,160614.863,80%,,,,,,,,,,
02/06/2019 19:00,162213.809,81%,,,,,,,,,,
02/06/2019 20:00,161860.745,81%,,,,,,,,,,
02/06/2019 21:00,158915.894,79%,,,,,,,,,,
02/06/2019 22:00,154282.269,77%,,,,,,,,,,
02/06/2019 23:00,150210.467,75%,,,,,,,,,,
03/06/2019 00:00,144847.011,72%,,,,,,,,,,
03/06/2019 01:00,138945.571,69%,,,,,,,,,,
03/06/2019 02:00,135342.816,68%,,,,,,,,,,
03/06/2019 03:00,130769.325,65%,,,,,,,,,,
03/06/2019 04:00,125464.263,63%,,,,,,,,,,
03/06/2019 05:00,117943.488,59%,,,,,,,,,,
03/06/2019 06:00,126090.04,63%,,,,,,,,,,
03/06/2019 07:00,129741.356,65%,,,,,,,,,,
03/06/2019 08:00,131297.247,66%,,,,,,,,,,
03/06/2019 09:00,132681.701,66%,,,,,,,,,,
03/06/2019 10:00,133115.75,67%,,,,,,,,,,
03/06/2019 11:00,131623.506,66%,,,,,,,,,,
03/06/2019 12:00,128815.353,64%,,,,,,,,,,
03/06/2019 13:00,124989.555,62%,,,,,,,,,,
03/06/2019 14:00,120243.795,60%,,,,,,,,,,
03/06/2019 15:00,114932.36,57%,,,,,,,,,,
03/06/2019 16:00,108860.076,54%,,,,,,,,,,
03/06/2019 17:00,98217.606,49%,,,,,,,,,,
03/06/2019 18:00,78406.436,39%,,,,,,,,,,
03/06/2019 19:00,64630.305,32%,,,,,,,,,,
03/06/2019 20:00,58119.467,29%,,,,,,,,,,
03/06/2019 21:00,55896.094,28%,,,,,,,,,,
03/06/2019 22:00,55206.034,28%,,,,,,,,,,
03/06/2019 23:00,49104.157,25%,,,,,,,,,,
04/06/2019 00:00,49471.684,25%,,,,,,,,,,
04/06/2019 01:00,46146.786,23%,,,,,,,,,,
04/06/2019 02:00,44405.535,22%,,,,,,,,,,
04/06/2019 03:00,43702.283,22%,,,,,,,,,,
04/06/2019 04:00,41642.197,21%,,,,,,,,,,
04/06/2019 05:00,35486.728,18%,,,,,,,,,,
04/06/2019 06:00,32616.106,16%,,,,,,,,,,
04/06/2019 07:00,35535.301,18%,,,,,,,,,,
04/06/2019 08:00,42025.627,21%,,,,,,,,,,
04/06/2019 09:00,49730.601,25%,,,,,,,,,,
04/06/2019 10:00,54885.924,27%,,,,,,,,,,
04/06/2019 11:00,50520.871,25%,,,,,,,,,,
04/06/2019 12:00,46406.704,23%,,,,,,,,,,
04/06/2019 13:00,42388.734,21%,,,,,,,,,,
04/06/2019 14:00,40876.307,20%,,,,,,,,,,
04/06/2019 15:00,36785.328,18%,,,,,,,,,,
04/06/2019 16:00,31994.55,16%,,,,,,,,,,
04/06/2019 17:00,30736.075,15%,,,,,,,,,,
04/06/2019 18:00,29109.348,15%,,,,,,,,,,
04/06/2019 19:00,19223.529,10%,,,,,,,,,,
04/06/2019 20:00,8262.723,4%,,,,,,,,,,
04/06/2019 21:00,6894.759,3%,,,,,,,,,,
04/06/2019 22:00,22938.788,11%,,,,,,,,,,
04/06/2019 23:00,41830.393,21%,,,,,,,,,,
05/06/2019 00:00,57015.32,29%,,,,,,,,,,
05/06/2019 01:00,62389.667,31%,,,,,,,,,,
05/06/2019 02:00,62969.058,31%,,,,,,,,,,
05/06/2019 03:00,63888.95,32%,,,,,,,,,,
05/06/2019 04:00,67351.29,34%,,,,,,,,,,
05/06/2019 05:00,72357.855,36%,,,,,,,,,,
05/06/2019 06:00,80297.953,40%,,,,,,,,,,
05/06/2019 07:00,92479.441,46%,,,,,,,,,,
05/06/2019 08:00,98866.01,49%,,,,,,,,,,
05/06/2019 09:00,102611.871,51%,,,,,,,,,,
05/06/2019 10:00,104659.017,52%,,,,,,,,,,
05/06/2019 11:00,100251.741,50%,,,,,,,,,,
05/06/2019 12:00,93775.762,47%,,,,,,,,,,
05/06/2019 13:00,83916.671,42%,,,,,,,,,,
05/06/2019 14:00,69041.286,35%,,,,,,,,,,
05/06/2019 15:00,59091.117,30%,,,,,,,,,,
05/06/2019 16:00,53743.435,27%,,,,,,,,,,
05/06/2019 17:00,46138.813,23%,,,,,,,,,,
05/06/2019 18:00,33004.637,17%,,,,,,,,,,
05/06/2019 19:00,24867.335,12%,,,,,,,,,,
05/06/2019 20:00,22872.155,11%,,,,,,,,,,
05/06/2019 21:00,27891.062,14%,,,,,,,,,,
05/06/2019 22:00,25226.884,13%,,,,,,,,,,
05/06/2019 23:00,20546.253,10%,,,,,,,,,,
06/06/2019 00:00,16623.77,8%,,,,,,,,,,
06/06/2019 01:00,14328.644,7%,,,,,,,,,,
06/06/2019 02:00,14909.321,7%,,,,,,,,,,
06/06/2019 03:00,20248.618,10%,,,,,,,,,,
06/06/2019 04:00,27413.969,14%,,,,,,,,,,
06/06/2019 05:00,24792.666,12%,,,,,,,,,,
06/06/2019 06:00,23817.973,12%,,,,,,,,,,
06/06/2019 07:00,30340.439,15%,,,,,,,,,,
06/06/2019 08:00,33963.766,17%,,,,,,,,,,
06/06/2019 09:00,36028.666,18%,,,,,,,,,,
06/06/2019 10:00,38514.415,19%,,,,,,,,,,
06/06/2019 11:00,40448.472,20%,,,,,,,,,,
06/06/2019 12:00,40776.277,20%,,,,,,,,,,
06/06/2019 13:00,40570.877,20%,,,,,,,,,,
06/06/2019 14:00,42290.604,21%,,,,,,,,,,
06/06/2019 15:00,42476.432,21%,,,,,,,,,,
06/06/2019 16:00,38344.203,19%,,,,,,,,,,
06/06/2019 17:00,30920.555,15%,,,,,,,,,,
06/06/2019 18:00,20618.987,10%,,,,,,,,,,
06/06/2019 19:00,13502.937,7%,,,,,,,,,,
06/06/2019 20:00,10054.394,5%,,,,,,,,,,
06/06/2019 21:00,8089.102,4%,,,,,,,,,,
06/06/2019 22:00,7137.004,4%,,,,,,,,,,
06/06/2019 23:00,8361.874,4%,,,,,,,,,,
07/06/2019 00:00,10884.494,5%,,,,,,,,,,
07/06/2019 01:00,16392.518,8%,,,,,,,,,,
07/06/2019 02:00,23398.73,12%,,,,,,,,,,
07/06/2019 03:00,28623.366,14%,,,,,,,,,,
07/06/2019 04:00,34289.825,17%,,,,,,,,,,
07/06/2019 05:00,35122.65,18%,,,,,,,,,,
07/06/2019 06:00,24285.787,12%,,,,,,,,,,
07/06/2019 07:00,22405.517,11%,,,,,,,,,,
07/06/2019 08:00,36937.948,18%,,,,,,,,,,
07/06/2019 09:00,55258.408,28%,,,,,,,,,,
07/06/2019 10:00,67551.733,34%,,,,,,,,,,
07/06/2019 11:00,77662.463,39%,,,,,,,,,,
07/06/2019 12:00,88437.511,44%,,,,,,,,,,
07/06/2019 13:00,105242.355,53%,,,,,,,,,,
07/06/2019 14:00,119726.422,60%,,,,,,,,,,
07/06/2019 15:00,122556.561,61%,,,,,,,,,,
07/06/2019 16:00,125076.967,63%,,,,,,,,,,
07/06/2019 17:00,122558.062,61%,,,,,,,,,,
07/06/2019 18:00,109945.272,55%,,,,,,,,,,
07/06/2019 19:00,92152.403,46%,,,,,,,,,,
07/06/2019 20:00,72857.19,36%,,,,,,,,,,
07/06/2019 21:00,53076.389,27%,,,,,,,,,,
07/06/2019 22:00,32947.077,16%,,,,,,,,,,
07/06/2019 23:00,20719.763,10%,,,,,,,,,,
08/06/2019 00:00,20589.381,10%,,,,,,,,,,
08/06/2019 01:00,28238.588,14%,,,,,,,,,,
08/06/2019 02:00,46986.114,23%,,,,,,,,,,
08/06/2019 03:00,74085.996,37%,,,,,,,,,,
08/06/2019 04:00,101291.349,51%,,,,,,,,,,
08/06/2019 05:00,121347.041,61%,,,,,,,,,,
08/06/2019 06:00,132687.985,66%,,,,,,,,,,
08/06/2019 07:00,136255.02,68%,,,,,,,,,,
08/06/2019 08:00,137545.754,69%,,,,,,,,,,
08/06/2019 09:00,140290.137,70%,,,,,,,,,,
08/06/2019 10:00,136435.878,68%,,,,,,,,,,
08/06/2019 11:00,126091.256,63%,,,,,,,,,,
08/06/2019 12:00,114083.657,57%,,,,,,,,,,
08/06/2019 13:00,104856.14,52%,,,,,,,,,,
08/06/2019 14:00,97123.99,49%,,,,,,,,,,
08/06/2019 15:00,88865.038,44%,,,,,,,,,,
08/06/2019 16:00,80857.427,40%,,,,,,,,,,
08/06/2019 17:00,70479.012,35%,,,,,,,,,,
08/06/2019 18:00,56611.818,28%,,,,,,,,,,
08/06/2019 19:00,58955.74,29%,,,,,,,,,,
08/06/2019 20:00,65563.297,33%,,,,,,,,,,
08/06/2019 21:00,76088.166,38%,,,,,,,,,,
08/06/2019 22:00,82785.906,41%,,,,,,,,,,
08/06/2019 23:00,83916.001,42%,,,,,,,,,,
09/06/2019 00:00,83913.836,42%,,,,,,,,,,
09/06/2019 01:00,80948.103,40%,,,,,,,,,,
09/06/2019 02:00,76942.61,38%,,,,,,,,,,
09/06/2019 03:00,69873.444,35%,,,,,,,,,,
09/06/2019 04:00,59996.164,30%,,,,,,,,,,
09/06/2019 05:00,45050.896,23%,,,,,,,,,,
09/06/2019 06:00,41175.322,21%,,,,,,,,,,
09/06/2019 07:00,42551.208,21%,,,,,,,,,,
09/06/2019 08:00,44611.48,22%,,,,,,,,,,
09/06/2019 09:00,43743.076,22%,,,,,,,,,,
09/06/2019 10:00,39882.04,20%,,,,,,,,,,
09/06/2019 11:00,35193.118,18%,,,,,,,,,,
09/06/2019 12:00,30470.422,15%,,,,,,,,,,
09/06/2019 13:00,24934.703,12%,,,,,,,,,,
09/06/2019 14:00,19868.842,10%,,,,,,,,,,
09/06/2019 15:00,15362.724,8%,,,,,,,,,,
09/06/2019 16:00,10850.942,5%,,,,,,,,,,
09/06/2019 17:00,6365.764,3%,,,,,,,,,,
09/06/2019 18:00,3322.254,2%,,,,,,,,,,
09/06/2019 19:00,1774.637,1%,,,,,,,,,,
09/06/2019 20:00,1130.51,1%,,,,,,,,,,
09/06/2019 21:00,831.223,0%,,,,,,,,,,
09/06/2019 22:00,625.283,0%,,,,,,,,,,
09/06/2019 23:00,581.163,0%,,,,,,,,,,
10/06/2019 00:00,659.201,0%,,,,,,,,,,
10/06/2019 01:00,862.626,0%,,,,,,,,,,
10/06/2019 02:00,1300.237,1%,,,,,,,,,,
10/06/2019 03:00,2390.383,1%,,,,,,,,,,
10/06/2019 04:00,5026.456,3%,,,,,,,,,,
10/06/2019 05:00,7739.107,4%,,,,,,,,,,
10/06/2019 06:00,9077.63,5%,,,,,,,,,,
10/06/2019 07:00,14044.862,7%,,,,,,,,,,
10/06/2019 08:00,17270.553,9%,,,,,,,,,,
10/06/2019 09:00,20201.759,10%,,,,,,,,,,
10/06/2019 10:00,24612.119,12%,,,,,,,,,,
10/06/2019 11:00,30669.617,15%,,,,,,,,,,
10/06/2019 12:00,35907.892,18%,,,,,,,,,,
10/06/2019 13:00,41271.587,21%,,,,,,,,,,
10/06/2019 14:00,47212.433,24%,,,,,,,,,,
10/06/2019 15:00,48751.145,24%,,,,,,,,,,
10/06/2019 16:00,43261.486,22%,,,,,,,,,,
10/06/2019 17:00,38824.378,19%,,,,,,,,,,
10/06/2019 18:00,39520.307,20%,,,,,,,,,,
10/06/2019 19:00,41238.213,21%,,,,,,,,,,
10/06/2019 20:00,46138.006,23%,,,,,,,,,,
10/06/2019 21:00,55596.32,28%,,,,,,,,,,
10/06/2019 22:00,70986.809,35%,,,,,,,,,,
10/06/2019 23:00,89925.112,45%,,,,,,,,,,
11/06/2019 00:00,100143.029,50%,,,,,,,,,,
11/06/2019 01:00,101278.832,51%,,,,,,,,,,
11/06/2019 02:00,101323.464,51%,,,,,,,,,,
11/06/2019 03:00,111175.924,56%,,,,,,,,,,
11/06/2019 04:00,121076.026,61%,,,,,,,,,,
11/06/2019 05:00,125587.537,63%,,,,,,,,,,
11/06/2019 06:00,129203.819,65%,,,,,,,,,,
11/06/2019 07:00,134045.966,67%,,,,,,,,,,
11/06/2019 08:00,137105.032,69%,,,,,,,,,,
11/06/2019 09:00,132203.47,66%,,,,,,,,,,
11/06/2019 10:00,126494.05,63%,,,,,,,,,,
11/06/2019 11:00,123067.676,62%,,,,,,,,,,
11/06/2019 12:00,125098.244,63%,,,,,,,,,,
11/06/2019 13:00,121573.25,61%,,,,,,,,,,
11/06/2019 14:00,115758.371,58%,,,,,,,,,,
11/06/2019 15:00,109982.135,55%,,,,,,,,,,
11/06/2019 16:00,102064.43,51%,,,,,,,,,,
11/06/2019 17:00,89848.538,45%,,,,,,,,,,
11/06/2019 18:00,81456.541,41%,,,,,,,,,,
11/06/2019 19:00,82587.74,41%,,,,,,,,,,
11/06/2019 20:00,88526.412,44%,,,,,,,,,,
11/06/2019 21:00,94494.571,47%,,,,,,,,,,
11/06/2019 22:00,101226.312,51%,,,,,,,,,,
11/06/2019 23:00,104524.078,52%,,,,,,,,,,
12/06/2019 00:00,106972.535,53%,,,,,,,,,,
12/06/2019 01:00,109406.748,55%,,,,,,,,,,
12/06/2019 02:00,108847.088,54%,,,,,,,,,,
12/06/2019 03:00,105069.834,53%,,,,,,,,,,
12/06/2019 04:00,100143.998,50%,,,,,,,,,,
12/06/2019 05:00,96375.646,48%,,,,,,,,,,
12/06/2019 06:00,94302.558,47%,,,,,,,,,,
12/06/2019 07:00,96357.91,48%,,,,,,,,,,
12/06/2019 08:00,95739.747,48%,,,,,,,,,,
12/06/2019 09:00,94842.153,47%,,,,,,,,,,
12/06/2019 10:00,99594.466,50%,,,,,,,,,,
12/06/2019 11:00,97669.102,49%,,,,,,,,,,
12/06/2019 12:00,87132.867,44%,,,,,,,,,,
12/06/2019 13:00,76061.776,38%,,,,,,,,,,
12/06/2019 14:00,67044.136,34%,,,,,,,,,,
12/06/2019 15:00,59613.759,30%,,,,,,,,,,
12/06/2019 16:00,60945.625,30%,,,,,,,,,,
12/06/2019 17:00,65547.681,33%,,,,,,,,,,
12/06/2019 18:00,68611.333,34%,,,,,,,,,,
12/06/2019 19:00,68864.82,34%,,,,,,,,,,
12/06/2019 20:00,69768.388,35%,,,,,,,,,,
12/06/2019 21:00,75802.978,38%,,,,,,,,,,
12/06/2019 22:00,79677.929,40%,,,,,,,,,,
12/06/2019 23:00,67343.852,34%,,,,,,,,,,
13/06/2019 00:00,46582.953,23%,,,,,,,,,,
13/06/2019 01:00,44650.168,22%,,,,,,,,,,
13/06/2019 02:00,58763.805,29%,,,,,,,,,,
13/06/2019 03:00,69350.796,35%,,,,,,,,,,
13/06/2019 04:00,72255.018,36%,,,,,,,,,,
13/06/2019 05:00,72173.398,36%,,,,,,,,,,
13/06/2019 06:00,79592.831,40%,,,,,,,,,,
13/06/2019 07:00,90834.931,45%,,,,,,,,,,
13/06/2019 08:00,96842.125,48%,,,,,,,,,,
13/06/2019 09:00,94975.861,47%,,,,,,,,,,
13/06/2019 10:00,82889.863,41%,,,,,,,,,,
13/06/2019 11:00,64008.255,32%,,,,,,,,,,
13/06/2019 12:00,45926.856,23%,,,,,,,,,,
13/06/2019 13:00,34433.135,17%,,,,,,,,,,
13/06/2019 14:00,28924.567,14%,,,,,,,,,,
13/06/2019 15:00,27805.331,14%,,,,,,,,,,
13/06/2019 16:00,28879.48,14%,,,,,,,,,,
13/06/2019 17:00,27291.938,14%,,,,,,,,,,
13/06/2019 18:00,21574.3,11%,,,,,,,,,,
13/06/2019 19:00,17707.723,9%,,,,,,,,,,
13/06/2019 20:00,20583.503,10%,,,,,,,,,,
13/06/2019 21:00,25550.204,13%,,,,,,,,,,
13/06/2019 22:00,31002.498,16%,,,,,,,,,,
13/06/2019 23:00,34360.257,17%,,,,,,,,,,
14/06/2019 00:00,36543.941,18%,,,,,,,,,,
14/06/2019 01:00,36235.931,18%,,,,,,,,,,
14/06/2019 02:00,35415.157,18%,,,,,,,,,,
14/06/2019 03:00,33640.505,17%,,,,,,,,,,
14/06/2019 04:00,32442.497,16%,,,,,,,,,,
14/06/2019 05:00,31741.105,16%,,,,,,,,,,
14/06/2019 06:00,30224.873,15%,,,,,,,,,,
14/06/2019 07:00,31470.03,16%,,,,,,,,,,
14/06/2019 08:00,34129.741,17%,,,,,,,,,,
14/06/2019 09:00,32707.03,16%,,,,,,,,,,
14/06/2019 10:00,33089.94,17%,,,,,,,,,,
14/06/2019 11:00,32643.559,16%,,,,,,,,,,
14/06/2019 12:00,30811.671,15%,,,,,,,,,,
14/06/2019 13:00,27366.038,14%,,,,,,,,,,
14/06/2019 14:00,28372.186,14%,,,,,,,,,,
14/06/2019 15:00,30864.546,15%,,,,,,,,,,
14/06/2019 16:00,29382.386,15%,,,,,,,,,,
14/06/2019 17:00,29592.342,15%,,,,,,,,,,
14/06/2019 18:00,28945.486,14%,,,,,,,,,,
14/06/2019 19:00,35776.002,18%,,,,,,,,,,
14/06/2019 20:00,46767.555,23%,,,,,,,,,,
14/06/2019 21:00,55826.926,28%,,,,,,,,,,
14/06/2019 22:00,58470.955,29%,,,,,,,,,,
14/06/2019 23:00,62990.418,31%,,,,,,,,,,
15/06/2019 00:00,70297.887,35%,,,,,,,,,,
15/06/2019 01:00,74717.217,37%,,,,,,,,,,
15/06/2019 02:00,79556.717,40%,,,,,,,,,,
15/06/2019 03:00,83175.803,42%,,,,,,,,,,
15/06/2019 04:00,80915.023,40%,,,,,,,,,,
15/06/2019 05:00,77667.189,39%,,,,,,,,,,
15/06/2019 06:00,93206.904,47%,,,,,,,,,,
15/06/2019 07:00,109586.021,55%,,,,,,,,,,
15/06/2019 08:00,117178.429,59%,,,,,,,,,,
15/06/2019 09:00,117158.515,59%,,,,,,,,,,
15/06/2019 10:00,109945.526,55%,,,,,,,,,,
15/06/2019 11:00,99926.24,50%,,,,,,,,,,
15/06/2019 12:00,87540.147,44%,,,,,,,,,,
15/06/2019 13:00,77665.976,39%,,,,,,,,,,
15/06/2019 14:00,71001.48,36%,,,,,,,,,,
15/06/2019 15:00,63181.602,32%,,,,,,,,,,
15/06/2019 16:00,54396.701,27%,,,,,,,,,,
15/06/2019 17:00,43402.28,22%,,,,,,,,,,
15/06/2019 18:00,32619.229,16%,,,,,,,,,,
15/06/2019 19:00,23992.239,12%,,,,,,,,,,
15/06/2019 20:00,20153.43,10%,,,,,,,,,,
15/06/2019 21:00,24643.357,12%,,,,,,,,,,
15/06/2019 22:00,33938.271,17%,,,,,,,,,,
15/06/2019 23:00,39934.22,20%,,,,,,,,,,
16/06/2019 00:00,43327.893,22%,,,,,,,,,,
16/06/2019 01:00,47559.071,24%,,,,,,,,,,
16/06/2019 02:00,55988.441,28%,,,,,,,,,,
16/06/2019 03:00,63196.598,32%,,,,,,,,,,
16/06/2019 04:00,62246.768,31%,,,,,,,,,,
16/06/2019 05:00,51551.346,26%,,,,,,,,,,
16/06/2019 06:00,50939.505,25%,,,,,,,,,,
16/06/2019 07:00,61529.238,31%,,,,,,,,,,
16/06/2019 08:00,64010.004,32%,,,,,,,,,,
16/06/2019 09:00,60493.606,30%,,,,,,,,,,
16/06/2019 10:00,62760.359,31%,,,,,,,,,,
16/06/2019 11:00,70473.449,35%,,,,,,,,,,
16/06/2019 12:00,81455.526,41%,,,,,,,,,,
16/06/2019 13:00,91880.112,46%,,,,,,,,,,
16/06/2019 14:00,98575.598,49%,,,,,,,,,,
16/06/2019 15:00,105069.037,53%,,,,,,,,,,
16/06/2019 16:00,103716.866,52%,,,,,,,,,,
16/06/2019 17:00,94154.741,47%,,,,,,,,,,
16/06/2019 18:00,104557.629,52%,,,,,,,,,,
16/06/2019 19:00,127621.216,64%,,,,,,,,,,
16/06/2019 20:00,138452.447,69%,,,,,,,,,,
16/06/2019 21:00,137022.899,69%,,,,,,,,,,
16/06/2019 22:00,135455.253,68%,,,,,,,,,,
16/06/2019 23:00,134813.17,67%,,,,,,,,,,
17/06/2019 00:00,124781.608,62%,,,,,,,,,,
17/06/2019 01:00,109570.395,55%,,,,,,,,,,
17/06/2019 02:00,103484.659,52%,,,,,,,,,,
17/06/2019 03:00,86214.099,43%,,,,,,,,,,
17/06/2019 04:00,69198.779,35%,,,,,,,,,,
17/06/2019 05:00,56731.449,28%,,,,,,,,,,
17/06/2019 06:00,57114.713,29%,,,,,,,,,,
17/06/2019 07:00,71006.802,36%,,,,,,,,,,
17/06/2019 08:00,82006.479,41%,,,,,,,,,,
17/06/2019 09:00,94027.675,47%,,,,,,,,,,
17/06/2019 10:00,104562.244,52%,,,,,,,,,,
17/06/2019 11:00,111752.806,56%,,,,,,,,,,
17/06/2019 12:00,113158.364,57%,,,,,,,,,,
17/06/2019 13:00,112614.22,56%,,,,,,,,,,
17/06/2019 14:00,111750.024,56%,,,,,,,,,,
17/06/2019 15:00,107514.845,54%,,,,,,,,,,
17/06/2019 16:00,96966.861,48%,,,,,,,,,,
17/06/2019 17:00,86659.546,43%,,,,,,,,,,
17/06/2019 18:00,69739.411,35%,,,,,,,,,,
17/06/2019 19:00,58882.86,29%,,,,,,,,,,
17/06/2019 20:00,56736.014,28%,,,,,,,,,,
17/06/2019 21:00,56475.742,28%,,,,,,,,,,
17/06/2019 22:00,61058.727,31%,,,,,,,,,,
17/06/2019 23:00,64459.229,32%,,,,,,,,,,
18/06/2019 00:00,65685.001,33%,,,,,,,,,,
18/06/2019 01:00,62475.039,31%,,,,,,,,,,
18/06/2019 02:00,55914.044,28%,,,,,,,,,,
18/06/2019 03:00,52426.705,26%,,,,,,,,,,
18/06/2019 04:00,47269.504,24%,,,,,,,,,,
18/06/2019 05:00,33771.905,17%,,,,,,,,,,
18/06/2019 06:00,24011.853,12%,,,,,,,,,,
18/06/2019 07:00,24557.325,12%,,,,,,,,,,
18/06/2019 08:00,28798.758,14%,,,,,,,,,,
18/06/2019 09:00,28804.997,14%,,,,,,,,,,
18/06/2019 10:00,24822.945,12%,,,,,,,,,,
18/06/2019 11:00,19341.054,10%,,,,,,,,,,
18/06/2019 12:00,13941.643,7%,,,,,,,,,,
18/06/2019 13:00,9610.523,5%,,,,,,,,,,
18/06/2019 14:00,6771.576,3%,,,,,,,,,,
18/06/2019 15:00,4806.449,2%,,,,,,,,,,
18/06/2019 16:00,2946.934,1%,,,,,,,,,,
18/06/2019 17:00,1671.804,1%,,,,,,,,,,
18/06/2019 18:00,963.136,0%,,,,,,,,,,
18/06/2019 19:00,789.229,0%,,,,,,,,,,
18/06/2019 20:00,921.863,0%,,,,,,,,,,
18/06/2019 21:00,980.41,0%,,,,,,,,,,
18/06/2019 22:00,931.581,0%,,,,,,,,,,
18/06/2019 23:00,844.859,0%,,,,,,,,,,
19/06/2019 00:00,738.349,0%,,,,,,,,,,
19/06/2019 01:00,919.496,0%,,,,,,,,,,
19/06/2019 02:00,1468.418,1%,,,,,,,,,,
19/06/2019 03:00,2664.228,1%,,,,,,,,,,
19/06/2019 04:00,5019.457,3%,,,,,,,,,,
19/06/2019 05:00,7031.541,4%,,,,,,,,,,
19/06/2019 06:00,6774.903,3%,,,,,,,,,,
19/06/2019 07:00,8178.357,4%,,,,,,,,,,
19/06/2019 08:00,11394.704,6%,,,,,,,,,,
19/06/2019 09:00,13846.887,7%,,,,,,,,,,
19/06/2019 10:00,16555.774,8%,,,,,,,,,,
19/06/2019 11:00,20660.245,10%,,,,,,,,,,
19/06/2019 12:00,24905.217,12%,,,,,,,,,,
19/06/2019 13:00,28435.412,14%,,,,,,,,,,
19/06/2019 14:00,31584.351,16%,,,,,,,,,,
19/06/2019 15:00,32334.004,16%,,,,,,,,,,
19/06/2019 16:00,31327.634,16%,,,,,,,,,,
19/06/2019 17:00,29751.178,15%,,,,,,,,,,
19/06/2019 18:00,27712.831,14%,,,,,,,,,,
19/06/2019 19:00,24991.503,12%,,,,,,,,,,
19/06/2019 20:00,27551.964,14%,,,,,,,,,,
19/06/2019 21:00,35178.058,18%,,,,,,,,,,
19/06/2019 22:00,46027.778,23%,,,,,,,,,,
19/06/2019 23:00,55404.299,28%,,,,,,,,,,
20/06/2019 00:00,62397.069,31%,,,,,,,,,,
20/06/2019 01:00,60238.514,30%,,,,,,,,,,
20/06/2019 02:00,64526.728,32%,,,,,,,,,,
20/06/2019 03:00,64012.465,32%,,,,,,,,,,
20/06/2019 04:00,65582.068,33%,,,,,,,,,,
20/06/2019 05:00,62551.614,31%,,,,,,,,,,
20/06/2019 06:00,67129.279,34%,,,,,,,,,,
20/06/2019 07:00,70476.231,35%,,,,,,,,,,
20/06/2019 08:00,73592.95,37%,,,,,,,,,,
20/06/2019 09:00,75785.231,38%,,,,,,,,,,
20/06/2019 10:00,75011.351,38%,,,,,,,,,,
20/06/2019 11:00,72648.185,36%,,,,,,,,,,
20/06/2019 12:00,69462.137,35%,,,,,,,,,,
20/06/2019 13:00,65544.214,33%,,,,,,,,,,
20/06/2019 14:00,62398.113,31%,,,,,,,,,,
20/06/2019 15:00,60488.35,30%,,,,,,,,,,
20/06/2019 16:00,58216.302,29%,,,,,,,,,,
20/06/2019 17:00,54400.003,27%,,,,,,,,,,
20/06/2019 18:00,46835.313,23%,,,,,,,,,,
20/06/2019 19:00,38994.365,19%,,,,,,,,,,
20/06/2019 20:00,39883.594,20%,,,,,,,,,,
20/06/2019 21:00,48143.813,24%,,,,,,,,,,
20/06/2019 22:00,57773.708,29%,,,,,,,,,,
20/06/2019 23:00,61945.035,31%,,,,,,,,,,
21/06/2019 00:00,63050.196,32%,,,,,,,,,,
21/06/2019 01:00,60646.329,30%,,,,,,,,,,
21/06/2019 02:00,60959.785,30%,,,,,,,,,,
21/06/2019 03:00,58758.234,29%,,,,,,,,,,
21/06/2019 04:00,57827.232,29%,,,,,,,,,,
21/06/2019 05:00,46944.935,23%,,,,,,,,,,
21/06/2019 06:00,47163.924,24%,,,,,,,,,,
21/06/2019 07:00,49049.028,25%,,,,,,,,,,
21/06/2019 08:00,48598.546,24%,,,,,,,,,,
21/06/2019 09:00,48326.372,24%,,,,,,,,,,
21/06/2019 10:00,48595.583,24%,,,,,,,,,,
21/06/2019 11:00,47976.803,24%,,,,,,,,,,
21/06/2019 12:00,45476.236,23%,,,,,,,,,,
21/06/2019 13:00,40593.644,20%,,,,,,,,,,
21/06/2019 14:00,34374.155,17%,,,,,,,,,,
21/06/2019 15:00,27957.899,14%,,,,,,,,,,
21/06/2019 16:00,22336.731,11%,,,,,,,,,,
21/06/2019 17:00,17002.349,9%,,,,,,,,,,
21/06/2019 18:00,12370.982,6%,,,,,,,,,,
21/06/2019 19:00,9469.148,5%,,,,,,,,,,
21/06/2019 20:00,6827.445,3%,,,,,,,,,,
21/06/2019 21:00,4365.297,2%,,,,,,,,,,
21/06/2019 22:00,3698.778,2%,,,,,,,,,,
21/06/2019 23:00,4414.468,2%,,,,,,,,,,
22/06/2019 00:00,6935.32,3%,,,,,,,,,,
22/06/2019 01:00,12366.552,6%,,,,,,,,,,
22/06/2019 02:00,17621.949,9%,,,,,,,,,,
22/06/2019 03:00,18664.487,9%,,,,,,,,,,
22/06/2019 04:00,20877.112,10%,,,,,,,,,,
22/06/2019 05:00,24871.155,12%,,,,,,,,,,
22/06/2019 06:00,19717.714,10%,,,,,,,,,,
22/06/2019 07:00,19219.377,10%,,,,,,,,,,
22/06/2019 08:00,19282.069,10%,,,,,,,,,,
22/06/2019 09:00,17357.083,9%,,,,,,,,,,
22/06/2019 10:00,14826.623,7%,,,,,,,,,,
22/06/2019 11:00,11253.398,6%,,,,,,,,,,
22/06/2019 12:00,8267.681,4%,,,,,,,,,,
22/06/2019 13:00,6166.558,3%,,,,,,,,,,
22/06/2019 14:00,4268.383,2%,,,,,,,,,,
22/06/2019 15:00,4566.655,2%,,,,,,,,,,
22/06/2019 16:00,6758.592,3%,,,,,,,,,,
22/06/2019 17:00,9847.814,5%,,,,,,,,,,
22/06/2019 18:00,15263.555,8%,,,,,,,,,,
22/06/2019 19:00,23543.765,12%,,,,,,,,,,
22/06/2019 20:00,38934.91,19%,,,,,,,,,,
22/06/2019 21:00,56532.169,28%,,,,,,,,,,
22/06/2019 22:00,75923.844,38%,,,,,,,,,,
22/06/2019 23:00,87792.615,44%,,,,,,,,,,
23/06/2019 00:00,87933.987,44%,,,,,,,,,,
23/06/2019 01:00,86379.115,43%,,,,,,,,,,
23/06/2019 02:00,81919.999,41%,,,,,,,,,,
23/06/2019 03:00,78022.344,39%,,,,,,,,,,
23/06/2019 04:00,70515.962,35%,,,,,,,,,,
23/06/2019 05:00,58755.536,29%,,,,,,,,,,
23/06/2019 06:00,48876.317,24%,,,,,,,,,,
23/06/2019 07:00,57180.311,29%,,,,,,,,,,
23/06/2019 08:00,66428.639,33%,,,,,,,,,,
23/06/2019 09:00,75013.276,38%,,,,,,,,,,
23/06/2019 10:00,77614.854,39%,,,,,,,,,,
23/06/2019 11:00,72500.755,36%,,,,,,,,,,
23/06/2019 12:00,64012.843,32%,,,,,,,,,,
23/06/2019 13:00,59008.514,30%,,,,,,,,,,
23/06/2019 14:00,68356.782,34%,,,,,,,,,,
23/06/2019 15:00,84462.203,42%,,,,,,,,,,
23/06/2019 16:00,100592.498,50%,,,,,,,,,,
23/06/2019 17:00,128815.919,64%,,,,,,,,,,
23/06/2019 18:00,132682.319,66%,,,,,,,,,,
23/06/2019 19:00,129403.13,65%,,,,,,,,,,
23/06/2019 20:00,118739.793,59%,,,,,,,,,,
23/06/2019 21:00,108867.2,54%,,,,,,,,,,
23/06/2019 22:00,98218.438,49%,,,,,,,,,,
23/06/2019 23:00,82158.126,41%,,,,,,,,,,
24/06/2019 00:00,71427.478,36%,,,,,,,,,,
24/06/2019 01:00,63027.016,32%,,,,,,,,,,
24/06/2019 02:00,61593.778,31%,,,,,,,,,,
24/06/2019 03:00,54885.779,27%,,,,,,,,,,
24/06/2019 04:00,40167.388,20%,,,,,,,,,,
24/06/2019 05:00,24858.581,12%,,,,,,,,,,
24/06/2019 06:00,14067.245,7%,,,,,,,,,,
24/06/2019 07:00,8606.576,4%,,,,,,,,,,
24/06/2019 08:00,6295.434,3%,,,,,,,,,,
24/06/2019 09:00,3392.808,2%,,,,,,,,,,
24/06/2019 10:00,1346.304,1%,,,,,,,,,,
24/06/2019 11:00,812.608,0%,,,,,,,,,,
24/06/2019 12:00,825.082,0%,,,,,,,,,,
24/06/2019 13:00,1758.525,1%,,,,,,,,,,
24/06/2019 14:00,4624.225,2%,,,,,,,,,,
24/06/2019 15:00,8281.227,4%,,,,,,,,,,
24/06/2019 16:00,13477.549,7%,,,,,,,,,,
24/06/2019 17:00,19886.429,10%,,,,,,,,,,
24/06/2019 18:00,25874.607,13%,,,,,,,,,,
24/06/2019 19:00,27920.682,14%,,,,,,,,,,
24/06/2019 20:00,26120.597,13%,,,,,,,,,,
24/06/2019 21:00,22915.284,11%,,,,,,,,,,
24/06/2019 22:00,22411.371,11%,,,,,,,,,,
24/06/2019 23:00,23726.578,12%,,,,,,,,,,
25/06/2019 00:00,25051.097,13%,,,,,,,,,,
25/06/2019 01:00,25847.139,13%,,,,,,,,,,
25/06/2019 02:00,20923.416,10%,,,,,,,,,,
25/06/2019 03:00,15302.929,8%,,,,,,,,,,
25/06/2019 04:00,19808.907,10%,,,,,,,,,,
25/06/2019 05:00,23693.004,12%,,,,,,,,,,
25/06/2019 06:00,25352.336,13%,,,,,,,,,,
25/06/2019 07:00,27750,14%,,,,,,,,,,
25/06/2019 08:00,32897.741,16%,,,,,,,,,,
25/06/2019 09:00,38842.91,19%,,,,,,,,,,
25/06/2019 10:00,40172.974,20%,,,,,,,,,,
25/06/2019 11:00,37654.403,19%,,,,,,,,,,
25/06/2019 12:00,34975.367,17%,,,,,,,,,,
25/06/2019 13:00,34498.885,17%,,,,,,,,,,
25/06/2019 14:00,36544.548,18%,,,,,,,,,,
25/06/2019 15:00,38582.174,19%,,,,,,,,,,
25/06/2019 16:00,40196.903,20%,,,,,,,,,,
25/06/2019 17:00,41922.442,21%,,,,,,,,,,
25/06/2019 18:00,42239.778,21%,,,,,,,,,,
25/06/2019 19:00,43112.342,22%,,,,,,,,,,
25/06/2019 20:00,47767.156,24%,,,,,,,,,,
25/06/2019 21:00,51238.963,26%,,,,,,,,,,
25/06/2019 22:00,53482.871,27%,,,,,,,,,,
25/06/2019 23:00,49057.717,25%,,,,,,,,,,
26/06/2019 00:00,48778.714,24%,,,,,,,,,,
26/06/2019 01:00,41824.911,21%,,,,,,,,,,
26/06/2019 02:00,37675.089,19%,,,,,,,,,,
26/06/2019 03:00,36138.896,18%,,,,,,,,,,
26/06/2019 04:00,33329.978,17%,,,,,,,,,,
26/06/2019 05:00,33484.684,17%,,,,,,,,,,
26/06/2019 06:00,32819.351,16%,,,,,,,,,,
26/06/2019 07:00,27013.439,14%,,,,,,,,,,
26/06/2019 08:00,21746.422,11%,,,,,,,,,,
26/06/2019 09:00,17941.596,9%,,,,,,,,,,
26/06/2019 10:00,14462.438,7%,,,,,,,,,,
26/06/2019 11:00,12188.232,6%,,,,,,,,,,
26/06/2019 12:00,10948.335,5%,,,,,,,,,,
26/06/2019 13:00,10961.354,5%,,,,,,,,,,
26/06/2019 14:00,13590.883,7%,,,,,,,,,,
26/06/2019 15:00,15286.484,8%,,,,,,,,,,
26/06/2019 16:00,16591.449,8%,,,,,,,,,,
26/06/2019 17:00,20236.393,10%,,,,,,,,,,
26/06/2019 18:00,25488.199,13%,,,,,,,,,,
26/06/2019 19:00,31922.683,16%,,,,,,,,,,
26/06/2019 20:00,46890.172,23%,,,,,,,,,,
26/06/2019 21:00,56685.261,28%,,,,,,,,,,
26/06/2019 22:00,56038.706,28%,,,,,,,,,,
26/06/2019 23:00,54095.149,27%,,,,,,,,,,
27/06/2019 00:00,50771.087,25%,,,,,,,,,,
27/06/2019 01:00,50001.692,25%,,,,,,,,,,
27/06/2019 02:00,52457.415,26%,,,,,,,,,,
27/06/2019 03:00,52975.423,26%,,,,,,,,,,
27/06/2019 04:00,49598.227,25%,,,,,,,,,,
27/06/2019 05:00,44813.73,22%,,,,,,,,,,
27/06/2019 06:00,47032.192,24%,,,,,,,,,,
27/06/2019 07:00,49738.056,25%,,,,,,,,,,
27/06/2019 08:00,50619.157,25%,,,,,,,,,,
27/06/2019 09:00,54408.839,27%,,,,,,,,,,
27/06/2019 10:00,60107.148,30%,,,,,,,,,,
27/06/2019 11:00,66831.429,33%,,,,,,,,,,
27/06/2019 12:00,73944.511,37%,,,,,,,,,,
27/06/2019 13:00,80490.746,40%,,,,,,,,,,
27/06/2019 14:00,86546.416,43%,,,,,,,,,,
27/06/2019 15:00,92508.096,46%,,,,,,,,,,
27/06/2019 16:00,98218.007,49%,,,,,,,,,,
27/06/2019 17:00,103424.212,52%,,,,,,,,,,
27/06/2019 18:00,105277.789,53%,,,,,,,,,,
27/06/2019 19:00,104194.564,52%,,,,,,,,,,
27/06/2019 20:00,107026.527,54%,,,,,,,,,,
27/06/2019 21:00,106977.51,53%,,,,,,,,,,
27/06/2019 22:00,101187.503,51%,,,,,,,,,,
27/06/2019 23:00,93936.59,47%,,,,,,,,,,
28/06/2019 00:00,89405.025,45%,,,,,,,,,,
28/06/2019 01:00,88303.694,44%,,,,,,,,,,
28/06/2019 02:00,88164.687,44%,,,,,,,,,,
28/06/2019 03:00,86543.509,43%,,,,,,,,,,
28/06/2019 04:00,85004.283,43%,,,,,,,,,,
28/06/2019 05:00,82003.362,41%,,,,,,,,,,
28/06/2019 06:00,98980.797,49%,,,,,,,,,,
28/06/2019 07:00,105861.655,53%,,,,,,,,,,
28/06/2019 08:00,106972.881,53%,,,,,,,,,,
28/06/2019 09:00,106972.957,53%,,,,,,,,,,
28/06/2019 10:00,109251.145,55%,,,,,,,,,,
28/06/2019 11:00,112279.151,56%,,,,,,,,,,
28/06/2019 12:00,112663.672,56%,,,,,,,,,,
28/06/2019 13:00,111681.247,56%,,,,,,,,,,
28/06/2019 14:00,108867.2,54%,,,,,,,,,,
28/06/2019 15:00,101888.467,51%,,,,,,,,,,
28/06/2019 16:00,89401.733,45%,,,,,,,,,,
28/06/2019 17:00,70932.068,35%,,,,,,,,,,
28/06/2019 18:00,67930.565,34%,,,,,,,,,,
28/06/2019 19:00,80096.097,40%,,,,,,,,,,
28/06/2019 20:00,91883.039,46%,,,,,,,,,,
28/06/2019 21:00,95095.364,48%,,,,,,,,,,
28/06/2019 22:00,92920.333,46%,,,,,,,,,,
28/06/2019 23:00,89632.043,45%,,,,,,,,,,
29/06/2019 00:00,86135.109,43%,,,,,,,,,,
29/06/2019 01:00,80709.95,40%,,,,,,,,,,
29/06/2019 02:00,73426.562,37%,,,,,,,,,,
29/06/2019 03:00,66865.199,33%,,,,,,,,,,
29/06/2019 04:00,55506.69,28%,,,,,,,,,,
29/06/2019 05:00,37156.362,19%,,,,,,,,,,
29/06/2019 06:00,25362.836,13%,,,,,,,,,,
29/06/2019 07:00,22586.958,11%,,,,,,,,,,
29/06/2019 08:00,13876.321,7%,,,,,,,,,,
29/06/2019 09:00,14145.642,7%,,,,,,,,,,
29/06/2019 10:00,18669.789,9%,,,,,,,,,,
29/06/2019 11:00,17872.724,9%,,,,,,,,,,
29/06/2019 12:00,17633.446,9%,,,,,,,,,,
29/06/2019 13:00,16324.049,8%,,,,,,,,,,
29/06/2019 14:00,13429.275,7%,,,,,,,,,,
29/06/2019 15:00,10271.72,5%,,,,,,,,,,
29/06/2019 16:00,12225.743,6%,,,,,,,,,,
29/06/2019 17:00,24849.72,12%,,,,,,,,,,
29/06/2019 18:00,46735.999,23%,,,,,,,,,,
29/06/2019 19:00,64528.149,32%,,,,,,,,,,
29/06/2019 20:00,64011.615,32%,,,,,,,,,,
29/06/2019 21:00,63132.179,32%,,,,,,,,,,
29/06/2019 22:00,68692.304,34%,,,,,,,,,,
29/06/2019 23:00,75785.338,38%,,,,,,,,,,
30/06/2019 00:00,87459.573,44%,,,,,,,,,,
30/06/2019 01:00,96291.818,48%,,,,,,,,,,
30/06/2019 02:00,102612.515,51%,,,,,,,,,,
30/06/2019 03:00,92709.68,46%,,,,,,,,,,
30/06/2019 04:00,80365.119,40%,,,,,,,,,,
30/06/2019 05:00,67345.693,34%,,,,,,,,,,
30/06/2019 06:00,88683.746,44%,,,,,,,,,,
30/06/2019 07:00,107018.469,54%,,,,,,,,,,
30/06/2019 08:00,120191.87,60%,,,,,,,,,,
30/06/2019 09:00,126812.379,63%,,,,,,,,,,
30/06/2019 10:00,128320.117,64%,,,,,,,,,,
30/06/2019 11:00,128938.07,64%,,,,,,,,,,
30/06/2019 12:00,130361.347,65%,,,,,,,,,,
30/06/2019 13:00,132680.869,66%,,,,,,,,,,
30/06/2019 14:00,135982.538,68%,,,,,,,,,,
30/06/2019 15:00,140074.375,70%,,,,,,,,,,
30/06/2019 16:00,142669.817,71%,,,,,,,,,,
30/06/2019 17:00,134815.405,67%,,,,,,,,,,
30/06/2019 18:00,117405.927,59%,,,,,,,,,,
30/06/2019 19:00,107429.818,54%,,,,,,,,,,
30/06/2019 20:00,103706.109,52%,,,,,,,,,,
30/06/2019 21:00,103705.191,52%,,,,,,,,,,
30/06/2019 22:00,113480.089,57%,,,,,,,,,,
30/06/2019 23:00,127062.561,64%,,,,,,,,,,
01/07/2019 00:00,128962.156,64%,,,,,,,,,,
01/07/2019 01:00,129496.045,65%,,,,,,,,,,
01/07/2019 02:00,127953.529,64%,,,,,,,,,,
01/07/2019 03:00,127664.335,64%,,,,,,,,,,
01/07/2019 04:00,128325.98,64%,,,,,,,,,,
01/07/2019 05:00,130143.05,65%,,,,,,,,,,
01/07/2019 06:00,139699.931,70%,,,,,,,,,,
01/07/2019 07:00,138918.267,69%,,,,,,,,,,
01/07/2019 08:00,133400.699,67%,,,,,,,,,,
01/07/2019 09:00,131116.224,66%,,,,,,,,,,
01/07/2019 10:00,133907.766,67%,,,,,,,,,,
01/07/2019 11:00,137219.478,69%,,,,,,,,,,
01/07/2019 12:00,139394.54,70%,,,,,,,,,,
01/07/2019 13:00,139596.962,70%,,,,,,,,,,
01/07/2019 14:00,136484.755,68%,,,,,,,,,,
01/07/2019 15:00,132362.541,66%,,,,,,,,,,
01/07/2019 16:00,127453.017,64%,,,,,,,,,,
01/07/2019 17:00,118268.684,59%,,,,,,,,,,
01/07/2019 18:00,105068.965,53%,,,,,,,,,,
01/07/2019 19:00,89909.616,45%,,,,,,,,,,
01/07/2019 20:00,83910.086,42%,,,,,,,,,,
01/07/2019 21:00,82546.082,41%,,,,,,,,,,
01/07/2019 22:00,77365.962,39%,,,,,,,,,,
01/07/2019 23:00,70777.467,35%,,,,,,,,,,
02/07/2019 00:00,62210.114,31%,,,,,,,,,,
02/07/2019 01:00,54409.33,27%,,,,,,,,,,
02/07/2019 02:00,47250.403,24%,,,,,,,,,,
02/07/2019 03:00,45484.328,23%,,,,,,,,,,
02/07/2019 04:00,43982.489,22%,,,,,,,,,,
02/07/2019 05:00,36910.697,18%,,,,,,,,,,
02/07/2019 06:00,40047.108,20%,,,,,,,,,,
02/07/2019 07:00,43968.58,22%,,,,,,,,,,
02/07/2019 08:00,48607.091,24%,,,,,,,,,,
02/07/2019 09:00,51016.676,26%,,,,,,,,,,
02/07/2019 10:00,51049.026,26%,,,,,,,,,,
02/07/2019 11:00,51752.132,26%,,,,,,,,,,
02/07/2019 12:00,53213.409,27%,,,,,,,,,,
02/07/2019 13:00,55146.927,28%,,,,,,,,,,
02/07/2019 14:00,56311.952,28%,,,,,,,,,,
02/07/2019 15:00,58274.19,29%,,,,,,,,,,
02/07/2019 16:00,62131.079,31%,,,,,,,,,,
02/07/2019 17:00,63215.415,32%,,,,,,,,,,
02/07/2019 18:00,60622.993,30%,,,,,,,,,,
02/07/2019 19:00,60399.989,30%,,,,,,,,,,
02/07/2019 20:00,69004.442,35%,,,,,,,,,,
02/07/2019 21:00,73440.605,37%,,,,,,,,,,
02/07/2019 22:00,70999.59,35%,,,,,,,,,,
02/07/2019 23:00,66310.844,33%,,,,,,,,,,
03/07/2019 00:00,62999.194,31%,,,,,,,,,,
03/07/2019 01:00,59989.887,30%,,,,,,,,,,
03/07/2019 02:00,54874.156,27%,,,,,,,,,,
03/07/2019 03:00,48594.394,24%,,,,,,,,,,
03/07/2019 04:00,40168.304,20%,,,,,,,,,,
03/07/2019 05:00,24599.297,12%,,,,,,,,,,
03/07/2019 06:00,15948.428,8%,,,,,,,,,,
03/07/2019 07:00,11268.533,6%,,,,,,,,,,
03/07/2019 08:00,6807.602,3%,,,,,,,,,,
03/07/2019 09:00,4705.699,2%,,,,,,,,,,
03/07/2019 10:00,4387.219,2%,,,,,,,,,,
03/07/2019 11:00,5070.117,3%,,,,,,,,,,
03/07/2019 12:00,6438.081,3%,,,,,,,,,,
03/07/2019 13:00,8875.279,4%,,,,,,,,,,
03/07/2019 14:00,11974.047,6%,,,,,,,,,,
03/07/2019 15:00,15062.835,8%,,,,,,,,,,
03/07/2019 16:00,17470.184,9%,,,,,,,,,,
03/07/2019 17:00,19269.425,10%,,,,,,,,,,
03/07/2019 18:00,21673.271,11%,,,,,,,,,,
03/07/2019 19:00,26160.265,13%,,,,,,,,,,
03/07/2019 20:00,28802.922,14%,,,,,,,,,,
03/07/2019 21:00,26593.918,13%,,,,,,,,,,
03/07/2019 22:00,24242.767,12%,,,,,,,,,,
03/07/2019 23:00,22256.501,11%,,,,,,,,,,
04/07/2019 00:00,19098.742,10%,,,,,,,,,,
04/07/2019 01:00,15280.179,8%,,,,,,,,,,
04/07/2019 02:00,12974.921,6%,,,,,,,,,,
04/07/2019 03:00,13178.898,7%,,,,,,,,,,
04/07/2019 04:00,13675.753,7%,,,,,,,,,,
04/07/2019 05:00,10749.394,5%,,,,,,,,,,
04/07/2019 06:00,9835.488,5%,,,,,,,,,,
04/07/2019 07:00,14234.013,7%,,,,,,,,,,
04/07/2019 08:00,18561.61,9%,,,,,,,,,,
04/07/2019 09:00,22587.597,11%,,,,,,,,,,
04/07/2019 10:00,27812.464,14%,,,,,,,,,,
04/07/2019 11:00,33354.044,17%,,,,,,,,,,
04/07/2019 12:00,35999.156,18%,,,,,,,,,,
04/07/2019 13:00,36803.637,18%,,,,,,,,,,
04/07/2019 14:00,35989.886,18%,,,,,,,,,,
04/07/2019 15:00,31849.221,16%,,,,,,,,,,
04/07/2019 16:00,24589.231,12%,,,,,,,,,,
04/07/2019 17:00,20794.918,10%,,,,,,,,,,
04/07/2019 18:00,24839.262,12%,,,,,,,,,,
04/07/2019 19:00,28891.684,14%,,,,,,,,,,
04/07/2019 20:00,33419.876,17%,,,,,,,,,,
04/07/2019 21:00,39918.697,20%,,,,,,,,,,
04/07/2019 22:00,46136.325,23%,,,,,,,,,,
04/07/2019 23:00,47399.243,24%,,,,,,,,,,
05/07/2019 00:00,46713.282,23%,,,,,,,,,,
05/07/2019 01:00,45669.78,23%,,,,,,,,,,
05/07/2019 02:00,46840.488,23%,,,,,,,,,,
05/07/2019 03:00,46148.043,23%,,,,,,,,,,
05/07/2019 04:00,42750.076,21%,,,,,,,,,,
05/07/2019 05:00,34083.789,17%,,,,,,,,,,
05/07/2019 06:00,32228.237,16%,,,,,,,,,,
05/07/2019 07:00,29350.785,15%,,,,,,,,,,
05/07/2019 08:00,28801.439,14%,,,,,,,,,,
05/07/2019 09:00,30749.848,15%,,,,,,,,,,
05/07/2019 10:00,34167.546,17%,,,,,,,,,,
05/07/2019 11:00,38680.238,19%,,,,,,,,,,
05/07/2019 12:00,43962.014,22%,,,,,,,,,,
05/07/2019 13:00,50192.012,25%,,,,,,,,,,
05/07/2019 14:00,55459.769,28%,,,,,,,,,,
05/07/2019 15:00,60989.149,30%,,,,,,,,,,
05/07/2019 16:00,68012.827,34%,,,,,,,,,,
05/07/2019 17:00,71531.365,36%,,,,,,,,,,
05/07/2019 18:00,67352.824,34%,,,,,,,,,,
05/07/2019 19:00,52809.714,26%,,,,,,,,,,
05/07/2019 20:00,50209.196,25%,,,,,,,,,,
05/07/2019 21:00,58338.646,29%,,,,,,,,,,
05/07/2019 22:00,62447.398,31%,,,,,,,,,,
05/07/2019 23:00,64338.6,32%,,,,,,,,,,
06/07/2019 00:00,70154.048,35%,,,,,,,,,,
06/07/2019 01:00,73387.237,37%,,,,,,,,,,
06/07/2019 02:00,72261.125,36%,,,,,,,,,,
06/07/2019 03:00,74615.56,37%,,,,,,,,,,
06/07/2019 04:00,68128.518,34%,,,,,,,,,,
06/07/2019 05:00,56340.427,28%,,,,,,,,,,
06/07/2019 06:00,50268.565,25%,,,,,,,,,,
06/07/2019 07:00,50615.919,25%,,,,,,,,,,
06/07/2019 08:00,47273.911,24%,,,,,,,,,,
06/07/2019 09:00,44805.829,22%,,,,,,,,,,
06/07/2019 10:00,44853.816,22%,,,,,,,,,,
06/07/2019 11:00,46028.572,23%,,,,,,,,,,
06/07/2019 12:00,47167.919,24%,,,,,,,,,,
06/07/2019 13:00,47163.499,24%,,,,,,,,,,
06/07/2019 14:00,46137.929,23%,,,,,,,,,,
06/07/2019 15:00,44533.167,22%,,,,,,,,,,
06/07/2019 16:00,43810.729,22%,,,,,,,,,,
06/07/2019 17:00,42383.96,21%,,,,,,,,,,
06/07/2019 18:00,39848.502,20%,,,,,,,,,,
06/07/2019 19:00,37033.426,19%,,,,,,,,,,
06/07/2019 20:00,37126.142,19%,,,,,,,,,,
06/07/2019 21:00,32600.995,16%,,,,,,,,,,
06/07/2019 22:00,26597.593,13%,,,,,,,,,,
06/07/2019 23:00,21497.644,11%,,,,,,,,,,
07/07/2019 00:00,18408.054,9%,,,,,,,,,,
07/07/2019 01:00,15833.108,8%,,,,,,,,,,
07/07/2019 02:00,13313.697,7%,,,,,,,,,,
07/07/2019 03:00,9745.859,5%,,,,,,,,,,
07/07/2019 04:00,7431.997,4%,,,,,,,,,,
07/07/2019 05:00,5562.04,3%,,,,,,,,,,
07/07/2019 06:00,3623.193,2%,,,,,,,,,,
07/07/2019 07:00,3303.166,2%,,,,,,,,,,
07/07/2019 08:00,3619.717,2%,,,,,,,,,,
07/07/2019 09:00,3798.333,2%,,,,,,,,,,
07/07/2019 10:00,3903.407,2%,,,,,,,,,,
07/07/2019 11:00,4991.789,2%,,,,,,,,,,
07/07/2019 12:00,7036.684,4%,,,,,,,,,,
07/07/2019 13:00,9413.431,5%,,,,,,,,,,
07/07/2019 14:00,11553.399,6%,,,,,,,,,,
07/07/2019 15:00,12518.393,6%,,,,,,,,,,
07/07/2019 16:00,12846.894,6%,,,,,,,,,,
07/07/2019 17:00,13483.221,7%,,,,,,,,,,
07/07/2019 18:00,14288.967,7%,,,,,,,,,,
07/07/2019 19:00,16832.256,8%,,,,,,,,,,
07/07/2019 20:00,18060.289,9%,,,,,,,,,,
07/07/2019 21:00,17415.18,9%,,,,,,,,,,
07/07/2019 22:00,15947.436,8%,,,,,,,,,,
07/07/2019 23:00,20541.316,10%,,,,,,,,,,
08/07/2019 00:00,30918.02,15%,,,,,,,,,,
08/07/2019 01:00,42075.256,21%,,,,,,,,,,
08/07/2019 02:00,49538.512,25%,,,,,,,,,,
08/07/2019 03:00,48145.937,24%,,,,,,,,,,
08/07/2019 04:00,41152.158,21%,,,,,,,,,,
08/07/2019 05:00,29492.227,15%,,,,,,,,,,
08/07/2019 06:00,34203.743,17%,,,,,,,,,,
08/07/2019 07:00,35777.71,18%,,,,,,,,,,
08/07/2019 08:00,31491.687,16%,,,,,,,,,,
08/07/2019 09:00,25205.408,13%,,,,,,,,,,
08/07/2019 10:00,18555.272,9%,,,,,,,,,,
08/07/2019 11:00,11880.773,6%,,,,,,,,,,
08/07/2019 12:00,7036.197,4%,,,,,,,,,,
08/07/2019 13:00,4228.632,2%,,,,,,,,,,
08/07/2019 14:00,2478.297,1%,,,,,,,,,,
08/07/2019 15:00,1182.734,1%,,,,,,,,,,
08/07/2019 16:00,932.255,0%,,,,,,,,,,
08/07/2019 17:00,1084.457,1%,,,,,,,,,,
08/07/2019 18:00,1612.687,1%,,,,,,,,,,
08/07/2019 19:00,2602.837,1%,,,,,,,,,,
08/07/2019 20:00,3361.591,2%,,,,,,,,,,
08/07/2019 21:00,2794.881,1%,,,,,,,,,,
08/07/2019 22:00,1588.435,1%,,,,,,,,,,
08/07/2019 23:00,681.793,0%,,,,,,,,,,
09/07/2019 00:00,843.309,0%,,,,,,,,,,
09/07/2019 01:00,864.264,0%,,,,,,,,,,
09/07/2019 02:00,796.525,0%,,,,,,,,,,
09/07/2019 03:00,1013.564,1%,,,,,,,,,,
09/07/2019 04:00,1521.766,1%,,,,,,,,,,
09/07/2019 05:00,1876.178,1%,,,,,,,,,,
09/07/2019 06:00,2940.902,1%,,,,,,,,,,
09/07/2019 07:00,4725.888,2%,,,,,,,,,,
09/07/2019 08:00,7032.623,4%,,,,,,,,,,
09/07/2019 09:00,9370.759,5%,,,,,,,,,,
09/07/2019 10:00,11698.61,6%,,,,,,,,,,
09/07/2019 11:00,13282.59,7%,,,,,,,,,,
09/07/2019 12:00,12531.741,6%,,,,,,,,,,
09/07/2019 13:00,13367.232,7%,,,,,,,,,,
09/07/2019 14:00,15200.114,8%,,,,,,,,,,
09/07/2019 15:00,15198.78,8%,,,,,,,,,,
09/07/2019 16:00,12501.298,6%,,,,,,,,,,
09/07/2019 17:00,10199.439,5%,,,,,,,,,,
09/07/2019 18:00,8140.296,4%,,,,,,,,,,
09/07/2019 19:00,6096.32,3%,,,,,,,,,,
09/07/2019 20:00,5984.278,3%,,,,,,,,,,
09/07/2019 21:00,10532.613,5%,,,,,,,,,,
09/07/2019 22:00,17559.821,9%,,,,,,,,,,
09/07/2019 23:00,24240.334,12%,,,,,,,,,,
10/07/2019 00:00,30274.674,15%,,,,,,,,,,
10/07/2019 01:00,35160.397,18%,,,,,,,,,,
10/07/2019 02:00,35776.557,18%,,,,,,,,,,
10/07/2019 03:00,35882.408,18%,,,,,,,,,,
10/07/2019 04:00,38509.359,19%,,,,,,,,,,
10/07/2019 05:00,36957.322,18%,,,,,,,,,,
10/07/2019 06:00,28047.602,14%,,,,,,,,,,
10/07/2019 07:00,27629.436,14%,,,,,,,,,,
10/07/2019 08:00,36327.605,18%,,,,,,,,,,
10/07/2019 09:00,43208.952,22%,,,,,,,,,,
10/07/2019 10:00,43960.97,22%,,,,,,,,,,
10/07/2019 11:00,45943.035,23%,,,,,,,,,,
10/07/2019 12:00,51814.534,26%,,,,,,,,,,
10/07/2019 13:00,61259.09,31%,,,,,,,,,,
10/07/2019 14:00,62124.21,31%,,,,,,,,,,
10/07/2019 15:00,46804.214,23%,,,,,,,,,,
10/07/2019 16:00,37344.585,19%,,,,,,,,,,
10/07/2019 17:00,35695.183,18%,,,,,,,,,,
10/07/2019 18:00,26951.738,13%,,,,,,,,,,
10/07/2019 19:00,19685.632,10%,,,,,,,,,,
10/07/2019 20:00,19338.439,10%,,,,,,,,,,
10/07/2019 21:00,22788.306,11%,,,,,,,,,,
10/07/2019 22:00,25020.925,13%,,,,,,,,,,
10/07/2019 23:00,29536.567,15%,,,,,,,,,,
11/07/2019 00:00,40167.738,20%,,,,,,,,,,
11/07/2019 01:00,54093.738,27%,,,,,,,,,,
11/07/2019 02:00,62858.808,31%,,,,,,,,,,
11/07/2019 03:00,64012.319,32%,,,,,,,,,,
11/07/2019 04:00,62205.402,31%,,,,,,,,,,
11/07/2019 05:00,55803.392,28%,,,,,,,,,,
11/07/2019 06:00,55306.093,28%,,,,,,,,,,
11/07/2019 07:00,64526.236,32%,,,,,,,,,,
11/07/2019 08:00,72326.261,36%,,,,,,,,,,
11/07/2019 09:00,78701.86,39%,,,,,,,,,,
11/07/2019 10:00,80095.267,40%,,,,,,,,,,
11/07/2019 11:00,79725.728,40%,,,,,,,,,,
11/07/2019 12:00,78243.613,39%,,,,,,,,,,
11/07/2019 13:00,74718.153,37%,,,,,,,,,,
11/07/2019 14:00,72532.816,36%,,,,,,,,,,
11/07/2019 15:00,72853.745,36%,,,,,,,,,,
11/07/2019 16:00,69245.583,35%,,,,,,,,,,
11/07/2019 17:00,57066.674,29%,,,,,,,,,,
11/07/2019 18:00,37554.805,19%,,,,,,,,,,
11/07/2019 19:00,24837.429,12%,,,,,,,,,,
11/07/2019 20:00,24383.858,12%,,,,,,,,,,
11/07/2019 21:00,26602.403,13%,,,,,,,,,,
11/07/2019 22:00,30454.991,15%,,,,,,,,,,
11/07/2019 23:00,36264.013,18%,,,,,,,,,,
12/07/2019 00:00,43831.715,22%,,,,,,,,,,
12/07/2019 01:00,47495.657,24%,,,,,,,,,,
12/07/2019 02:00,52846.02,26%,,,,,,,,,,
12/07/2019 03:00,60990.456,30%,,,,,,,,,,
12/07/2019 04:00,68871.505,34%,,,,,,,,,,
12/07/2019 05:00,63864.292,32%,,,,,,,,,,
12/07/2019 06:00,74715.954,37%,,,,,,,,,,
12/07/2019 07:00,87366.818,44%,,,,,,,,,,
12/07/2019 08:00,96641.745,48%,,,,,,,,,,
12/07/2019 09:00,99595.492,50%,,,,,,,,,,
12/07/2019 10:00,98770.674,49%,,,,,,,,,,
12/07/2019 11:00,93203.91,47%,,,,,,,,,,
12/07/2019 12:00,89116.837,45%,,,,,,,,,,
12/07/2019 13:00,87807.995,44%,,,,,,,,,,
12/07/2019 14:00,90780.07,45%,,,,,,,,,,
12/07/2019 15:00,91882.468,46%,,,,,,,,,,
12/07/2019 16:00,93261.869,47%,,,,,,,,,,
12/07/2019 17:00,95422.081,48%,,,,,,,,,,
12/07/2019 18:00,89879.149,45%,,,,,,,,,,
12/07/2019 19:00,77665.495,39%,,,,,,,,,,
12/07/2019 20:00,76636.493,38%,,,,,,,,,,
12/07/2019 21:00,76090.239,38%,,,,,,,,,,
12/07/2019 22:00,77665.68,39%,,,,,,,,,,
12/07/2019 23:00,76823.578,38%,,,,,,,,,,
13/07/2019 00:00,70483.016,35%,,,,,,,,,,
13/07/2019 01:00,66586.029,33%,,,,,,,,,,
13/07/2019 02:00,67352.891,34%,,,,,,,,,,
13/07/2019 03:00,65544.934,33%,,,,,,,,,,
13/07/2019 04:00,63083.563,32%,,,,,,,,,,
13/07/2019 05:00,56177.793,28%,,,,,,,,,,
13/07/2019 06:00,56314.749,28%,,,,,,,,,,
13/07/2019 07:00,54875.77,27%,,,,,,,,,,
13/07/2019 08:00,52276.554,26%,,,,,,,,,,
13/07/2019 09:00,47368.229,24%,,,,,,,,,,
13/07/2019 10:00,45790.888,23%,,,,,,,,,,
13/07/2019 11:00,46185.428,23%,,,,,,,,,,
13/07/2019 12:00,47010.187,24%,,,,,,,,,,
13/07/2019 13:00,48153.992,24%,,,,,,,,,,
13/07/2019 14:00,52276.897,26%,,,,,,,,,,
13/07/2019 15:00,59312.848,30%,,,,,,,,,,
13/07/2019 16:00,65545.282,33%,,,,,,,,,,
13/07/2019 17:00,68004.31,34%,,,,,,,,,,
13/07/2019 18:00,66317.767,33%,,,,,,,,,,
13/07/2019 19:00,60487.971,30%,,,,,,,,,,
13/07/2019 20:00,61118.087,31%,,,,,,,,,,
13/07/2019 21:00,63481.712,32%,,,,,,,,,,
13/07/2019 22:00,63172.585,32%,,,,,,,,,,
13/07/2019 23:00,58273.518,29%,,,,,,,,,,
14/07/2019 00:00,51815.733,26%,,,,,,,,,,
14/07/2019 01:00,42957.638,21%,,,,,,,,,,
14/07/2019 02:00,31513.838,16%,,,,,,,,,,
14/07/2019 03:00,21734.131,11%,,,,,,,,,,
14/07/2019 04:00,15350.929,8%,,,,,,,,,,
14/07/2019 05:00,10084.858,5%,,,,,,,,,,
14/07/2019 06:00,7035.462,4%,,,,,,,,,,
14/07/2019 07:00,9329.481,5%,,,,,,,,,,
14/07/2019 08:00,11704.449,6%,,,,,,,,,,
14/07/2019 09:00,11553.869,6%,,,,,,,,,,
14/07/2019 10:00,9389.363,5%,,,,,,,,,,
14/07/2019 11:00,7176.576,4%,,,,,,,,,,
14/07/2019 12:00,5674.608,3%,,,,,,,,,,
14/07/2019 13:00,4536.392,2%,,,,,,,,,,
14/07/2019 14:00,3834.271,2%,,,,,,,,,,
14/07/2019 15:00,3620.207,2%,,,,,,,,,,
14/07/2019 16:00,3483.072,2%,,,,,,,,,,
14/07/2019 17:00,4197.484,2%,,,,,,,,,,
14/07/2019 18:00,6023.618,3%,,,,,,,,,,
14/07/2019 19:00,9446.691,5%,,,,,,,,,,
14/07/2019 20:00,15797.597,8%,,,,,,,,,,
14/07/2019 21:00,25279.691,13%,,,,,,,,,,
14/07/2019 22:00,35099.771,18%,,,,,,,,,,
14/07/2019 23:00,44069.267,22%,,,,,,,,,,
15/07/2019 00:00,47655.297,24%,,,,,,,,,,
15/07/2019 01:00,46587.478,23%,,,,,,,,,,
15/07/2019 02:00,44917.142,22%,,,,,,,,,,
15/07/2019 03:00,44615.339,22%,,,,,,,,,,
15/07/2019 04:00,43608.673,22%,,,,,,,,,,
15/07/2019 05:00,33050.686,17%,,,,,,,,,,
15/07/2019 06:00,26078.288,13%,,,,,,,,,,
15/07/2019 07:00,21172.436,11%,,,,,,,,,,
15/07/2019 08:00,17261.961,9%,,,,,,,,,,
15/07/2019 09:00,13147.32,7%,,,,,,,,,,
15/07/2019 10:00,9139.426,5%,,,,,,,,,,
15/07/2019 11:00,6381.737,3%,,,,,,,,,,
15/07/2019 12:00,4926.997,2%,,,,,,,,,,
15/07/2019 13:00,4688.747,2%,,,,,,,,,,
15/07/2019 14:00,5089.102,3%,,,,,,,,,,
15/07/2019 15:00,5984.369,3%,,,,,,,,,,
15/07/2019 16:00,7342.318,4%,,,,,,,,,,
15/07/2019 17:00,9936.77,5%,,,,,,,,,,
15/07/2019 18:00,12048.467,6%,,,,,,,,,,
15/07/2019 19:00,13167.832,7%,,,,,,,,,,
15/07/2019 20:00,10789.904,5%,,,,,,,,,,
15/07/2019 21:00,6118.662,3%,,,,,,,,,,
15/07/2019 22:00,2620.659,1%,,,,,,,,,,
15/07/2019 23:00,1230.525,1%,,,,,,,,,,
16/07/2019 00:00,1587.022,1%,,,,,,,,,,
16/07/2019 01:00,2784.909,1%,,,,,,,,,,
16/07/2019 02:00,5961.397,3%,,,,,,,,,,
16/07/2019 03:00,11134.985,6%,,,,,,,,,,
16/07/2019 04:00,15986.602,8%,,,,,,,,,,
16/07/2019 05:00,17748.04,9%,,,,,,,,,,
16/07/2019 06:00,16536.261,8%,,,,,,,,,,
16/07/2019 07:00,21248.029,11%,,,,,,,,,,
16/07/2019 08:00,23090.608,12%,,,,,,,,,,
16/07/2019 09:00,21151.611,11%,,,,,,,,,,
16/07/2019 10:00,19026.684,10%,,,,,,,,,,
16/07/2019 11:00,18056.417,9%,,,,,,,,,,
16/07/2019 12:00,16615.798,8%,,,,,,,,,,
16/07/2019 13:00,14928.669,7%,,,,,,,,,,
16/07/2019 14:00,14256.024,7%,,,,,,,,,,
16/07/2019 15:00,14322.49,7%,,,,,,,,,,
16/07/2019 16:00,14743.778,7%,,,,,,,,,,
16/07/2019 17:00,14484.025,7%,,,,,,,,,,
16/07/2019 18:00,12492.686,6%,,,,,,,,,,
16/07/2019 19:00,11114.195,6%,,,,,,,,,,
16/07/2019 20:00,10617.738,5%,,,,,,,,,,
16/07/2019 21:00,9469.558,5%,,,,,,,,,,
16/07/2019 22:00,8191.105,4%,,,,,,,,,,
16/07/2019 23:00,7717.058,4%,,,,,,,,,,
17/07/2019 00:00,9515.566,5%,,,,,,,,,,
17/07/2019 01:00,12484.095,6%,,,,,,,,,,
17/07/2019 02:00,15473.491,8%,,,,,,,,,,
17/07/2019 03:00,16934.355,8%,,,,,,,,,,
17/07/2019 04:00,19153.761,10%,,,,,,,,,,
17/07/2019 05:00,22863.52,11%,,,,,,,,,,
17/07/2019 06:00,21871.666,11%,,,,,,,,,,
17/07/2019 07:00,25578.515,13%,,,,,,,,,,
17/07/2019 08:00,38336.889,19%,,,,,,,,,,
17/07/2019 09:00,53014.316,27%,,,,,,,,,,
17/07/2019 10:00,65858.102,33%,,,,,,,,,,
17/07/2019 11:00,71003.617,36%,,,,,,,,,,
17/07/2019 12:00,63905.877,32%,,,,,,,,,,
17/07/2019 13:00,51812.597,26%,,,,,,,,,,
17/07/2019 14:00,47575.584,24%,,,,,,,,,,
17/07/2019 15:00,52250.296,26%,,,,,,,,,,
17/07/2019 16:00,55564.231,28%,,,,,,,,,,
17/07/2019 17:00,54882.929,27%,,,,,,,,,,
17/07/2019 18:00,51308.156,26%,,,,,,,,,,
17/07/2019 19:00,53903.253,27%,,,,,,,,,,
17/07/2019 20:00,61676.528,31%,,,,,,,,,,
17/07/2019 21:00,76071.323,38%,,,,,,,,,,
17/07/2019 22:00,91128.854,46%,,,,,,,,,,
17/07/2019 23:00,84463.639,42%,,,,,,,,,,
18/07/2019 00:00,66832.282,33%,,,,,,,,,,
18/07/2019 01:00,54761.091,27%,,,,,,,,,,
18/07/2019 02:00,61117.11,31%,,,,,,,,,,
18/07/2019 03:00,68297.584,34%,,,,,,,,,,
18/07/2019 04:00,58756.091,29%,,,,,,,,,,
18/07/2019 05:00,44314.455,22%,,,,,,,,,,
18/07/2019 06:00,43979.651,22%,,,,,,,,,,
18/07/2019 07:00,53480.633,27%,,,,,,,,,,
18/07/2019 08:00,63202.01,32%,,,,,,,,,,
18/07/2019 09:00,68391.985,34%,,,,,,,,,,
18/07/2019 10:00,70205.915,35%,,,,,,,,,,
18/07/2019 11:00,73035.839,37%,,,,,,,,,,
18/07/2019 12:00,78064.953,39%,,,,,,,,,,
18/07/2019 13:00,83262.359,42%,,,,,,,,,,
18/07/2019 14:00,85555.287,43%,,,,,,,,,,
18/07/2019 15:00,83759.986,42%,,,,,,,,,,
18/07/2019 16:00,78437.846,39%,,,,,,,,,,
18/07/2019 17:00,69445.809,35%,,,,,,,,,,
18/07/2019 18:00,53088.399,27%,,,,,,,,,,
18/07/2019 19:00,50129.723,25%,,,,,,,,,,
18/07/2019 20:00,55017.27,28%,,,,,,,,,,
18/07/2019 21:00,60352.272,30%,,,,,,,,,,
18/07/2019 22:00,60291.292,30%,,,,,,,,,,
18/07/2019 23:00,57467.282,29%,,,,,,,,,,
19/07/2019 00:00,53800.84,27%,,,,,,,,,,
19/07/2019 01:00,50834.522,25%,,,,,,,,,,
19/07/2019 02:00,49014.917,25%,,,,,,,,,,
19/07/2019 03:00,43772.479,22%,,,,,,,,,,
19/07/2019 04:00,43967.473,22%,,,,,,,,,,
19/07/2019 05:00,43158.094,22%,,,,,,,,,,
19/07/2019 06:00,44613.138,22%,,,,,,,,,,
19/07/2019 07:00,57774.312,29%,,,,,,,,,,
19/07/2019 08:00,79609.129,40%,,,,,,,,,,
19/07/2019 09:00,105904.75,53%,,,,,,,,,,
19/07/2019 10:00,116596.219,58%,,,,,,,,,,
19/07/2019 11:00,105404.127,53%,,,,,,,,,,
19/07/2019 12:00,88304.517,44%,,,,,,,,,,
19/07/2019 13:00,81459.209,41%,,,,,,,,,,
19/07/2019 14:00,85438.722,43%,,,,,,,,,,
19/07/2019 15:00,95188.634,48%,,,,,,,,,,
19/07/2019 16:00,97882.994,49%,,,,,,,,,,
19/07/2019 17:00,96844.764,48%,,,,,,,,,,
19/07/2019 18:00,102782.22,51%,,,,,,,,,,
19/07/2019 19:00,104424.952,52%,,,,,,,,,,
19/07/2019 20:00,100708.097,50%,,,,,,,,,,
19/07/2019 21:00,94970.44,47%,,,,,,,,,,
19/07/2019 22:00,95191.283,48%,,,,,,,,,,
19/07/2019 23:00,93885.075,47%,,,,,,,,,,
20/07/2019 00:00,90005.047,45%,,,,,,,,,,
20/07/2019 01:00,88853.638,44%,,,,,,,,,,
20/07/2019 02:00,87537.249,44%,,,,,,,,,,
20/07/2019 03:00,86379.588,43%,,,,,,,,,,
20/07/2019 04:00,86756.449,43%,,,,,,,,,,
20/07/2019 05:00,73388.919,37%,,,,,,,,,,
20/07/2019 06:00,66946.51,33%,,,,,,,,,,
20/07/2019 07:00,82622.719,41%,,,,,,,,,,
20/07/2019 08:00,88021.658,44%,,,,,,,,,,
20/07/2019 09:00,91221.092,46%,,,,,,,,,,
20/07/2019 10:00,104524.836,52%,,,,,,,,,,
20/07/2019 11:00,126588.932,63%,,,,,,,,,,
20/07/2019 12:00,141581.371,71%,,,,,,,,,,
20/07/2019 13:00,142464.987,71%,,,,,,,,,,
20/07/2019 14:00,131600.167,66%,,,,,,,,,,
20/07/2019 15:00,118058.061,59%,,,,,,,,,,
20/07/2019 16:00,108684.181,54%,,,,,,,,,,
20/07/2019 17:00,98228.948,49%,,,,,,,,,,
20/07/2019 18:00,73873.268,37%,,,,,,,,,,
20/07/2019 19:00,60985.463,30%,,,,,,,,,,
20/07/2019 20:00,64546.607,32%,,,,,,,,,,
20/07/2019 21:00,71006.811,36%,,,,,,,,,,
20/07/2019 22:00,70219.39,35%,,,,,,,,,,
20/07/2019 23:00,68897.203,34%,,,,,,,,,,
21/07/2019 00:00,67344.869,34%,,,,,,,,,,
21/07/2019 01:00,59461.18,30%,,,,,,,,,,
21/07/2019 02:00,52862.459,26%,,,,,,,,,,
21/07/2019 03:00,48141.784,24%,,,,,,,,,,
21/07/2019 04:00,43979.117,22%,,,,,,,,,,
21/07/2019 05:00,35411.917,18%,,,,,,,,,,
21/07/2019 06:00,28329.449,14%,,,,,,,,,,
21/07/2019 07:00,35755.204,18%,,,,,,,,,,
21/07/2019 08:00,49408.14,25%,,,,,,,,,,
21/07/2019 09:00,60491.552,30%,,,,,,,,,,
21/07/2019 10:00,70073.248,35%,,,,,,,,,,
21/07/2019 11:00,75251.492,38%,,,,,,,,,,
21/07/2019 12:00,78931.597,39%,,,,,,,,,,
21/07/2019 13:00,79559.276,40%,,,,,,,,,,
21/07/2019 14:00,83780.301,42%,,,,,,,,,,
21/07/2019 15:00,88301.939,44%,,,,,,,,,,
21/07/2019 16:00,98447.729,49%,,,,,,,,,,
21/07/2019 17:00,114222.194,57%,,,,,,,,,,
21/07/2019 18:00,129071.929,65%,,,,,,,,,,
21/07/2019 19:00,137464.54,69%,,,,,,,,,,
21/07/2019 20:00,145921.15,73%,,,,,,,,,,
21/07/2019 21:00,152481.328,76%,,,,,,,,,,
21/07/2019 22:00,152698.617,76%,,,,,,,,,,
21/07/2019 23:00,149001.83,75%,,,,,,,,,,
22/07/2019 00:00,150617.741,75%,,,,,,,,,,
22/07/2019 01:00,151462.886,76%,,,,,,,,,,
22/07/2019 02:00,152244.459,76%,,,,,,,,,,
22/07/2019 03:00,149441.341,75%,,,,,,,,,,
22/07/2019 04:00,146271.621,73%,,,,,,,,,,
22/07/2019 05:00,140673.938,70%,,,,,,,,,,
22/07/2019 06:00,132204.827,66%,,,,,,,,,,
22/07/2019 07:00,138715.949,69%,,,,,,,,,,
22/07/2019 08:00,143994.216,72%,,,,,,,,,,
22/07/2019 09:00,144431.371,72%,,,,,,,,,,
22/07/2019 10:00,144423.701,72%,,,,,,,,,,
22/07/2019 11:00,145424.563,73%,,,,,,,,,,
22/07/2019 12:00,145379.479,73%,,,,,,,,,,
22/07/2019 13:00,143743.474,72%,,,,,,,,,,
22/07/2019 14:00,140864.171,70%,,,,,,,,,,
22/07/2019 15:00,137118.936,69%,,,,,,,,,,
22/07/2019 16:00,128813.348,64%,,,,,,,,,,
22/07/2019 17:00,112251.957,56%,,,,,,,,,,
22/07/2019 18:00,91329.63,46%,,,,,,,,,,
22/07/2019 19:00,86051.774,43%,,,,,,,,,,
22/07/2019 20:00,85043.41,43%,,,,,,,,,,
22/07/2019 21:00,75212.042,38%,,,,,,,,,,
22/07/2019 22:00,69219.084,35%,,,,,,,,,,
22/07/2019 23:00,62407.279,31%,,,,,,,,,,
23/07/2019 00:00,51042.77,26%,,,,,,,,,,
23/07/2019 01:00,42134.225,21%,,,,,,,,,,
23/07/2019 02:00,36320.579,18%,,,,,,,,,,
23/07/2019 03:00,34404.188,17%,,,,,,,,,,
23/07/2019 04:00,36065.729,18%,,,,,,,,,,
23/07/2019 05:00,33771.726,17%,,,,,,,,,,
23/07/2019 06:00,26625.746,13%,,,,,,,,,,
23/07/2019 07:00,30667.187,15%,,,,,,,,,,
23/07/2019 08:00,37109.012,19%,,,,,,,,,,
23/07/2019 09:00,41482.956,21%,,,,,,,,,,
23/07/2019 10:00,42695.831,21%,,,,,,,,,,
23/07/2019 11:00,42277.753,21%,,,,,,,,,,
23/07/2019 12:00,42648.629,21%,,,,,,,,,,
23/07/2019 13:00,45043.336,23%,,,,,,,,,,
23/07/2019 14:00,49369.296,25%,,,,,,,,,,
23/07/2019 15:00,52281.151,26%,,,,,,,,,,
23/07/2019 16:00,50149.083,25%,,,,,,,,,,
23/07/2019 17:00,45940.084,23%,,,,,,,,,,
23/07/2019 18:00,58758.914,29%,,,,,,,,,,
23/07/2019 19:00,92479.623,46%,,,,,,,,,,
23/07/2019 20:00,117181.852,59%,,,,,,,,,,
23/07/2019 21:00,118855.142,59%,,,,,,,,,,
23/07/2019 22:00,111288.615,56%,,,,,,,,,,
23/07/2019 23:00,96716.447,48%,,,,,,,,,,
24/07/2019 00:00,79017.679,40%,,,,,,,,,,
24/07/2019 01:00,82549.929,41%,,,,,,,,,,
24/07/2019 02:00,60991.425,30%,,,,,,,,,,
24/07/2019 03:00,13996.481,7%,,,,,,,,,,
24/07/2019 04:00,16898.533,8%,,,,,,,,,,
24/07/2019 05:00,22276.768,11%,,,,,,,,,,
24/07/2019 06:00,18867.433,9%,,,,,,,,,,
24/07/2019 07:00,22516.089,11%,,,,,,,,,,
24/07/2019 08:00,26852.344,13%,,,,,,,,,,
24/07/2019 09:00,30585.433,15%,,,,,,,,,,
24/07/2019 10:00,31079.309,16%,,,,,,,,,,
24/07/2019 11:00,29068.399,15%,,,,,,,,,,
24/07/2019 12:00,27464.809,14%,,,,,,,,,,
24/07/2019 13:00,27572.964,14%,,,,,,,,,,
24/07/2019 14:00,29229.805,15%,,,,,,,,,,
24/07/2019 15:00,32154.194,16%,,,,,,,,,,
24/07/2019 16:00,32192.159,16%,,,,,,,,,,
24/07/2019 17:00,27920.82,14%,,,,,,,,,,
24/07/2019 18:00,20410.522,10%,,,,,,,,,,
24/07/2019 19:00,10807.174,5%,,,,,,,,,,
24/07/2019 20:00,9038.214,5%,,,,,,,,,,
24/07/2019 21:00,17783.209,9%,,,,,,,,,,
24/07/2019 22:00,32976.706,16%,,,,,,,,,,
24/07/2019 23:00,49935.628,25%,,,,,,,,,,
25/07/2019 00:00,65729.023,33%,,,,,,,,,,
25/07/2019 01:00,76089.535,38%,,,,,,,,,,
25/07/2019 02:00,80470.546,40%,,,,,,,,,,
25/07/2019 03:00,82292.662,41%,,,,,,,,,,
25/07/2019 04:00,85331.422,43%,,,,,,,,,,
25/07/2019 05:00,81461.025,41%,,,,,,,,,,
25/07/2019 06:00,73328.155,37%,,,,,,,,,,
25/07/2019 07:00,70813.625,35%,,,,,,,,,,
25/07/2019 08:00,86379.726,43%,,,,,,,,,,
25/07/2019 09:00,94558.938,47%,,,,,,,,,,
25/07/2019 10:00,85791.786,43%,,,,,,,,,,
25/07/2019 11:00,75912.023,38%,,,,,,,,,,
25/07/2019 12:00,60991.934,30%,,,,,,,,,,
25/07/2019 13:00,44088.143,22%,,,,,,,,,,
25/07/2019 14:00,39616.388,20%,,,,,,,,,,
25/07/2019 15:00,35179.788,18%,,,,,,,,,,
25/07/2019 16:00,35285.196,18%,,,,,,,,,,
25/07/2019 17:00,34640.684,17%,,,,,,,,,,
25/07/2019 18:00,30141.416,15%,,,,,,,,,,
25/07/2019 19:00,30967.274,15%,,,,,,,,,,
25/07/2019 20:00,30689.823,15%,,,,,,,,,,
25/07/2019 21:00,25389.392,13%,,,,,,,,,,
25/07/2019 22:00,19164.756,10%,,,,,,,,,,
25/07/2019 23:00,16692.568,8%,,,,,,,,,,
26/07/2019 00:00,16748.596,8%,,,,,,,,,,
26/07/2019 01:00,18561.623,9%,,,,,,,,,,
26/07/2019 02:00,20644.992,10%,,,,,,,,,,
26/07/2019 03:00,22734.015,11%,,,,,,,,,,
26/07/2019 04:00,27070.085,14%,,,,,,,,,,
26/07/2019 05:00,31653.808,16%,,,,,,,,,,
26/07/2019 06:00,30910.964,15%,,,,,,,,,,
26/07/2019 07:00,32664.192,16%,,,,,,,,,,
26/07/2019 08:00,31607.853,16%,,,,,,,,,,
26/07/2019 09:00,34320.864,17%,,,,,,,,,,
26/07/2019 10:00,38316.75,19%,,,,,,,,,,
26/07/2019 11:00,38575.054,19%,,,,,,,,,,
26/07/2019 12:00,32516.936,16%,,,,,,,,,,
26/07/2019 13:00,19260.133,10%,,,,,,,,,,
26/07/2019 14:00,15174.791,8%,,,,,,,,,,
26/07/2019 15:00,16312.042,8%,,,,,,,,,,
26/07/2019 16:00,17520.241,9%,,,,,,,,,,
26/07/2019 17:00,15283.628,8%,,,,,,,,,,
26/07/2019 18:00,9973.468,5%,,,,,,,,,,
26/07/2019 19:00,7329.25,4%,,,,,,,,,,
26/07/2019 20:00,6617.688,3%,,,,,,,,,,
26/07/2019 21:00,10005.063,5%,,,,,,,,,,
26/07/2019 22:00,12442.62,6%,,,,,,,,,,
26/07/2019 23:00,9365.037,5%,,,,,,,,,,
27/07/2019 00:00,6968.54,3%,,,,,,,,,,
27/07/2019 01:00,6825.958,3%,,,,,,,,,,
27/07/2019 02:00,8082.81,4%,,,,,,,,,,
27/07/2019 03:00,8430.726,4%,,,,,,,,,,
27/07/2019 04:00,5032.162,3%,,,,,,,,,,
27/07/2019 05:00,3555.534,2%,,,,,,,,,,
27/07/2019 06:00,4503.841,2%,,,,,,,,,,
27/07/2019 07:00,7033.985,4%,,,,,,,,,,
27/07/2019 08:00,13474.537,7%,,,,,,,,,,
27/07/2019 09:00,19266.267,10%,,,,,,,,,,
27/07/2019 10:00,24911.511,12%,,,,,,,,,,
27/07/2019 11:00,33002.973,17%,,,,,,,,,,
27/07/2019 12:00,40849.263,20%,,,,,,,,,,
27/07/2019 13:00,46145.921,23%,,,,,,,,,,
27/07/2019 14:00,50437.985,25%,,,,,,,,,,
27/07/2019 15:00,56057.335,28%,,,,,,,,,,
27/07/2019 16:00,61973.688,31%,,,,,,,,,,
27/07/2019 17:00,62989.755,31%,,,,,,,,,,
27/07/2019 18:00,61310.541,31%,,,,,,,,,,
27/07/2019 19:00,65833.57,33%,,,,,,,,,,
27/07/2019 20:00,76330.895,38%,,,,,,,,,,
27/07/2019 21:00,84461.771,42%,,,,,,,,,,
27/07/2019 22:00,90102.526,45%,,,,,,,,,,
27/07/2019 23:00,93988.92,47%,,,,,,,,,,
28/07/2019 00:00,100142.615,50%,,,,,,,,,,
28/07/2019 01:00,106305.045,53%,,,,,,,,,,
28/07/2019 02:00,110112.91,55%,,,,,,,,,,
28/07/2019 03:00,113102.18,57%,,,,,,,,,,
28/07/2019 04:00,116883.721,58%,,,,,,,,,,
28/07/2019 05:00,119133.013,60%,,,,,,,,,,
28/07/2019 06:00,128402.351,64%,,,,,,,,,,
28/07/2019 07:00,128833.122,64%,,,,,,,,,,
28/07/2019 08:00,124838.606,62%,,,,,,,,,,
28/07/2019 09:00,115535.964,58%,,,,,,,,,,
28/07/2019 10:00,102168.507,51%,,,,,,,,,,
28/07/2019 11:00,91379.915,46%,,,,,,,,,,
28/07/2019 12:00,86034.987,43%,,,,,,,,,,
28/07/2019 13:00,87112.216,44%,,,,,,,,,,
28/07/2019 14:00,97579.545,49%,,,,,,,,,,
28/07/2019 15:00,108867.2,54%,,,,,,,,,,
28/07/2019 16:00,109400.277,55%,,,,,,,,,,
28/07/2019 17:00,98916.93,49%,,,,,,,,,,
28/07/2019 18:00,85001.477,43%,,,,,,,,,,
28/07/2019 19:00,79308.063,40%,,,,,,,,,,
28/07/2019 20:00,80103.698,40%,,,,,,,,,,
28/07/2019 21:00,80903.839,40%,,,,,,,,,,
28/07/2019 22:00,77124.311,39%,,,,,,,,,,
28/07/2019 23:00,71733.058,36%,,,,,,,,,,
29/07/2019 00:00,70477.112,35%,,,,,,,,,,
29/07/2019 01:00,71531.622,36%,,,,,,,,,,
29/07/2019 02:00,74890.471,37%,,,,,,,,,,
29/07/2019 03:00,66832.259,33%,,,,,,,,,,
29/07/2019 04:00,54949.786,27%,,,,,,,,,,
29/07/2019 05:00,47404.426,24%,,,,,,,,,,
29/07/2019 06:00,40169.236,20%,,,,,,,,,,
29/07/2019 07:00,37209.687,19%,,,,,,,,,,
29/07/2019 08:00,36805.055,18%,,,,,,,,,,
29/07/2019 09:00,33400.97,17%,,,,,,,,,,
29/07/2019 10:00,28271.258,14%,,,,,,,,,,
29/07/2019 11:00,23052.132,12%,,,,,,,,,,
29/07/2019 12:00,17336.507,9%,,,,,,,,,,
29/07/2019 13:00,11789.984,6%,,,,,,,,,,
29/07/2019 14:00,6852.592,3%,,,,,,,,,,
29/07/2019 15:00,3236.993,2%,,,,,,,,,,
29/07/2019 16:00,892.162,0%,,,,,,,,,,
29/07/2019 17:00,1361.807,1%,,,,,,,,,,
29/07/2019 18:00,3794.471,2%,,,,,,,,,,
29/07/2019 19:00,8512.796,4%,,,,,,,,,,
29/07/2019 20:00,18256.996,9%,,,,,,,,,,
29/07/2019 21:00,30913.506,15%,,,,,,,,,,
29/07/2019 22:00,42688.073,21%,,,,,,,,,,
29/07/2019 23:00,51155.082,26%,,,,,,,,,,
30/07/2019 00:00,55604.93,28%,,,,,,,,,,
30/07/2019 01:00,54295.927,27%,,,,,,,,,,
30/07/2019 02:00,50583.087,25%,,,,,,,,,,
30/07/2019 03:00,52272.622,26%,,,,,,,,,,
30/07/2019 04:00,55857.665,28%,,,,,,,,,,
30/07/2019 05:00,50880.707,25%,,,,,,,,,,
30/07/2019 06:00,40131.851,20%,,,,,,,,,,
30/07/2019 07:00,39240.99,20%,,,,,,,,,,
30/07/2019 08:00,43557.221,22%,,,,,,,,,,
30/07/2019 09:00,48142.393,24%,,,,,,,,,,
30/07/2019 10:00,52276.053,26%,,,,,,,,,,
30/07/2019 11:00,51177.309,26%,,,,,,,,,,
30/07/2019 12:00,46052.404,23%,,,,,,,,,,
30/07/2019 13:00,36571.63,18%,,,,,,,,,,
30/07/2019 14:00,24399.044,12%,,,,,,,,,,
30/07/2019 15:00,13285.948,7%,,,,,,,,,,
30/07/2019 16:00,10367.895,5%,,,,,,,,,,
30/07/2019 17:00,15551.375,8%,,,,,,,,,,
30/07/2019 18:00,23510.889,12%,,,,,,,,,,
30/07/2019 19:00,31390.285,16%,,,,,,,,,,
30/07/2019 20:00,36644.397,18%,,,,,,,,,,
30/07/2019 21:00,42064.229,21%,,,,,,,,,,
30/07/2019 22:00,49418.151,25%,,,,,,,,,,
30/07/2019 23:00,58268.397,29%,,,,,,,,,,
31/07/2019 00:00,67248.089,34%,,,,,,,,,,
31/07/2019 01:00,81274.048,41%,,,,,,,,,,
31/07/2019 02:00,94018.226,47%,,,,,,,,,,
31/07/2019 03:00,98974.009,49%,,,,,,,,,,
31/07/2019 04:00,99515.109,50%,,,,,,,,,,
31/07/2019 05:00,92605.536,46%,,,,,,,,,,
31/07/2019 06:00,87746.861,44%,,,,,,,,,,
31/07/2019 07:00,95624.932,48%,,,,,,,,,,
31/07/2019 08:00,103640.377,52%,,,,,,,,,,
31/07/2019 09:00,108867.2,54%,,,,,,,,,,
31/07/2019 10:00,116058.607,58%,,,,,,,,,,
31/07/2019 11:00,123791.157,62%,,,,,,,,,,
31/07/2019 12:00,131574.512,66%,,,,,,,,,,
31/07/2019 13:00,137121.739,69%,,,,,,,,,,
31/07/2019 14:00,138949.321,69%,,,,,,,,,,
31/07/2019 15:00,138617.485,69%,,,,,,,,,,
31/07/2019 16:00,133632.228,67%,,,,,,,,,,
31/07/2019 17:00,121444.412,61%,,,,,,,,,,
31/07/2019 18:00,107841.982,54%,,,,,,,,,,
31/07/2019 19:00,99934.783,50%,,,,,,,,,,
31/07/2019 20:00,90779.884,45%,,,,,,,,,,
31/07/2019 21:00,84966.111,42%,,,,,,,,,,
31/07/2019 22:00,75669.652,38%,,,,,,,,,,
31/07/2019 23:00,69045.897,35%,,,,,,,,,,
01/08/2019 00:00,64519.638,32%,,,,,,,,,,
01/08/2019 01:00,60497.629,30%,,,,,,,,,,
01/08/2019 02:00,55833.907,28%,,,,,,,,,,
01/08/2019 03:00,52745.385,26%,,,,,,,,,,
01/08/2019 04:00,48151.255,24%,,,,,,,,,,
01/08/2019 05:00,36873.319,18%,,,,,,,,,,
01/08/2019 06:00,25452.889,13%,,,,,,,,,,
01/08/2019 07:00,20759.33,10%,,,,,,,,,,
01/08/2019 08:00,19323.301,10%,,,,,,,,,,
01/08/2019 09:00,19887.135,10%,,,,,,,,,,
01/08/2019 10:00,20419.208,10%,,,,,,,,,,
01/08/2019 11:00,22980.107,11%,,,,,,,,,,
01/08/2019 12:00,27574.469,14%,,,,,,,,,,
01/08/2019 13:00,31408.749,16%,,,,,,,,,,
01/08/2019 14:00,30564.544,15%,,,,,,,,,,
01/08/2019 15:00,28650.74,14%,,,,,,,,,,
01/08/2019 16:00,27104.732,14%,,,,,,,,,,
01/08/2019 17:00,25659.848,13%,,,,,,,,,,
01/08/2019 18:00,23544.303,12%,,,,,,,,,,
01/08/2019 19:00,23819.069,12%,,,,,,,,,,
01/08/2019 20:00,22172.896,11%,,,,,,,,,,
01/08/2019 21:00,16819.701,8%,,,,,,,,,,
01/08/2019 22:00,12443.31,6%,,,,,,,,,,
01/08/2019 23:00,11056.691,6%,,,,,,,,,,
02/08/2019 00:00,12488.337,6%,,,,,,,,,,
02/08/2019 01:00,15191.371,8%,,,,,,,,,,
02/08/2019 02:00,16469.252,8%,,,,,,,,,,
02/08/2019 03:00,15404.749,8%,,,,,,,,,,
02/08/2019 04:00,13508.582,7%,,,,,,,,,,
02/08/2019 05:00,10584.588,5%,,,,,,,,,,
02/08/2019 06:00,6447.646,3%,,,,,,,,,,
02/08/2019 07:00,4230.847,2%,,,,,,,,,,
02/08/2019 08:00,3116.059,2%,,,,,,,,,,
02/08/2019 09:00,3458.757,2%,,,,,,,,,,
02/08/2019 10:00,4067.468,2%,,,,,,,,,,
02/08/2019 11:00,4912.406,2%,,,,,,,,,,
02/08/2019 12:00,5596.111,3%,,,,,,,,,,
02/08/2019 13:00,5703.864,3%,,,,,,,,,,
02/08/2019 14:00,5309.796,3%,,,,,,,,,,
02/08/2019 15:00,4881.585,2%,,,,,,,,,,
02/08/2019 16:00,4072.608,2%,,,,,,,,,,
02/08/2019 17:00,3656.991,2%,,,,,,,,,,
02/08/2019 18:00,3899.769,2%,,,,,,,,,,
02/08/2019 19:00,6473.429,3%,,,,,,,,,,
02/08/2019 20:00,14136.256,7%,,,,,,,,,,
02/08/2019 21:00,27344.389,14%,,,,,,,,,,
02/08/2019 22:00,40320.417,20%,,,,,,,,,,
02/08/2019 23:00,48144.974,24%,,,,,,,,,,
03/08/2019 00:00,51800.842,26%,,,,,,,,,,
03/08/2019 01:00,51750.02,26%,,,,,,,,,,
03/08/2019 02:00,49625.531,25%,,,,,,,,,,
03/08/2019 03:00,47953.622,24%,,,,,,,,,,
03/08/2019 04:00,47764.827,24%,,,,,,,,,,
03/08/2019 05:00,43130.615,22%,,,,,,,,,,
03/08/2019 06:00,33479.595,17%,,,,,,,,,,
03/08/2019 07:00,33961.977,17%,,,,,,,,,,
03/08/2019 08:00,36217.193,18%,,,,,,,,,,
03/08/2019 09:00,35322.087,18%,,,,,,,,,,
03/08/2019 10:00,32067.563,16%,,,,,,,,,,
03/08/2019 11:00,30586.942,15%,,,,,,,,,,
03/08/2019 12:00,29440.215,15%,,,,,,,,,,
03/08/2019 13:00,27436.557,14%,,,,,,,,,,
03/08/2019 14:00,24573.661,12%,,,,,,,,,,
03/08/2019 15:00,23226.291,12%,,,,,,,,,,
03/08/2019 16:00,22939.749,11%,,,,,,,,,,
03/08/2019 17:00,23991.685,12%,,,,,,,,,,
03/08/2019 18:00,27129.99,14%,,,,,,,,,,
03/08/2019 19:00,36148.445,18%,,,,,,,,,,
03/08/2019 20:00,46140.036,23%,,,,,,,,,,
03/08/2019 21:00,53554.431,27%,,,,,,,,,,
03/08/2019 22:00,56132.175,28%,,,,,,,,,,
03/08/2019 23:00,54606.236,27%,,,,,,,,,,
04/08/2019 00:00,49052.885,25%,,,,,,,,,,
04/08/2019 01:00,42573.408,21%,,,,,,,,,,
04/08/2019 02:00,36323.263,18%,,,,,,,,,,
04/08/2019 03:00,34864.35,17%,,,,,,,,,,
04/08/2019 04:00,40989.702,20%,,,,,,,,,,
04/08/2019 05:00,43232.607,22%,,,,,,,,,,
04/08/2019 06:00,33384.92,17%,,,,,,,,,,
04/08/2019 07:00,35944.006,18%,,,,,,,,,,
04/08/2019 08:00,43662.078,22%,,,,,,,,,,
04/08/2019 09:00,46132.873,23%,,,,,,,,,,
04/08/2019 10:00,44613.942,22%,,,,,,,,,,
04/08/2019 11:00,41611.952,21%,,,,,,,,,,
04/08/2019 12:00,38747.577,19%,,,,,,,,,,
04/08/2019 13:00,37083.826,19%,,,,,,,,,,
04/08/2019 14:00,32956.942,16%,,,,,,,,,,
04/08/2019 15:00,28432.303,14%,,,,,,,,,,
04/08/2019 16:00,30442.976,15%,,,,,,,,,,
04/08/2019 17:00,33489.752,17%,,,,,,,,,,
04/08/2019 18:00,38357.064,19%,,,,,,,,,,
04/08/2019 19:00,49733.153,25%,,,,,,,,,,
04/08/2019 20:00,40063.882,20%,,,,,,,,,,
04/08/2019 21:00,32211.304,16%,,,,,,,,,,
04/08/2019 22:00,43620.993,22%,,,,,,,,,,
04/08/2019 23:00,62270.211,31%,,,,,,,,,,
05/08/2019 00:00,75084.439,38%,,,,,,,,,,
05/08/2019 01:00,84849.279,42%,,,,,,,,,,
05/08/2019 02:00,86779.909,43%,,,,,,,,,,
05/08/2019 03:00,80669.929,40%,,,,,,,,,,
05/08/2019 04:00,71535.021,36%,,,,,,,,,,
05/08/2019 05:00,62125.684,31%,,,,,,,,,,
05/08/2019 06:00,57782.203,29%,,,,,,,,,,
05/08/2019 07:00,62750.579,31%,,,,,,,,,,
05/08/2019 08:00,69526.092,35%,,,,,,,,,,
05/08/2019 09:00,75787.035,38%,,,,,,,,,,
05/08/2019 10:00,78193.766,39%,,,,,,,,,,
05/08/2019 11:00,79556.969,40%,,,,,,,,,,
05/08/2019 12:00,81121.87,41%,,,,,,,,,,
05/08/2019 13:00,85591.256,43%,,,,,,,,,,
05/08/2019 14:00,91881.853,46%,,,,,,,,,,
05/08/2019 15:00,98218.139,49%,,,,,,,,,,
05/08/2019 16:00,99374.885,50%,,,,,,,,,,
05/08/2019 17:00,91327.791,46%,,,,,,,,,,
05/08/2019 18:00,81460.252,41%,,,,,,,,,,
05/08/2019 19:00,86796.775,43%,,,,,,,,,,
05/08/2019 20:00,96858.39,48%,,,,,,,,,,
05/08/2019 21:00,101336.32,51%,,,,,,,,,,
05/08/2019 22:00,98770.534,49%,,,,,,,,,,
05/08/2019 23:00,91332.925,46%,,,,,,,,,,
06/08/2019 00:00,84814.479,42%,,,,,,,,,,
06/08/2019 01:00,82967.891,41%,,,,,,,,,,
06/08/2019 02:00,80833.645,40%,,,,,,,,,,
06/08/2019 03:00,80354.235,40%,,,,,,,,,,
06/08/2019 04:00,83973.598,42%,,,,,,,,,,
06/08/2019 05:00,84231.66,42%,,,,,,,,,,
06/08/2019 06:00,77132.004,39%,,,,,,,,,,
06/08/2019 07:00,96365.683,48%,,,,,,,,,,
06/08/2019 08:00,108867.2,54%,,,,,,,,,,
06/08/2019 09:00,111701.459,56%,,,,,,,,,,
06/08/2019 10:00,109945.44,55%,,,,,,,,,,
06/08/2019 11:00,111679.562,56%,,,,,,,,,,
06/08/2019 12:00,116596.292,58%,,,,,,,,,,
06/08/2019 13:00,120577.012,60%,,,,,,,,,,
06/08/2019 14:00,124368.799,62%,,,,,,,,,,
06/08/2019 15:00,127192.181,64%,,,,,,,,,,
06/08/2019 16:00,126094.636,63%,,,,,,,,,,
06/08/2019 17:00,118649.876,59%,,,,,,,,,,
06/08/2019 18:00,116204.218,58%,,,,,,,,,,
06/08/2019 19:00,119059.186,60%,,,,,,,,,,
06/08/2019 20:00,116070.682,58%,,,,,,,,,,
06/08/2019 21:00,103946.915,52%,,,,,,,,,,
06/08/2019 22:00,92938.584,46%,,,,,,,,,,
06/08/2019 23:00,82550.587,41%,,,,,,,,,,
07/08/2019 00:00,74996.579,37%,,,,,,,,,,
07/08/2019 01:00,71950.651,36%,,,,,,,,,,
07/08/2019 02:00,74014.428,37%,,,,,,,,,,
07/08/2019 03:00,77127.254,39%,,,,,,,,,,
07/08/2019 04:00,76173.697,38%,,,,,,,,,,
07/08/2019 05:00,70581.184,35%,,,,,,,,,,
07/08/2019 06:00,71277.38,36%,,,,,,,,,,
07/08/2019 07:00,82194.627,41%,,,,,,,,,,
07/08/2019 08:00,84888.248,42%,,,,,,,,,,
07/08/2019 09:00,84462.063,42%,,,,,,,,,,
07/08/2019 10:00,84658.11,42%,,,,,,,,,,
07/08/2019 11:00,86620.161,43%,,,,,,,,,,
07/08/2019 12:00,88848.768,44%,,,,,,,,,,
07/08/2019 13:00,90780.304,45%,,,,,,,,,,
07/08/2019 14:00,92081.962,46%,,,,,,,,,,
07/08/2019 15:00,91487.921,46%,,,,,,,,,,
07/08/2019 16:00,87259.015,44%,,,,,,,,,,
07/08/2019 17:00,79019.823,40%,,,,,,,,,,
07/08/2019 18:00,60945.301,30%,,,,,,,,,,
07/08/2019 19:00,51759.133,26%,,,,,,,,,,
07/08/2019 20:00,52279.383,26%,,,,,,,,,,
07/08/2019 21:00,57780.787,29%,,,,,,,,,,
07/08/2019 22:00,61498.432,31%,,,,,,,,,,
07/08/2019 23:00,57833.596,29%,,,,,,,,,,
08/08/2019 00:00,51024.364,26%,,,,,,,,,,
08/08/2019 01:00,45265.881,23%,,,,,,,,,,
08/08/2019 02:00,39320.075,20%,,,,,,,,,,
08/08/2019 03:00,33067.327,17%,,,,,,,,,,
08/08/2019 04:00,28974.045,14%,,,,,,,,,,
08/08/2019 05:00,24026.483,12%,,,,,,,,,,
08/08/2019 06:00,16786.684,8%,,,,,,,,,,
08/08/2019 07:00,14956.097,7%,,,,,,,,,,
08/08/2019 08:00,13322.95,7%,,,,,,,,,,
08/08/2019 09:00,10783.868,5%,,,,,,,,,,
08/08/2019 10:00,8280.375,4%,,,,,,,,,,
08/08/2019 11:00,6545.285,3%,,,,,,,,,,
08/08/2019 12:00,4139.26,2%,,,,,,,,,,
08/08/2019 13:00,1141.482,1%,,,,,,,,,,
08/08/2019 14:00,486.862,0%,,,,,,,,,,
08/08/2019 15:00,1837.769,1%,,,,,,,,,,
08/08/2019 16:00,5715.523,3%,,,,,,,,,,
08/08/2019 17:00,15286.241,8%,,,,,,,,,,
08/08/2019 18:00,34331.075,17%,,,,,,,,,,
08/08/2019 19:00,73193.709,37%,,,,,,,,,,
08/08/2019 20:00,111029.211,56%,,,,,,,,,,
08/08/2019 21:00,126091.595,63%,,,,,,,,,,
08/08/2019 22:00,132104.664,66%,,,,,,,,,,
08/08/2019 23:00,119169.976,60%,,,,,,,,,,
09/08/2019 00:00,120247.198,60%,,,,,,,,,,
09/08/2019 01:00,135574.735,68%,,,,,,,,,,
09/08/2019 02:00,138953.754,69%,,,,,,,,,,
09/08/2019 03:00,139997.069,70%,,,,,,,,,,
09/08/2019 04:00,158258.758,79%,,,,,,,,,,
09/08/2019 05:00,146072.327,73%,,,,,,,,,,
09/08/2019 06:00,132106.853,66%,,,,,,,,,,
09/08/2019 07:00,104524.774,52%,,,,,,,,,,
09/08/2019 08:00,84462.388,42%,,,,,,,,,,
09/08/2019 09:00,86287.752,43%,,,,,,,,,,
09/08/2019 10:00,87297.811,44%,,,,,,,,,,
09/08/2019 11:00,99592.915,50%,,,,,,,,,,
09/08/2019 12:00,116990.723,58%,,,,,,,,,,
09/08/2019 13:00,131285.889,66%,,,,,,,,,,
09/08/2019 14:00,134531.471,67%,,,,,,,,,,
09/08/2019 15:00,136654.766,68%,,,,,,,,,,
09/08/2019 16:00,135634.421,68%,,,,,,,,,,
09/08/2019 17:00,127474.057,64%,,,,,,,,,,
09/08/2019 18:00,126818.774,63%,,,,,,,,,,
09/08/2019 19:00,129509.216,65%,,,,,,,,,,
09/08/2019 20:00,136069.59,68%,,,,,,,,,,
09/08/2019 21:00,138499.144,69%,,,,,,,,,,
09/08/2019 22:00,138499.267,69%,,,,,,,,,,
09/08/2019 23:00,144950.54,72%,,,,,,,,,,
10/08/2019 00:00,132203.248,66%,,,,,,,,,,
10/08/2019 01:00,127087.836,64%,,,,,,,,,,
10/08/2019 02:00,133099.191,67%,,,,,,,,,,
10/08/2019 03:00,141447.715,71%,,,,,,,,,,
10/08/2019 04:00,146236.351,73%,,,,,,,,,,
10/08/2019 05:00,149671.853,75%,,,,,,,,,,
10/08/2019 06:00,152311.025,76%,,,,,,,,,,
10/08/2019 07:00,157636.393,79%,,,,,,,,,,
10/08/2019 08:00,163532.548,82%,,,,,,,,,,
10/08/2019 09:00,169704.987,85%,,,,,,,,,,
10/08/2019 10:00,174539.058,87%,,,,,,,,,,
10/08/2019 11:00,179618.711,90%,,,,,,,,,,
10/08/2019 12:00,183887.673,92%,,,,,,,,,,
10/08/2019 13:00,184962.295,92%,,,,,,,,,,
10/08/2019 14:00,184658.647,92%,,,,,,,,,,
10/08/2019 15:00,184751.405,92%,,,,,,,,,,
10/08/2019 16:00,184783.169,92%,,,,,,,,,,
10/08/2019 17:00,182830.286,91%,,,,,,,,,,
10/08/2019 18:00,180422.311,90%,,,,,,,,,,
10/08/2019 19:00,176294.88,88%,,,,,,,,,,
10/08/2019 20:00,171415.756,86%,,,,,,,,,,
10/08/2019 21:00,167109.424,84%,,,,,,,,,,
10/08/2019 22:00,161855.13,81%,,,,,,,,,,
10/08/2019 23:00,154695.29,77%,,,,,,,,,,
11/08/2019 00:00,143996.185,72%,,,,,,,,,,
11/08/2019 01:00,134280.319,67%,,,,,,,,,,
11/08/2019 02:00,122045.527,61%,,,,,,,,,,
11/08/2019 03:00,101179.522,51%,,,,,,,,,,
11/08/2019 04:00,77125.829,39%,,,,,,,,,,
11/08/2019 05:00,72325.262,36%,,,,,,,,,,
11/08/2019 06:00,72052.135,36%,,,,,,,,,,
11/08/2019 07:00,82378.871,41%,,,,,,,,,,
11/08/2019 08:00,88303.578,44%,,,,,,,,,,
11/08/2019 09:00,93739.543,47%,,,,,,,,,,
11/08/2019 10:00,100832.387,50%,,,,,,,,,,
11/08/2019 11:00,107999.349,54%,,,,,,,,,,
11/08/2019 12:00,112306.422,56%,,,,,,,,,,
11/08/2019 13:00,113691.159,57%,,,,,,,,,,
11/08/2019 14:00,112010.013,56%,,,,,,,,,,
11/08/2019 15:00,106997.706,53%,,,,,,,,,,
11/08/2019 16:00,101808.099,51%,,,,,,,,,,
11/08/2019 17:00,96854.372,48%,,,,,,,,,,
11/08/2019 18:00,86380.631,43%,,,,,,,,,,
11/08/2019 19:00,79557.752,40%,,,,,,,,,,
11/08/2019 20:00,77025.02,39%,,,,,,,,,,
11/08/2019 21:00,76449.997,38%,,,,,,,,,,
11/08/2019 22:00,73816.875,37%,,,,,,,,,,
11/08/2019 23:00,72029.397,36%,,,,,,,,,,
12/08/2019 00:00,71002.403,36%,,,,,,,,,,
12/08/2019 01:00,72474.265,36%,,,,,,,,,,
12/08/2019 02:00,75383.145,38%,,,,,,,,,,
12/08/2019 03:00,79793.129,40%,,,,,,,,,,
12/08/2019 04:00,82001.362,41%,,,,,,,,,,
12/08/2019 05:00,78303.523,39%,,,,,,,,,,
12/08/2019 06:00,66828.438,33%,,,,,,,,,,
12/08/2019 07:00,72326.439,36%,,,,,,,,,,
12/08/2019 08:00,69263.208,35%,,,,,,,,,,
12/08/2019 09:00,65550.042,33%,,,,,,,,,,
12/08/2019 10:00,62275.31,31%,,,,,,,,,,
12/08/2019 11:00,59787.915,30%,,,,,,,,,,
12/08/2019 12:00,55920.272,28%,,,,,,,,,,
12/08/2019 13:00,51949.843,26%,,,,,,,,,,
12/08/2019 14:00,48643.64,24%,,,,,,,,,,
12/08/2019 15:00,45759.954,23%,,,,,,,,,,
12/08/2019 16:00,41484.773,21%,,,,,,,,,,
12/08/2019 17:00,35777.531,18%,,,,,,,,,,
12/08/2019 18:00,29655.937,15%,,,,,,,,,,
12/08/2019 19:00,27575,14%,,,,,,,,,,
12/08/2019 20:00,28836.807,14%,,,,,,,,,,
12/08/2019 21:00,32914.803,16%,,,,,,,,,,
12/08/2019 22:00,36874.296,18%,,,,,,,,,,
12/08/2019 23:00,40566.453,20%,,,,,,,,,,
13/08/2019 00:00,44675.9,22%,,,,,,,,,,
13/08/2019 01:00,50674.067,25%,,,,,,,,,,
13/08/2019 02:00,56816.164,28%,,,,,,,,,,
13/08/2019 03:00,59451.114,30%,,,,,,,,,,
13/08/2019 04:00,58040.448,29%,,,,,,,,,,
13/08/2019 05:00,52925.883,26%,,,,,,,,,,
13/08/2019 06:00,42604.765,21%,,,,,,,,,,
13/08/2019 07:00,47270.409,24%,,,,,,,,,,
13/08/2019 08:00,49931.255,25%,,,,,,,,,,
13/08/2019 09:00,52368.587,26%,,,,,,,,,,
13/08/2019 10:00,49737.337,25%,,,,,,,,,,
13/08/2019 11:00,44901.3,22%,,,,,,,,,,
13/08/2019 12:00,48600.958,24%,,,,,,,,,,
13/08/2019 13:00,58270.374,29%,,,,,,,,,,
13/08/2019 14:00,59280.279,30%,,,,,,,,,,
13/08/2019 15:00,52752.771,26%,,,,,,,,,,
13/08/2019 16:00,44422.69,22%,,,,,,,,,,
13/08/2019 17:00,36292.459,18%,,,,,,,,,,
13/08/2019 18:00,26258.287,13%,,,,,,,,,,
13/08/2019 19:00,17902.548,9%,,,,,,,,,,
13/08/2019 20:00,11554.96,6%,,,,,,,,,,
13/08/2019 21:00,9242.744,5%,,,,,,,,,,
13/08/2019 22:00,12161.853,6%,,,,,,,,,,
13/08/2019 23:00,22469.278,11%,,,,,,,,,,
14/08/2019 00:00,39851.239,20%,,,,,,,,,,
14/08/2019 01:00,55405.467,28%,,,,,,,,,,
14/08/2019 02:00,63708.777,32%,,,,,,,,,,
14/08/2019 03:00,62644.788,31%,,,,,,,,,,
14/08/2019 04:00,58757.333,29%,,,,,,,,,,
14/08/2019 05:00,59143.812,30%,,,,,,,,,,
14/08/2019 06:00,61041.84,31%,,,,,,,,,,
14/08/2019 07:00,69453.455,35%,,,,,,,,,,
14/08/2019 08:00,88226.621,44%,,,,,,,,,,
14/08/2019 09:00,105334.785,53%,,,,,,,,,,
14/08/2019 10:00,114898.269,57%,,,,,,,,,,
14/08/2019 11:00,111652.383,56%,,,,,,,,,,
14/08/2019 12:00,92541.591,46%,,,,,,,,,,
14/08/2019 13:00,57780.639,29%,,,,,,,,,,
14/08/2019 14:00,35780.907,18%,,,,,,,,,,
14/08/2019 15:00,37296.397,19%,,,,,,,,,,
14/08/2019 16:00,47698.887,24%,,,,,,,,,,
14/08/2019 17:00,51806.55,26%,,,,,,,,,,
14/08/2019 18:00,55603.719,28%,,,,,,,,,,
14/08/2019 19:00,62414.153,31%,,,,,,,,,,
14/08/2019 20:00,77975.413,39%,,,,,,,,,,
14/08/2019 21:00,101697.438,51%,,,,,,,,,,
14/08/2019 22:00,110994.17,55%,,,,,,,,,,
14/08/2019 23:00,107514.743,54%,,,,,,,,,,
15/08/2019 00:00,109858.509,55%,,,,,,,,,,
15/08/2019 01:00,114222.11,57%,,,,,,,,,,
15/08/2019 02:00,127087.965,64%,,,,,,,,,,
15/08/2019 03:00,134612.406,67%,,,,,,,,,,
15/08/2019 04:00,140847.485,70%,,,,,,,,,,
15/08/2019 05:00,145872.841,73%,,,,,,,,,,
15/08/2019 06:00,154420.775,77%,,,,,,,,,,
15/08/2019 07:00,168243.346,84%,,,,,,,,,,
15/08/2019 08:00,171779.737,86%,,,,,,,,,,
15/08/2019 09:00,170351.6,85%,,,,,,,,,,
15/08/2019 10:00,167383.378,84%,,,,,,,,,,
15/08/2019 11:00,156095.695,78%,,,,,,,,,,
15/08/2019 12:00,139393.476,70%,,,,,,,,,,
15/08/2019 13:00,126593.042,63%,,,,,,,,,,
15/08/2019 14:00,119728.078,60%,,,,,,,,,,
15/08/2019 15:00,105257.241,53%,,,,,,,,,,
15/08/2019 16:00,83067.319,42%,,,,,,,,,,
15/08/2019 17:00,54878.609,27%,,,,,,,,,,
15/08/2019 18:00,31467.995,16%,,,,,,,,,,
15/08/2019 19:00,25554.997,13%,,,,,,,,,,
15/08/2019 20:00,35051.934,18%,,,,,,,,,,
15/08/2019 21:00,55400.305,28%,,,,,,,,,,
15/08/2019 22:00,71007.462,36%,,,,,,,,,,
15/08/2019 23:00,77663.811,39%,,,,,,,,,,
16/08/2019 00:00,77667.874,39%,,,,,,,,,,
16/08/2019 01:00,79015.704,40%,,,,,,,,,,
16/08/2019 02:00,79018.964,40%,,,,,,,,,,
16/08/2019 03:00,82635.896,41%,,,,,,,,,,
16/08/2019 04:00,91968.961,46%,,,,,,,,,,
16/08/2019 05:00,110483.084,55%,,,,,,,,,,
16/08/2019 06:00,119103.898,60%,,,,,,,,,,
16/08/2019 07:00,135229.638,68%,,,,,,,,,,
16/08/2019 08:00,155301.113,78%,,,,,,,,,,
16/08/2019 09:00,159934.331,80%,,,,,,,,,,
16/08/2019 10:00,164077.573,82%,,,,,,,,,,
16/08/2019 11:00,165542.08,83%,,,,,,,,,,
16/08/2019 12:00,166766.982,83%,,,,,,,,,,
16/08/2019 13:00,165442.041,83%,,,,,,,,,,
16/08/2019 14:00,160042.522,80%,,,,,,,,,,
16/08/2019 15:00,150404.233,75%,,,,,,,,,,
16/08/2019 16:00,140488.291,70%,,,,,,,,,,
16/08/2019 17:00,131855.018,66%,,,,,,,,,,
16/08/2019 18:00,122046.76,61%,,,,,,,,,,
16/08/2019 19:00,114221.059,57%,,,,,,,,,,
16/08/2019 20:00,106807.446,53%,,,,,,,,,,
16/08/2019 21:00,108326.93,54%,,,,,,,,,,
16/08/2019 22:00,107913.182,54%,,,,,,,,,,
16/08/2019 23:00,104266.227,52%,,,,,,,,,,
17/08/2019 00:00,103196.404,52%,,,,,,,,,,
17/08/2019 01:00,105069.703,53%,,,,,,,,,,
17/08/2019 02:00,108246.563,54%,,,,,,,,,,
17/08/2019 03:00,109406.785,55%,,,,,,,,,,
17/08/2019 04:00,101188.341,51%,,,,,,,,,,
17/08/2019 05:00,95190.455,48%,,,,,,,,,,
17/08/2019 06:00,91330.212,46%,,,,,,,,,,
17/08/2019 07:00,105069.541,53%,,,,,,,,,,
17/08/2019 08:00,117121.801,59%,,,,,,,,,,
17/08/2019 09:00,120246.923,60%,,,,,,,,,,
17/08/2019 10:00,124935.856,62%,,,,,,,,,,
17/08/2019 11:00,129094.766,65%,,,,,,,,,,
17/08/2019 12:00,133164.388,67%,,,,,,,,,,
17/08/2019 13:00,134619.855,67%,,,,,,,,,,
17/08/2019 14:00,135442.409,68%,,,,,,,,,,
17/08/2019 15:00,135915.193,68%,,,,,,,,,,
17/08/2019 16:00,134812.196,67%,,,,,,,,,,
17/08/2019 17:00,124628.496,62%,,,,,,,,,,
17/08/2019 18:00,117918.348,59%,,,,,,,,,,
17/08/2019 19:00,117906.665,59%,,,,,,,,,,
17/08/2019 20:00,119118.579,60%,,,,,,,,,,
17/08/2019 21:00,116070.921,58%,,,,,,,,,,
17/08/2019 22:00,113158.701,57%,,,,,,,,,,
17/08/2019 23:00,109053.332,55%,,,,,,,,,,
18/08/2019 00:00,103813.485,52%,,,,,,,,,,
18/08/2019 01:00,93262.118,47%,,,,,,,,,,
18/08/2019 02:00,89104.204,45%,,,,,,,,,,
18/08/2019 03:00,87546.612,44%,,,,,,,,,,
18/08/2019 04:00,85840.016,43%,,,,,,,,,,
18/08/2019 05:00,84360.55,42%,,,,,,,,,,
18/08/2019 06:00,79019.775,40%,,,,,,,,,,
18/08/2019 07:00,94497.12,47%,,,,,,,,,,
18/08/2019 08:00,115543.622,58%,,,,,,,,,,
18/08/2019 09:00,127493.372,64%,,,,,,,,,,
18/08/2019 10:00,138498.957,69%,,,,,,,,,,
18/08/2019 11:00,149579.729,75%,,,,,,,,,,
18/08/2019 12:00,156739.783,78%,,,,,,,,,,
18/08/2019 13:00,159943.129,80%,,,,,,,,,,
18/08/2019 14:00,160115.237,80%,,,,,,,,,,
18/08/2019 15:00,158364.853,79%,,,,,,,,,,
18/08/2019 16:00,151819.189,76%,,,,,,,,,,
18/08/2019 17:00,137413.372,69%,,,,,,,,,,
18/08/2019 18:00,127090.379,64%,,,,,,,,,,
18/08/2019 19:00,121203.795,61%,,,,,,,,,,
18/08/2019 20:00,111516.739,56%,,,,,,,,,,
18/08/2019 21:00,100142.953,50%,,,,,,,,,,
18/08/2019 22:00,92710.991,46%,,,,,,,,,,
18/08/2019 23:00,86804.168,43%,,,,,,,,,,
19/08/2019 00:00,88126.6,44%,,,,,,,,,,
19/08/2019 01:00,89801.302,45%,,,,,,,,,,
19/08/2019 02:00,92028.869,46%,,,,,,,,,,
19/08/2019 03:00,92709.848,46%,,,,,,,,,,
19/08/2019 04:00,87904.418,44%,,,,,,,,,,
19/08/2019 05:00,80916.942,40%,,,,,,,,,,
19/08/2019 06:00,68993.569,34%,,,,,,,,,,
19/08/2019 07:00,72318.534,36%,,,,,,,,,,
19/08/2019 08:00,78203.104,39%,,,,,,,,,,
19/08/2019 09:00,80505.449,40%,,,,,,,,,,
19/08/2019 10:00,85648.106,43%,,,,,,,,,,
19/08/2019 11:00,94230.017,47%,,,,,,,,,,
19/08/2019 12:00,103895.724,52%,,,,,,,,,,
19/08/2019 13:00,110446.114,55%,,,,,,,,,,
19/08/2019 14:00,113157.641,57%,,,,,,,,,,
19/08/2019 15:00,114624.14,57%,,,,,,,,,,
19/08/2019 16:00,111238.513,56%,,,,,,,,,,
19/08/2019 17:00,95032.055,48%,,,,,,,,,,
19/08/2019 18:00,85005.43,43%,,,,,,,,,,
19/08/2019 19:00,85008.847,43%,,,,,,,,,,
19/08/2019 20:00,84225.232,42%,,,,,,,,,,
19/08/2019 21:00,88353.765,44%,,,,,,,,,,
19/08/2019 22:00,91882.8,46%,,,,,,,,,,
19/08/2019 23:00,93320.087,47%,,,,,,,,,,
20/08/2019 00:00,95740.955,48%,,,,,,,,,,
20/08/2019 01:00,95191.346,48%,,,,,,,,,,
20/08/2019 02:00,95747.301,48%,,,,,,,,,,
20/08/2019 03:00,94206.743,47%,,,,,,,,,,
20/08/2019 04:00,94061.501,47%,,,,,,,,,,
20/08/2019 05:00,89405.089,45%,,,,,,,,,,
20/08/2019 06:00,79018.832,40%,,,,,,,,,,
20/08/2019 07:00,81384.806,41%,,,,,,,,,,
20/08/2019 08:00,80635.983,40%,,,,,,,,,,
20/08/2019 09:00,78205.739,39%,,,,,,,,,,
20/08/2019 10:00,74006.87,37%,,,,,,,,,,
20/08/2019 11:00,68455.842,34%,,,,,,,,,,
20/08/2019 12:00,63032.971,32%,,,,,,,,,,
20/08/2019 13:00,59031.748,30%,,,,,,,,,,
20/08/2019 14:00,55380.049,28%,,,,,,,,,,
20/08/2019 15:00,50319.299,25%,,,,,,,,,,
20/08/2019 16:00,44659.154,22%,,,,,,,,,,
20/08/2019 17:00,37324.683,19%,,,,,,,,,,
20/08/2019 18:00,31515.137,16%,,,,,,,,,,
20/08/2019 19:00,34552.411,17%,,,,,,,,,,
20/08/2019 20:00,43275.6,22%,,,,,,,,,,
20/08/2019 21:00,54389.745,27%,,,,,,,,,,
20/08/2019 22:00,60495.683,30%,,,,,,,,,,
20/08/2019 23:00,62248.48,31%,,,,,,,,,,
21/08/2019 00:00,63056.549,32%,,,,,,,,,,
21/08/2019 01:00,62286.527,31%,,,,,,,,,,
21/08/2019 02:00,58060.924,29%,,,,,,,,,,
21/08/2019 03:00,50199.034,25%,,,,,,,,,,
21/08/2019 04:00,46589.797,23%,,,,,,,,,,
21/08/2019 05:00,47444.624,24%,,,,,,,,,,
21/08/2019 06:00,45243.642,23%,,,,,,,,,,
21/08/2019 07:00,44907.593,22%,,,,,,,,,,
21/08/2019 08:00,56257.241,28%,,,,,,,,,,
21/08/2019 09:00,69075.447,35%,,,,,,,,,,
21/08/2019 10:00,80098.574,40%,,,,,,,,,,
21/08/2019 11:00,89605.936,45%,,,,,,,,,,
21/08/2019 12:00,97674.146,49%,,,,,,,,,,
21/08/2019 13:00,101966.596,51%,,,,,,,,,,
21/08/2019 14:00,100569.871,50%,,,,,,,,,,
21/08/2019 15:00,99594.538,50%,,,,,,,,,,
21/08/2019 16:00,102063.482,51%,,,,,,,,,,
21/08/2019 17:00,106972.619,53%,,,,,,,,,,
21/08/2019 18:00,114751.703,57%,,,,,,,,,,
21/08/2019 19:00,118361.53,59%,,,,,,,,,,
21/08/2019 20:00,122555.757,61%,,,,,,,,,,
21/08/2019 21:00,128820.565,64%,,,,,,,,,,
21/08/2019 22:00,135022.319,68%,,,,,,,,,,
21/08/2019 23:00,139991.249,70%,,,,,,,,,,
22/08/2019 00:00,141666.4,71%,,,,,,,,,,
22/08/2019 01:00,138499.517,69%,,,,,,,,,,
22/08/2019 02:00,132073.563,66%,,,,,,,,,,
22/08/2019 03:00,123159.437,62%,,,,,,,,,,
22/08/2019 04:00,108867.2,54%,,,,,,,,,,
22/08/2019 05:00,96841.343,48%,,,,,,,,,,
22/08/2019 06:00,83211.589,42%,,,,,,,,,,
22/08/2019 07:00,82003.109,41%,,,,,,,,,,
22/08/2019 08:00,111385.211,56%,,,,,,,,,,
22/08/2019 09:00,127796.731,64%,,,,,,,,,,
22/08/2019 10:00,135639.984,68%,,,,,,,,,,
22/08/2019 11:00,139002.857,70%,,,,,,,,,,
22/08/2019 12:00,140486.172,70%,,,,,,,,,,
22/08/2019 13:00,144427.848,72%,,,,,,,,,,
22/08/2019 14:00,147677.176,74%,,,,,,,,,,
22/08/2019 15:00,145742.308,73%,,,,,,,,,,
22/08/2019 16:00,133633.279,67%,,,,,,,,,,
22/08/2019 17:00,120246.825,60%,,,,,,,,,,
22/08/2019 18:00,115543.752,58%,,,,,,,,,,
22/08/2019 19:00,111288.701,56%,,,,,,,,,,
22/08/2019 20:00,100766.647,50%,,,,,,,,,,
22/08/2019 21:00,80763.283,40%,,,,,,,,,,
22/08/2019 22:00,70475.469,35%,,,,,,,,,,
22/08/2019 23:00,65789.71,33%,,,,,,,,,,
23/08/2019 00:00,62798.922,31%,,,,,,,,,,
23/08/2019 01:00,59992.464,30%,,,,,,,,,,
23/08/2019 02:00,58869.288,29%,,,,,,,,,,
23/08/2019 03:00,59335.208,30%,,,,,,,,,,
23/08/2019 04:00,59270.059,30%,,,,,,,,,,
23/08/2019 05:00,57841.686,29%,,,,,,,,,,
23/08/2019 06:00,43215.753,22%,,,,,,,,,,
23/08/2019 07:00,38943.434,19%,,,,,,,,,,
23/08/2019 08:00,40642.392,20%,,,,,,,,,,
23/08/2019 09:00,37040.305,19%,,,,,,,,,,
23/08/2019 10:00,32608.564,16%,,,,,,,,,,
23/08/2019 11:00,28777.82,14%,,,,,,,,,,
23/08/2019 12:00,24958.651,12%,,,,,,,,,,
23/08/2019 13:00,22357.645,11%,,,,,,,,,,
23/08/2019 14:00,20826.598,10%,,,,,,,,,,
23/08/2019 15:00,20272.189,10%,,,,,,,,,,
23/08/2019 16:00,20193.008,10%,,,,,,,,,,
23/08/2019 17:00,20248.369,10%,,,,,,,,,,
23/08/2019 18:00,21824.383,11%,,,,,,,,,,
23/08/2019 19:00,26748.508,13%,,,,,,,,,,
23/08/2019 20:00,28196.717,14%,,,,,,,,,,
23/08/2019 21:00,26980.575,13%,,,,,,,,,,
23/08/2019 22:00,24538.286,12%,,,,,,,,,,
23/08/2019 23:00,24122.231,12%,,,,,,,,,,
24/08/2019 00:00,26429.45,13%,,,,,,,,,,
24/08/2019 01:00,29078.784,15%,,,,,,,,,,
24/08/2019 02:00,33042.244,17%,,,,,,,,,,
24/08/2019 03:00,38344.052,19%,,,,,,,,,,
24/08/2019 04:00,44845.875,22%,,,,,,,,,,
24/08/2019 05:00,50269.551,25%,,,,,,,,,,
24/08/2019 06:00,43968.268,22%,,,,,,,,,,
24/08/2019 07:00,27436.541,14%,,,,,,,,,,
24/08/2019 08:00,25551.381,13%,,,,,,,,,,
24/08/2019 09:00,30858.019,15%,,,,,,,,,,
24/08/2019 10:00,34080.421,17%,,,,,,,,,,
24/08/2019 11:00,38696.558,19%,,,,,,,,,,
24/08/2019 12:00,43477.015,22%,,,,,,,,,,
24/08/2019 13:00,45049.74,23%,,,,,,,,,,
24/08/2019 14:00,43959.074,22%,,,,,,,,,,
24/08/2019 15:00,39499.153,20%,,,,,,,,,,
24/08/2019 16:00,35581.277,18%,,,,,,,,,,
24/08/2019 17:00,33053.002,17%,,,,,,,,,,
24/08/2019 18:00,36117.95,18%,,,,,,,,,,
24/08/2019 19:00,47459.258,24%,,,,,,,,,,
24/08/2019 20:00,60810.148,30%,,,,,,,,,,
24/08/2019 21:00,70480.344,35%,,,,,,,,,,
24/08/2019 22:00,75250.396,38%,,,,,,,,,,
24/08/2019 23:00,75682.779,38%,,,,,,,,,,
25/08/2019 00:00,71478.085,36%,,,,,,,,,,
25/08/2019 01:00,68124.1,34%,,,,,,,,,,
25/08/2019 02:00,68125.572,34%,,,,,,,,,,
25/08/2019 03:00,69476.62,35%,,,,,,,,,,
25/08/2019 04:00,68706.619,34%,,,,,,,,,,
25/08/2019 05:00,64014.059,32%,,,,,,,,,,
25/08/2019 06:00,51596.803,26%,,,,,,,,,,
25/08/2019 07:00,29834.592,15%,,,,,,,,,,
25/08/2019 08:00,16376.144,8%,,,,,,,,,,
25/08/2019 09:00,20466.325,10%,,,,,,,,,,
25/08/2019 10:00,31410.875,16%,,,,,,,,,,
25/08/2019 11:00,35111.526,18%,,,,,,,,,,
25/08/2019 12:00,32641.239,16%,,,,,,,,,,
25/08/2019 13:00,28027.964,14%,,,,,,,,,,
25/08/2019 14:00,23803.162,12%,,,,,,,,,,
25/08/2019 15:00,20416.75,10%,,,,,,,,,,
25/08/2019 16:00,20567.675,10%,,,,,,,,,,
25/08/2019 17:00,23381.088,12%,,,,,,,,,,
25/08/2019 18:00,22503.077,11%,,,,,,,,,,
25/08/2019 19:00,20536.365,10%,,,,,,,,,,
25/08/2019 20:00,19762.633,10%,,,,,,,,,,
25/08/2019 21:00,19209.096,10%,,,,,,,,,,
25/08/2019 22:00,19242.535,10%,,,,,,,,,,
25/08/2019 23:00,20770.897,10%,,,,,,,,,,
26/08/2019 00:00,21235.553,11%,,,,,,,,,,
26/08/2019 01:00,18907.751,9%,,,,,,,,,,
26/08/2019 02:00,14853.243,7%,,,,,,,,,,
26/08/2019 03:00,10122.618,5%,,,,,,,,,,
26/08/2019 04:00,5951.256,3%,,,,,,,,,,
26/08/2019 05:00,3165.926,2%,,,,,,,,,,
26/08/2019 06:00,1667.741,1%,,,,,,,,,,
26/08/2019 07:00,522.741,0%,,,,,,,,,,
26/08/2019 08:00,311.765,0%,,,,,,,,,,
26/08/2019 09:00,429.654,0%,,,,,,,,,,
26/08/2019 10:00,763.175,0%,,,,,,,,,,
26/08/2019 11:00,909.924,0%,,,,,,,,,,
26/08/2019 12:00,1267.522,1%,,,,,,,,,,
26/08/2019 13:00,2217.612,1%,,,,,,,,,,
26/08/2019 14:00,3738.468,2%,,,,,,,,,,
26/08/2019 15:00,4775.213,2%,,,,,,,,,,
26/08/2019 16:00,4783.212,2%,,,,,,,,,,
26/08/2019 17:00,5985.419,3%,,,,,,,,,,
26/08/2019 18:00,10971.146,5%,,,,,,,,,,
26/08/2019 19:00,17037.728,9%,,,,,,,,,,
26/08/2019 20:00,16426.251,8%,,,,,,,,,,
26/08/2019 21:00,12250.792,6%,,,,,,,,,,
26/08/2019 22:00,9070.456,5%,,,,,,,,,,
26/08/2019 23:00,5888.397,3%,,,,,,,,,,
27/08/2019 00:00,2164.844,1%,,,,,,,,,,
27/08/2019 01:00,919.767,0%,,,,,,,,,,
27/08/2019 02:00,1109.781,1%,,,,,,,,,,
27/08/2019 03:00,996.191,0%,,,,,,,,,,
27/08/2019 04:00,764.894,0%,,,,,,,,,,
27/08/2019 05:00,953.522,0%,,,,,,,,,,
27/08/2019 06:00,1384.803,1%,,,,,,,,,,
27/08/2019 07:00,1715.943,1%,,,,,,,,,,
27/08/2019 08:00,2865.194,1%,,,,,,,,,,
27/08/2019 09:00,4968.276,2%,,,,,,,,,,
27/08/2019 10:00,5992.06,3%,,,,,,,,,,
27/08/2019 11:00,5768.402,3%,,,,,,,,,,
27/08/2019 12:00,3827.553,2%,,,,,,,,,,
27/08/2019 13:00,3948.514,2%,,,,,,,,,,
27/08/2019 14:00,7479.584,4%,,,,,,,,,,
27/08/2019 15:00,9490.847,5%,,,,,,,,,,
27/08/2019 16:00,9147.992,5%,,,,,,,,,,
27/08/2019 17:00,10011.881,5%,,,,,,,,,,
27/08/2019 18:00,11112.414,6%,,,,,,,,,,
27/08/2019 19:00,12738.553,6%,,,,,,,,,,
27/08/2019 20:00,16908.524,8%,,,,,,,,,,
27/08/2019 21:00,22509.383,11%,,,,,,,,,,
27/08/2019 22:00,17075.643,9%,,,,,,,,,,
27/08/2019 23:00,10517.824,5%,,,,,,,,,,
28/08/2019 00:00,12762.08,6%,,,,,,,,,,
28/08/2019 01:00,24475.744,12%,,,,,,,,,,
28/08/2019 02:00,39936.263,20%,,,,,,,,,,
28/08/2019 03:00,50732.71,25%,,,,,,,,,,
28/08/2019 04:00,58758.887,29%,,,,,,,,,,
28/08/2019 05:00,63055.621,32%,,,,,,,,,,
28/08/2019 06:00,57774.593,29%,,,,,,,,,,
28/08/2019 07:00,57250.238,29%,,,,,,,,,,
28/08/2019 08:00,79553.413,40%,,,,,,,,,,
28/08/2019 09:00,87524.228,44%,,,,,,,,,,
28/08/2019 10:00,93407.766,47%,,,,,,,,,,
28/08/2019 11:00,102062.834,51%,,,,,,,,,,
28/08/2019 12:00,77129.108,39%,,,,,,,,,,
28/08/2019 13:00,47466.315,24%,,,,,,,,,,
28/08/2019 14:00,44240.67,22%,,,,,,,,,,
28/08/2019 15:00,47431.895,24%,,,,,,,,,,
28/08/2019 16:00,43275.324,22%,,,,,,,,,,
28/08/2019 17:00,35827.671,18%,,,,,,,,,,
28/08/2019 18:00,30973.92,15%,,,,,,,,,,
28/08/2019 19:00,27982.141,14%,,,,,,,,,,
28/08/2019 20:00,31275.489,16%,,,,,,,,,,
28/08/2019 21:00,39932.079,20%,,,,,,,,,,
28/08/2019 22:00,49250.953,25%,,,,,,,,,,
28/08/2019 23:00,56088.814,28%,,,,,,,,,,
29/08/2019 00:00,58264.846,29%,,,,,,,,,,
29/08/2019 01:00,60492.025,30%,,,,,,,,,,
29/08/2019 02:00,63462.153,32%,,,,,,,,,,
29/08/2019 03:00,66667.74,33%,,,,,,,,,,
29/08/2019 04:00,68651.488,34%,,,,,,,,,,
29/08/2019 05:00,72850.488,36%,,,,,,,,,,
29/08/2019 06:00,68651.47,34%,,,,,,,,,,
29/08/2019 07:00,75962.348,38%,,,,,,,,,,
29/08/2019 08:00,104685.984,52%,,,,,,,,,,
29/08/2019 09:00,120512.695,60%,,,,,,,,,,
29/08/2019 10:00,128812.219,64%,,,,,,,,,,
29/08/2019 11:00,131288.39,66%,,,,,,,,,,
29/08/2019 12:00,136435.085,68%,,,,,,,,,,
29/08/2019 13:00,142599.973,71%,,,,,,,,,,
29/08/2019 14:00,147821.618,74%,,,,,,,,,,
29/08/2019 15:00,149972.909,75%,,,,,,,,,,
29/08/2019 16:00,148004.27,74%,,,,,,,,,,
29/08/2019 17:00,143566.535,72%,,,,,,,,,,
29/08/2019 18:00,138342.558,69%,,,,,,,,,,
29/08/2019 19:00,135062.341,68%,,,,,,,,,,
29/08/2019 20:00,130610.281,65%,,,,,,,,,,
29/08/2019 21:00,123738.475,62%,,,,,,,,,,
29/08/2019 22:00,119869.805,60%,,,,,,,,,,
29/08/2019 23:00,117188.999,59%,,,,,,,,,,
30/08/2019 00:00,116543.591,58%,,,,,,,,,,
30/08/2019 01:00,117282.522,59%,,,,,,,,,,
30/08/2019 02:00,122555.923,61%,,,,,,,,,,
30/08/2019 03:00,122709.947,61%,,,,,,,,,,
30/08/2019 04:00,125763.299,63%,,,,,,,,,,
30/08/2019 05:00,128945.717,64%,,,,,,,,,,
30/08/2019 06:00,129974.709,65%,,,,,,,,,,
30/08/2019 07:00,136944.948,68%,,,,,,,,,,
30/08/2019 08:00,150367.203,75%,,,,,,,,,,
30/08/2019 09:00,160040.037,80%,,,,,,,,,,
30/08/2019 10:00,161671.088,81%,,,,,,,,,,
30/08/2019 11:00,163231.764,82%,,,,,,,,,,
30/08/2019 12:00,164082.22,82%,,,,,,,,,,
30/08/2019 13:00,164144.465,82%,,,,,,,,,,
30/08/2019 14:00,160233.224,80%,,,,,,,,,,
30/08/2019 15:00,154515.938,77%,,,,,,,,,,
30/08/2019 16:00,147735.591,74%,,,,,,,,,,
30/08/2019 17:00,138037.463,69%,,,,,,,,,,
30/08/2019 18:00,129555.095,65%,,,,,,,,,,
30/08/2019 19:00,123066.09,62%,,,,,,,,,,
30/08/2019 20:00,118129.722,59%,,,,,,,,,,
30/08/2019 21:00,116597.93,58%,,,,,,,,,,
30/08/2019 22:00,118179.12,59%,,,,,,,,,,
30/08/2019 23:00,125414.011,63%,,,,,,,,,,
31/08/2019 00:00,130457.815,65%,,,,,,,,,,
31/08/2019 01:00,128603.159,64%,,,,,,,,,,
31/08/2019 02:00,129940.349,65%,,,,,,,,,,
31/08/2019 03:00,134345.38,67%,,,,,,,,,,
31/08/2019 04:00,142502.707,71%,,,,,,,,,,
31/08/2019 05:00,148038.783,74%,,,,,,,,,,
31/08/2019 06:00,150027.651,75%,,,,,,,,,,
31/08/2019 07:00,151678.323,76%,,,,,,,,,,
31/08/2019 08:00,151798.887,76%,,,,,,,,,,
31/08/2019 09:00,145814.282,73%,,,,,,,,,,
31/08/2019 10:00,152698.27,76%,,,,,,,,,,
31/08/2019 11:00,154388.284,77%,,,,,,,,,,
31/08/2019 12:00,148766.744,74%,,,,,,,,,,
31/08/2019 13:00,140664.914,70%,,,,,,,,,,
31/08/2019 14:00,131682.495,66%,,,,,,,,,,
31/08/2019 15:00,118430.47,59%,,,,,,,,,,
31/08/2019 16:00,105069.801,53%,,,,,,,,,,
31/08/2019 17:00,90725.409,45%,,,,,,,,,,
31/08/2019 18:00,79012.013,40%,,,,,,,,,,
31/08/2019 19:00,78204.33,39%,,,,,,,,,,
31/08/2019 20:00,84786.551,42%,,,,,,,,,,
31/08/2019 21:00,98151.916,49%,,,,,,,,,,
31/08/2019 22:00,106688.99,53%,,,,,,,,,,
31/08/2019 23:00,104523.83,52%,,,,,,,,,,
01/09/2019 00:00,103158.282,52%,,,,,,,,,,
01/09/2019 01:00,102649.527,51%,,,,,,,,,,
01/09/2019 02:00,104195.031,52%,,,,,,,,,,
01/09/2019 03:00,104087.976,52%,,,,,,,,,,
01/09/2019 04:00,106972.479,53%,,,,,,,,,,
01/09/2019 05:00,106972.425,53%,,,,,,,,,,
01/09/2019 06:00,95405.915,48%,,,,,,,,,,
01/09/2019 07:00,107514.875,54%,,,,,,,,,,
01/09/2019 08:00,115737.85,58%,,,,,,,,,,
01/09/2019 09:00,120244.958,60%,,,,,,,,,,
01/09/2019 10:00,124477.224,62%,,,,,,,,,,
01/09/2019 11:00,128325.419,64%,,,,,,,,,,
01/09/2019 12:00,130210.464,65%,,,,,,,,,,
01/09/2019 13:00,130367.312,65%,,,,,,,,,,
01/09/2019 14:00,128324.674,64%,,,,,,,,,,
01/09/2019 15:00,122594.283,61%,,,,,,,,,,
01/09/2019 16:00,112564.771,56%,,,,,,,,,,
01/09/2019 17:00,95159.143,48%,,,,,,,,,,
01/09/2019 18:00,78836.867,39%,,,,,,,,,,
01/09/2019 19:00,66317.913,33%,,,,,,,,,,
01/09/2019 20:00,56444.565,28%,,,,,,,,,,
01/09/2019 21:00,55432.04,28%,,,,,,,,,,
01/09/2019 22:00,58765.918,29%,,,,,,,,,,
01/09/2019 23:00,63957.038,32%,,,,,,,,,,
02/09/2019 00:00,66005.601,33%,,,,,,,,,,
02/09/2019 01:00,71004.721,36%,,,,,,,,,,
02/09/2019 02:00,78204.575,39%,,,,,,,,,,
02/09/2019 03:00,80426.242,40%,,,,,,,,,,
02/09/2019 04:00,75788.032,38%,,,,,,,,,,
02/09/2019 05:00,67351.998,34%,,,,,,,,,,
02/09/2019 06:00,56022.181,28%,,,,,,,,,,
02/09/2019 07:00,49263.03,25%,,,,,,,,,,
02/09/2019 08:00,67646.035,34%,,,,,,,,,,
02/09/2019 09:00,80867.731,40%,,,,,,,,,,
02/09/2019 10:00,89562.141,45%,,,,,,,,,,
02/09/2019 11:00,104802.101,52%,,,,,,,,,,
02/09/2019 12:00,123572.037,62%,,,,,,,,,,
02/09/2019 13:00,133708.036,67%,,,,,,,,,,
02/09/2019 14:00,140541.263,70%,,,,,,,,,,
02/09/2019 15:00,143457.756,72%,,,,,,,,,,
02/09/2019 16:00,131077.409,66%,,,,,,,,,,
02/09/2019 17:00,121275.683,61%,,,,,,,,,,
02/09/2019 18:00,121226.582,61%,,,,,,,,,,
02/09/2019 19:00,118265.575,59%,,,,,,,,,,
02/09/2019 20:00,121085.592,61%,,,,,,,,,,
02/09/2019 21:00,119439.208,60%,,,,,,,,,,
02/09/2019 22:00,116070.309,58%,,,,,,,,,,
02/09/2019 23:00,114222,57%,,,,,,,,,,
03/09/2019 00:00,112230.466,56%,,,,,,,,,,
03/09/2019 01:00,109264.37,55%,,,,,,,,,,
03/09/2019 02:00,106972.965,53%,,,,,,,,,,
03/09/2019 03:00,93983.401,47%,,,,,,,,,,
03/09/2019 04:00,82006.148,41%,,,,,,,,,,
03/09/2019 05:00,87258.453,44%,,,,,,,,,,
03/09/2019 06:00,82327.525,41%,,,,,,,,,,
03/09/2019 07:00,84614.224,42%,,,,,,,,,,
03/09/2019 08:00,96290.991,48%,,,,,,,,,,
03/09/2019 09:00,106972.761,53%,,,,,,,,,,
03/09/2019 10:00,113148.779,57%,,,,,,,,,,
03/09/2019 11:00,114751.935,57%,,,,,,,,,,
03/09/2019 12:00,116499.75,58%,,,,,,,,,,
03/09/2019 13:00,117123.06,59%,,,,,,,,,,
03/09/2019 14:00,117123.147,59%,,,,,,,,,,
03/09/2019 15:00,114024.642,57%,,,,,,,,,,
03/09/2019 16:00,106665.661,53%,,,,,,,,,,
03/09/2019 17:00,100959.344,50%,,,,,,,,,,
03/09/2019 18:00,105129.273,53%,,,,,,,,,,
03/09/2019 19:00,110483.21,55%,,,,,,,,,,
03/09/2019 20:00,109258.401,55%,,,,,,,,,,
03/09/2019 21:00,108313.378,54%,,,,,,,,,,
03/09/2019 22:00,102063.207,51%,,,,,,,,,,
03/09/2019 23:00,85127.621,43%,,,,,,,,,,
04/09/2019 00:00,73381.176,37%,,,,,,,,,,
04/09/2019 01:00,85006.778,43%,,,,,,,,,,
04/09/2019 02:00,139973.091,70%,,,,,,,,,,
04/09/2019 03:00,132209.115,66%,,,,,,,,,,
04/09/2019 04:00,87890.876,44%,,,,,,,,,,
04/09/2019 05:00,90336.101,45%,,,,,,,,,,
04/09/2019 06:00,94633.925,47%,,,,,,,,,,
04/09/2019 07:00,104668.507,52%,,,,,,,,,,
04/09/2019 08:00,129327.782,65%,,,,,,,,,,
04/09/2019 09:00,144696.482,72%,,,,,,,,,,
04/09/2019 10:00,158822.446,79%,,,,,,,,,,
04/09/2019 11:00,172369.469,86%,,,,,,,,,,
04/09/2019 12:00,182829.368,91%,,,,,,,,,,
04/09/2019 13:00,188121.917,94%,,,,,,,,,,
04/09/2019 14:00,188417.558,94%,,,,,,,,,,
04/09/2019 15:00,187746.755,94%,,,,,,,,,,
04/09/2019 16:00,183308.729,92%,,,,,,,,,,
04/09/2019 17:00,179416.427,90%,,,,,,,,,,
04/09/2019 18:00,178708.582,89%,,,,,,,,,,
04/09/2019 19:00,177635.822,89%,,,,,,,,,,
04/09/2019 20:00,175838.718,88%,,,,,,,,,,
04/09/2019 21:00,172293.985,86%,,,,,,,,,,
04/09/2019 22:00,165147.878,83%,,,,,,,,,,
04/09/2019 23:00,153644.846,77%,,,,,,,,,,
05/09/2019 00:00,139006.731,70%,,,,,,,,,,
05/09/2019 01:00,132683.029,66%,,,,,,,,,,
05/09/2019 02:00,126589.575,63%,,,,,,,,,,
05/09/2019 03:00,117789.767,59%,,,,,,,,,,
05/09/2019 04:00,114856.059,57%,,,,,,,,,,
05/09/2019 05:00,113956.986,57%,,,,,,,,,,
05/09/2019 06:00,106962.266,53%,,,,,,,,,,
05/09/2019 07:00,105093.605,53%,,,,,,,,,,
05/09/2019 08:00,117017.511,59%,,,,,,,,,,
05/09/2019 09:00,114867.607,57%,,,,,,,,,,
05/09/2019 10:00,113802.867,57%,,,,,,,,,,
05/09/2019 11:00,114751.43,57%,,,,,,,,,,
05/09/2019 12:00,117214.085,59%,,,,,,,,,,
05/09/2019 13:00,117954.988,59%,,,,,,,,,,
05/09/2019 14:00,117129.081,59%,,,,,,,,,,
05/09/2019 15:00,116071.62,58%,,,,,,,,,,
05/09/2019 16:00,105519.074,53%,,,,,,,,,,
05/09/2019 17:00,82002.611,41%,,,,,,,,,,
05/09/2019 18:00,78202.727,39%,,,,,,,,,,
05/09/2019 19:00,98153.949,49%,,,,,,,,,,
05/09/2019 20:00,109545.824,55%,,,,,,,,,,
05/09/2019 21:00,114751.192,57%,,,,,,,,,,
05/09/2019 22:00,118633.039,59%,,,,,,,,,,
05/09/2019 23:00,117212.71,59%,,,,,,,,,,
06/09/2019 00:00,126373.458,63%,,,,,,,,,,
06/09/2019 01:00,141508.469,71%,,,,,,,,,,
06/09/2019 02:00,141049.205,71%,,,,,,,,,,
06/09/2019 03:00,135206.89,68%,,,,,,,,,,
06/09/2019 04:00,147804.534,74%,,,,,,,,,,
06/09/2019 05:00,159604.114,80%,,,,,,,,,,
06/09/2019 06:00,163133.443,82%,,,,,,,,,,
06/09/2019 07:00,158165.21,79%,,,,,,,,,,
06/09/2019 08:00,145846.332,73%,,,,,,,,,,
06/09/2019 09:00,139395.952,70%,,,,,,,,,,
06/09/2019 10:00,143466.636,72%,,,,,,,,,,
06/09/2019 11:00,142979.141,71%,,,,,,,,,,
06/09/2019 12:00,138047.669,69%,,,,,,,,,,
06/09/2019 13:00,133110.015,67%,,,,,,,,,,
06/09/2019 14:00,130856.281,65%,,,,,,,,,,
06/09/2019 15:00,128323.778,64%,,,,,,,,,,
06/09/2019 16:00,118280.249,59%,,,,,,,,,,
06/09/2019 17:00,99929.574,50%,,,,,,,,,,
06/09/2019 18:00,96842.901,48%,,,,,,,,,,
06/09/2019 19:00,98220.324,49%,,,,,,,,,,
06/09/2019 20:00,104467.879,52%,,,,,,,,,,
06/09/2019 21:00,106061.45,53%,,,,,,,,,,
06/09/2019 22:00,103827.192,52%,,,,,,,,,,
06/09/2019 23:00,96799.182,48%,,,,,,,,,,
07/09/2019 00:00,89934.278,45%,,,,,,,,,,
07/09/2019 01:00,86396.556,43%,,,,,,,,,,
07/09/2019 02:00,83912.8,42%,,,,,,,,,,
07/09/2019 03:00,79555.184,40%,,,,,,,,,,
07/09/2019 04:00,70476.363,35%,,,,,,,,,,
07/09/2019 05:00,59164.773,30%,,,,,,,,,,
07/09/2019 06:00,45501.01,23%,,,,,,,,,,
07/09/2019 07:00,34110.937,17%,,,,,,,,,,
07/09/2019 08:00,31814.492,16%,,,,,,,,,,
07/09/2019 09:00,25425.746,13%,,,,,,,,,,
07/09/2019 10:00,22267.071,11%,,,,,,,,,,
07/09/2019 11:00,21037.136,11%,,,,,,,,,,
07/09/2019 12:00,20349.31,10%,,,,,,,,,,
07/09/2019 13:00,22077.897,11%,,,,,,,,,,
07/09/2019 14:00,24746.927,12%,,,,,,,,,,
07/09/2019 15:00,27175.596,14%,,,,,,,,,,
07/09/2019 16:00,27552.608,14%,,,,,,,,,,
07/09/2019 17:00,26234.168,13%,,,,,,,,,,
07/09/2019 18:00,27218.622,14%,,,,,,,,,,
07/09/2019 19:00,24252.961,12%,,,,,,,,,,
07/09/2019 20:00,17783.614,9%,,,,,,,,,,
07/09/2019 21:00,10693.882,5%,,,,,,,,,,
07/09/2019 22:00,4608.845,2%,,,,,,,,,,
07/09/2019 23:00,1223.296,1%,,,,,,,,,,
08/09/2019 00:00,439.552,0%,,,,,,,,,,
08/09/2019 01:00,1201.754,1%,,,,,,,,,,
08/09/2019 02:00,3711.997,2%,,,,,,,,,,
08/09/2019 03:00,7337.33,4%,,,,,,,,,,
08/09/2019 04:00,8623.67,4%,,,,,,,,,,
08/09/2019 05:00,9338.208,5%,,,,,,,,,,
08/09/2019 06:00,9349.418,5%,,,,,,,,,,
08/09/2019 07:00,5989.037,3%,,,,,,,,,,
08/09/2019 08:00,3311.402,2%,,,,,,,,,,
08/09/2019 09:00,2505.536,1%,,,,,,,,,,
08/09/2019 10:00,3869.575,2%,,,,,,,,,,
08/09/2019 11:00,5985.015,3%,,,,,,,,,,
08/09/2019 12:00,5510.067,3%,,,,,,,,,,
08/09/2019 13:00,5390.481,3%,,,,,,,,,,
08/09/2019 14:00,6938.25,3%,,,,,,,,,,
08/09/2019 15:00,7312.746,4%,,,,,,,,,,
08/09/2019 16:00,5989.069,3%,,,,,,,,,,
08/09/2019 17:00,4471.984,2%,,,,,,,,,,
08/09/2019 18:00,2859.842,1%,,,,,,,,,,
08/09/2019 19:00,2426.03,1%,,,,,,,,,,
08/09/2019 20:00,4111.077,2%,,,,,,,,,,
08/09/2019 21:00,7846.636,4%,,,,,,,,,,
08/09/2019 22:00,13847.839,7%,,,,,,,,,,
08/09/2019 23:00,21420.462,11%,,,,,,,,,,
09/09/2019 00:00,28800.831,14%,,,,,,,,,,
09/09/2019 01:00,36544.557,18%,,,,,,,,,,
09/09/2019 02:00,45175.366,23%,,,,,,,,,,
09/09/2019 03:00,53594.896,27%,,,,,,,,,,
09/09/2019 04:00,59995.446,30%,,,,,,,,,,
09/09/2019 05:00,66763.99,33%,,,,,,,,,,
09/09/2019 06:00,71054.276,36%,,,,,,,,,,
09/09/2019 07:00,67542.08,34%,,,,,,,,,,
09/09/2019 08:00,61572.962,31%,,,,,,,,,,
09/09/2019 09:00,45094.656,23%,,,,,,,,,,
09/09/2019 10:00,33210.997,17%,,,,,,,,,,
09/09/2019 11:00,18562.013,9%,,,,,,,,,,
09/09/2019 12:00,7493.863,4%,,,,,,,,,,
09/09/2019 13:00,7084.45,4%,,,,,,,,,,
09/09/2019 14:00,9285.686,5%,,,,,,,,,,
09/09/2019 15:00,11403.991,6%,,,,,,,,,,
09/09/2019 16:00,12872.729,6%,,,,,,,,,,
09/09/2019 17:00,13944.362,7%,,,,,,,,,,
09/09/2019 18:00,17314.738,9%,,,,,,,,,,
09/09/2019 19:00,22647.828,11%,,,,,,,,,,
09/09/2019 20:00,29417.676,15%,,,,,,,,,,
09/09/2019 21:00,35988.65,18%,,,,,,,,,,
09/09/2019 22:00,36868.181,18%,,,,,,,,,,
09/09/2019 23:00,33176.272,17%,,,,,,,,,,
10/09/2019 00:00,28514.995,14%,,,,,,,,,,
10/09/2019 01:00,27044.373,14%,,,,,,,,,,
10/09/2019 02:00,28743.622,14%,,,,,,,,,,
10/09/2019 03:00,30837.471,15%,,,,,,,,,,
10/09/2019 04:00,35545.59,18%,,,,,,,,,,
10/09/2019 05:00,43875.45,22%,,,,,,,,,,
10/09/2019 06:00,46367.796,23%,,,,,,,,,,
10/09/2019 07:00,39818.854,20%,,,,,,,,,,
10/09/2019 08:00,45041.335,23%,,,,,,,,,,
10/09/2019 09:00,51081.939,26%,,,,,,,,,,
10/09/2019 10:00,48642.255,24%,,,,,,,,,,
10/09/2019 11:00,42742.531,21%,,,,,,,,,,
10/09/2019 12:00,41816.817,21%,,,,,,,,,,
10/09/2019 13:00,51806.522,26%,,,,,,,,,,
10/09/2019 14:00,56644.933,28%,,,,,,,,,,
10/09/2019 15:00,50850.042,25%,,,,,,,,,,
10/09/2019 16:00,45406.78,23%,,,,,,,,,,
10/09/2019 17:00,43021.723,22%,,,,,,,,,,
10/09/2019 18:00,48605.232,24%,,,,,,,,,,
10/09/2019 19:00,64471.586,32%,,,,,,,,,,
10/09/2019 20:00,79182.597,40%,,,,,,,,,,
10/09/2019 21:00,88302.895,44%,,,,,,,,,,
10/09/2019 22:00,99593.425,50%,,,,,,,,,,
10/09/2019 23:00,112446.291,56%,,,,,,,,,,
11/09/2019 00:00,123661.869,62%,,,,,,,,,,
11/09/2019 01:00,131508.461,66%,,,,,,,,,,
11/09/2019 02:00,138947.321,69%,,,,,,,,,,
11/09/2019 03:00,155309.355,78%,,,,,,,,,,
11/09/2019 04:00,167752.872,84%,,,,,,,,,,
11/09/2019 05:00,161108.509,81%,,,,,,,,,,
11/09/2019 06:00,151058.301,76%,,,,,,,,,,
11/09/2019 07:00,139453.129,70%,,,,,,,,,,
11/09/2019 08:00,145625.937,73%,,,,,,,,,,
11/09/2019 09:00,150912.786,75%,,,,,,,,,,
11/09/2019 10:00,147160.708,74%,,,,,,,,,,
11/09/2019 11:00,141556.386,71%,,,,,,,,,,
11/09/2019 12:00,136005.689,68%,,,,,,,,,,
11/09/2019 13:00,129904.991,65%,,,,,,,,,,
11/09/2019 14:00,122076.565,61%,,,,,,,,,,
11/09/2019 15:00,114222.211,57%,,,,,,,,,,
11/09/2019 16:00,96915.068,48%,,,,,,,,,,
11/09/2019 17:00,85875.501,43%,,,,,,,,,,
11/09/2019 18:00,82599.253,41%,,,,,,,,,,
11/09/2019 19:00,78207.707,39%,,,,,,,,,,
11/09/2019 20:00,71007.33,36%,,,,,,,,,,
11/09/2019 21:00,69149.62,35%,,,,,,,,,,
11/09/2019 22:00,68947.331,34%,,,,,,,,,,
11/09/2019 23:00,67595.646,34%,,,,,,,,,,
12/09/2019 00:00,62066.07,31%,,,,,,,,,,
12/09/2019 01:00,58268.537,29%,,,,,,,,,,
12/09/2019 02:00,61728.664,31%,,,,,,,,,,
12/09/2019 03:00,65550.522,33%,,,,,,,,,,
12/09/2019 04:00,67437.048,34%,,,,,,,,,,
12/09/2019 05:00,64008.464,32%,,,,,,,,,,
12/09/2019 06:00,65888.885,33%,,,,,,,,,,
12/09/2019 07:00,61463.523,31%,,,,,,,,,,
12/09/2019 08:00,78319.748,39%,,,,,,,,,,
12/09/2019 09:00,108514.111,54%,,,,,,,,,,
12/09/2019 10:00,131373.242,66%,,,,,,,,,,
12/09/2019 11:00,148184.055,74%,,,,,,,,,,
12/09/2019 12:00,159704.591,80%,,,,,,,,,,
12/09/2019 13:00,166559.423,83%,,,,,,,,,,
12/09/2019 14:00,166634.605,83%,,,,,,,,,,
12/09/2019 15:00,153216.635,77%,,,,,,,,,,
12/09/2019 16:00,126588.065,63%,,,,,,,,,,
12/09/2019 17:00,109159.906,55%,,,,,,,,,,
12/09/2019 18:00,112809.841,56%,,,,,,,,,,
12/09/2019 19:00,108399.803,54%,,,,,,,,,,
12/09/2019 20:00,95452.795,48%,,,,,,,,,,
12/09/2019 21:00,91374.168,46%,,,,,,,,,,
12/09/2019 22:00,89401.57,45%,,,,,,,,,,
12/09/2019 23:00,86320.554,43%,,,,,,,,,,
13/09/2019 00:00,77250.155,39%,,,,,,,,,,
13/09/2019 01:00,66019.926,33%,,,,,,,,,,
13/09/2019 02:00,54399.146,27%,,,,,,,,,,
13/09/2019 03:00,48530.757,24%,,,,,,,,,,
13/09/2019 04:00,48596.113,24%,,,,,,,,,,
13/09/2019 05:00,47316.11,24%,,,,,,,,,,
13/09/2019 06:00,43032.092,22%,,,,,,,,,,
13/09/2019 07:00,31893.697,16%,,,,,,,,,,
13/09/2019 08:00,28918.498,14%,,,,,,,,,,
13/09/2019 09:00,27296.194,14%,,,,,,,,,,
13/09/2019 10:00,22856.916,11%,,,,,,,,,,
13/09/2019 11:00,20506.289,10%,,,,,,,,,,
13/09/2019 12:00,21897.964,11%,,,,,,,,,,
13/09/2019 13:00,21737.44,11%,,,,,,,,,,
13/09/2019 14:00,20241.035,10%,,,,,,,,,,
13/09/2019 15:00,19159.282,10%,,,,,,,,,,
13/09/2019 16:00,17081.341,9%,,,,,,,,,,
13/09/2019 17:00,14799.342,7%,,,,,,,,,,
13/09/2019 18:00,9453.45,5%,,,,,,,,,,
13/09/2019 19:00,5384.821,3%,,,,,,,,,,
13/09/2019 20:00,3545.112,2%,,,,,,,,,,
13/09/2019 21:00,2186.873,1%,,,,,,,,,,
13/09/2019 22:00,1205.049,1%,,,,,,,,,,
13/09/2019 23:00,1278.298,1%,,,,,,,,,,
14/09/2019 00:00,3387.947,2%,,,,,,,,,,
14/09/2019 01:00,9630.892,5%,,,,,,,,,,
14/09/2019 02:00,21124.236,11%,,,,,,,,,,
14/09/2019 03:00,32269.464,16%,,,,,,,,,,
14/09/2019 04:00,41201.805,21%,,,,,,,,,,
14/09/2019 05:00,52935.206,26%,,,,,,,,,,
14/09/2019 06:00,59200.561,30%,,,,,,,,,,
14/09/2019 07:00,46532.94,23%,,,,,,,,,,
14/09/2019 08:00,40168.613,20%,,,,,,,,,,
14/09/2019 09:00,49055.874,25%,,,,,,,,,,
14/09/2019 10:00,60187.724,30%,,,,,,,,,,
14/09/2019 11:00,63701.709,32%,,,,,,,,,,
14/09/2019 12:00,67884.183,34%,,,,,,,,,,
14/09/2019 13:00,73763.667,37%,,,,,,,,,,
14/09/2019 14:00,77127.529,39%,,,,,,,,,,
14/09/2019 15:00,72511.277,36%,,,,,,,,,,
14/09/2019 16:00,62862.256,31%,,,,,,,,,,
14/09/2019 17:00,65720.696,33%,,,,,,,,,,
14/09/2019 18:00,79559.808,40%,,,,,,,,,,
14/09/2019 19:00,91590.075,46%,,,,,,,,,,
14/09/2019 20:00,93565.435,47%,,,,,,,,,,
14/09/2019 21:00,95997.867,48%,,,,,,,,,,
14/09/2019 22:00,99346.84,50%,,,,,,,,,,
14/09/2019 23:00,100905.554,50%,,,,,,,,,,
15/09/2019 00:00,104228.57,52%,,,,,,,,,,
15/09/2019 01:00,112231.026,56%,,,,,,,,,,
15/09/2019 02:00,112143.306,56%,,,,,,,,,,
15/09/2019 03:00,113158.003,57%,,,,,,,,,,
15/09/2019 04:00,99328.439,50%,,,,,,,,,,
15/09/2019 05:00,77129.741,39%,,,,,,,,,,
15/09/2019 06:00,58269.89,29%,,,,,,,,,,
15/09/2019 07:00,43949.326,22%,,,,,,,,,,
15/09/2019 08:00,42779.711,21%,,,,,,,,,,
15/09/2019 09:00,35494.33,18%,,,,,,,,,,
15/09/2019 10:00,29555.809,15%,,,,,,,,,,
15/09/2019 11:00,30207.798,15%,,,,,,,,,,
15/09/2019 12:00,21821.238,11%,,,,,,,,,,
15/09/2019 13:00,15286.388,8%,,,,,,,,,,
15/09/2019 14:00,16810.996,8%,,,,,,,,,,
15/09/2019 15:00,17643.123,9%,,,,,,,,,,
15/09/2019 16:00,11415.617,6%,,,,,,,,,,
15/09/2019 17:00,6135.191,3%,,,,,,,,,,
15/09/2019 18:00,3415.118,2%,,,,,,,,,,
15/09/2019 19:00,2812.692,1%,,,,,,,,,,
15/09/2019 20:00,3382.938,2%,,,,,,,,,,
15/09/2019 21:00,4511.284,2%,,,,,,,,,,
15/09/2019 22:00,6218.24,3%,,,,,,,,,,
15/09/2019 23:00,7205.194,4%,,,,,,,,,,
16/09/2019 00:00,7980.849,4%,,,,,,,,,,
16/09/2019 01:00,9382.684,5%,,,,,,,,,,
16/09/2019 02:00,12304.432,6%,,,,,,,,,,
16/09/2019 03:00,15355.457,8%,,,,,,,,,,
16/09/2019 04:00,16747.052,8%,,,,,,,,,,
16/09/2019 05:00,16819.761,8%,,,,,,,,,,
16/09/2019 06:00,16816.868,8%,,,,,,,,,,
16/09/2019 07:00,12201.473,6%,,,,,,,,,,
16/09/2019 08:00,8413.251,4%,,,,,,,,,,
16/09/2019 09:00,7035.213,4%,,,,,,,,,,
16/09/2019 10:00,6766.774,3%,,,,,,,,,,
16/09/2019 11:00,7800.928,4%,,,,,,,,,,
16/09/2019 12:00,12749.406,6%,,,,,,,,,,
16/09/2019 13:00,19961.979,10%,,,,,,,,,,
16/09/2019 14:00,29051.593,15%,,,,,,,,,,
16/09/2019 15:00,37667.592,19%,,,,,,,,,,
16/09/2019 16:00,43528.815,22%,,,,,,,,,,
16/09/2019 17:00,46636.746,23%,,,,,,,,,,
16/09/2019 18:00,52548.264,26%,,,,,,,,,,
16/09/2019 19:00,55491.343,28%,,,,,,,,,,
16/09/2019 20:00,58265.623,29%,,,,,,,,,,
16/09/2019 21:00,62241.82,31%,,,,,,,,,,
16/09/2019 22:00,63257.195,32%,,,,,,,,,,
16/09/2019 23:00,61956.106,31%,,,,,,,,,,
17/09/2019 00:00,62788.579,31%,,,,,,,,,,
17/09/2019 01:00,69475.123,35%,,,,,,,,,,
17/09/2019 02:00,69398,35%,,,,,,,,,,
17/09/2019 03:00,69387.966,35%,,,,,,,,,,
17/09/2019 04:00,70473.917,35%,,,,,,,,,,
17/09/2019 05:00,69020.211,35%,,,,,,,,,,
17/09/2019 06:00,66930.701,33%,,,,,,,,,,
17/09/2019 07:00,52788.591,26%,,,,,,,,,,
17/09/2019 08:00,53077.747,27%,,,,,,,,,,
17/09/2019 09:00,52747.11,26%,,,,,,,,,,
17/09/2019 10:00,49542.269,25%,,,,,,,,,,
17/09/2019 11:00,45798.947,23%,,,,,,,,,,
17/09/2019 12:00,41564.922,21%,,,,,,,,,,
17/09/2019 13:00,38345.878,19%,,,,,,,,,,
17/09/2019 14:00,36244.158,18%,,,,,,,,,,
17/09/2019 15:00,35446.769,18%,,,,,,,,,,
17/09/2019 16:00,33410.226,17%,,,,,,,,,,
17/09/2019 17:00,31236.435,16%,,,,,,,,,,
17/09/2019 18:00,28753.524,14%,,,,,,,,,,
17/09/2019 19:00,21209.308,11%,,,,,,,,,,
17/09/2019 20:00,13931.91,7%,,,,,,,,,,
17/09/2019 21:00,7974.4,4%,,,,,,,,,,
17/09/2019 22:00,3834.518,2%,,,,,,,,,,
17/09/2019 23:00,1906.256,1%,,,,,,,,,,
18/09/2019 00:00,1630.833,1%,,,,,,,,,,
18/09/2019 01:00,1935.267,1%,,,,,,,,,,
18/09/2019 02:00,2862.39,1%,,,,,,,,,,
18/09/2019 03:00,4269.822,2%,,,,,,,,,,
18/09/2019 04:00,5868.413,3%,,,,,,,,,,
18/09/2019 05:00,6869.056,3%,,,,,,,,,,
18/09/2019 06:00,6602.659,3%,,,,,,,,,,
18/09/2019 07:00,5031.118,3%,,,,,,,,,,
18/09/2019 08:00,4432.926,2%,,,,,,,,,,
18/09/2019 09:00,4504.389,2%,,,,,,,,,,
18/09/2019 10:00,6045.23,3%,,,,,,,,,,
18/09/2019 11:00,9126.02,5%,,,,,,,,,,
18/09/2019 12:00,12698.279,6%,,,,,,,,,,
18/09/2019 13:00,16477.119,8%,,,,,,,,,,
18/09/2019 14:00,20014.325,10%,,,,,,,,,,
18/09/2019 15:00,22057.884,11%,,,,,,,,,,
18/09/2019 16:00,21337.998,11%,,,,,,,,,,
18/09/2019 17:00,19370.66,10%,,,,,,,,,,
18/09/2019 18:00,17607.18,9%,,,,,,,,,,
18/09/2019 19:00,13442.185,7%,,,,,,,,,,
18/09/2019 20:00,9634.986,5%,,,,,,,,,,
18/09/2019 21:00,7115.612,4%,,,,,,,,,,
18/09/2019 22:00,5524.636,3%,,,,,,,,,,
18/09/2019 23:00,4935.85,2%,,,,,,,,,,
19/09/2019 00:00,4291.662,2%,,,,,,,,,,
19/09/2019 01:00,3298.665,2%,,,,,,,,,,
19/09/2019 02:00,1885.84,1%,,,,,,,,,,
19/09/2019 03:00,1043.992,1%,,,,,,,,,,
19/09/2019 04:00,894.762,0%,,,,,,,,,,
19/09/2019 05:00,813.383,0%,,,,,,,,,,
19/09/2019 06:00,720.441,0%,,,,,,,,,,
19/09/2019 07:00,938.27,0%,,,,,,,,,,
19/09/2019 08:00,984.266,0%,,,,,,,,,,
19/09/2019 09:00,907.755,0%,,,,,,,,,,
19/09/2019 10:00,627.952,0%,,,,,,,,,,
19/09/2019 11:00,422.085,0%,,,,,,,,,,
19/09/2019 12:00,370.633,0%,,,,,,,,,,
19/09/2019 13:00,255.815,0%,,,,,,,,,,
19/09/2019 14:00,270.514,0%,,,,,,,,,,
19/09/2019 15:00,235.634,0%,,,,,,,,,,
19/09/2019 16:00,466.032,0%,,,,,,,,,,
19/09/2019 17:00,858.034,0%,,,,,,,,,,
19/09/2019 18:00,1633.427,1%,,,,,,,,,,
19/09/2019 19:00,2599.412,1%,,,,,,,,,,
19/09/2019 20:00,3745.047,2%,,,,,,,,,,
19/09/2019 21:00,5222.067,3%,,,,,,,,,,
19/09/2019 22:00,7627.519,4%,,,,,,,,,,
19/09/2019 23:00,11602.131,6%,,,,,,,,,,
20/09/2019 00:00,17378.164,9%,,,,,,,,,,
20/09/2019 01:00,24488.548,12%,,,,,,,,,,
20/09/2019 02:00,31378.093,16%,,,,,,,,,,
20/09/2019 03:00,38400.563,19%,,,,,,,,,,
20/09/2019 04:00,44682.816,22%,,,,,,,,,,
20/09/2019 05:00,49733.142,25%,,,,,,,,,,
20/09/2019 06:00,51789.704,26%,,,,,,,,,,
20/09/2019 07:00,39081.222,20%,,,,,,,,,,
20/09/2019 08:00,29156.226,15%,,,,,,,,,,
20/09/2019 09:00,38342.476,19%,,,,,,,,,,
20/09/2019 10:00,48592.567,24%,,,,,,,,,,
20/09/2019 11:00,58993.91,29%,,,,,,,,,,
20/09/2019 12:00,71029.194,36%,,,,,,,,,,
20/09/2019 13:00,82196.214,41%,,,,,,,,,,
20/09/2019 14:00,89400.563,45%,,,,,,,,,,
20/09/2019 15:00,88443.211,44%,,,,,,,,,,
20/09/2019 16:00,81460.036,41%,,,,,,,,,,
20/09/2019 17:00,86375.729,43%,,,,,,,,,,
20/09/2019 18:00,111073.154,56%,,,,,,,,,,
20/09/2019 19:00,123892.04,62%,,,,,,,,,,
20/09/2019 20:00,127449.546,64%,,,,,,,,,,
20/09/2019 21:00,126093.586,63%,,,,,,,,,,
20/09/2019 22:00,121418.228,61%,,,,,,,,,,
20/09/2019 23:00,123573.973,62%,,,,,,,,,,
21/09/2019 00:00,124881.892,62%,,,,,,,,,,
21/09/2019 01:00,126420.489,63%,,,,,,,,,,
21/09/2019 02:00,128743.554,64%,,,,,,,,,,
21/09/2019 03:00,127087.218,64%,,,,,,,,,,
21/09/2019 04:00,122554.601,61%,,,,,,,,,,
21/09/2019 05:00,121105.902,61%,,,,,,,,,,
21/09/2019 06:00,118683.228,59%,,,,,,,,,,
21/09/2019 07:00,110137.154,55%,,,,,,,,,,
21/09/2019 08:00,110354.273,55%,,,,,,,,,,
21/09/2019 09:00,132167.099,66%,,,,,,,,,,
21/09/2019 10:00,136115.756,68%,,,,,,,,,,
21/09/2019 11:00,139461.938,70%,,,,,,,,,,
21/09/2019 12:00,140819.048,70%,,,,,,,,,,
21/09/2019 13:00,136443.41,68%,,,,,,,,,,
21/09/2019 14:00,126305.83,63%,,,,,,,,,,
21/09/2019 15:00,116868.766,58%,,,,,,,,,,
21/09/2019 16:00,109945.304,55%,,,,,,,,,,
21/09/2019 17:00,115543.463,58%,,,,,,,,,,
21/09/2019 18:00,128323.808,64%,,,,,,,,,,
21/09/2019 19:00,127090.183,64%,,,,,,,,,,
21/09/2019 20:00,118204.316,59%,,,,,,,,,,
21/09/2019 21:00,110483.272,55%,,,,,,,,,,
21/09/2019 22:00,102195.918,51%,,,,,,,,,,
21/09/2019 23:00,95189.954,48%,,,,,,,,,,
22/09/2019 00:00,89709.706,45%,,,,,,,,,,
22/09/2019 01:00,87117.235,44%,,,,,,,,,,
22/09/2019 02:00,88078.984,44%,,,,,,,,,,
22/09/2019 03:00,89404.265,45%,,,,,,,,,,
22/09/2019 04:00,90777.693,45%,,,,,,,,,,
22/09/2019 05:00,90646.617,45%,,,,,,,,,,
22/09/2019 06:00,86506.545,43%,,,,,,,,,,
22/09/2019 07:00,75786.29,38%,,,,,,,,,,
22/09/2019 08:00,64048.601,32%,,,,,,,,,,
22/09/2019 09:00,60523.575,30%,,,,,,,,,,
22/09/2019 10:00,63414.474,32%,,,,,,,,,,
22/09/2019 11:00,61710.071,31%,,,,,,,,,,
22/09/2019 12:00,65126.935,33%,,,,,,,,,,
22/09/2019 13:00,54875.972,27%,,,,,,,,,,
22/09/2019 14:00,35509.726,18%,,,,,,,,,,
22/09/2019 15:00,32257.939,16%,,,,,,,,,,
22/09/2019 16:00,34050.676,17%,,,,,,,,,,
22/09/2019 17:00,38341.224,19%,,,,,,,,,,
22/09/2019 18:00,44090.631,22%,,,,,,,,,,
22/09/2019 19:00,47589.117,24%,,,,,,,,,,
22/09/2019 20:00,48597.8,24%,,,,,,,,,,
22/09/2019 21:00,46578.005,23%,,,,,,,,,,
22/09/2019 22:00,43687.435,22%,,,,,,,,,,
22/09/2019 23:00,42164.429,21%,,,,,,,,,,
23/09/2019 00:00,44818.152,22%,,,,,,,,,,
23/09/2019 01:00,53225.298,27%,,,,,,,,,,
23/09/2019 02:00,66758.03,33%,,,,,,,,,,
23/09/2019 03:00,76295.947,38%,,,,,,,,,,
23/09/2019 04:00,80134.84,40%,,,,,,,,,,
23/09/2019 05:00,72489.49,36%,,,,,,,,,,
23/09/2019 06:00,64521.045,32%,,,,,,,,,,
23/09/2019 07:00,48567.223,24%,,,,,,,,,,
23/09/2019 08:00,40173.627,20%,,,,,,,,,,
23/09/2019 09:00,44927.776,22%,,,,,,,,,,
23/09/2019 10:00,56525.24,28%,,,,,,,,,,
23/09/2019 11:00,75785.223,38%,,,,,,,,,,
23/09/2019 12:00,97667.464,49%,,,,,,,,,,
23/09/2019 13:00,112921.291,56%,,,,,,,,,,
23/09/2019 14:00,118970.728,59%,,,,,,,,,,
23/09/2019 15:00,126590.12,63%,,,,,,,,,,
23/09/2019 16:00,143239.73,72%,,,,,,,,,,
23/09/2019 17:00,156369.244,78%,,,,,,,,,,
23/09/2019 18:00,162700.883,81%,,,,,,,,,,
23/09/2019 19:00,150199.879,75%,,,,,,,,,,
23/09/2019 20:00,120246.396,60%,,,,,,,,,,
23/09/2019 21:00,106972.932,53%,,,,,,,,,,
23/09/2019 22:00,91498.636,46%,,,,,,,,,,
23/09/2019 23:00,91763.15,46%,,,,,,,,,,
24/09/2019 00:00,86555.647,43%,,,,,,,,,,
24/09/2019 01:00,82036.926,41%,,,,,,,,,,
24/09/2019 02:00,84581.354,42%,,,,,,,,,,
24/09/2019 03:00,86686.748,43%,,,,,,,,,,
24/09/2019 04:00,83797.765,42%,,,,,,,,,,
24/09/2019 05:00,80526.878,40%,,,,,,,,,,
24/09/2019 06:00,78903.128,39%,,,,,,,,,,
24/09/2019 07:00,69630.525,35%,,,,,,,,,,
24/09/2019 08:00,58762.93,29%,,,,,,,,,,
24/09/2019 09:00,51818.321,26%,,,,,,,,,,
24/09/2019 10:00,42122.534,21%,,,,,,,,,,
24/09/2019 11:00,30841.894,15%,,,,,,,,,,
24/09/2019 12:00,29410.499,15%,,,,,,,,,,
24/09/2019 13:00,55831.408,28%,,,,,,,,,,
24/09/2019 14:00,81454.668,41%,,,,,,,,,,
24/09/2019 15:00,89606.422,45%,,,,,,,,,,
24/09/2019 16:00,83557.018,42%,,,,,,,,,,
24/09/2019 17:00,69830.022,35%,,,,,,,,,,
24/09/2019 18:00,55604.071,28%,,,,,,,,,,
24/09/2019 19:00,47759.526,24%,,,,,,,,,,
24/09/2019 20:00,46580.722,23%,,,,,,,,,,
24/09/2019 21:00,46603.518,23%,,,,,,,,,,
24/09/2019 22:00,50794.295,25%,,,,,,,,,,
24/09/2019 23:00,49050.95,25%,,,,,,,,,,
25/09/2019 00:00,41665.706,21%,,,,,,,,,,
25/09/2019 01:00,34028.778,17%,,,,,,,,,,
25/09/2019 02:00,28981.216,14%,,,,,,,,,,
25/09/2019 03:00,24656.76,12%,,,,,,,,,,
25/09/2019 04:00,20222.664,10%,,,,,,,,,,
25/09/2019 05:00,15611.181,8%,,,,,,,,,,
25/09/2019 06:00,10521.823,5%,,,,,,,,,,
25/09/2019 07:00,4609.167,2%,,,,,,,,,,
25/09/2019 08:00,1743.168,1%,,,,,,,,,,
25/09/2019 09:00,1411.9,1%,,,,,,,,,,
25/09/2019 10:00,2080.76,1%,,,,,,,,,,
25/09/2019 11:00,4714.322,2%,,,,,,,,,,
25/09/2019 12:00,9777.784,5%,,,,,,,,,,
25/09/2019 13:00,15924.376,8%,,,,,,,,,,
25/09/2019 14:00,19924.881,10%,,,,,,,,,,
25/09/2019 15:00,19855.119,10%,,,,,,,,,,
25/09/2019 16:00,17487.923,9%,,,,,,,,,,
25/09/2019 17:00,15285.397,8%,,,,,,,,,,
25/09/2019 18:00,18914.36,9%,,,,,,,,,,
25/09/2019 19:00,34050.02,17%,,,,,,,,,,
25/09/2019 20:00,55116.44,28%,,,,,,,,,,
25/09/2019 21:00,69841.311,35%,,,,,,,,,,
25/09/2019 22:00,77126.409,39%,,,,,,,,,,
25/09/2019 23:00,75028.073,38%,,,,,,,,,,
26/09/2019 00:00,78481.76,39%,,,,,,,,,,
26/09/2019 01:00,84200.704,42%,,,,,,,,,,
26/09/2019 02:00,77708.587,39%,,,,,,,,,,
26/09/2019 03:00,83034.775,42%,,,,,,,,,,
26/09/2019 04:00,94036.953,47%,,,,,,,,,,
26/09/2019 05:00,106429.667,53%,,,,,,,,,,
26/09/2019 06:00,102236.228,51%,,,,,,,,,,
26/09/2019 07:00,83910.348,42%,,,,,,,,,,
26/09/2019 08:00,90781.02,45%,,,,,,,,,,
26/09/2019 09:00,106972.456,53%,,,,,,,,,,
26/09/2019 10:00,118893.154,59%,,,,,,,,,,
26/09/2019 11:00,130813.863,65%,,,,,,,,,,
26/09/2019 12:00,139045.954,70%,,,,,,,,,,
26/09/2019 13:00,140072.465,70%,,,,,,,,,,
26/09/2019 14:00,138946.592,69%,,,,,,,,,,
26/09/2019 15:00,132685.578,66%,,,,,,,,,,
26/09/2019 16:00,127814.883,64%,,,,,,,,,,
26/09/2019 17:00,130212.271,65%,,,,,,,,,,
26/09/2019 18:00,131098.175,66%,,,,,,,,,,
26/09/2019 19:00,128812.733,64%,,,,,,,,,,
26/09/2019 20:00,129389.261,65%,,,,,,,,,,
26/09/2019 21:00,128638.151,64%,,,,,,,,,,
26/09/2019 22:00,126090.791,63%,,,,,,,,,,
26/09/2019 23:00,120245.983,60%,,,,,,,,,,
27/09/2019 00:00,112204.366,56%,,,,,,,,,,
27/09/2019 01:00,99593.672,50%,,,,,,,,,,
27/09/2019 02:00,90930.002,45%,,,,,,,,,,
27/09/2019 03:00,85005.687,43%,,,,,,,,,,
27/09/2019 04:00,79152.297,40%,,,,,,,,,,
27/09/2019 05:00,78203.546,39%,,,,,,,,,,
27/09/2019 06:00,79555.921,40%,,,,,,,,,,
27/09/2019 07:00,85844.36,43%,,,,,,,,,,
27/09/2019 08:00,99622.766,50%,,,,,,,,,,
27/09/2019 09:00,108298.189,54%,,,,,,,,,,
27/09/2019 10:00,113723.114,57%,,,,,,,,,,
27/09/2019 11:00,121872.269,61%,,,,,,,,,,
27/09/2019 12:00,125468.329,63%,,,,,,,,,,
27/09/2019 13:00,132683.105,66%,,,,,,,,,,
27/09/2019 14:00,143119.176,72%,,,,,,,,,,
27/09/2019 15:00,145446.774,73%,,,,,,,,,,
27/09/2019 16:00,139687.593,70%,,,,,,,,,,
27/09/2019 17:00,131694.577,66%,,,,,,,,,,
27/09/2019 18:00,128322.418,64%,,,,,,,,,,
27/09/2019 19:00,127086.433,64%,,,,,,,,,,
27/09/2019 20:00,128030.488,64%,,,,,,,,,,
27/09/2019 21:00,123795.145,62%,,,,,,,,,,
27/09/2019 22:00,116070.789,58%,,,,,,,,,,
27/09/2019 23:00,108867.2,54%,,,,,,,,,,
28/09/2019 00:00,107611.453,54%,,,,,,,,,,
28/09/2019 01:00,116418.022,58%,,,,,,,,,,
28/09/2019 02:00,131461.008,66%,,,,,,,,,,
28/09/2019 03:00,154742.135,77%,,,,,,,,,,
28/09/2019 04:00,160094.386,80%,,,,,,,,,,
28/09/2019 05:00,163847.894,82%,,,,,,,,,,
28/09/2019 06:00,164651.742,82%,,,,,,,,,,
28/09/2019 07:00,160140.041,80%,,,,,,,,,,
28/09/2019 08:00,152688.994,76%,,,,,,,,,,
28/09/2019 09:00,151654.66,76%,,,,,,,,,,
28/09/2019 10:00,148487.845,74%,,,,,,,,,,
28/09/2019 11:00,138634.669,69%,,,,,,,,,,
28/09/2019 12:00,126963.556,63%,,,,,,,,,,
28/09/2019 13:00,117908.981,59%,,,,,,,,,,
28/09/2019 14:00,111328.233,56%,,,,,,,,,,
28/09/2019 15:00,95981.806,48%,,,,,,,,,,
28/09/2019 16:00,67344.616,34%,,,,,,,,,,
28/09/2019 17:00,57866.548,29%,,,,,,,,,,
28/09/2019 18:00,60393.219,30%,,,,,,,,,,
28/09/2019 19:00,56873.068,28%,,,,,,,,,,
28/09/2019 20:00,62438.652,31%,,,,,,,,,,
28/09/2019 21:00,69352.13,35%,,,,,,,,,,
28/09/2019 22:00,89309.441,45%,,,,,,,,,,
28/09/2019 23:00,117122.827,59%,,,,,,,,,,
29/09/2019 00:00,127647.172,64%,,,,,,,,,,
29/09/2019 01:00,113159.156,57%,,,,,,,,,,
29/09/2019 02:00,80230.515,40%,,,,,,,,,,
29/09/2019 03:00,57540.07,29%,,,,,,,,,,
29/09/2019 04:00,51059.16,26%,,,,,,,,,,
29/09/2019 05:00,49055.632,25%,,,,,,,,,,
29/09/2019 06:00,39258.766,20%,,,,,,,,,,
29/09/2019 07:00,26876.11,13%,,,,,,,,,,
29/09/2019 08:00,14136.605,7%,,,,,,,,,,
29/09/2019 09:00,11783.493,6%,,,,,,,,,,
29/09/2019 10:00,14470.577,7%,,,,,,,,,,
29/09/2019 11:00,38524.258,19%,,,,,,,,,,
29/09/2019 12:00,88299.578,44%,,,,,,,,,,
29/09/2019 13:00,126354.453,63%,,,,,,,,,,
29/09/2019 14:00,131063.481,66%,,,,,,,,,,
29/09/2019 15:00,117122.198,59%,,,,,,,,,,
29/09/2019 16:00,101400.967,51%,,,,,,,,,,
29/09/2019 17:00,95190.859,48%,,,,,,,,,,
29/09/2019 18:00,96289.883,48%,,,,,,,,,,
29/09/2019 19:00,92111.667,46%,,,,,,,,,,
29/09/2019 20:00,82005.278,41%,,,,,,,,,,
29/09/2019 21:00,73403.748,37%,,,,,,,,,,
29/09/2019 22:00,58756.382,29%,,,,,,,,,,
29/09/2019 23:00,43716.405,22%,,,,,,,,,,
30/09/2019 00:00,36748.861,18%,,,,,,,,,,
30/09/2019 01:00,39829.645,20%,,,,,,,,,,
30/09/2019 02:00,46925.635,23%,,,,,,,,,,
30/09/2019 03:00,48899.9,24%,,,,,,,,,,
30/09/2019 04:00,42626.287,21%,,,,,,,,,,
30/09/2019 05:00,31889.674,16%,,,,,,,,,,
30/09/2019 06:00,21160.727,11%,,,,,,,,,,
30/09/2019 07:00,14039.735,7%,,,,,,,,,,
30/09/2019 08:00,8936.491,4%,,,,,,,,,,
30/09/2019 09:00,10119.99,5%,,,,,,,,,,
30/09/2019 10:00,11857.506,6%,,,,,,,,,,
30/09/2019 11:00,12853.075,6%,,,,,,,,,,
30/09/2019 12:00,13585.971,7%,,,,,,,,,,
30/09/2019 13:00,16705.845,8%,,,,,,,,,,
30/09/2019 14:00,21782.47,11%,,,,,,,,,,
30/09/2019 15:00,32540.862,16%,,,,,,,,,,
30/09/2019 16:00,61515.962,31%,,,,,,,,,,
30/09/2019 17:00,95740.628,48%,,,,,,,,,,
30/09/2019 18:00,120603.662,60%,,,,,,,,,,
30/09/2019 19:00,130889.782,65%,,,,,,,,,,
30/09/2019 20:00,130113.132,65%,,,,,,,,,,
30/09/2019 21:00,108886.652,54%,,,,,,,,,,
30/09/2019 22:00,70017.486,35%,,,,,,,,,,
30/09/2019 23:00,46872.621,23%,,,,,,,,,,
01/10/2019 00:00,59056.809,30%,,,,,,,,,,
01/10/2019 01:00,68441.212,34%,,,,,,,,,,
01/10/2019 02:00,57516.071,29%,,,,,,,,,,
01/10/2019 03:00,34995.263,17%,,,,,,,,,,
01/10/2019 04:00,20826.008,10%,,,,,,,,,,
01/10/2019 05:00,16585.758,8%,,,,,,,,,,
01/10/2019 06:00,16716.743,8%,,,,,,,,,,
01/10/2019 07:00,23547.497,12%,,,,,,,,,,
01/10/2019 08:00,38473.132,19%,,,,,,,,,,
01/10/2019 09:00,64810.308,32%,,,,,,,,,,
01/10/2019 10:00,107652.645,54%,,,,,,,,,,
01/10/2019 11:00,142152.308,71%,,,,,,,,,,
01/10/2019 12:00,158769.119,79%,,,,,,,,,,
01/10/2019 13:00,159335.249,80%,,,,,,,,,,
01/10/2019 14:00,151400.963,76%,,,,,,,,,,
01/10/2019 15:00,134838.011,67%,,,,,,,,,,
01/10/2019 16:00,108867.2,54%,,,,,,,,,,
01/10/2019 17:00,85840.304,43%,,,,,,,,,,
01/10/2019 18:00,70777.05,35%,,,,,,,,,,
01/10/2019 19:00,60454.246,30%,,,,,,,,,,
01/10/2019 20:00,50487.907,25%,,,,,,,,,,
01/10/2019 21:00,44690.154,22%,,,,,,,,,,
01/10/2019 22:00,38334.039,19%,,,,,,,,,,
01/10/2019 23:00,32130.11,16%,,,,,,,,,,
02/10/2019 00:00,26078.304,13%,,,,,,,,,,
02/10/2019 01:00,19823.334,10%,,,,,,,,,,
02/10/2019 02:00,14598.537,7%,,,,,,,,,,
02/10/2019 03:00,11656.362,6%,,,,,,,,,,
02/10/2019 04:00,11929.491,6%,,,,,,,,,,
02/10/2019 05:00,17009.088,9%,,,,,,,,,,
02/10/2019 06:00,26191.926,13%,,,,,,,,,,
02/10/2019 07:00,36616.359,18%,,,,,,,,,,
02/10/2019 08:00,41530.594,21%,,,,,,,,,,
02/10/2019 09:00,44355.471,22%,,,,,,,,,,
02/10/2019 10:00,43671.39,22%,,,,,,,,,,
02/10/2019 11:00,38700.407,19%,,,,,,,,,,
02/10/2019 12:00,33843.398,17%,,,,,,,,,,
02/10/2019 13:00,30460.88,15%,,,,,,,,,,
02/10/2019 14:00,26690.796,13%,,,,,,,,,,
02/10/2019 15:00,25047.59,13%,,,,,,,,,,
02/10/2019 16:00,25956.513,13%,,,,,,,,,,
02/10/2019 17:00,32633.547,16%,,,,,,,,,,
02/10/2019 18:00,34376.764,17%,,,,,,,,,,
02/10/2019 19:00,27854.73,14%,,,,,,,,,,
02/10/2019 20:00,17233.9,9%,,,,,,,,,,
02/10/2019 21:00,7355.16,4%,,,,,,,,,,
02/10/2019 22:00,3018.38,2%,,,,,,,,,,
02/10/2019 23:00,3444.833,2%,,,,,,,,,,
03/10/2019 00:00,5720.726,3%,,,,,,,,,,
03/10/2019 01:00,9500.359,5%,,,,,,,,,,
03/10/2019 02:00,15279.933,8%,,,,,,,,,,
03/10/2019 03:00,22167.583,11%,,,,,,,,,,
03/10/2019 04:00,29824.736,15%,,,,,,,,,,
03/10/2019 05:00,41628.447,21%,,,,,,,,,,
03/10/2019 06:00,54408.446,27%,,,,,,,,,,
03/10/2019 07:00,59352.394,30%,,,,,,,,,,
03/10/2019 08:00,57133.213,29%,,,,,,,,,,
03/10/2019 09:00,61170.05,31%,,,,,,,,,,
03/10/2019 10:00,75510.765,38%,,,,,,,,,,
03/10/2019 11:00,96844.726,48%,,,,,,,,,,
03/10/2019 12:00,113691.342,57%,,,,,,,,,,
03/10/2019 13:00,124176.792,62%,,,,,,,,,,
03/10/2019 14:00,126589.137,63%,,,,,,,,,,
03/10/2019 15:00,128061.376,64%,,,,,,,,,,
03/10/2019 16:00,143121.607,72%,,,,,,,,,,
03/10/2019 17:00,157724.614,79%,,,,,,,,,,
03/10/2019 18:00,166102.772,83%,,,,,,,,,,
03/10/2019 19:00,167873.807,84%,,,,,,,,,,
03/10/2019 20:00,146792.252,73%,,,,,,,,,,
03/10/2019 21:00,102608.54,51%,,,,,,,,,,
03/10/2019 22:00,81455.308,41%,,,,,,,,,,
03/10/2019 23:00,118628.916,59%,,,,,,,,,,
04/10/2019 00:00,131524.578,66%,,,,,,,,,,
04/10/2019 01:00,121482.122,61%,,,,,,,,,,
04/10/2019 02:00,109958.147,55%,,,,,,,,,,
04/10/2019 03:00,99594.01,50%,,,,,,,,,,
04/10/2019 04:00,94092.608,47%,,,,,,,,,,
04/10/2019 05:00,92709.09,46%,,,,,,,,,,
04/10/2019 06:00,86377.902,43%,,,,,,,,,,
04/10/2019 07:00,70482.526,35%,,,,,,,,,,
04/10/2019 08:00,42211.486,21%,,,,,,,,,,
04/10/2019 09:00,30473.982,15%,,,,,,,,,,
04/10/2019 10:00,19851.065,10%,,,,,,,,,,
04/10/2019 11:00,5425.854,3%,,,,,,,,,,
04/10/2019 12:00,1356.474,1%,,,,,,,,,,
04/10/2019 13:00,7707.992,4%,,,,,,,,,,
04/10/2019 14:00,22466.664,11%,,,,,,,,,,
04/10/2019 15:00,30729.954,15%,,,,,,,,,,
04/10/2019 16:00,34982.805,17%,,,,,,,,,,
04/10/2019 17:00,49534.352,25%,,,,,,,,,,
04/10/2019 18:00,69234.44,35%,,,,,,,,,,
04/10/2019 19:00,73720.465,37%,,,,,,,,,,
04/10/2019 20:00,72241.24,36%,,,,,,,,,,
04/10/2019 21:00,68193.696,34%,,,,,,,,,,
04/10/2019 22:00,59126.4,30%,,,,,,,,,,
04/10/2019 23:00,52847.118,26%,,,,,,,,,,
05/10/2019 00:00,51606.95,26%,,,,,,,,,,
05/10/2019 01:00,54515.97,27%,,,,,,,,,,
05/10/2019 02:00,60393.727,30%,,,,,,,,,,
05/10/2019 03:00,56776.723,28%,,,,,,,,,,
05/10/2019 04:00,51831.227,26%,,,,,,,,,,
05/10/2019 05:00,53458.744,27%,,,,,,,,,,
05/10/2019 06:00,57059.757,29%,,,,,,,,,,
05/10/2019 07:00,59401.442,30%,,,,,,,,,,
05/10/2019 08:00,60985.776,30%,,,,,,,,,,
05/10/2019 09:00,55711.916,28%,,,,,,,,,,
05/10/2019 10:00,59880.953,30%,,,,,,,,,,
05/10/2019 11:00,88453.161,44%,,,,,,,,,,
05/10/2019 12:00,98823.555,49%,,,,,,,,,,
05/10/2019 13:00,98865.198,49%,,,,,,,,,,
05/10/2019 14:00,94654.623,47%,,,,,,,,,,
05/10/2019 15:00,88304.14,44%,,,,,,,,,,
05/10/2019 16:00,94189.724,47%,,,,,,,,,,
05/10/2019 17:00,101503.922,51%,,,,,,,,,,
05/10/2019 18:00,107981.078,54%,,,,,,,,,,
05/10/2019 19:00,120246.559,60%,,,,,,,,,,
05/10/2019 20:00,127090.989,64%,,,,,,,,,,
05/10/2019 21:00,135962.718,68%,,,,,,,,,,
05/10/2019 22:00,141346.354,71%,,,,,,,,,,
05/10/2019 23:00,134813.927,67%,,,,,,,,,,
06/10/2019 00:00,104311.548,52%,,,,,,,,,,
06/10/2019 01:00,47133.497,24%,,,,,,,,,,
06/10/2019 02:00,33322.203,17%,,,,,,,,,,
06/10/2019 03:00,49734.502,25%,,,,,,,,,,
06/10/2019 04:00,81811.503,41%,,,,,,,,,,
06/10/2019 05:00,115543.856,58%,,,,,,,,,,
06/10/2019 06:00,135722.387,68%,,,,,,,,,,
06/10/2019 07:00,143161.036,72%,,,,,,,,,,
06/10/2019 08:00,146897.757,73%,,,,,,,,,,
06/10/2019 09:00,154047.949,77%,,,,,,,,,,
06/10/2019 10:00,159178.123,80%,,,,,,,,,,
06/10/2019 11:00,162365.392,81%,,,,,,,,,,
06/10/2019 12:00,162761.568,81%,,,,,,,,,,
06/10/2019 13:00,150468.74,75%,,,,,,,,,,
06/10/2019 14:00,132688.286,66%,,,,,,,,,,
06/10/2019 15:00,118609.273,59%,,,,,,,,,,
06/10/2019 16:00,95719.318,48%,,,,,,,,,,
06/10/2019 17:00,63420.137,32%,,,,,,,,,,
06/10/2019 18:00,27549.976,14%,,,,,,,,,,
06/10/2019 19:00,11689.368,6%,,,,,,,,,,
06/10/2019 20:00,5488.411,3%,,,,,,,,,,
06/10/2019 21:00,4462.519,2%,,,,,,,,,,
06/10/2019 22:00,11744.873,6%,,,,,,,,,,
06/10/2019 23:00,32894.744,16%,,,,,,,,,,
07/10/2019 00:00,48591.2,24%,,,,,,,,,,
07/10/2019 01:00,59171.576,30%,,,,,,,,,,
07/10/2019 02:00,69700.23,35%,,,,,,,,,,
07/10/2019 03:00,85928.401,43%,,,,,,,,,,
07/10/2019 04:00,95191.049,48%,,,,,,,,,,
07/10/2019 05:00,107577.983,54%,,,,,,,,,,
07/10/2019 06:00,117934.776,59%,,,,,,,,,,
07/10/2019 07:00,128324.573,64%,,,,,,,,,,
07/10/2019 08:00,142968.409,71%,,,,,,,,,,
07/10/2019 09:00,155754.594,78%,,,,,,,,,,
07/10/2019 10:00,163339.139,82%,,,,,,,,,,
07/10/2019 11:00,156925.4,78%,,,,,,,,,,
07/10/2019 12:00,142899.081,71%,,,,,,,,,,
07/10/2019 13:00,117909.133,59%,,,,,,,,,,
07/10/2019 14:00,98975.922,49%,,,,,,,,,,
07/10/2019 15:00,83544.588,42%,,,,,,,,,,
07/10/2019 16:00,86377.623,43%,,,,,,,,,,
07/10/2019 17:00,88301.657,44%,,,,,,,,,,
07/10/2019 18:00,90767.701,45%,,,,,,,,,,
07/10/2019 19:00,97735.158,49%,,,,,,,,,,
07/10/2019 20:00,100797.686,50%,,,,,,,,,,
07/10/2019 21:00,98768.01,49%,,,,,,,,,,
07/10/2019 22:00,100540.227,50%,,,,,,,,,,
07/10/2019 23:00,103704.89,52%,,,,,,,,,,
08/10/2019 00:00,107009.172,54%,,,,,,,,,,
08/10/2019 01:00,111161.064,56%,,,,,,,,,,
08/10/2019 02:00,112850.424,56%,,,,,,,,,,
08/10/2019 03:00,111652.511,56%,,,,,,,,,,
08/10/2019 04:00,108867.2,54%,,,,,,,,,,
08/10/2019 05:00,117123.392,59%,,,,,,,,,,
08/10/2019 06:00,121994.246,61%,,,,,,,,,,
08/10/2019 07:00,120485.873,60%,,,,,,,,,,
08/10/2019 08:00,117908.408,59%,,,,,,,,,,
08/10/2019 09:00,127084.352,64%,,,,,,,,,,
08/10/2019 10:00,150304.763,75%,,,,,,,,,,
08/10/2019 11:00,156435.712,78%,,,,,,,,,,
08/10/2019 12:00,154004.771,77%,,,,,,,,,,
08/10/2019 13:00,155298.879,78%,,,,,,,,,,
08/10/2019 14:00,158152.758,79%,,,,,,,,,,
08/10/2019 15:00,160543.782,80%,,,,,,,,,,
08/10/2019 16:00,159699.752,80%,,,,,,,,,,
08/10/2019 17:00,157638.285,79%,,,,,,,,,,
08/10/2019 18:00,157641.078,79%,,,,,,,,,,
08/10/2019 19:00,156489.16,78%,,,,,,,,,,
08/10/2019 20:00,154019.232,77%,,,,,,,,,,
08/10/2019 21:00,150848.57,75%,,,,,,,,,,
08/10/2019 22:00,146364.728,73%,,,,,,,,,,
08/10/2019 23:00,141345.137,71%,,,,,,,,,,
09/10/2019 00:00,134339.291,67%,,,,,,,,,,
09/10/2019 01:00,126368.248,63%,,,,,,,,,,
09/10/2019 02:00,114752.38,57%,,,,,,,,,,
09/10/2019 03:00,106972.893,53%,,,,,,,,,,
09/10/2019 04:00,105069.758,53%,,,,,,,,,,
09/10/2019 05:00,105284.777,53%,,,,,,,,,,
09/10/2019 06:00,105334.811,53%,,,,,,,,,,
09/10/2019 07:00,102610.717,51%,,,,,,,,,,
09/10/2019 08:00,100703.939,50%,,,,,,,,,,
09/10/2019 09:00,115545.471,58%,,,,,,,,,,
09/10/2019 10:00,130149.585,65%,,,,,,,,,,
09/10/2019 11:00,138872.502,69%,,,,,,,,,,
09/10/2019 12:00,144854.882,72%,,,,,,,,,,
09/10/2019 13:00,146183.309,73%,,,,,,,,,,
09/10/2019 14:00,144844.652,72%,,,,,,,,,,
09/10/2019 15:00,136182.455,68%,,,,,,,,,,
09/10/2019 16:00,121829.341,61%,,,,,,,,,,
09/10/2019 17:00,112219.466,56%,,,,,,,,,,
09/10/2019 18:00,113690.654,57%,,,,,,,,,,
09/10/2019 19:00,117122.005,59%,,,,,,,,,,
09/10/2019 20:00,116072.629,58%,,,,,,,,,,
09/10/2019 21:00,124850.1,62%,,,,,,,,,,
09/10/2019 22:00,135998.829,68%,,,,,,,,,,
09/10/2019 23:00,141077.627,71%,,,,,,,,,,
10/10/2019 00:00,145129.631,73%,,,,,,,,,,
10/10/2019 01:00,149581.548,75%,,,,,,,,,,
10/10/2019 02:00,149969.691,75%,,,,,,,,,,
10/10/2019 03:00,149172.658,75%,,,,,,,,,,
10/10/2019 04:00,147105.508,74%,,,,,,,,,,
10/10/2019 05:00,144849.184,72%,,,,,,,,,,
10/10/2019 06:00,142632.629,71%,,,,,,,,,,
10/10/2019 07:00,136442.408,68%,,,,,,,,,,
10/10/2019 08:00,126494.291,63%,,,,,,,,,,
10/10/2019 09:00,122294.254,61%,,,,,,,,,,
10/10/2019 10:00,130300.919,65%,,,,,,,,,,
10/10/2019 11:00,131812.51,66%,,,,,,,,,,
10/10/2019 12:00,130105.647,65%,,,,,,,,,,
10/10/2019 13:00,145842.724,73%,,,,,,,,,,
10/10/2019 14:00,162334.324,81%,,,,,,,,,,
10/10/2019 15:00,165294.317,83%,,,,,,,,,,
10/10/2019 16:00,168750.272,84%,,,,,,,,,,
10/10/2019 17:00,166874.041,83%,,,,,,,,,,
10/10/2019 18:00,168763.32,84%,,,,,,,,,,
10/10/2019 19:00,175283.842,88%,,,,,,,,,,
10/10/2019 20:00,177269.637,89%,,,,,,,,,,
10/10/2019 21:00,176059.796,88%,,,,,,,,,,
10/10/2019 22:00,172487.102,86%,,,,,,,,,,
10/10/2019 23:00,166779.676,83%,,,,,,,,,,
11/10/2019 00:00,161855.181,81%,,,,,,,,,,
11/10/2019 01:00,155370.268,78%,,,,,,,,,,
11/10/2019 02:00,147357.119,74%,,,,,,,,,,
11/10/2019 03:00,135500.094,68%,,,,,,,,,,
11/10/2019 04:00,117256.287,59%,,,,,,,,,,
11/10/2019 05:00,103148.282,52%,,,,,,,,,,
11/10/2019 06:00,114979.613,57%,,,,,,,,,,
11/10/2019 07:00,100690.99,50%,,,,,,,,,,
11/10/2019 08:00,71083.247,36%,,,,,,,,,,
11/10/2019 09:00,48599.893,24%,,,,,,,,,,
11/10/2019 10:00,42421.504,21%,,,,,,,,,,
11/10/2019 11:00,59999.265,30%,,,,,,,,,,
11/10/2019 12:00,89461.943,45%,,,,,,,,,,
11/10/2019 13:00,101229.818,51%,,,,,,,,,,
11/10/2019 14:00,106294.895,53%,,,,,,,,,,
11/10/2019 15:00,109270.546,55%,,,,,,,,,,
11/10/2019 16:00,106996.828,53%,,,,,,,,,,
11/10/2019 17:00,111244.958,56%,,,,,,,,,,
11/10/2019 18:00,113545.046,57%,,,,,,,,,,
11/10/2019 19:00,108132.66,54%,,,,,,,,,,
11/10/2019 20:00,99887.381,50%,,,,,,,,,,
11/10/2019 21:00,96841.848,48%,,,,,,,,,,
11/10/2019 22:00,92125.876,46%,,,,,,,,,,
11/10/2019 23:00,88854.18,44%,,,,,,,,,,
12/10/2019 00:00,84026.64,42%,,,,,,,,,,
12/10/2019 01:00,81458.478,41%,,,,,,,,,,
12/10/2019 02:00,81455.918,41%,,,,,,,,,,
12/10/2019 03:00,74221.056,37%,,,,,,,,,,
12/10/2019 04:00,65662.789,33%,,,,,,,,,,
12/10/2019 05:00,60148.164,30%,,,,,,,,,,
12/10/2019 06:00,54415.744,27%,,,,,,,,,,
12/10/2019 07:00,51307.559,26%,,,,,,,,,,
12/10/2019 08:00,40527.255,20%,,,,,,,,,,
12/10/2019 09:00,42467.91,21%,,,,,,,,,,
12/10/2019 10:00,50191.603,25%,,,,,,,,,,
12/10/2019 11:00,53030.21,27%,,,,,,,,,,
12/10/2019 12:00,55057.556,28%,,,,,,,,,,
12/10/2019 13:00,56443.585,28%,,,,,,,,,,
12/10/2019 14:00,42379.982,21%,,,,,,,,,,
12/10/2019 15:00,33486.182,17%,,,,,,,,,,
12/10/2019 16:00,34627.491,17%,,,,,,,,,,
12/10/2019 17:00,39850.271,20%,,,,,,,,,,
12/10/2019 18:00,46730.409,23%,,,,,,,,,,
12/10/2019 19:00,51814.579,26%,,,,,,,,,,
12/10/2019 20:00,53755.241,27%,,,,,,,,,,
12/10/2019 21:00,52843.925,26%,,,,,,,,,,
12/10/2019 22:00,50194.355,25%,,,,,,,,,,
12/10/2019 23:00,47129.811,24%,,,,,,,,,,
13/10/2019 00:00,45483.079,23%,,,,,,,,,,
13/10/2019 01:00,42591.5,21%,,,,,,,,,,
13/10/2019 02:00,39202.71,20%,,,,,,,,,,
13/10/2019 03:00,42566.831,21%,,,,,,,,,,
13/10/2019 04:00,46658.722,23%,,,,,,,,,,
13/10/2019 05:00,48085.785,24%,,,,,,,,,,
13/10/2019 06:00,44180.833,22%,,,,,,,,,,
13/10/2019 07:00,40094.627,20%,,,,,,,,,,
13/10/2019 08:00,37305.734,19%,,,,,,,,,,
13/10/2019 09:00,39271.309,20%,,,,,,,,,,
13/10/2019 10:00,34821.82,17%,,,,,,,,,,
13/10/2019 11:00,16850.655,8%,,,,,,,,,,
13/10/2019 12:00,1923.996,1%,,,,,,,,,,
13/10/2019 13:00,20254.115,10%,,,,,,,,,,
13/10/2019 14:00,51484.928,26%,,,,,,,,,,
13/10/2019 15:00,65430.682,33%,,,,,,,,,,
13/10/2019 16:00,77512.189,39%,,,,,,,,,,
13/10/2019 17:00,100448.359,50%,,,,,,,,,,
13/10/2019 18:00,108867.2,54%,,,,,,,,,,
13/10/2019 19:00,98219.97,49%,,,,,,,,,,
13/10/2019 20:00,76900.775,38%,,,,,,,,,,
13/10/2019 21:00,59492.252,30%,,,,,,,,,,
13/10/2019 22:00,49045.639,25%,,,,,,,,,,
13/10/2019 23:00,38345.387,19%,,,,,,,,,,
14/10/2019 00:00,28296.228,14%,,,,,,,,,,
14/10/2019 01:00,24647.425,12%,,,,,,,,,,
14/10/2019 02:00,31058.841,16%,,,,,,,,,,
14/10/2019 03:00,37165.737,19%,,,,,,,,,,
14/10/2019 04:00,40749.601,20%,,,,,,,,,,
14/10/2019 05:00,43616.112,22%,,,,,,,,,,
14/10/2019 06:00,44604.484,22%,,,,,,,,,,
14/10/2019 07:00,44607.919,22%,,,,,,,,,,
14/10/2019 08:00,42326.687,21%,,,,,,,,,,
14/10/2019 09:00,39632.47,20%,,,,,,,,,,
14/10/2019 10:00,38981.927,19%,,,,,,,,,,
14/10/2019 11:00,42878.773,21%,,,,,,,,,,
14/10/2019 12:00,55594.102,28%,,,,,,,,,,
14/10/2019 13:00,60192.622,30%,,,,,,,,,,
14/10/2019 14:00,60995.944,30%,,,,,,,,,,
14/10/2019 15:00,63747.881,32%,,,,,,,,,,
14/10/2019 16:00,67548.457,34%,,,,,,,,,,
14/10/2019 17:00,66395.739,33%,,,,,,,,,,
14/10/2019 18:00,58974.461,29%,,,,,,,,,,
14/10/2019 19:00,52284.67,26%,,,,,,,,,,
14/10/2019 20:00,51408.103,26%,,,,,,,,,,
14/10/2019 21:00,50800.684,25%,,,,,,,,,,
14/10/2019 22:00,56001.91,28%,,,,,,,,,,
14/10/2019 23:00,59112.218,30%,,,,,,,,,,
15/10/2019 00:00,54405.04,27%,,,,,,,,,,
15/10/2019 01:00,48599.341,24%,,,,,,,,,,
15/10/2019 02:00,47103.442,24%,,,,,,,,,,
15/10/2019 03:00,35394.634,18%,,,,,,,,,,
15/10/2019 04:00,18563.874,9%,,,,,,,,,,
15/10/2019 05:00,11694.652,6%,,,,,,,,,,
15/10/2019 06:00,8524.952,4%,,,,,,,,,,
15/10/2019 07:00,3854.942,2%,,,,,,,,,,
15/10/2019 08:00,1997.451,1%,,,,,,,,,,
15/10/2019 09:00,3927.907,2%,,,,,,,,,,
15/10/2019 10:00,6763.411,3%,,,,,,,,,,
15/10/2019 11:00,12459.773,6%,,,,,,,,,,
15/10/2019 12:00,17444.657,9%,,,,,,,,,,
15/10/2019 13:00,20319.049,10%,,,,,,,,,,
15/10/2019 14:00,21661.107,11%,,,,,,,,,,
15/10/2019 15:00,21344.78,11%,,,,,,,,,,
15/10/2019 16:00,23047.115,12%,,,,,,,,,,
15/10/2019 17:00,36768.213,18%,,,,,,,,,,
15/10/2019 18:00,53268.818,27%,,,,,,,,,,
15/10/2019 19:00,58366.363,29%,,,,,,,,,,
15/10/2019 20:00,56680.938,28%,,,,,,,,,,
15/10/2019 21:00,60493.191,30%,,,,,,,,,,
15/10/2019 22:00,76429.919,38%,,,,,,,,,,
15/10/2019 23:00,90350.857,45%,,,,,,,,,,
16/10/2019 00:00,102063.571,51%,,,,,,,,,,
16/10/2019 01:00,113159.047,57%,,,,,,,,,,
16/10/2019 02:00,121096.679,61%,,,,,,,,,,
16/10/2019 03:00,126092.239,63%,,,,,,,,,,
16/10/2019 04:00,121379.049,61%,,,,,,,,,,
16/10/2019 05:00,97022.83,49%,,,,,,,,,,
16/10/2019 06:00,58914.25,29%,,,,,,,,,,
16/10/2019 07:00,48605.198,24%,,,,,,,,,,
16/10/2019 08:00,87040.16,44%,,,,,,,,,,
16/10/2019 09:00,120866.209,60%,,,,,,,,,,
16/10/2019 10:00,123065.133,62%,,,,,,,,,,
16/10/2019 11:00,113690.684,57%,,,,,,,,,,
16/10/2019 12:00,101188.89,51%,,,,,,,,,,
16/10/2019 13:00,88850.495,44%,,,,,,,,,,
16/10/2019 14:00,75492.577,38%,,,,,,,,,,
16/10/2019 15:00,57090.537,29%,,,,,,,,,,
16/10/2019 16:00,42420.255,21%,,,,,,,,,,
16/10/2019 17:00,38382.575,19%,,,,,,,,,,
16/10/2019 18:00,41746.209,21%,,,,,,,,,,
16/10/2019 19:00,48754.083,24%,,,,,,,,,,
16/10/2019 20:00,55595.292,28%,,,,,,,,,,
16/10/2019 21:00,59267.678,30%,,,,,,,,,,
16/10/2019 22:00,62237.25,31%,,,,,,,,,,
16/10/2019 23:00,63078.982,32%,,,,,,,,,,
17/10/2019 00:00,64758.195,32%,,,,,,,,,,
17/10/2019 01:00,64010.189,32%,,,,,,,,,,
17/10/2019 02:00,66311.81,33%,,,,,,,,,,
17/10/2019 03:00,71545.553,36%,,,,,,,,,,
17/10/2019 04:00,75788.854,38%,,,,,,,,,,
17/10/2019 05:00,79013.669,40%,,,,,,,,,,
17/10/2019 06:00,81457.656,41%,,,,,,,,,,
17/10/2019 07:00,83051.477,42%,,,,,,,,,,
17/10/2019 08:00,75246.726,38%,,,,,,,,,,
17/10/2019 09:00,81456.743,41%,,,,,,,,,,
17/10/2019 10:00,94530.395,47%,,,,,,,,,,
17/10/2019 11:00,105665.538,53%,,,,,,,,,,
17/10/2019 12:00,112339.601,56%,,,,,,,,,,
17/10/2019 13:00,113820.76,57%,,,,,,,,,,
17/10/2019 14:00,108867.2,54%,,,,,,,,,,
17/10/2019 15:00,106316.023,53%,,,,,,,,,,
17/10/2019 16:00,111092.081,56%,,,,,,,,,,
17/10/2019 17:00,111125.127,56%,,,,,,,,,,
17/10/2019 18:00,107685.882,54%,,,,,,,,,,
17/10/2019 19:00,98189.514,49%,,,,,,,,,,
17/10/2019 20:00,88144.983,44%,,,,,,,,,,
17/10/2019 21:00,80684.963,40%,,,,,,,,,,
17/10/2019 22:00,73450.161,37%,,,,,,,,,,
17/10/2019 23:00,65037.97,33%,,,,,,,,,,
18/10/2019 00:00,50660.882,25%,,,,,,,,,,
18/10/2019 01:00,32669.962,16%,,,,,,,,,,
18/10/2019 02:00,18506.068,9%,,,,,,,,,,
18/10/2019 03:00,12367.884,6%,,,,,,,,,,
18/10/2019 04:00,8618.3,4%,,,,,,,,,,
18/10/2019 05:00,11393.332,6%,,,,,,,,,,
18/10/2019 06:00,17587.457,9%,,,,,,,,,,
18/10/2019 07:00,24122.742,12%,,,,,,,,,,
18/10/2019 08:00,33989.765,17%,,,,,,,,,,
18/10/2019 09:00,45487.7,23%,,,,,,,,,,
18/10/2019 10:00,51647.516,26%,,,,,,,,,,
18/10/2019 11:00,53128.539,27%,,,,,,,,,,
18/10/2019 12:00,57021.845,29%,,,,,,,,,,
18/10/2019 13:00,59444.336,30%,,,,,,,,,,
18/10/2019 14:00,51127.913,26%,,,,,,,,,,
18/10/2019 15:00,47580.145,24%,,,,,,,,,,
18/10/2019 16:00,47313.066,24%,,,,,,,,,,
18/10/2019 17:00,50508.138,25%,,,,,,,,,,
18/10/2019 18:00,53218.707,27%,,,,,,,,,,
18/10/2019 19:00,49049.986,25%,,,,,,,,,,
18/10/2019 20:00,46417.893,23%,,,,,,,,,,
18/10/2019 21:00,38604.662,19%,,,,,,,,,,
18/10/2019 22:00,31067.824,16%,,,,,,,,,,
18/10/2019 23:00,26924.341,13%,,,,,,,,,,
19/10/2019 00:00,23543.42,12%,,,,,,,,,,
19/10/2019 01:00,22842.678,11%,,,,,,,,,,
19/10/2019 02:00,22087.606,11%,,,,,,,,,,
19/10/2019 03:00,20243.503,10%,,,,,,,,,,
19/10/2019 04:00,22491.327,11%,,,,,,,,,,
19/10/2019 05:00,23906.056,12%,,,,,,,,,,
19/10/2019 06:00,27390.337,14%,,,,,,,,,,
19/10/2019 07:00,32290.428,16%,,,,,,,,,,
19/10/2019 08:00,33382.885,17%,,,,,,,,,,
19/10/2019 09:00,29319.242,15%,,,,,,,,,,
19/10/2019 10:00,29638.78,15%,,,,,,,,,,
19/10/2019 11:00,29531.987,15%,,,,,,,,,,
19/10/2019 12:00,31490.51,16%,,,,,,,,,,
19/10/2019 13:00,37651.376,19%,,,,,,,,,,
19/10/2019 14:00,43837.149,22%,,,,,,,,,,
19/10/2019 15:00,47286.565,24%,,,,,,,,,,
19/10/2019 16:00,51157.082,26%,,,,,,,,,,
19/10/2019 17:00,58265.746,29%,,,,,,,,,,
19/10/2019 18:00,64707.035,32%,,,,,,,,,,
19/10/2019 19:00,77390.631,39%,,,,,,,,,,
19/10/2019 20:00,86937.062,43%,,,,,,,,,,
19/10/2019 21:00,90174.516,45%,,,,,,,,,,
19/10/2019 22:00,82199.158,41%,,,,,,,,,,
19/10/2019 23:00,74704.425,37%,,,,,,,,,,
20/10/2019 00:00,75782.764,38%,,,,,,,,,,
20/10/2019 01:00,74760.393,37%,,,,,,,,,,
20/10/2019 02:00,73540.212,37%,,,,,,,,,,
20/10/2019 03:00,73582.557,37%,,,,,,,,,,
20/10/2019 04:00,74710.593,37%,,,,,,,,,,
20/10/2019 05:00,70998.766,35%,,,,,,,,,,
20/10/2019 06:00,71008.42,36%,,,,,,,,,,
20/10/2019 07:00,73775.881,37%,,,,,,,,,,
20/10/2019 08:00,72390.337,36%,,,,,,,,,,
20/10/2019 09:00,75246.544,38%,,,,,,,,,,
20/10/2019 10:00,80811.56,40%,,,,,,,,,,
20/10/2019 11:00,70999.856,35%,,,,,,,,,,
20/10/2019 12:00,60563.041,30%,,,,,,,,,,
20/10/2019 13:00,62757.165,31%,,,,,,,,,,
20/10/2019 14:00,72096.711,36%,,,,,,,,,,
20/10/2019 15:00,81455.757,41%,,,,,,,,,,
20/10/2019 16:00,96289.827,48%,,,,,,,,,,
20/10/2019 17:00,106250.153,53%,,,,,,,,,,
20/10/2019 18:00,104456.224,52%,,,,,,,,,,
20/10/2019 19:00,105069.007,53%,,,,,,,,,,
20/10/2019 20:00,101401.333,51%,,,,,,,,,,
20/10/2019 21:00,93251.528,47%,,,,,,,,,,
20/10/2019 22:00,87650.572,44%,,,,,,,,,,
20/10/2019 23:00,82000.808,41%,,,,,,,,,,
21/10/2019 00:00,76195.697,38%,,,,,,,,,,
21/10/2019 01:00,73231.204,37%,,,,,,,,,,
21/10/2019 02:00,60722.132,30%,,,,,,,,,,
21/10/2019 03:00,54396.95,27%,,,,,,,,,,
21/10/2019 04:00,55142.194,28%,,,,,,,,,,
21/10/2019 05:00,55702.012,28%,,,,,,,,,,
21/10/2019 06:00,49732.172,25%,,,,,,,,,,
21/10/2019 07:00,47129.237,24%,,,,,,,,,,
21/10/2019 08:00,41854.31,21%,,,,,,,,,,
21/10/2019 09:00,35778.986,18%,,,,,,,,,,
21/10/2019 10:00,30880.782,15%,,,,,,,,,,
21/10/2019 11:00,18557.822,9%,,,,,,,,,,
21/10/2019 12:00,10112.392,5%,,,,,,,,,,
21/10/2019 13:00,11044.689,6%,,,,,,,,,,
21/10/2019 14:00,20130.834,10%,,,,,,,,,,
21/10/2019 15:00,22464.168,11%,,,,,,,,,,
21/10/2019 16:00,18870.058,9%,,,,,,,,,,
21/10/2019 17:00,14894.618,7%,,,,,,,,,,
21/10/2019 18:00,11101.83,6%,,,,,,,,,,
21/10/2019 19:00,10316.16,5%,,,,,,,,,,
21/10/2019 20:00,12711.522,6%,,,,,,,,,,
21/10/2019 21:00,16777.89,8%,,,,,,,,,,
21/10/2019 22:00,20297.679,10%,,,,,,,,,,
21/10/2019 23:00,24186.699,12%,,,,,,,,,,
22/10/2019 00:00,30233.792,15%,,,,,,,,,,
22/10/2019 01:00,39093.273,20%,,,,,,,,,,
22/10/2019 02:00,51188.075,26%,,,,,,,,,,
22/10/2019 03:00,56458.908,28%,,,,,,,,,,
22/10/2019 04:00,55680.919,28%,,,,,,,,,,
22/10/2019 05:00,54921.943,27%,,,,,,,,,,
22/10/2019 06:00,54669.298,27%,,,,,,,,,,
22/10/2019 07:00,53927.253,27%,,,,,,,,,,
22/10/2019 08:00,49730.649,25%,,,,,,,,,,
22/10/2019 09:00,44007.841,22%,,,,,,,,,,
22/10/2019 10:00,46139.58,23%,,,,,,,,,,
22/10/2019 11:00,56848.879,28%,,,,,,,,,,
22/10/2019 12:00,63194.536,32%,,,,,,,,,,
22/10/2019 13:00,63082.551,32%,,,,,,,,,,
22/10/2019 14:00,60070.568,30%,,,,,,,,,,
22/10/2019 15:00,58433.635,29%,,,,,,,,,,
22/10/2019 16:00,59054.635,30%,,,,,,,,,,
22/10/2019 17:00,55971.652,28%,,,,,,,,,,
22/10/2019 18:00,50947.061,25%,,,,,,,,,,
22/10/2019 19:00,53209.761,27%,,,,,,,,,,
22/10/2019 20:00,65740.827,33%,,,,,,,,,,
22/10/2019 21:00,73387.459,37%,,,,,,,,,,
22/10/2019 22:00,74717.195,37%,,,,,,,,,,
22/10/2019 23:00,69349.051,35%,,,,,,,,,,
23/10/2019 00:00,60492.992,30%,,,,,,,,,,
23/10/2019 01:00,56918.669,28%,,,,,,,,,,
23/10/2019 02:00,57782.316,29%,,,,,,,,,,
23/10/2019 03:00,62623.952,31%,,,,,,,,,,
23/10/2019 04:00,65558.57,33%,,,,,,,,,,
23/10/2019 05:00,67345.242,34%,,,,,,,,,,
23/10/2019 06:00,63499.098,32%,,,,,,,,,,
23/10/2019 07:00,62538.119,31%,,,,,,,,,,
23/10/2019 08:00,54958.807,27%,,,,,,,,,,
23/10/2019 09:00,56053.899,28%,,,,,,,,,,
23/10/2019 10:00,68131.582,34%,,,,,,,,,,
23/10/2019 11:00,75784.529,38%,,,,,,,,,,
23/10/2019 12:00,84422.102,42%,,,,,,,,,,
23/10/2019 13:00,91327.545,46%,,,,,,,,,,
23/10/2019 14:00,90777.513,45%,,,,,,,,,,
23/10/2019 15:00,72856.265,36%,,,,,,,,,,
23/10/2019 16:00,65034.914,33%,,,,,,,,,,
23/10/2019 17:00,76511.882,38%,,,,,,,,,,
23/10/2019 18:00,86594.562,43%,,,,,,,,,,
23/10/2019 19:00,89399.194,45%,,,,,,,,,,
23/10/2019 20:00,89402.157,45%,,,,,,,,,,
23/10/2019 21:00,83796.969,42%,,,,,,,,,,
23/10/2019 22:00,72323.394,36%,,,,,,,,,,
23/10/2019 23:00,68251.56,34%,,,,,,,,,,
24/10/2019 00:00,75245.319,38%,,,,,,,,,,
24/10/2019 01:00,70805.598,35%,,,,,,,,,,
24/10/2019 02:00,62426.415,31%,,,,,,,,,,
24/10/2019 03:00,52745.755,26%,,,,,,,,,,
24/10/2019 04:00,50717.301,25%,,,,,,,,,,
24/10/2019 05:00,39369.908,20%,,,,,,,,,,
24/10/2019 06:00,32275.695,16%,,,,,,,,,,
24/10/2019 07:00,30206.459,15%,,,,,,,,,,
24/10/2019 08:00,28044.234,14%,,,,,,,,,,
24/10/2019 09:00,29991.777,15%,,,,,,,,,,
24/10/2019 10:00,29713.865,15%,,,,,,,,,,
24/10/2019 11:00,30397.006,15%,,,,,,,,,,
24/10/2019 12:00,38193.148,19%,,,,,,,,,,
24/10/2019 13:00,47529.174,24%,,,,,,,,,,
24/10/2019 14:00,55649.602,28%,,,,,,,,,,
24/10/2019 15:00,60491.629,30%,,,,,,,,,,
24/10/2019 16:00,75249.547,38%,,,,,,,,,,
24/10/2019 17:00,82671.539,41%,,,,,,,,,,
24/10/2019 18:00,89967.45,45%,,,,,,,,,,
24/10/2019 19:00,87162.638,44%,,,,,,,,,,
24/10/2019 20:00,78208.285,39%,,,,,,,,,,
24/10/2019 21:00,60486.483,30%,,,,,,,,,,
24/10/2019 22:00,50195.242,25%,,,,,,,,,,
24/10/2019 23:00,46139.518,23%,,,,,,,,,,
25/10/2019 00:00,39992.756,20%,,,,,,,,,,
25/10/2019 01:00,32166.712,16%,,,,,,,,,,
25/10/2019 02:00,23748.481,12%,,,,,,,,,,
25/10/2019 03:00,13868.759,7%,,,,,,,,,,
25/10/2019 04:00,8302.397,4%,,,,,,,,,,
25/10/2019 05:00,9242.263,5%,,,,,,,,,,
25/10/2019 06:00,13635.003,7%,,,,,,,,,,
25/10/2019 07:00,23543.443,12%,,,,,,,,,,
25/10/2019 08:00,35549.465,18%,,,,,,,,,,
25/10/2019 09:00,37146.155,19%,,,,,,,,,,
25/10/2019 10:00,39154.004,20%,,,,,,,,,,
25/10/2019 11:00,42523.564,21%,,,,,,,,,,
25/10/2019 12:00,49055.611,25%,,,,,,,,,,
25/10/2019 13:00,47666.438,24%,,,,,,,,,,
25/10/2019 14:00,33617.408,17%,,,,,,,,,,
25/10/2019 15:00,29425.52,15%,,,,,,,,,,
25/10/2019 16:00,22743.905,11%,,,,,,,,,,
25/10/2019 17:00,9588.976,5%,,,,,,,,,,
25/10/2019 18:00,3771.442,2%,,,,,,,,,,
25/10/2019 19:00,36351.644,18%,,,,,,,,,,
25/10/2019 20:00,72130.386,36%,,,,,,,,,,
25/10/2019 21:00,72325.579,36%,,,,,,,,,,
25/10/2019 22:00,48600.617,24%,,,,,,,,,,
25/10/2019 23:00,29692.239,15%,,,,,,,,,,
26/10/2019 00:00,20355.231,10%,,,,,,,,,,
26/10/2019 01:00,14595.273,7%,,,,,,,,,,
26/10/2019 02:00,12024.592,6%,,,,,,,,,,
26/10/2019 03:00,11561.334,6%,,,,,,,,,,
26/10/2019 04:00,9447.267,5%,,,,,,,,,,
26/10/2019 05:00,8267.163,4%,,,,,,,,,,
26/10/2019 06:00,7809.409,4%,,,,,,,,,,
26/10/2019 07:00,7509.142,4%,,,,,,,,,,
26/10/2019 08:00,8059.257,4%,,,,,,,,,,
26/10/2019 09:00,7779.982,4%,,,,,,,,,,
26/10/2019 10:00,9013.096,5%,,,,,,,,,,
26/10/2019 11:00,12545.599,6%,,,,,,,,,,
26/10/2019 12:00,19787.016,10%,,,,,,,,,,
26/10/2019 13:00,34036.053,17%,,,,,,,,,,
26/10/2019 14:00,54723.639,27%,,,,,,,,,,
26/10/2019 15:00,70475.528,35%,,,,,,,,,,
26/10/2019 16:00,90712.498,45%,,,,,,,,,,
26/10/2019 17:00,115937.3,58%,,,,,,,,,,
26/10/2019 18:00,134756.087,67%,,,,,,,,,,
26/10/2019 19:00,143118.99,72%,,,,,,,,,,
26/10/2019 20:00,147902.277,74%,,,,,,,,,,
26/10/2019 21:00,151182.483,76%,,,,,,,,,,
26/10/2019 22:00,151843.208,76%,,,,,,,,,,
26/10/2019 23:00,145795.964,73%,,,,,,,,,,
27/10/2019 00:00,140534.986,70%,,,,,,,,,,
27/10/2019 01:00,133532.216,67%,,,,,,,,,,
27/10/2019 02:00,128817.168,64%,,,,,,,,,,
27/10/2019 03:00,127544.919,64%,,,,,,,,,,
27/10/2019 04:00,127414.08,64%,,,,,,,,,,
27/10/2019 05:00,125672.507,63%,,,,,,,,,,
27/10/2019 06:00,121512.344,61%,,,,,,,,,,
27/10/2019 07:00,116031.515,58%,,,,,,,,,,
27/10/2019 08:00,100626.332,50%,,,,,,,,,,
27/10/2019 09:00,82545.317,41%,,,,,,,,,,
27/10/2019 10:00,105591.707,53%,,,,,,,,,,
27/10/2019 11:00,106429.725,53%,,,,,,,,,,
27/10/2019 12:00,102999.373,51%,,,,,,,,,,
27/10/2019 13:00,97698.081,49%,,,,,,,,,,
27/10/2019 14:00,91115.648,46%,,,,,,,,,,
27/10/2019 15:00,80366.956,40%,,,,,,,,,,
27/10/2019 16:00,73721.049,37%,,,,,,,,,,
27/10/2019 17:00,73847.659,37%,,,,,,,,,,
27/10/2019 18:00,72217.129,36%,,,,,,,,,,
27/10/2019 19:00,69485.776,35%,,,,,,,,,,
27/10/2019 20:00,65031.717,33%,,,,,,,,,,
27/10/2019 21:00,59365.997,30%,,,,,,,,,,
27/10/2019 22:00,52420.358,26%,,,,,,,,,,
27/10/2019 23:00,44610.686,22%,,,,,,,,,,
28/10/2019 00:00,38426.592,19%,,,,,,,,,,
28/10/2019 01:00,33997.563,17%,,,,,,,,,,
28/10/2019 02:00,30362.076,15%,,,,,,,,,,
28/10/2019 03:00,26927.848,13%,,,,,,,,,,
28/10/2019 04:00,24281.673,12%,,,,,,,,,,
28/10/2019 05:00,23166.026,12%,,,,,,,,,,
28/10/2019 06:00,23407.563,12%,,,,,,,,,,
28/10/2019 07:00,23945.726,12%,,,,,,,,,,
28/10/2019 08:00,23052.865,12%,,,,,,,,,,
28/10/2019 09:00,21288.633,11%,,,,,,,,,,
28/10/2019 10:00,20758.538,10%,,,,,,,,,,
28/10/2019 11:00,22863.162,11%,,,,,,,,,,
28/10/2019 12:00,27681.186,14%,,,,,,,,,,
28/10/2019 13:00,29142.638,15%,,,,,,,,,,
28/10/2019 14:00,30915.907,15%,,,,,,,,,,
28/10/2019 15:00,33486.608,17%,,,,,,,,,,
28/10/2019 16:00,40408.554,20%,,,,,,,,,,
28/10/2019 17:00,50503.593,25%,,,,,,,,,,
28/10/2019 18:00,59811.686,30%,,,,,,,,,,
28/10/2019 19:00,68036.368,34%,,,,,,,,,,
28/10/2019 20:00,75996.929,38%,,,,,,,,,,
28/10/2019 21:00,81457.683,41%,,,,,,,,,,
28/10/2019 22:00,78540.227,39%,,,,,,,,,,
28/10/2019 23:00,73382.8,37%,,,,,,,,,,
29/10/2019 00:00,64019.26,32%,,,,,,,,,,
29/10/2019 01:00,55481.146,28%,,,,,,,,,,
29/10/2019 02:00,47571.6,24%,,,,,,,,,,
29/10/2019 03:00,44613.755,22%,,,,,,,,,,
29/10/2019 04:00,45173.162,23%,,,,,,,,,,
29/10/2019 05:00,45702.818,23%,,,,,,,,,,
29/10/2019 06:00,50431.421,25%,,,,,,,,,,
29/10/2019 07:00,54885.75,27%,,,,,,,,,,
29/10/2019 08:00,60529.74,30%,,,,,,,,,,
29/10/2019 09:00,59889.743,30%,,,,,,,,,,
29/10/2019 10:00,72561.435,36%,,,,,,,,,,
29/10/2019 11:00,91199.177,46%,,,,,,,,,,
29/10/2019 12:00,89403.705,45%,,,,,,,,,,
29/10/2019 13:00,88128.8,44%,,,,,,,,,,
29/10/2019 14:00,87034.145,44%,,,,,,,,,,
29/10/2019 15:00,81394.07,41%,,,,,,,,,,
29/10/2019 16:00,86551.104,43%,,,,,,,,,,
29/10/2019 17:00,99648.915,50%,,,,,,,,,,
29/10/2019 18:00,102064.381,51%,,,,,,,,,,
29/10/2019 19:00,100828.491,50%,,,,,,,,,,
29/10/2019 20:00,100325.486,50%,,,,,,,,,,
29/10/2019 21:00,99593.281,50%,,,,,,,,,,
29/10/2019 22:00,100351.49,50%,,,,,,,,,,
29/10/2019 23:00,99839.146,50%,,,,,,,,,,
30/10/2019 00:00,97819.218,49%,,,,,,,,,,
30/10/2019 01:00,94523.272,47%,,,,,,,,,,
30/10/2019 02:00,91023.514,46%,,,,,,,,,,
30/10/2019 03:00,88853.133,44%,,,,,,,,,,
30/10/2019 04:00,88300.434,44%,,,,,,,,,,
30/10/2019 05:00,96422.909,48%,,,,,,,,,,
30/10/2019 06:00,99244.305,50%,,,,,,,,,,
30/10/2019 07:00,102991.628,51%,,,,,,,,,,
30/10/2019 08:00,99575.16,50%,,,,,,,,,,
30/10/2019 09:00,93257.764,47%,,,,,,,,,,
30/10/2019 10:00,105098.125,53%,,,,,,,,,,
30/10/2019 11:00,122904.783,61%,,,,,,,,,,
30/10/2019 12:00,125680.489,63%,,,,,,,,,,
30/10/2019 13:00,124147.741,62%,,,,,,,,,,
30/10/2019 14:00,122047.003,61%,,,,,,,,,,
30/10/2019 15:00,116072.946,58%,,,,,,,,,,
30/10/2019 16:00,104722.079,52%,,,,,,,,,,
30/10/2019 17:00,111211.426,56%,,,,,,,,,,
30/10/2019 18:00,112581.958,56%,,,,,,,,,,
30/10/2019 19:00,113158.223,57%,,,,,,,,,,
30/10/2019 20:00,114751.667,57%,,,,,,,,,,
30/10/2019 21:00,116070.211,58%,,,,,,,,,,
30/10/2019 22:00,114397.352,57%,,,,,,,,,,
30/10/2019 23:00,111033.304,56%,,,,,,,,,,
31/10/2019 00:00,106972.711,53%,,,,,,,,,,
31/10/2019 01:00,99593.71,50%,,,,,,,,,,
31/10/2019 02:00,98819.729,49%,,,,,,,,,,
31/10/2019 03:00,92327.19,46%,,,,,,,,,,
31/10/2019 04:00,86149.803,43%,,,,,,,,,,
31/10/2019 05:00,81490.898,41%,,,,,,,,,,
31/10/2019 06:00,77939.021,39%,,,,,,,,,,
31/10/2019 07:00,76561.912,38%,,,,,,,,,,
31/10/2019 08:00,79841.894,40%,,,,,,,,,,
31/10/2019 09:00,91328.544,46%,,,,,,,,,,
31/10/2019 10:00,105138.495,53%,,,,,,,,,,
31/10/2019 11:00,109745.936,55%,,,,,,,,,,
31/10/2019 12:00,104365.87,52%,,,,,,,,,,
31/10/2019 13:00,102611.831,51%,,,,,,,,,,
31/10/2019 14:00,89588.641,45%,,,,,,,,,,
31/10/2019 15:00,86565.206,43%,,,,,,,,,,
31/10/2019 16:00,82281.758,41%,,,,,,,,,,
31/10/2019 17:00,88902.651,44%,,,,,,,,,,
31/10/2019 18:00,96364.17,48%,,,,,,,,,,
31/10/2019 19:00,94441.097,47%,,,,,,,,,,
31/10/2019 20:00,101179.391,51%,,,,,,,,,,
31/10/2019 21:00,93469.602,47%,,,,,,,,,,
31/10/2019 22:00,97670.484,49%,,,,,,,,,,
31/10/2019 23:00,108637.077,54%,,,,,,,,,,
01/11/2019 00:00,106313.434,53%,,,,,,,,,,
01/11/2019 01:00,112035.871,56%,,,,,,,,,,
01/11/2019 02:00,115897.066,58%,,,,,,,,,,
01/11/2019 03:00,120244.496,60%,,,,,,,,,,
01/11/2019 04:00,122363.962,61%,,,,,,,,,,
01/11/2019 05:00,135472.496,68%,,,,,,,,,,
01/11/2019 06:00,146746.133,73%,,,,,,,,,,
01/11/2019 07:00,140595.026,70%,,,,,,,,,,
01/11/2019 08:00,109406.774,55%,,,,,,,,,,
01/11/2019 09:00,90014.463,45%,,,,,,,,,,
01/11/2019 10:00,76109.872,38%,,,,,,,,,,
01/11/2019 11:00,72319.544,36%,,,,,,,,,,
01/11/2019 12:00,72982.438,36%,,,,,,,,,,
01/11/2019 13:00,71527.365,36%,,,,,,,,,,
01/11/2019 14:00,73692.383,37%,,,,,,,,,,
01/11/2019 15:00,76544.609,38%,,,,,,,,,,
01/11/2019 16:00,80476.844,40%,,,,,,,,,,
01/11/2019 17:00,84085.75,42%,,,,,,,,,,
01/11/2019 18:00,92470.54,46%,,,,,,,,,,
01/11/2019 19:00,113158.413,57%,,,,,,,,,,
01/11/2019 20:00,127398.92,64%,,,,,,,,,,
01/11/2019 21:00,120245.298,60%,,,,,,,,,,
01/11/2019 22:00,124192.222,62%,,,,,,,,,,
01/11/2019 23:00,142899.184,71%,,,,,,,,,,
02/11/2019 00:00,147810.248,74%,,,,,,,,,,
02/11/2019 01:00,131617.132,66%,,,,,,,,,,
02/11/2019 02:00,110072.229,55%,,,,,,,,,,
02/11/2019 03:00,95187.904,48%,,,,,,,,,,
02/11/2019 04:00,86380.317,43%,,,,,,,,,,
02/11/2019 05:00,85005.802,43%,,,,,,,,,,
02/11/2019 06:00,87301.487,44%,,,,,,,,,,
02/11/2019 07:00,86956.442,43%,,,,,,,,,,
02/11/2019 08:00,72157.21,36%,,,,,,,,,,
02/11/2019 09:00,54291.098,27%,,,,,,,,,,
02/11/2019 10:00,28794.739,14%,,,,,,,,,,
02/11/2019 11:00,9483.623,5%,,,,,,,,,,
02/11/2019 12:00,9839.3,5%,,,,,,,,,,
02/11/2019 13:00,20653.176,10%,,,,,,,,,,
02/11/2019 14:00,28153.043,14%,,,,,,,,,,
02/11/2019 15:00,23424.554,12%,,,,,,,,,,
02/11/2019 16:00,19826.227,10%,,,,,,,,,,
02/11/2019 17:00,13257.014,7%,,,,,,,,,,
02/11/2019 18:00,7501.212,4%,,,,,,,,,,
02/11/2019 19:00,4285.556,2%,,,,,,,,,,
02/11/2019 20:00,2092.995,1%,,,,,,,,,,
02/11/2019 21:00,918.976,0%,,,,,,,,,,
02/11/2019 22:00,2485.303,1%,,,,,,,,,,
02/11/2019 23:00,5445.089,3%,,,,,,,,,,
03/11/2019 00:00,7948.41,4%,,,,,,,,,,
03/11/2019 01:00,8774.816,4%,,,,,,,,,,
03/11/2019 02:00,11618.217,6%,,,,,,,,,,
03/11/2019 03:00,18582.95,9%,,,,,,,,,,
03/11/2019 04:00,26600.821,13%,,,,,,,,,,
03/11/2019 05:00,31265.071,16%,,,,,,,,,,
03/11/2019 06:00,29819.981,15%,,,,,,,,,,
03/11/2019 07:00,29010.396,15%,,,,,,,,,,
03/11/2019 08:00,30919.188,15%,,,,,,,,,,
03/11/2019 09:00,29535.981,15%,,,,,,,,,,
03/11/2019 10:00,31633.545,16%,,,,,,,,,,
03/11/2019 11:00,40253.144,20%,,,,,,,,,,
03/11/2019 12:00,48466.013,24%,,,,,,,,,,
03/11/2019 13:00,53923,27%,,,,,,,,,,
03/11/2019 14:00,48147.747,24%,,,,,,,,,,
03/11/2019 15:00,40922.17,20%,,,,,,,,,,
03/11/2019 16:00,42180.215,21%,,,,,,,,,,
03/11/2019 17:00,45757.471,23%,,,,,,,,,,
03/11/2019 18:00,46148.282,23%,,,,,,,,,,
03/11/2019 19:00,42500.302,21%,,,,,,,,,,
03/11/2019 20:00,36736.68,18%,,,,,,,,,,
03/11/2019 21:00,30760.815,15%,,,,,,,,,,
03/11/2019 22:00,24208.533,12%,,,,,,,,,,
03/11/2019 23:00,19829.059,10%,,,,,,,,,,
04/11/2019 00:00,19143.007,10%,,,,,,,,,,
04/11/2019 01:00,22675.559,11%,,,,,,,,,,
04/11/2019 02:00,28053.239,14%,,,,,,,,,,
04/11/2019 03:00,32670.464,16%,,,,,,,,,,
04/11/2019 04:00,34749.07,17%,,,,,,,,,,
04/11/2019 05:00,33757.804,17%,,,,,,,,,,
04/11/2019 06:00,32319.99,16%,,,,,,,,,,
04/11/2019 07:00,31989.161,16%,,,,,,,,,,
04/11/2019 08:00,30671.851,15%,,,,,,,,,,
04/11/2019 09:00,25418.965,13%,,,,,,,,,,
04/11/2019 10:00,21637.335,11%,,,,,,,,,,
04/11/2019 11:00,23992.516,12%,,,,,,,,,,
04/11/2019 12:00,27825.41,14%,,,,,,,,,,
04/11/2019 13:00,32794.412,16%,,,,,,,,,,
04/11/2019 14:00,36402.568,18%,,,,,,,,,,
04/11/2019 15:00,38601.468,19%,,,,,,,,,,
04/11/2019 16:00,44467.99,22%,,,,,,,,,,
04/11/2019 17:00,49342.993,25%,,,,,,,,,,
04/11/2019 18:00,49703.314,25%,,,,,,,,,,
04/11/2019 19:00,48852.965,24%,,,,,,,,,,
04/11/2019 20:00,51665.57,26%,,,,,,,,,,
04/11/2019 21:00,62577.184,31%,,,,,,,,,,
04/11/2019 22:00,76897.828,38%,,,,,,,,,,
04/11/2019 23:00,88300.636,44%,,,,,,,,,,
05/11/2019 00:00,102612.432,51%,,,,,,,,,,
05/11/2019 01:00,107514.672,54%,,,,,,,,,,
05/11/2019 02:00,110228.07,55%,,,,,,,,,,
05/11/2019 03:00,106481.667,53%,,,,,,,,,,
05/11/2019 04:00,114752.295,57%,,,,,,,,,,
05/11/2019 05:00,123988.48,62%,,,,,,,,,,
05/11/2019 06:00,130642.568,65%,,,,,,,,,,
05/11/2019 07:00,134646.772,67%,,,,,,,,,,
05/11/2019 08:00,127798.098,64%,,,,,,,,,,
05/11/2019 09:00,123064.081,62%,,,,,,,,,,
05/11/2019 10:00,127093.595,64%,,,,,,,,,,
05/11/2019 11:00,124368.895,62%,,,,,,,,,,
05/11/2019 12:00,115545.117,58%,,,,,,,,,,
05/11/2019 13:00,103159.161,52%,,,,,,,,,,
05/11/2019 14:00,88858.579,44%,,,,,,,,,,
05/11/2019 15:00,75246.815,38%,,,,,,,,,,
05/11/2019 16:00,68254.811,34%,,,,,,,,,,
05/11/2019 17:00,61859.447,31%,,,,,,,,,,
05/11/2019 18:00,50308.265,25%,,,,,,,,,,
05/11/2019 19:00,40401.412,20%,,,,,,,,,,
05/11/2019 20:00,30097.332,15%,,,,,,,,,,
05/11/2019 21:00,22022.696,11%,,,,,,,,,,
05/11/2019 22:00,13916.083,7%,,,,,,,,,,
05/11/2019 23:00,7355.113,4%,,,,,,,,,,
06/11/2019 00:00,3354.386,2%,,,,,,,,,,
06/11/2019 01:00,1637.808,1%,,,,,,,,,,
06/11/2019 02:00,1641.817,1%,,,,,,,,,,
06/11/2019 03:00,2371.647,1%,,,,,,,,,,
06/11/2019 04:00,3955.366,2%,,,,,,,,,,
06/11/2019 05:00,8390.589,4%,,,,,,,,,,
06/11/2019 06:00,16471.467,8%,,,,,,,,,,
06/11/2019 07:00,22157.055,11%,,,,,,,,,,
06/11/2019 08:00,23808.24,12%,,,,,,,,,,
06/11/2019 09:00,22994.371,11%,,,,,,,,,,
06/11/2019 10:00,21389.304,11%,,,,,,,,,,
06/11/2019 11:00,21549.697,11%,,,,,,,,,,
06/11/2019 12:00,22039.09,11%,,,,,,,,,,
06/11/2019 13:00,21196.108,11%,,,,,,,,,,
06/11/2019 14:00,17143.602,9%,,,,,,,,,,
06/11/2019 15:00,15636.541,8%,,,,,,,,,,
06/11/2019 16:00,20891.395,10%,,,,,,,,,,
06/11/2019 17:00,30101.809,15%,,,,,,,,,,
06/11/2019 18:00,39041.467,20%,,,,,,,,,,
06/11/2019 19:00,45787.449,23%,,,,,,,,,,
06/11/2019 20:00,50353.443,25%,,,,,,,,,,
06/11/2019 21:00,49119.396,25%,,,,,,,,,,
06/11/2019 22:00,49052.291,25%,,,,,,,,,,
06/11/2019 23:00,57136.265,29%,,,,,,,,,,
07/11/2019 00:00,68126.997,34%,,,,,,,,,,
07/11/2019 01:00,68126.742,34%,,,,,,,,,,
07/11/2019 02:00,65540.196,33%,,,,,,,,,,
07/11/2019 03:00,66317.425,33%,,,,,,,,,,
07/11/2019 04:00,68049.966,34%,,,,,,,,,,
07/11/2019 05:00,68125.477,34%,,,,,,,,,,
07/11/2019 06:00,69535.896,35%,,,,,,,,,,
07/11/2019 07:00,73546.474,37%,,,,,,,,,,
07/11/2019 08:00,74712.289,37%,,,,,,,,,,
07/11/2019 09:00,72852.585,36%,,,,,,,,,,
07/11/2019 10:00,70480.592,35%,,,,,,,,,,
07/11/2019 11:00,69894.625,35%,,,,,,,,,,
07/11/2019 12:00,67354.178,34%,,,,,,,,,,
07/11/2019 13:00,68975.601,34%,,,,,,,,,,
07/11/2019 14:00,74959.285,37%,,,,,,,,,,
07/11/2019 15:00,86959.495,43%,,,,,,,,,,
07/11/2019 16:00,102888.042,51%,,,,,,,,,,
07/11/2019 17:00,111840.506,56%,,,,,,,,,,
07/11/2019 18:00,117926.687,59%,,,,,,,,,,
07/11/2019 19:00,129126.351,65%,,,,,,,,,,
07/11/2019 20:00,145192.212,73%,,,,,,,,,,
07/11/2019 21:00,156930.802,78%,,,,,,,,,,
07/11/2019 22:00,168061.073,84%,,,,,,,,,,
07/11/2019 23:00,169508.172,85%,,,,,,,,,,
08/11/2019 00:00,164341.792,82%,,,,,,,,,,
08/11/2019 01:00,154391.667,77%,,,,,,,,,,
08/11/2019 02:00,147511.384,74%,,,,,,,,,,
08/11/2019 03:00,138554.89,69%,,,,,,,,,,
08/11/2019 04:00,130556.392,65%,,,,,,,,,,
08/11/2019 05:00,117970.295,59%,,,,,,,,,,
08/11/2019 06:00,109403.828,55%,,,,,,,,,,
08/11/2019 07:00,102062.974,51%,,,,,,,,,,
08/11/2019 08:00,90778.724,45%,,,,,,,,,,
08/11/2019 09:00,69345.848,35%,,,,,,,,,,
08/11/2019 10:00,65032.965,33%,,,,,,,,,,
08/11/2019 11:00,67139.015,34%,,,,,,,,,,
08/11/2019 12:00,63290.745,32%,,,,,,,,,,
08/11/2019 13:00,58487.311,29%,,,,,,,,,,
08/11/2019 14:00,50397.767,25%,,,,,,,,,,
08/11/2019 15:00,42795.116,21%,,,,,,,,,,
08/11/2019 16:00,39144.121,20%,,,,,,,,,,
08/11/2019 17:00,30898.901,15%,,,,,,,,,,
08/11/2019 18:00,22334.587,11%,,,,,,,,,,
08/11/2019 19:00,14865.358,7%,,,,,,,,,,
08/11/2019 20:00,8633.596,4%,,,,,,,,,,
08/11/2019 21:00,4663.67,2%,,,,,,,,,,
08/11/2019 22:00,2761.625,1%,,,,,,,,,,
08/11/2019 23:00,1905.919,1%,,,,,,,,,,
09/11/2019 00:00,2831.221,1%,,,,,,,,,,
09/11/2019 01:00,6576.904,3%,,,,,,,,,,
09/11/2019 02:00,12849.851,6%,,,,,,,,,,
09/11/2019 03:00,23927.257,12%,,,,,,,,,,
09/11/2019 04:00,42831.516,21%,,,,,,,,,,
09/11/2019 05:00,60088.777,30%,,,,,,,,,,
09/11/2019 06:00,72150.889,36%,,,,,,,,,,
09/11/2019 07:00,82005.231,41%,,,,,,,,,,
09/11/2019 08:00,89833.581,45%,,,,,,,,,,
09/11/2019 09:00,103706.096,52%,,,,,,,,,,
09/11/2019 10:00,118300.545,59%,,,,,,,,,,
09/11/2019 11:00,125041.215,63%,,,,,,,,,,
09/11/2019 12:00,132171.057,66%,,,,,,,,,,
09/11/2019 13:00,131202.463,66%,,,,,,,,,,
09/11/2019 14:00,122892.554,61%,,,,,,,,,,
09/11/2019 15:00,111950.315,56%,,,,,,,,,,
09/11/2019 16:00,102710.39,51%,,,,,,,,,,
09/11/2019 17:00,95190.201,48%,,,,,,,,,,
09/11/2019 18:00,92476.188,46%,,,,,,,,,,
09/11/2019 19:00,94131.113,47%,,,,,,,,,,
09/11/2019 20:00,97921.844,49%,,,,,,,,,,
09/11/2019 21:00,99593.132,50%,,,,,,,,,,
09/11/2019 22:00,100223.17,50%,,,,,,,,,,
09/11/2019 23:00,99462.407,50%,,,,,,,,,,
10/11/2019 00:00,103705.038,52%,,,,,,,,,,
10/11/2019 01:00,100948.701,50%,,,,,,,,,,
10/11/2019 02:00,94565.246,47%,,,,,,,,,,
10/11/2019 03:00,89401.932,45%,,,,,,,,,,
10/11/2019 04:00,83912.195,42%,,,,,,,,,,
10/11/2019 05:00,76475.409,38%,,,,,,,,,,
10/11/2019 06:00,67971.188,34%,,,,,,,,,,
10/11/2019 07:00,61562.948,31%,,,,,,,,,,
10/11/2019 08:00,51189.457,26%,,,,,,,,,,
10/11/2019 09:00,33427.151,17%,,,,,,,,,,
10/11/2019 10:00,21424.539,11%,,,,,,,,,,
10/11/2019 11:00,17867.519,9%,,,,,,,,,,
10/11/2019 12:00,10234.173,5%,,,,,,,,,,
10/11/2019 13:00,11227.279,6%,,,,,,,,,,
10/11/2019 14:00,13661.19,7%,,,,,,,,,,
10/11/2019 15:00,24117.376,12%,,,,,,,,,,
10/11/2019 16:00,54881.897,27%,,,,,,,,,,
10/11/2019 17:00,65550.932,33%,,,,,,,,,,
10/11/2019 18:00,85004.398,43%,,,,,,,,,,
10/11/2019 19:00,88236.46,44%,,,,,,,,,,
10/11/2019 20:00,81150.555,41%,,,,,,,,,,
10/11/2019 21:00,87514.157,44%,,,,,,,,,,
10/11/2019 22:00,100964.757,50%,,,,,,,,,,
10/11/2019 23:00,122952.277,61%,,,,,,,,,,
11/11/2019 00:00,141748.533,71%,,,,,,,,,,
11/11/2019 01:00,127482.817,64%,,,,,,,,,,
11/11/2019 02:00,123854.787,62%,,,,,,,,,,
11/11/2019 03:00,154391.961,77%,,,,,,,,,,
11/11/2019 04:00,166958.55,83%,,,,,,,,,,
11/11/2019 05:00,169148.54,85%,,,,,,,,,,
11/11/2019 06:00,169034.634,85%,,,,,,,,,,
11/11/2019 07:00,169712.086,85%,,,,,,,,,,
11/11/2019 08:00,171448.023,86%,,,,,,,,,,
11/11/2019 09:00,167499.018,84%,,,,,,,,,,
11/11/2019 10:00,172432.06,86%,,,,,,,,,,
11/11/2019 11:00,178261.813,89%,,,,,,,,,,
11/11/2019 12:00,179255.34,90%,,,,,,,,,,
11/11/2019 13:00,179863.193,90%,,,,,,,,,,
11/11/2019 14:00,180049.254,90%,,,,,,,,,,
11/11/2019 15:00,179115.994,90%,,,,,,,,,,
11/11/2019 16:00,174004.33,87%,,,,,,,,,,
11/11/2019 17:00,170868.176,85%,,,,,,,,,,
11/11/2019 18:00,168750.016,84%,,,,,,,,,,
11/11/2019 19:00,167486.484,84%,,,,,,,,,,
11/11/2019 20:00,167135.75,84%,,,,,,,,,,
11/11/2019 21:00,167176.303,84%,,,,,,,,,,
11/11/2019 22:00,170581.02,85%,,,,,,,,,,
11/11/2019 23:00,173628.103,87%,,,,,,,,,,
12/11/2019 00:00,175366.428,88%,,,,,,,,,,
12/11/2019 01:00,177485.075,89%,,,,,,,,,,
12/11/2019 02:00,178916.596,89%,,,,,,,,,,
12/11/2019 03:00,181940.54,91%,,,,,,,,,,
12/11/2019 04:00,186034.136,93%,,,,,,,,,,
12/11/2019 05:00,187394.63,94%,,,,,,,,,,
12/11/2019 06:00,187927.986,94%,,,,,,,,,,
12/11/2019 07:00,185439.485,93%,,,,,,,,,,
12/11/2019 08:00,176057.87,88%,,,,,,,,,,
12/11/2019 09:00,162854.705,81%,,,,,,,,,,
12/11/2019 10:00,156352.148,78%,,,,,,,,,,
12/11/2019 11:00,156921.156,78%,,,,,,,,,,
12/11/2019 12:00,162889.947,81%,,,,,,,,,,
12/11/2019 13:00,163250.978,82%,,,,,,,,,,
12/11/2019 14:00,160568.937,80%,,,,,,,,,,
12/11/2019 15:00,155667.689,78%,,,,,,,,,,
12/11/2019 16:00,151273.234,76%,,,,,,,,,,
12/11/2019 17:00,138045.596,69%,,,,,,,,,,
12/11/2019 18:00,124309.077,62%,,,,,,,,,,
12/11/2019 19:00,108867.2,54%,,,,,,,,,,
12/11/2019 20:00,100973.364,50%,,,,,,,,,,
12/11/2019 21:00,96994.649,48%,,,,,,,,,,
12/11/2019 22:00,88851.845,44%,,,,,,,,,,
12/11/2019 23:00,78163.818,39%,,,,,,,,,,
13/11/2019 00:00,68507.518,34%,,,,,,,,,,
13/11/2019 01:00,60497.421,30%,,,,,,,,,,
13/11/2019 02:00,52279.547,26%,,,,,,,,,,
13/11/2019 03:00,49052.474,25%,,,,,,,,,,
13/11/2019 04:00,47081.004,24%,,,,,,,,,,
13/11/2019 05:00,44352.548,22%,,,,,,,,,,
13/11/2019 06:00,40360.111,20%,,,,,,,,,,
13/11/2019 07:00,37962.723,19%,,,,,,,,,,
13/11/2019 08:00,35771.149,18%,,,,,,,,,,
13/11/2019 09:00,28881.53,14%,,,,,,,,,,
13/11/2019 10:00,20618.225,10%,,,,,,,,,,
13/11/2019 11:00,18898.823,9%,,,,,,,,,,
13/11/2019 12:00,22735.839,11%,,,,,,,,,,
13/11/2019 13:00,33483.057,17%,,,,,,,,,,
13/11/2019 14:00,50353.673,25%,,,,,,,,,,
13/11/2019 15:00,72326.568,36%,,,,,,,,,,
13/11/2019 16:00,93432.674,47%,,,,,,,,,,
13/11/2019 17:00,106410.84,53%,,,,,,,,,,
13/11/2019 18:00,110522.058,55%,,,,,,,,,,
13/11/2019 19:00,111288.411,56%,,,,,,,,,,
13/11/2019 20:00,113159.005,57%,,,,,,,,,,
13/11/2019 21:00,114723.886,57%,,,,,,,,,,
13/11/2019 22:00,117122.036,59%,,,,,,,,,,
13/11/2019 23:00,122044.571,61%,,,,,,,,,,
14/11/2019 00:00,125404.276,63%,,,,,,,,,,
14/11/2019 01:00,127653.797,64%,,,,,,,,,,
14/11/2019 02:00,125979.272,63%,,,,,,,,,,
14/11/2019 03:00,126093.772,63%,,,,,,,,,,
14/11/2019 04:00,127160.676,64%,,,,,,,,,,
14/11/2019 05:00,131529.783,66%,,,,,,,,,,
14/11/2019 06:00,139206.589,70%,,,,,,,,,,
14/11/2019 07:00,146406.918,73%,,,,,,,,,,
14/11/2019 08:00,150293.159,75%,,,,,,,,,,
14/11/2019 09:00,153638.322,77%,,,,,,,,,,
14/11/2019 10:00,160232.778,80%,,,,,,,,,,
14/11/2019 11:00,168384.555,84%,,,,,,,,,,
14/11/2019 12:00,169031.867,85%,,,,,,,,,,
14/11/2019 13:00,170007.678,85%,,,,,,,,,,
14/11/2019 14:00,170892.99,85%,,,,,,,,,,
14/11/2019 15:00,170680.748,85%,,,,,,,,,,
14/11/2019 16:00,170308.003,85%,,,,,,,,,,
14/11/2019 17:00,168566.746,84%,,,,,,,,,,
14/11/2019 18:00,165059.393,83%,,,,,,,,,,
14/11/2019 19:00,158802.057,79%,,,,,,,,,,
14/11/2019 20:00,150761.853,75%,,,,,,,,,,
14/11/2019 21:00,140821.031,70%,,,,,,,,,,
14/11/2019 22:00,138887.257,69%,,,,,,,,,,
14/11/2019 23:00,134812.548,67%,,,,,,,,,,
15/11/2019 00:00,129689.019,65%,,,,,,,,,,
15/11/2019 01:00,122047.35,61%,,,,,,,,,,
15/11/2019 02:00,119414.03,60%,,,,,,,,,,
15/11/2019 03:00,120875.677,60%,,,,,,,,,,
15/11/2019 04:00,117489.562,59%,,,,,,,,,,
15/11/2019 05:00,114313.588,57%,,,,,,,,,,
15/11/2019 06:00,113690.626,57%,,,,,,,,,,
15/11/2019 07:00,107514.977,54%,,,,,,,,,,
15/11/2019 08:00,98232.597,49%,,,,,,,,,,
15/11/2019 09:00,97927.945,49%,,,,,,,,,,
15/11/2019 10:00,88904.544,44%,,,,,,,,,,
15/11/2019 11:00,87610.118,44%,,,,,,,,,,
15/11/2019 12:00,92496.592,46%,,,,,,,,,,
15/11/2019 13:00,93262.046,47%,,,,,,,,,,
15/11/2019 14:00,96292.522,48%,,,,,,,,,,
15/11/2019 15:00,101255.968,51%,,,,,,,,,,
15/11/2019 16:00,109074.997,55%,,,,,,,,,,
15/11/2019 17:00,111220.583,56%,,,,,,,,,,
15/11/2019 18:00,106972.619,53%,,,,,,,,,,
15/11/2019 19:00,107679.426,54%,,,,,,,,,,
15/11/2019 20:00,110212.506,55%,,,,,,,,,,
15/11/2019 21:00,109469.079,55%,,,,,,,,,,
15/11/2019 22:00,107514.776,54%,,,,,,,,,,
15/11/2019 23:00,103704.829,52%,,,,,,,,,,
16/11/2019 00:00,100668.154,50%,,,,,,,,,,
16/11/2019 01:00,95187.532,48%,,,,,,,,,,
16/11/2019 02:00,89404.599,45%,,,,,,,,,,
16/11/2019 03:00,86316.838,43%,,,,,,,,,,
16/11/2019 04:00,80102.313,40%,,,,,,,,,,
16/11/2019 05:00,72356.89,36%,,,,,,,,,,
16/11/2019 06:00,62245.902,31%,,,,,,,,,,
16/11/2019 07:00,45615.849,23%,,,,,,,,,,
16/11/2019 08:00,33168.277,17%,,,,,,,,,,
16/11/2019 09:00,23548.742,12%,,,,,,,,,,
16/11/2019 10:00,15832.242,8%,,,,,,,,,,
16/11/2019 11:00,10696.372,5%,,,,,,,,,,
16/11/2019 12:00,9158.369,5%,,,,,,,,,,
16/11/2019 13:00,10700.594,5%,,,,,,,,,,
16/11/2019 14:00,13991.576,7%,,,,,,,,,,
16/11/2019 15:00,18848.543,9%,,,,,,,,,,
16/11/2019 16:00,21322.811,11%,,,,,,,,,,
16/11/2019 17:00,20489.89,10%,,,,,,,,,,
16/11/2019 18:00,17924.164,9%,,,,,,,,,,
16/11/2019 19:00,14849.77,7%,,,,,,,,,,
16/11/2019 20:00,11744.584,6%,,,,,,,,,,
16/11/2019 21:00,9013.774,5%,,,,,,,,,,
16/11/2019 22:00,7320.523,4%,,,,,,,,,,
16/11/2019 23:00,6892.916,3%,,,,,,,,,,
17/11/2019 00:00,7125.548,4%,,,,,,,,,,
17/11/2019 01:00,8424.127,4%,,,,,,,,,,
17/11/2019 02:00,10810.783,5%,,,,,,,,,,
17/11/2019 03:00,14554.356,7%,,,,,,,,,,
17/11/2019 04:00,18909.548,9%,,,,,,,,,,
17/11/2019 05:00,22650.589,11%,,,,,,,,,,
17/11/2019 06:00,25341.388,13%,,,,,,,,,,
17/11/2019 07:00,26956.314,13%,,,,,,,,,,
17/11/2019 08:00,27756.121,14%,,,,,,,,,,
17/11/2019 09:00,26602.161,13%,,,,,,,,,,
17/11/2019 10:00,25099.978,13%,,,,,,,,,,
17/11/2019 11:00,26018.253,13%,,,,,,,,,,
17/11/2019 12:00,30951.517,15%,,,,,,,,,,
17/11/2019 13:00,37261.86,19%,,,,,,,,,,
17/11/2019 14:00,43511.272,22%,,,,,,,,,,
17/11/2019 15:00,50836.747,25%,,,,,,,,,,
17/11/2019 16:00,61826.043,31%,,,,,,,,,,
17/11/2019 17:00,66617.415,33%,,,,,,,,,,
17/11/2019 18:00,63158.819,32%,,,,,,,,,,
17/11/2019 19:00,59842.131,30%,,,,,,,,,,
17/11/2019 20:00,53083.168,27%,,,,,,,,,,
17/11/2019 21:00,47618.906,24%,,,,,,,,,,
17/11/2019 22:00,42890.917,21%,,,,,,,,,,
17/11/2019 23:00,43034.201,22%,,,,,,,,,,
18/11/2019 00:00,42642.446,21%,,,,,,,,,,
18/11/2019 01:00,37203.427,19%,,,,,,,,,,
18/11/2019 02:00,31092.806,16%,,,,,,,,,,
18/11/2019 03:00,26710.181,13%,,,,,,,,,,
18/11/2019 04:00,23963.858,12%,,,,,,,,,,
18/11/2019 05:00,19110.895,10%,,,,,,,,,,
18/11/2019 06:00,17171.505,9%,,,,,,,,,,
18/11/2019 07:00,15099.518,8%,,,,,,,,,,
18/11/2019 08:00,10493.218,5%,,,,,,,,,,
18/11/2019 09:00,6250.97,3%,,,,,,,,,,
18/11/2019 10:00,3762.11,2%,,,,,,,,,,
18/11/2019 11:00,3284.288,2%,,,,,,,,,,
18/11/2019 12:00,4269.822,2%,,,,,,,,,,
18/11/2019 13:00,5985.208,3%,,,,,,,,,,
18/11/2019 14:00,5870.286,3%,,,,,,,,,,
18/11/2019 15:00,4763.03,2%,,,,,,,,,,
18/11/2019 16:00,3781.589,2%,,,,,,,,,,
18/11/2019 17:00,3390.568,2%,,,,,,,,,,
18/11/2019 18:00,2766.574,1%,,,,,,,,,,
18/11/2019 19:00,2715.986,1%,,,,,,,,,,
18/11/2019 20:00,4159.281,2%,,,,,,,,,,
18/11/2019 21:00,6395.996,3%,,,,,,,,,,
18/11/2019 22:00,8887.064,4%,,,,,,,,,,
18/11/2019 23:00,11263.175,6%,,,,,,,,,,
19/11/2019 00:00,13282.59,7%,,,,,,,,,,
19/11/2019 01:00,14825.271,7%,,,,,,,,,,
19/11/2019 02:00,17862.898,9%,,,,,,,,,,
19/11/2019 03:00,22198.563,11%,,,,,,,,,,
19/11/2019 04:00,29426.004,15%,,,,,,,,,,
19/11/2019 05:00,38393.694,19%,,,,,,,,,,
19/11/2019 06:00,43273.511,22%,,,,,,,,,,
19/11/2019 07:00,44055.111,22%,,,,,,,,,,
19/11/2019 08:00,45103.855,23%,,,,,,,,,,
19/11/2019 09:00,48150.848,24%,,,,,,,,,,
19/11/2019 10:00,53626.89,27%,,,,,,,,,,
19/11/2019 11:00,63499.098,32%,,,,,,,,,,
19/11/2019 12:00,72327.342,36%,,,,,,,,,,
19/11/2019 13:00,79319.229,40%,,,,,,,,,,
19/11/2019 14:00,82006.029,41%,,,,,,,,,,
19/11/2019 15:00,91331.838,46%,,,,,,,,,,
19/11/2019 16:00,101920.583,51%,,,,,,,,,,
19/11/2019 17:00,105586.49,53%,,,,,,,,,,
19/11/2019 18:00,104383.951,52%,,,,,,,,,,
19/11/2019 19:00,102640.328,51%,,,,,,,,,,
19/11/2019 20:00,102818.343,51%,,,,,,,,,,
19/11/2019 21:00,107288.707,54%,,,,,,,,,,
19/11/2019 22:00,109406.714,55%,,,,,,,,,,
19/11/2019 23:00,111772.38,56%,,,,,,,,,,
20/11/2019 00:00,118933.719,59%,,,,,,,,,,
20/11/2019 01:00,120499.736,60%,,,,,,,,,,
20/11/2019 02:00,124655.725,62%,,,,,,,,,,
20/11/2019 03:00,128889.15,64%,,,,,,,,,,
20/11/2019 04:00,128865.182,64%,,,,,,,,,,
20/11/2019 05:00,128269.479,64%,,,,,,,,,,
20/11/2019 06:00,136590.01,68%,,,,,,,,,,
20/11/2019 07:00,133638.952,67%,,,,,,,,,,
20/11/2019 08:00,129386.655,65%,,,,,,,,,,
20/11/2019 09:00,131932.864,66%,,,,,,,,,,
20/11/2019 10:00,130130.767,65%,,,,,,,,,,
20/11/2019 11:00,131339.374,66%,,,,,,,,,,
20/11/2019 12:00,132152.107,66%,,,,,,,,,,
20/11/2019 13:00,134884.852,67%,,,,,,,,,,
20/11/2019 14:00,138130.63,69%,,,,,,,,,,
20/11/2019 15:00,140141.204,70%,,,,,,,,,,
20/11/2019 16:00,141507.129,71%,,,,,,,,,,
20/11/2019 17:00,143935.809,72%,,,,,,,,,,
20/11/2019 18:00,141075.902,71%,,,,,,,,,,
20/11/2019 19:00,137442.349,69%,,,,,,,,,,
20/11/2019 20:00,136776.777,68%,,,,,,,,,,
20/11/2019 21:00,136679.453,68%,,,,,,,,,,
20/11/2019 22:00,138569.688,69%,,,,,,,,,,
20/11/2019 23:00,139131.796,70%,,,,,,,,,,
21/11/2019 00:00,132854.419,66%,,,,,,,,,,
21/11/2019 01:00,129499.443,65%,,,,,,,,,,
21/11/2019 02:00,129931.916,65%,,,,,,,,,,
21/11/2019 03:00,129138.737,65%,,,,,,,,,,
21/11/2019 04:00,127100.222,64%,,,,,,,,,,
21/11/2019 05:00,128811.959,64%,,,,,,,,,,
21/11/2019 06:00,130095.913,65%,,,,,,,,,,
21/11/2019 07:00,132199.55,66%,,,,,,,,,,
21/11/2019 08:00,139935.681,70%,,,,,,,,,,
21/11/2019 09:00,137723.8,69%,,,,,,,,,,
21/11/2019 10:00,143016.097,72%,,,,,,,,,,
21/11/2019 11:00,143999.853,72%,,,,,,,,,,
21/11/2019 12:00,138043.727,69%,,,,,,,,,,
21/11/2019 13:00,128315.692,64%,,,,,,,,,,
21/11/2019 14:00,120259.407,60%,,,,,,,,,,
21/11/2019 15:00,124830.875,62%,,,,,,,,,,
21/11/2019 16:00,123633.159,62%,,,,,,,,,,
21/11/2019 17:00,113158.494,57%,,,,,,,,,,
21/11/2019 18:00,109406.793,55%,,,,,,,,,,
21/11/2019 19:00,107903.143,54%,,,,,,,,,,
21/11/2019 20:00,104612.446,52%,,,,,,,,,,
21/11/2019 21:00,102735.131,51%,,,,,,,,,,
21/11/2019 22:00,99595.929,50%,,,,,,,,,,
21/11/2019 23:00,92919.37,46%,,,,,,,,,,
22/11/2019 00:00,102063.547,51%,,,,,,,,,,
22/11/2019 01:00,102063.457,51%,,,,,,,,,,
22/11/2019 02:00,102908.104,51%,,,,,,,,,,
22/11/2019 03:00,106429.548,53%,,,,,,,,,,
22/11/2019 04:00,104523.979,52%,,,,,,,,,,
22/11/2019 05:00,97668.947,49%,,,,,,,,,,
22/11/2019 06:00,87213.586,44%,,,,,,,,,,
22/11/2019 07:00,80481.72,40%,,,,,,,,,,
22/11/2019 08:00,76046.41,38%,,,,,,,,,,
22/11/2019 09:00,70546.892,35%,,,,,,,,,,
22/11/2019 10:00,71004.723,36%,,,,,,,,,,
22/11/2019 11:00,72856.569,36%,,,,,,,,,,
22/11/2019 12:00,77846.675,39%,,,,,,,,,,
22/11/2019 13:00,82005.176,41%,,,,,,,,,,
22/11/2019 14:00,83325.839,42%,,,,,,,,,,
22/11/2019 15:00,86409.047,43%,,,,,,,,,,
22/11/2019 16:00,100145.119,50%,,,,,,,,,,
22/11/2019 17:00,106053.217,53%,,,,,,,,,,
22/11/2019 18:00,109406.626,55%,,,,,,,,,,
22/11/2019 19:00,113690.064,57%,,,,,,,,,,
22/11/2019 20:00,118199.54,59%,,,,,,,,,,
22/11/2019 21:00,124791.509,62%,,,,,,,,,,
22/11/2019 22:00,127084.264,64%,,,,,,,,,,
22/11/2019 23:00,123969.611,62%,,,,,,,,,,
23/11/2019 00:00,120256.428,60%,,,,,,,,,,
23/11/2019 01:00,122045.297,61%,,,,,,,,,,
23/11/2019 02:00,123300.257,62%,,,,,,,,,,
23/11/2019 03:00,123633.353,62%,,,,,,,,,,
23/11/2019 04:00,130100.455,65%,,,,,,,,,,
23/11/2019 05:00,135150.553,68%,,,,,,,,,,
23/11/2019 06:00,134344.224,67%,,,,,,,,,,
23/11/2019 07:00,131456.304,66%,,,,,,,,,,
23/11/2019 08:00,126452.711,63%,,,,,,,,,,
23/11/2019 09:00,119707.694,60%,,,,,,,,,,
23/11/2019 10:00,110784.143,55%,,,,,,,,,,
23/11/2019 11:00,98436.573,49%,,,,,,,,,,
23/11/2019 12:00,82573.705,41%,,,,,,,,,,
23/11/2019 13:00,66590.018,33%,,,,,,,,,,
23/11/2019 14:00,58756.464,29%,,,,,,,,,,
23/11/2019 15:00,52751.124,26%,,,,,,,,,,
23/11/2019 16:00,50251.942,25%,,,,,,,,,,
23/11/2019 17:00,48248.282,24%,,,,,,,,,,
23/11/2019 18:00,43960.022,22%,,,,,,,,,,
23/11/2019 19:00,39278.474,20%,,,,,,,,,,
23/11/2019 20:00,32029.309,16%,,,,,,,,,,
23/11/2019 21:00,29834.608,15%,,,,,,,,,,
23/11/2019 22:00,30758.402,15%,,,,,,,,,,
23/11/2019 23:00,33480.25,17%,,,,,,,,,,
24/11/2019 00:00,34615.493,17%,,,,,,,,,,
24/11/2019 01:00,31619.127,16%,,,,,,,,,,
24/11/2019 02:00,28920.135,14%,,,,,,,,,,
24/11/2019 03:00,25194.936,13%,,,,,,,,,,
24/11/2019 04:00,22462.179,11%,,,,,,,,,,
24/11/2019 05:00,20244.384,10%,,,,,,,,,,
24/11/2019 06:00,17441.64,9%,,,,,,,,,,
24/11/2019 07:00,14713.857,7%,,,,,,,,,,
24/11/2019 08:00,13396.933,7%,,,,,,,,,,
24/11/2019 09:00,14429.089,7%,,,,,,,,,,
24/11/2019 10:00,15521.877,8%,,,,,,,,,,
24/11/2019 11:00,15786.445,8%,,,,,,,,,,
24/11/2019 12:00,17379.713,9%,,,,,,,,,,
24/11/2019 13:00,19532.923,10%,,,,,,,,,,
24/11/2019 14:00,23290.618,12%,,,,,,,,,,
24/11/2019 15:00,31875.36,16%,,,,,,,,,,
24/11/2019 16:00,44042.199,22%,,,,,,,,,,
24/11/2019 17:00,54520.286,27%,,,,,,,,,,
24/11/2019 18:00,57445.547,29%,,,,,,,,,,
24/11/2019 19:00,60486.224,30%,,,,,,,,,,
24/11/2019 20:00,63275.182,32%,,,,,,,,,,
24/11/2019 21:00,68168.295,34%,,,,,,,,,,
24/11/2019 22:00,68695.771,34%,,,,,,,,,,
24/11/2019 23:00,74258.827,37%,,,,,,,,,,
25/11/2019 00:00,74465.847,37%,,,,,,,,,,
25/11/2019 01:00,79373.206,40%,,,,,,,,,,
25/11/2019 02:00,82002.732,41%,,,,,,,,,,
25/11/2019 03:00,83498,42%,,,,,,,,,,
25/11/2019 04:00,95738.726,48%,,,,,,,,,,
25/11/2019 05:00,105471.725,53%,,,,,,,,,,
25/11/2019 06:00,109085.803,55%,,,,,,,,,,
25/11/2019 07:00,109945.098,55%,,,,,,,,,,
25/11/2019 08:00,106429.587,53%,,,,,,,,,,
25/11/2019 09:00,105269.58,53%,,,,,,,,,,
25/11/2019 10:00,104562.867,52%,,,,,,,,,,
25/11/2019 11:00,100143.359,50%,,,,,,,,,,
25/11/2019 12:00,77667.717,39%,,,,,,,,,,
25/11/2019 13:00,62772.884,31%,,,,,,,,,,
25/11/2019 14:00,66834.981,33%,,,,,,,,,,
25/11/2019 15:00,66869.609,33%,,,,,,,,,,
25/11/2019 16:00,64517.883,32%,,,,,,,,,,
25/11/2019 17:00,60534.884,30%,,,,,,,,,,
25/11/2019 18:00,56191.065,28%,,,,,,,,,,
25/11/2019 19:00,57294.261,29%,,,,,,,,,,
25/11/2019 20:00,59402.208,30%,,,,,,,,,,
25/11/2019 21:00,59981.401,30%,,,,,,,,,,
25/11/2019 22:00,56189.142,28%,,,,,,,,,,
25/11/2019 23:00,52998.927,26%,,,,,,,,,,
26/11/2019 00:00,53930.855,27%,,,,,,,,,,
26/11/2019 01:00,52280.716,26%,,,,,,,,,,
26/11/2019 02:00,46409.261,23%,,,,,,,,,,
26/11/2019 03:00,45041.904,23%,,,,,,,,,,
26/11/2019 04:00,51072.301,26%,,,,,,,,,,
26/11/2019 05:00,58657.511,29%,,,,,,,,,,
26/11/2019 06:00,69542.333,35%,,,,,,,,,,
26/11/2019 07:00,79555.71,40%,,,,,,,,,,
26/11/2019 08:00,101439.719,51%,,,,,,,,,,
26/11/2019 09:00,129400.035,65%,,,,,,,,,,
26/11/2019 10:00,146928.09,73%,,,,,,,,,,
26/11/2019 11:00,140717.917,70%,,,,,,,,,,
26/11/2019 12:00,127210.005,64%,,,,,,,,,,
26/11/2019 13:00,109470.005,55%,,,,,,,,,,
26/11/2019 14:00,109945.521,55%,,,,,,,,,,
26/11/2019 15:00,113863.509,57%,,,,,,,,,,
26/11/2019 16:00,114751.731,57%,,,,,,,,,,
26/11/2019 17:00,112157.438,56%,,,,,,,,,,
26/11/2019 18:00,102241.377,51%,,,,,,,,,,
26/11/2019 19:00,91328.007,46%,,,,,,,,,,
26/11/2019 20:00,88298.43,44%,,,,,,,,,,
26/11/2019 21:00,83315.458,42%,,,,,,,,,,
26/11/2019 22:00,78119.465,39%,,,,,,,,,,
26/11/2019 23:00,70473.602,35%,,,,,,,,,,
27/11/2019 00:00,60991.291,30%,,,,,,,,,,
27/11/2019 01:00,54885.265,27%,,,,,,,,,,
27/11/2019 02:00,52280.794,26%,,,,,,,,,,
27/11/2019 03:00,48604.781,24%,,,,,,,,,,
27/11/2019 04:00,50185.767,25%,,,,,,,,,,
27/11/2019 05:00,49054.786,25%,,,,,,,,,,
27/11/2019 06:00,44612.609,22%,,,,,,,,,,
27/11/2019 07:00,38333.747,19%,,,,,,,,,,
27/11/2019 08:00,34265.78,17%,,,,,,,,,,
27/11/2019 09:00,32442.462,16%,,,,,,,,,,
27/11/2019 10:00,32017.892,16%,,,,,,,,,,
27/11/2019 11:00,35771.2,18%,,,,,,,,,,
27/11/2019 12:00,40548.8,20%,,,,,,,,,,
27/11/2019 13:00,45155.411,23%,,,,,,,,,,
27/11/2019 14:00,45965.869,23%,,,,,,,,,,
27/11/2019 15:00,47165.539,24%,,,,,,,,,,
27/11/2019 16:00,52435.833,26%,,,,,,,,,,
27/11/2019 17:00,52744.646,26%,,,,,,,,,,
27/11/2019 18:00,53121.445,27%,,,,,,,,,,
27/11/2019 19:00,54407.802,27%,,,,,,,,,,
27/11/2019 20:00,57181.669,29%,,,,,,,,,,
27/11/2019 21:00,60063.729,30%,,,,,,,,,,
27/11/2019 22:00,65031.667,33%,,,,,,,,,,
27/11/2019 23:00,69994.309,35%,,,,,,,,,,
28/11/2019 00:00,77129.245,39%,,,,,,,,,,
28/11/2019 01:00,87556.092,44%,,,,,,,,,,
28/11/2019 02:00,94761.85,47%,,,,,,,,,,
28/11/2019 03:00,99594.142,50%,,,,,,,,,,
28/11/2019 04:00,98219.242,49%,,,,,,,,,,
28/11/2019 05:00,88850.191,44%,,,,,,,,,,
28/11/2019 06:00,79239.316,40%,,,,,,,,,,
28/11/2019 07:00,62375.966,31%,,,,,,,,,,
28/11/2019 08:00,49731.192,25%,,,,,,,,,,
28/11/2019 09:00,43687.661,22%,,,,,,,,,,
28/11/2019 10:00,42575.381,21%,,,,,,,,,,
28/11/2019 11:00,45274.838,23%,,,,,,,,,,
28/11/2019 12:00,52751.77,26%,,,,,,,,,,
28/11/2019 13:00,56743.909,28%,,,,,,,,,,
28/11/2019 14:00,57230.287,29%,,,,,,,,,,
28/11/2019 15:00,54460.124,27%,,,,,,,,,,
28/11/2019 16:00,53411.271,27%,,,,,,,,,,
28/11/2019 17:00,47970.836,24%,,,,,,,,,,
28/11/2019 18:00,47557.736,24%,,,,,,,,,,
28/11/2019 19:00,52084.226,26%,,,,,,,,,,
28/11/2019 20:00,48153.585,24%,,,,,,,,,,
28/11/2019 21:00,43962.418,22%,,,,,,,,,,
28/11/2019 22:00,40957.282,20%,,,,,,,,,,
28/11/2019 23:00,38343.217,19%,,,,,,,,,,
29/11/2019 00:00,36761.591,18%,,,,,,,,,,
29/11/2019 01:00,36504.27,18%,,,,,,,,,,
29/11/2019 02:00,35772.309,18%,,,,,,,,,,
29/11/2019 03:00,34637.855,17%,,,,,,,,,,
29/11/2019 04:00,31127.816,16%,,,,,,,,,,
29/11/2019 05:00,25431.186,13%,,,,,,,,,,
29/11/2019 06:00,19275.191,10%,,,,,,,,,,
29/11/2019 07:00,14438.392,7%,,,,,,,,,,
29/11/2019 08:00,11352.367,6%,,,,,,,,,,
29/11/2019 09:00,8650.442,4%,,,,,,,,,,
29/11/2019 10:00,6663.785,3%,,,,,,,,,,
29/11/2019 11:00,4380.632,2%,,,,,,,,,,
29/11/2019 12:00,2579.065,1%,,,,,,,,,,
29/11/2019 13:00,1934.41,1%,,,,,,,,,,
29/11/2019 14:00,2095.366,1%,,,,,,,,,,
29/11/2019 15:00,3530.466,2%,,,,,,,,,,
29/11/2019 16:00,6080.65,3%,,,,,,,,,,
29/11/2019 17:00,8583.198,4%,,,,,,,,,,
29/11/2019 18:00,12402.398,6%,,,,,,,,,,
29/11/2019 19:00,19585.892,10%,,,,,,,,,,
29/11/2019 20:00,29808.302,15%,,,,,,,,,,
29/11/2019 21:00,39905.911,20%,,,,,,,,,,
29/11/2019 22:00,46376.879,23%,,,,,,,,,,
29/11/2019 23:00,50196.068,25%,,,,,,,,,,
30/11/2019 00:00,53927.77,27%,,,,,,,,,,
30/11/2019 01:00,55898.334,28%,,,,,,,,,,
30/11/2019 02:00,57780.37,29%,,,,,,,,,,
30/11/2019 03:00,58968.362,29%,,,,,,,,,,
30/11/2019 04:00,57258.293,29%,,,,,,,,,,
30/11/2019 05:00,55594.176,28%,,,,,,,,,,
30/11/2019 06:00,57909.432,29%,,,,,,,,,,
30/11/2019 07:00,62152.537,31%,,,,,,,,,,
30/11/2019 08:00,60985.319,30%,,,,,,,,,,
30/11/2019 09:00,58878.52,29%,,,,,,,,,,
30/11/2019 10:00,55799.494,28%,,,,,,,,,,
30/11/2019 11:00,57043.535,29%,,,,,,,,,,
30/11/2019 12:00,56961.563,28%,,,,,,,,,,
30/11/2019 13:00,57248.3,29%,,,,,,,,,,
30/11/2019 14:00,57773.845,29%,,,,,,,,,,
30/11/2019 15:00,66830.417,33%,,,,,,,,,,
30/11/2019 16:00,76727.24,38%,,,,,,,,,,
30/11/2019 17:00,70475.482,35%,,,,,,,,,,
30/11/2019 18:00,60496.995,30%,,,,,,,,,,
30/11/2019 19:00,51862.979,26%,,,,,,,,,,
30/11/2019 20:00,53166.916,27%,,,,,,,,,,
30/11/2019 21:00,51894.537,26%,,,,,,,,,,
30/11/2019 22:00,48811.004,24%,,,,,,,,,,
30/11/2019 23:00,46145.405,23%,,,,,,,,,,
01/12/2019 00:00,44943.055,22%,,,,,,,,,,
01/12/2019 01:00,42816.374,21%,,,,,,,,,,
01/12/2019 02:00,40042.314,20%,,,,,,,,,,
01/12/2019 03:00,32622.581,16%,,,,,,,,,,
01/12/2019 04:00,27862.407,14%,,,,,,,,,,
01/12/2019 05:00,25956.341,13%,,,,,,,,,,
01/12/2019 06:00,26671.252,13%,,,,,,,,,,
01/12/2019 07:00,29409.156,15%,,,,,,,,,,
01/12/2019 08:00,32846.306,16%,,,,,,,,,,
01/12/2019 09:00,29198.224,15%,,,,,,,,,,
01/12/2019 10:00,16980.292,8%,,,,,,,,,,
01/12/2019 11:00,7507.667,4%,,,,,,,,,,
01/12/2019 12:00,6345.139,3%,,,,,,,,,,
01/12/2019 13:00,13379.28,7%,,,,,,,,,,
01/12/2019 14:00,26594.268,13%,,,,,,,,,,
01/12/2019 15:00,38697.366,19%,,,,,,,,,,
01/12/2019 16:00,46418.405,23%,,,,,,,,,,
01/12/2019 17:00,44396.106,22%,,,,,,,,,,
01/12/2019 18:00,40167.183,20%,,,,,,,,,,
01/12/2019 19:00,32335.529,16%,,,,,,,,,,
01/12/2019 20:00,27075.219,14%,,,,,,,,,,
01/12/2019 21:00,21707.516,11%,,,,,,,,,,
01/12/2019 22:00,20641.793,10%,,,,,,,,,,
01/12/2019 23:00,17537.078,9%,,,,,,,,,,
02/12/2019 00:00,22448.789,11%,,,,,,,,,,
02/12/2019 01:00,24052.695,12%,,,,,,,,,,
02/12/2019 02:00,26186.872,13%,,,,,,,,,,
02/12/2019 03:00,35239.616,18%,,,,,,,,,,
02/12/2019 04:00,46382.034,23%,,,,,,,,,,
02/12/2019 05:00,55058.955,28%,,,,,,,,,,
02/12/2019 06:00,59444.431,30%,,,,,,,,,,
02/12/2019 07:00,63297.603,32%,,,,,,,,,,
02/12/2019 08:00,62476.515,31%,,,,,,,,,,
02/12/2019 09:00,60496.649,30%,,,,,,,,,,
02/12/2019 10:00,56520.893,28%,,,,,,,,,,
02/12/2019 11:00,54880.347,27%,,,,,,,,,,
02/12/2019 12:00,54697.852,27%,,,,,,,,,,
02/12/2019 13:00,56003.852,28%,,,,,,,,,,
02/12/2019 14:00,56738.707,28%,,,,,,,,,,
02/12/2019 15:00,58272.438,29%,,,,,,,,,,
02/12/2019 16:00,61038.444,31%,,,,,,,,,,
02/12/2019 17:00,63572.602,32%,,,,,,,,,,
02/12/2019 18:00,62724.06,31%,,,,,,,,,,
02/12/2019 19:00,60326.507,30%,,,,,,,,,,
02/12/2019 20:00,59233.671,30%,,,,,,,,,,
02/12/2019 21:00,62700.255,31%,,,,,,,,,,
02/12/2019 22:00,65600.608,33%,,,,,,,,,,
02/12/2019 23:00,65548.748,33%,,,,,,,,,,
03/12/2019 00:00,65030.595,33%,,,,,,,,,,
03/12/2019 01:00,62099.755,31%,,,,,,,,,,
03/12/2019 02:00,60984.934,30%,,,,,,,,,,
03/12/2019 03:00,58987.634,29%,,,,,,,,,,
03/12/2019 04:00,55594.792,28%,,,,,,,,,,
03/12/2019 05:00,51815.373,26%,,,,,,,,,,
03/12/2019 06:00,49268.868,25%,,,,,,,,,,
03/12/2019 07:00,48156.177,24%,,,,,,,,,,
03/12/2019 08:00,48500.056,24%,,,,,,,,,,
03/12/2019 09:00,43738.764,22%,,,,,,,,,,
03/12/2019 10:00,33251.881,17%,,,,,,,,,,
03/12/2019 11:00,23451.875,12%,,,,,,,,,,
03/12/2019 12:00,18874.817,9%,,,,,,,,,,
03/12/2019 13:00,17923.642,9%,,,,,,,,,,
03/12/2019 14:00,20482.944,10%,,,,,,,,,,
03/12/2019 15:00,29052.421,15%,,,,,,,,,,
03/12/2019 16:00,38905.976,19%,,,,,,,,,,
03/12/2019 17:00,48141.468,24%,,,,,,,,,,
03/12/2019 18:00,54475.973,27%,,,,,,,,,,
03/12/2019 19:00,57237.448,29%,,,,,,,,,,
03/12/2019 20:00,57235.44,29%,,,,,,,,,,
03/12/2019 21:00,60995.836,30%,,,,,,,,,,
03/12/2019 22:00,60989.137,30%,,,,,,,,,,
03/12/2019 23:00,60806.649,30%,,,,,,,,,,
04/12/2019 00:00,64014.98,32%,,,,,,,,,,
04/12/2019 01:00,60754.043,30%,,,,,,,,,,
04/12/2019 02:00,57797.348,29%,,,,,,,,,,
04/12/2019 03:00,60095.363,30%,,,,,,,,,,
04/12/2019 04:00,63289.912,32%,,,,,,,,,,
04/12/2019 05:00,66281.026,33%,,,,,,,,,,
04/12/2019 06:00,63352.151,32%,,,,,,,,,,
04/12/2019 07:00,59498.499,30%,,,,,,,,,,
04/12/2019 08:00,58264.459,29%,,,,,,,,,,
04/12/2019 09:00,58210.053,29%,,,,,,,,,,
04/12/2019 10:00,56166.489,28%,,,,,,,,,,
04/12/2019 11:00,54883.427,27%,,,,,,,,,,
04/12/2019 12:00,52746.051,26%,,,,,,,,,,
04/12/2019 13:00,51817.98,26%,,,,,,,,,,
04/12/2019 14:00,51629.7,26%,,,,,,,,,,
04/12/2019 15:00,60909.96,30%,,,,,,,,,,
04/12/2019 16:00,69718.367,35%,,,,,,,,,,
04/12/2019 17:00,70706.328,35%,,,,,,,,,,
04/12/2019 18:00,70480.181,35%,,,,,,,,,,
04/12/2019 19:00,68647.912,34%,,,,,,,,,,
04/12/2019 20:00,68645.927,34%,,,,,,,,,,
04/12/2019 21:00,76029.107,38%,,,,,,,,,,
04/12/2019 22:00,81420.075,41%,,,,,,,,,,
04/12/2019 23:00,83997.201,42%,,,,,,,,,,
05/12/2019 00:00,89403.489,45%,,,,,,,,,,
05/12/2019 01:00,97145.84,49%,,,,,,,,,,
05/12/2019 02:00,99033.499,50%,,,,,,,,,,
05/12/2019 03:00,98585.711,49%,,,,,,,,,,
05/12/2019 04:00,94535.875,47%,,,,,,,,,,
05/12/2019 05:00,89007.189,45%,,,,,,,,,,
05/12/2019 06:00,92707.248,46%,,,,,,,,,,
05/12/2019 07:00,101961.443,51%,,,,,,,,,,
05/12/2019 08:00,115601.733,58%,,,,,,,,,,
05/12/2019 09:00,126591.423,63%,,,,,,,,,,
05/12/2019 10:00,138946.643,69%,,,,,,,,,,
05/12/2019 11:00,154389.659,77%,,,,,,,,,,
05/12/2019 12:00,166698.599,83%,,,,,,,,,,
05/12/2019 13:00,176624.604,88%,,,,,,,,,,
05/12/2019 14:00,183051.18,92%,,,,,,,,,,
05/12/2019 15:00,187292.977,94%,,,,,,,,,,
05/12/2019 16:00,187162.66,94%,,,,,,,,,,
05/12/2019 17:00,188840.981,94%,,,,,,,,,,
05/12/2019 18:00,188946.484,94%,,,,,,,,,,
05/12/2019 19:00,187978.511,94%,,,,,,,,,,
05/12/2019 20:00,184753.755,92%,,,,,,,,,,
05/12/2019 21:00,181132.21,91%,,,,,,,,,,
05/12/2019 22:00,177903.796,89%,,,,,,,,,,
05/12/2019 23:00,173318.913,87%,,,,,,,,,,
06/12/2019 00:00,169038.203,85%,,,,,,,,,,
06/12/2019 01:00,159610.239,80%,,,,,,,,,,
06/12/2019 02:00,153353.057,77%,,,,,,,,,,
06/12/2019 03:00,149454.666,75%,,,,,,,,,,
06/12/2019 04:00,148447.365,74%,,,,,,,,,,
06/12/2019 05:00,145780.298,73%,,,,,,,,,,
06/12/2019 06:00,140267.918,70%,,,,,,,,,,
06/12/2019 07:00,139467.241,70%,,,,,,,,,,
06/12/2019 08:00,142292.199,71%,,,,,,,,,,
06/12/2019 09:00,149083.793,75%,,,,,,,,,,
06/12/2019 10:00,154342.46,77%,,,,,,,,,,
06/12/2019 11:00,154598.799,77%,,,,,,,,,,
06/12/2019 12:00,155979.823,78%,,,,,,,,,,
06/12/2019 13:00,161438.252,81%,,,,,,,,,,
06/12/2019 14:00,160611,80%,,,,,,,,,,
06/12/2019 15:00,159103.536,80%,,,,,,,,,,
06/12/2019 16:00,153637.598,77%,,,,,,,,,,
06/12/2019 17:00,154372.389,77%,,,,,,,,,,
06/12/2019 18:00,153106.263,77%,,,,,,,,,,
06/12/2019 19:00,148327.059,74%,,,,,,,,,,
06/12/2019 20:00,147800.958,74%,,,,,,,,,,
06/12/2019 21:00,143271.191,72%,,,,,,,,,,
06/12/2019 22:00,140431.394,70%,,,,,,,,,,
06/12/2019 23:00,136648.911,68%,,,,,,,,,,
07/12/2019 00:00,130327.874,65%,,,,,,,,,,
07/12/2019 01:00,128325.312,64%,,,,,,,,,,
07/12/2019 02:00,127166.239,64%,,,,,,,,,,
07/12/2019 03:00,119777.296,60%,,,,,,,,,,
07/12/2019 04:00,117908.917,59%,,,,,,,,,,
07/12/2019 05:00,109850.85,55%,,,,,,,,,,
07/12/2019 06:00,100325.826,50%,,,,,,,,,,
07/12/2019 07:00,94769.748,47%,,,,,,,,,,
07/12/2019 08:00,89403.812,45%,,,,,,,,,,
07/12/2019 09:00,82935.763,41%,,,,,,,,,,
07/12/2019 10:00,79013.058,40%,,,,,,,,,,
07/12/2019 11:00,82830.333,41%,,,,,,,,,,
07/12/2019 12:00,93260.255,47%,,,,,,,,,,
07/12/2019 13:00,107859.582,54%,,,,,,,,,,
07/12/2019 14:00,128815.851,64%,,,,,,,,,,
07/12/2019 15:00,144597.199,72%,,,,,,,,,,
07/12/2019 16:00,149171.16,75%,,,,,,,,,,
07/12/2019 17:00,156142.438,78%,,,,,,,,,,
07/12/2019 18:00,163187.002,82%,,,,,,,,,,
07/12/2019 19:00,170130.791,85%,,,,,,,,,,
07/12/2019 20:00,178914.926,89%,,,,,,,,,,
07/12/2019 21:00,185953.971,93%,,,,,,,,,,
07/12/2019 22:00,194124.388,97%,,,,,,,,,,
07/12/2019 23:00,197222.35,99%,,,,,,,,,,
08/12/2019 00:00,196627.035,98%,,,,,,,,,,
08/12/2019 01:00,195029.039,98%,,,,,,,,,,
08/12/2019 02:00,196504.629,98%,,,,,,,,,,
08/12/2019 03:00,191541.799,96%,,,,,,,,,,
08/12/2019 04:00,187002.42,94%,,,,,,,,,,
08/12/2019 05:00,183874.193,92%,,,,,,,,,,
08/12/2019 06:00,182784.889,91%,,,,,,,,,,
08/12/2019 07:00,184152.275,92%,,,,,,,,,,
08/12/2019 08:00,186155.958,93%,,,,,,,,,,
08/12/2019 09:00,186993.983,93%,,,,,,,,,,
08/12/2019 10:00,187314.758,94%,,,,,,,,,,
08/12/2019 11:00,188889.617,94%,,,,,,,,,,
08/12/2019 12:00,189279.306,95%,,,,,,,,,,
08/12/2019 13:00,188535.122,94%,,,,,,,,,,
08/12/2019 14:00,187594.313,94%,,,,,,,,,,
08/12/2019 15:00,186456.559,93%,,,,,,,,,,
08/12/2019 16:00,185883.104,93%,,,,,,,,,,
08/12/2019 17:00,186108.876,93%,,,,,,,,,,
08/12/2019 18:00,186166.654,93%,,,,,,,,,,
08/12/2019 19:00,184164.513,92%,,,,,,,,,,
08/12/2019 20:00,179247.528,90%,,,,,,,,,,
08/12/2019 21:00,169739.69,85%,,,,,,,,,,
08/12/2019 22:00,163108.901,82%,,,,,,,,,,
08/12/2019 23:00,161534.078,81%,,,,,,,,,,
09/12/2019 00:00,152586.186,76%,,,,,,,,,,
09/12/2019 01:00,153223.095,77%,,,,,,,,,,
09/12/2019 02:00,170086.335,85%,,,,,,,,,,
09/12/2019 03:00,185963.519,93%,,,,,,,,,,
09/12/2019 04:00,193683.545,97%,,,,,,,,,,
09/12/2019 05:00,194293.464,97%,,,,,,,,,,
09/12/2019 06:00,191209.424,96%,,,,,,,,,,
09/12/2019 07:00,183883.333,92%,,,,,,,,,,
09/12/2019 08:00,172924.82,86%,,,,,,,,,,
09/12/2019 09:00,162727.483,81%,,,,,,,,,,
09/12/2019 10:00,149978.552,75%,,,,,,,,,,
09/12/2019 11:00,132345.92,66%,,,,,,,,,,
09/12/2019 12:00,120428.401,60%,,,,,,,,,,
09/12/2019 13:00,107996.175,54%,,,,,,,,,,
09/12/2019 14:00,89905.098,45%,,,,,,,,,,
09/12/2019 15:00,78132.683,39%,,,,,,,,,,
09/12/2019 16:00,68730.64,34%,,,,,,,,,,
09/12/2019 17:00,60641.996,30%,,,,,,,,,,
09/12/2019 18:00,44613.719,22%,,,,,,,,,,
09/12/2019 19:00,32419.072,16%,,,,,,,,,,
09/12/2019 20:00,33426.464,17%,,,,,,,,,,
09/12/2019 21:00,47912.104,24%,,,,,,,,,,
09/12/2019 22:00,68651.79,34%,,,,,,,,,,
09/12/2019 23:00,86380.879,43%,,,,,,,,,,
10/12/2019 00:00,99456.83,50%,,,,,,,,,,
10/12/2019 01:00,106972.529,53%,,,,,,,,,,
10/12/2019 02:00,113242.098,57%,,,,,,,,,,
10/12/2019 03:00,128323.141,64%,,,,,,,,,,
10/12/2019 04:00,151212.047,76%,,,,,,,,,,
10/12/2019 05:00,167032.721,84%,,,,,,,,,,
10/12/2019 06:00,179067.358,90%,,,,,,,,,,
10/12/2019 07:00,187099.802,94%,,,,,,,,,,
10/12/2019 08:00,192548.651,96%,,,,,,,,,,
10/12/2019 09:00,193797.305,97%,,,,,,,,,,
10/12/2019 10:00,193639.468,97%,,,,,,,,,,
10/12/2019 11:00,195532.578,98%,,,,,,,,,,
10/12/2019 12:00,197057.31,99%,,,,,,,,,,
10/12/2019 13:00,197711.858,99%,,,,,,,,,,
10/12/2019 14:00,197632.495,99%,,,,,,,,,,
10/12/2019 15:00,194276.056,97%,,,,,,,,,,
10/12/2019 16:00,188197.838,94%,,,,,,,,,,
10/12/2019 17:00,173759.871,87%,,,,,,,,,,
10/12/2019 18:00,143752.823,72%,,,,,,,,,,
10/12/2019 19:00,153079.215,77%,,,,,,,,,,
10/12/2019 20:00,161851.922,81%,,,,,,,,,,
10/12/2019 21:00,165144.598,83%,,,,,,,,,,
10/12/2019 22:00,164696.099,82%,,,,,,,,,,
10/12/2019 23:00,161873.427,81%,,,,,,,,,,
11/12/2019 00:00,151732.239,76%,,,,,,,,,,
11/12/2019 01:00,143129.599,72%,,,,,,,,,,
11/12/2019 02:00,134340.569,67%,,,,,,,,,,
11/12/2019 03:00,127661.034,64%,,,,,,,,,,
11/12/2019 04:00,118787.996,59%,,,,,,,,,,
11/12/2019 05:00,107178.846,54%,,,,,,,,,,
11/12/2019 06:00,104184.336,52%,,,,,,,,,,
11/12/2019 07:00,98219.846,49%,,,,,,,,,,
11/12/2019 08:00,92028.489,46%,,,,,,,,,,
11/12/2019 09:00,87069.21,44%,,,,,,,,,,
11/12/2019 10:00,80100.91,40%,,,,,,,,,,
11/12/2019 11:00,83125.072,42%,,,,,,,,,,
11/12/2019 12:00,88298.725,44%,,,,,,,,,,
11/12/2019 13:00,89600.119,45%,,,,,,,,,,
11/12/2019 14:00,91504.279,46%,,,,,,,,,,
11/12/2019 15:00,90420.452,45%,,,,,,,,,,
11/12/2019 16:00,94097.194,47%,,,,,,,,,,
11/12/2019 17:00,91193.743,46%,,,,,,,,,,
11/12/2019 18:00,87989.63,44%,,,,,,,,,,
11/12/2019 19:00,88302.231,44%,,,,,,,,,,
11/12/2019 20:00,91846.423,46%,,,,,,,,,,
11/12/2019 21:00,94502.824,47%,,,,,,,,,,
11/12/2019 22:00,93450.31,47%,,,,,,,,,,
11/12/2019 23:00,91882.541,46%,,,,,,,,,,
12/12/2019 00:00,89532.462,45%,,,,,,,,,,
12/12/2019 01:00,83974.241,42%,,,,,,,,,,
12/12/2019 02:00,80897.151,40%,,,,,,,,,,
12/12/2019 03:00,81461.281,41%,,,,,,,,,,
12/12/2019 04:00,80258.119,40%,,,,,,,,,,
12/12/2019 05:00,85009.517,43%,,,,,,,,,,
12/12/2019 06:00,98558.97,49%,,,,,,,,,,
12/12/2019 07:00,112471.55,56%,,,,,,,,,,
12/12/2019 08:00,123572.72,62%,,,,,,,,,,
12/12/2019 09:00,132465.65,66%,,,,,,,,,,
12/12/2019 10:00,124717.705,62%,,,,,,,,,,
12/12/2019 11:00,91259.932,46%,,,,,,,,,,
12/12/2019 12:00,68775.176,34%,,,,,,,,,,
12/12/2019 13:00,49186.102,25%,,,,,,,,,,
12/12/2019 14:00,38303.968,19%,,,,,,,,,,
12/12/2019 15:00,37987.161,19%,,,,,,,,,,
12/12/2019 16:00,53562.067,27%,,,,,,,,,,
12/12/2019 17:00,75254.695,38%,,,,,,,,,,
12/12/2019 18:00,92591.17,46%,,,,,,,,,,
12/12/2019 19:00,88650.268,44%,,,,,,,,,,
12/12/2019 20:00,72324.402,36%,,,,,,,,,,
12/12/2019 21:00,57439.117,29%,,,,,,,,,,
12/12/2019 22:00,52760.218,26%,,,,,,,,,,
12/12/2019 23:00,68132.498,34%,,,,,,,,,,
13/12/2019 00:00,104720.161,52%,,,,,,,,,,
13/12/2019 01:00,127366.287,64%,,,,,,,,,,
13/12/2019 02:00,141546.313,71%,,,,,,,,,,
13/12/2019 03:00,152314.764,76%,,,,,,,,,,
13/12/2019 04:00,163764.805,82%,,,,,,,,,,
13/12/2019 05:00,167776.289,84%,,,,,,,,,,
13/12/2019 06:00,172429.616,86%,,,,,,,,,,
13/12/2019 07:00,174474.418,87%,,,,,,,,,,
13/12/2019 08:00,171945.814,86%,,,,,,,,,,
13/12/2019 09:00,172440.998,86%,,,,,,,,,,
13/12/2019 10:00,175573.152,88%,,,,,,,,,,
13/12/2019 11:00,178323.728,89%,,,,,,,,,,
13/12/2019 12:00,179486.609,90%,,,,,,,,,,
13/12/2019 13:00,179634.316,90%,,,,,,,,,,
13/12/2019 14:00,177635.962,89%,,,,,,,,,,
13/12/2019 15:00,173383.934,87%,,,,,,,,,,
13/12/2019 16:00,168246.839,84%,,,,,,,,,,
13/12/2019 17:00,164145.01,82%,,,,,,,,,,
13/12/2019 18:00,159066.203,80%,,,,,,,,,,
13/12/2019 19:00,152690.546,76%,,,,,,,,,,
13/12/2019 20:00,147816.565,74%,,,,,,,,,,
13/12/2019 21:00,145054.554,73%,,,,,,,,,,
13/12/2019 22:00,145524.413,73%,,,,,,,,,,
13/12/2019 23:00,149969.106,75%,,,,,,,,,,
14/12/2019 00:00,157284.298,79%,,,,,,,,,,
14/12/2019 01:00,164527.613,82%,,,,,,,,,,
14/12/2019 02:00,175848.775,88%,,,,,,,,,,
14/12/2019 03:00,180975.319,90%,,,,,,,,,,
14/12/2019 04:00,182725.081,91%,,,,,,,,,,
14/12/2019 05:00,182797.358,91%,,,,,,,,,,
14/12/2019 06:00,182453.439,91%,,,,,,,,,,
14/12/2019 07:00,181953.365,91%,,,,,,,,,,
14/12/2019 08:00,181935.476,91%,,,,,,,,,,
14/12/2019 09:00,178916.573,89%,,,,,,,,,,
14/12/2019 10:00,175839.953,88%,,,,,,,,,,
14/12/2019 11:00,175497.166,88%,,,,,,,,,,
14/12/2019 12:00,182160.582,91%,,,,,,,,,,
14/12/2019 13:00,186705.498,93%,,,,,,,,,,
14/12/2019 14:00,184315.135,92%,,,,,,,,,,
14/12/2019 15:00,175471.58,88%,,,,,,,,,,
14/12/2019 16:00,163757.887,82%,,,,,,,,,,
14/12/2019 17:00,133634.255,67%,,,,,,,,,,
14/12/2019 18:00,94093.291,47%,,,,,,,,,,
14/12/2019 19:00,81459.406,41%,,,,,,,,,,
14/12/2019 20:00,90791.463,45%,,,,,,,,,,
14/12/2019 21:00,115105.371,58%,,,,,,,,,,
14/12/2019 22:00,132689.231,66%,,,,,,,,,,
14/12/2019 23:00,163695.393,82%,,,,,,,,,,
15/12/2019 00:00,164572.498,82%,,,,,,,,,,
15/12/2019 01:00,172957.526,86%,,,,,,,,,,
15/12/2019 02:00,170583.072,85%,,,,,,,,,,
15/12/2019 03:00,154382.461,77%,,,,,,,,,,
15/12/2019 04:00,142290.685,71%,,,,,,,,,,
15/12/2019 05:00,136269.416,68%,,,,,,,,,,
15/12/2019 06:00,125006.855,63%,,,,,,,,,,
15/12/2019 07:00,112400.992,56%,,,,,,,,,,
15/12/2019 08:00,95741.889,48%,,,,,,,,,,
15/12/2019 09:00,80733.901,40%,,,,,,,,,,
15/12/2019 10:00,70476.59,35%,,,,,,,,,,
15/12/2019 11:00,61665.606,31%,,,,,,,,,,
15/12/2019 12:00,55133.994,28%,,,,,,,,,,
15/12/2019 13:00,55592.858,28%,,,,,,,,,,
15/12/2019 14:00,60671.891,30%,,,,,,,,,,
15/12/2019 15:00,75783.497,38%,,,,,,,,,,
15/12/2019 16:00,96291.615,48%,,,,,,,,,,
15/12/2019 17:00,105436.135,53%,,,,,,,,,,
15/12/2019 18:00,117024.359,59%,,,,,,,,,,
15/12/2019 19:00,122097.241,61%,,,,,,,,,,
15/12/2019 20:00,124481.169,62%,,,,,,,,,,
15/12/2019 21:00,128321.018,64%,,,,,,,,,,
15/12/2019 22:00,129437.964,65%,,,,,,,,,,
15/12/2019 23:00,126589.376,63%,,,,,,,,,,
16/12/2019 00:00,123064.33,62%,,,,,,,,,,
16/12/2019 01:00,119728.285,60%,,,,,,,,,,
16/12/2019 02:00,119729.469,60%,,,,,,,,,,
16/12/2019 03:00,124118.738,62%,,,,,,,,,,
16/12/2019 04:00,133791.967,67%,,,,,,,,,,
16/12/2019 05:00,132681.604,66%,,,,,,,,,,
16/12/2019 06:00,122186.886,61%,,,,,,,,,,
16/12/2019 07:00,109945.135,55%,,,,,,,,,,
16/12/2019 08:00,97667.112,49%,,,,,,,,,,
16/12/2019 09:00,76143.02,38%,,,,,,,,,,
16/12/2019 10:00,59490.166,30%,,,,,,,,,,
16/12/2019 11:00,47179.499,24%,,,,,,,,,,
16/12/2019 12:00,39392.25,20%,,,,,,,,,,
16/12/2019 13:00,36853.32,18%,,,,,,,,,,
16/12/2019 14:00,38391.9,19%,,,,,,,,,,
16/12/2019 15:00,46211.141,23%,,,,,,,,,,
16/12/2019 16:00,50317.699,25%,,,,,,,,,,
16/12/2019 17:00,50034.533,25%,,,,,,,,,,
16/12/2019 18:00,49219.465,25%,,,,,,,,,,
16/12/2019 19:00,43932.339,22%,,,,,,,,,,
16/12/2019 20:00,38032.312,19%,,,,,,,,,,
16/12/2019 21:00,39349.035,20%,,,,,,,,,,
16/12/2019 22:00,39303.561,20%,,,,,,,,,,
16/12/2019 23:00,33120.461,17%,,,,,,,,,,
17/12/2019 00:00,30230.893,15%,,,,,,,,,,
17/12/2019 01:00,26698.141,13%,,,,,,,,,,
17/12/2019 02:00,23742.612,12%,,,,,,,,,,
17/12/2019 03:00,22202.824,11%,,,,,,,,,,
17/12/2019 04:00,23849.213,12%,,,,,,,,,,
17/12/2019 05:00,25803.185,13%,,,,,,,,,,
17/12/2019 06:00,26629.292,13%,,,,,,,,,,
17/12/2019 07:00,28710.424,14%,,,,,,,,,,
17/12/2019 08:00,27802.501,14%,,,,,,,,,,
17/12/2019 09:00,29018.733,15%,,,,,,,,,,
17/12/2019 10:00,28113.901,14%,,,,,,,,,,
17/12/2019 11:00,25579.654,13%,,,,,,,,,,
17/12/2019 12:00,26910.788,13%,,,,,,,,,,
17/12/2019 13:00,31358.221,16%,,,,,,,,,,
17/12/2019 14:00,36806.962,18%,,,,,,,,,,
17/12/2019 15:00,43750.642,22%,,,,,,,,,,
17/12/2019 16:00,45414.24,23%,,,,,,,,,,
17/12/2019 17:00,43964.353,22%,,,,,,,,,,
17/12/2019 18:00,41257.449,21%,,,,,,,,,,
17/12/2019 19:00,42341.502,21%,,,,,,,,,,
17/12/2019 20:00,43289.694,22%,,,,,,,,,,
17/12/2019 21:00,42985.807,21%,,,,,,,,,,
17/12/2019 22:00,38334.141,19%,,,,,,,,,,
17/12/2019 23:00,32752.119,16%,,,,,,,,,,
18/12/2019 00:00,33536.443,17%,,,,,,,,,,
18/12/2019 01:00,34125.974,17%,,,,,,,,,,
18/12/2019 02:00,38338.566,19%,,,,,,,,,,
18/12/2019 03:00,43171.301,22%,,,,,,,,,,
18/12/2019 04:00,50514.735,25%,,,,,,,,,,
18/12/2019 05:00,57222.639,29%,,,,,,,,,,
18/12/2019 06:00,65960.587,33%,,,,,,,,,,
18/12/2019 07:00,75019.45,38%,,,,,,,,,,
18/12/2019 08:00,89667.657,45%,,,,,,,,,,
18/12/2019 09:00,101099.942,51%,,,,,,,,,,
18/12/2019 10:00,118080.861,59%,,,,,,,,,,
18/12/2019 11:00,124635.25,62%,,,,,,,,,,
18/12/2019 12:00,134345.789,67%,,,,,,,,,,
18/12/2019 13:00,152403.709,76%,,,,,,,,,,
18/12/2019 14:00,170274.038,85%,,,,,,,,,,
18/12/2019 15:00,180018.74,90%,,,,,,,,,,
18/12/2019 16:00,186941.993,93%,,,,,,,,,,
18/12/2019 17:00,190218.015,95%,,,,,,,,,,
18/12/2019 18:00,191949.861,96%,,,,,,,,,,
18/12/2019 19:00,193154.366,97%,,,,,,,,,,
18/12/2019 20:00,190989.75,95%,,,,,,,,,,
18/12/2019 21:00,186709.669,93%,,,,,,,,,,
18/12/2019 22:00,180722.675,90%,,,,,,,,,,
18/12/2019 23:00,174770.306,87%,,,,,,,,,,
19/12/2019 00:00,163145.662,82%,,,,,,,,,,
19/12/2019 01:00,154390.912,77%,,,,,,,,,,
19/12/2019 02:00,138664.663,69%,,,,,,,,,,
19/12/2019 03:00,113158.241,57%,,,,,,,,,,
19/12/2019 04:00,86379.699,43%,,,,,,,,,,
19/12/2019 05:00,77123.59,39%,,,,,,,,,,
19/12/2019 06:00,87055.373,44%,,,,,,,,,,
19/12/2019 07:00,98768.949,49%,,,,,,,,,,
19/12/2019 08:00,110483.284,55%,,,,,,,,,,
19/12/2019 09:00,113829.503,57%,,,,,,,,,,
19/12/2019 10:00,110483.027,55%,,,,,,,,,,
19/12/2019 11:00,110216.102,55%,,,,,,,,,,
19/12/2019 12:00,108867.2,54%,,,,,,,,,,
19/12/2019 13:00,123576.13,62%,,,,,,,,,,
19/12/2019 14:00,127798.664,64%,,,,,,,,,,
19/12/2019 15:00,128320.084,64%,,,,,,,,,,
19/12/2019 16:00,123572.406,62%,,,,,,,,,,
19/12/2019 17:00,135500.027,68%,,,,,,,,,,
19/12/2019 18:00,146715.95,73%,,,,,,,,,,
19/12/2019 19:00,154490.416,77%,,,,,,,,,,
19/12/2019 20:00,163037.765,82%,,,,,,,,,,
19/12/2019 21:00,166445.489,83%,,,,,,,,,,
19/12/2019 22:00,159711.222,80%,,,,,,,,,,
19/12/2019 23:00,152754.193,76%,,,,,,,,,,
20/12/2019 00:00,133900.384,67%,,,,,,,,,,
20/12/2019 01:00,106429.575,53%,,,,,,,,,,
20/12/2019 02:00,86381.136,43%,,,,,,,,,,
20/12/2019 03:00,79974.18,40%,,,,,,,,,,
20/12/2019 04:00,69496.94,35%,,,,,,,,,,
20/12/2019 05:00,51806.628,26%,,,,,,,,,,
20/12/2019 06:00,32286.607,16%,,,,,,,,,,
20/12/2019 07:00,21357.053,11%,,,,,,,,,,
20/12/2019 08:00,14556.767,7%,,,,,,,,,,
20/12/2019 09:00,17296.787,9%,,,,,,,,,,
20/12/2019 10:00,26267.982,13%,,,,,,,,,,
20/12/2019 11:00,39870.779,20%,,,,,,,,,,
20/12/2019 12:00,52604.382,26%,,,,,,,,,,
20/12/2019 13:00,59993.392,30%,,,,,,,,,,
20/12/2019 14:00,77121.913,39%,,,,,,,,,,
20/12/2019 15:00,79978.68,40%,,,,,,,,,,
20/12/2019 16:00,80452.649,40%,,,,,,,,,,
20/12/2019 17:00,86026.914,43%,,,,,,,,,,
20/12/2019 18:00,84474.612,42%,,,,,,,,,,
20/12/2019 19:00,83178.899,42%,,,,,,,,,,
20/12/2019 20:00,79561.602,40%,,,,,,,,,,
20/12/2019 21:00,70474.147,35%,,,,,,,,,,
20/12/2019 22:00,64522.085,32%,,,,,,,,,,
20/12/2019 23:00,62854.384,31%,,,,,,,,,,
21/12/2019 00:00,66835.402,33%,,,,,,,,,,
21/12/2019 01:00,72327.695,36%,,,,,,,,,,
21/12/2019 02:00,76404.29,38%,,,,,,,,,,
21/12/2019 03:00,76145.413,38%,,,,,,,,,,
21/12/2019 04:00,77897.321,39%,,,,,,,,,,
21/12/2019 05:00,76336.471,38%,,,,,,,,,,
21/12/2019 06:00,74048.484,37%,,,,,,,,,,
21/12/2019 07:00,69624.163,35%,,,,,,,,,,
21/12/2019 08:00,69684.35,35%,,,,,,,,,,
21/12/2019 09:00,68125.37,34%,,,,,,,,,,
21/12/2019 10:00,66695.906,33%,,,,,,,,,,
21/12/2019 11:00,60487.095,30%,,,,,,,,,,
21/12/2019 12:00,52657.675,26%,,,,,,,,,,
21/12/2019 13:00,47969.963,24%,,,,,,,,,,
21/12/2019 14:00,49734.767,25%,,,,,,,,,,
21/12/2019 15:00,51815.947,26%,,,,,,,,,,
21/12/2019 16:00,52737.244,26%,,,,,,,,,,
21/12/2019 17:00,49047.139,25%,,,,,,,,,,
21/12/2019 18:00,46623.112,23%,,,,,,,,,,
21/12/2019 19:00,40660.878,20%,,,,,,,,,,
21/12/2019 20:00,36269.865,18%,,,,,,,,,,
21/12/2019 21:00,36891.75,18%,,,,,,,,,,
21/12/2019 22:00,33548.09,17%,,,,,,,,,,
21/12/2019 23:00,22468.069,11%,,,,,,,,,,
22/12/2019 00:00,8723.903,4%,,,,,,,,,,
22/12/2019 01:00,925.087,0%,,,,,,,,,,
22/12/2019 02:00,1908.579,1%,,,,,,,,,,
22/12/2019 03:00,11552.084,6%,,,,,,,,,,
22/12/2019 04:00,31356.778,16%,,,,,,,,,,
22/12/2019 05:00,55826.112,28%,,,,,,,,,,
22/12/2019 06:00,74711.808,37%,,,,,,,,,,
22/12/2019 07:00,74451.352,37%,,,,,,,,,,
22/12/2019 08:00,65541.769,33%,,,,,,,,,,
22/12/2019 09:00,51080.298,26%,,,,,,,,,,
22/12/2019 10:00,43228.763,22%,,,,,,,,,,
22/12/2019 11:00,48021.751,24%,,,,,,,,,,
22/12/2019 12:00,55409.564,28%,,,,,,,,,,
22/12/2019 13:00,52429.052,26%,,,,,,,,,,
22/12/2019 14:00,56901.016,28%,,,,,,,,,,
22/12/2019 15:00,63339.764,32%,,,,,,,,,,
22/12/2019 16:00,70649.329,35%,,,,,,,,,,
22/12/2019 17:00,82659.506,41%,,,,,,,,,,
22/12/2019 18:00,88913.649,44%,,,,,,,,,,
22/12/2019 19:00,86846.836,43%,,,,,,,,,,
22/12/2019 20:00,85005,43%,,,,,,,,,,
22/12/2019 21:00,87617.173,44%,,,,,,,,,,
22/12/2019 22:00,94070.293,47%,,,,,,,,,,
22/12/2019 23:00,106429.489,53%,,,,,,,,,,
23/12/2019 00:00,114751.917,57%,,,,,,,,,,
23/12/2019 01:00,119728.712,60%,,,,,,,,,,
23/12/2019 02:00,125204.693,63%,,,,,,,,,,
23/12/2019 03:00,133160.061,67%,,,,,,,,,,
23/12/2019 04:00,149574.55,75%,,,,,,,,,,
23/12/2019 05:00,154398.662,77%,,,,,,,,,,
23/12/2019 06:00,155544.51,78%,,,,,,,,,,
23/12/2019 07:00,151414.913,76%,,,,,,,,,,
23/12/2019 08:00,155410.276,78%,,,,,,,,,,
23/12/2019 09:00,161671.514,81%,,,,,,,,,,
23/12/2019 10:00,165785.516,83%,,,,,,,,,,
23/12/2019 11:00,168299.941,84%,,,,,,,,,,
23/12/2019 12:00,168067.316,84%,,,,,,,,,,
23/12/2019 13:00,164525.945,82%,,,,,,,,,,
23/12/2019 14:00,155306.579,78%,,,,,,,,,,
23/12/2019 15:00,139104.547,70%,,,,,,,,,,
23/12/2019 16:00,113158.604,57%,,,,,,,,,,
23/12/2019 17:00,95350.535,48%,,,,,,,,,,
23/12/2019 18:00,81460.777,41%,,,,,,,,,,
23/12/2019 19:00,75797.573,38%,,,,,,,,,,
23/12/2019 20:00,68652.548,34%,,,,,,,,,,
23/12/2019 21:00,52075.293,26%,,,,,,,,,,
23/12/2019 22:00,44450.855,22%,,,,,,,,,,
23/12/2019 23:00,55302.471,28%,,,,,,,,,,
24/12/2019 00:00,67353.867,34%,,,,,,,,,,
24/12/2019 01:00,62419.06,31%,,,,,,,,,,
24/12/2019 02:00,51292.007,26%,,,,,,,,,,
24/12/2019 03:00,44860.772,22%,,,,,,,,,,
24/12/2019 04:00,36795.164,18%,,,,,,,,,,
24/12/2019 05:00,26719.743,13%,,,,,,,,,,
24/12/2019 06:00,26850.65,13%,,,,,,,,,,
24/12/2019 07:00,53598.955,27%,,,,,,,,,,
24/12/2019 08:00,85582.81,43%,,,,,,,,,,
24/12/2019 09:00,98296.402,49%,,,,,,,,,,
24/12/2019 10:00,96822.396,48%,,,,,,,,,,
24/12/2019 11:00,91290.739,46%,,,,,,,,,,
24/12/2019 12:00,98395.914,49%,,,,,,,,,,
24/12/2019 13:00,112559.653,56%,,,,,,,,,,
24/12/2019 14:00,118660.306,59%,,,,,,,,,,
24/12/2019 15:00,118353.372,59%,,,,,,,,,,
24/12/2019 16:00,113158.154,57%,,,,,,,,,,
24/12/2019 17:00,111180.375,56%,,,,,,,,,,
24/12/2019 18:00,116680.794,58%,,,,,,,,,,
24/12/2019 19:00,118251.622,59%,,,,,,,,,,
24/12/2019 20:00,107514.874,54%,,,,,,,,,,
24/12/2019 21:00,106429.827,53%,,,,,,,,,,
24/12/2019 22:00,117122.01,59%,,,,,,,,,,
24/12/2019 23:00,122553.715,61%,,,,,,,,,,
25/12/2019 00:00,121236.565,61%,,,,,,,,,,
25/12/2019 01:00,119529.202,60%,,,,,,,,,,
25/12/2019 02:00,115515.809,58%,,,,,,,,,,
25/12/2019 03:00,107922.885,54%,,,,,,,,,,
25/12/2019 04:00,96844.76,48%,,,,,,,,,,
25/12/2019 05:00,84370.397,42%,,,,,,,,,,
25/12/2019 06:00,70481.053,35%,,,,,,,,,,
25/12/2019 07:00,58268.472,29%,,,,,,,,,,
25/12/2019 08:00,47080.356,24%,,,,,,,,,,
25/12/2019 09:00,37625.451,19%,,,,,,,,,,
25/12/2019 10:00,28992.056,14%,,,,,,,,,,
25/12/2019 11:00,21208.865,11%,,,,,,,,,,
25/12/2019 12:00,14309.822,7%,,,,,,,,,,
25/12/2019 13:00,7320.018,4%,,,,,,,,,,
25/12/2019 14:00,1919.012,1%,,,,,,,,,,
25/12/2019 15:00,440.233,0%,,,,,,,,,,
25/12/2019 16:00,1914.275,1%,,,,,,,,,,
25/12/2019 17:00,7785.787,4%,,,,,,,,,,
25/12/2019 18:00,17346.402,9%,,,,,,,,,,
25/12/2019 19:00,32005.391,16%,,,,,,,,,,
25/12/2019 20:00,50699.511,25%,,,,,,,,,,
25/12/2019 21:00,63101.753,32%,,,,,,,,,,
25/12/2019 22:00,71535.902,36%,,,,,,,,,,
25/12/2019 23:00,81383.76,41%,,,,,,,,,,
26/12/2019 00:00,86543.954,43%,,,,,,,,,,
26/12/2019 01:00,105821.659,53%,,,,,,,,,,
26/12/2019 02:00,123578.737,62%,,,,,,,,,,
26/12/2019 03:00,126590.566,63%,,,,,,,,,,
26/12/2019 04:00,136754.272,68%,,,,,,,,,,
26/12/2019 05:00,149976.596,75%,,,,,,,,,,
26/12/2019 06:00,159101.044,80%,,,,,,,,,,
26/12/2019 07:00,161981.914,81%,,,,,,,,,,
26/12/2019 08:00,161213.657,81%,,,,,,,,,,
26/12/2019 09:00,157636.18,79%,,,,,,,,,,
26/12/2019 10:00,150431.222,75%,,,,,,,,,,
26/12/2019 11:00,134339.118,67%,,,,,,,,,,
26/12/2019 12:00,109406.719,55%,,,,,,,,,,
26/12/2019 13:00,76986.384,38%,,,,,,,,,,
26/12/2019 14:00,46143.65,23%,,,,,,,,,,
26/12/2019 15:00,30892.613,15%,,,,,,,,,,
26/12/2019 16:00,17429.318,9%,,,,,,,,,,
26/12/2019 17:00,8878.728,4%,,,,,,,,,,
26/12/2019 18:00,4364.959,2%,,,,,,,,,,
26/12/2019 19:00,4321.991,2%,,,,,,,,,,
26/12/2019 20:00,6899.452,3%,,,,,,,,,,
26/12/2019 21:00,10180.224,5%,,,,,,,,,,
26/12/2019 22:00,15569.544,8%,,,,,,,,,,
26/12/2019 23:00,22404.975,11%,,,,,,,,,,
27/12/2019 00:00,25319.886,13%,,,,,,,,,,
27/12/2019 01:00,26758.442,13%,,,,,,,,,,
27/12/2019 02:00,30841.398,15%,,,,,,,,,,
27/12/2019 03:00,36210.774,18%,,,,,,,,,,
27/12/2019 04:00,42920.539,21%,,,,,,,,,,
27/12/2019 05:00,49056.436,25%,,,,,,,,,,
27/12/2019 06:00,52752.058,26%,,,,,,,,,,
27/12/2019 07:00,64091.886,32%,,,,,,,,,,
27/12/2019 08:00,76107.095,38%,,,,,,,,,,
27/12/2019 09:00,82652.989,41%,,,,,,,,,,
27/12/2019 10:00,84463.17,42%,,,,,,,,,,
27/12/2019 11:00,81718.649,41%,,,,,,,,,,
27/12/2019 12:00,83005.59,42%,,,,,,,,,,
27/12/2019 13:00,87085.799,44%,,,,,,,,,,
27/12/2019 14:00,82998.443,41%,,,,,,,,,,
27/12/2019 15:00,86262.643,43%,,,,,,,,,,
27/12/2019 16:00,86262.041,43%,,,,,,,,,,
27/12/2019 17:00,83847.769,42%,,,,,,,,,,
27/12/2019 18:00,79013.332,40%,,,,,,,,,,
27/12/2019 19:00,77326.788,39%,,,,,,,,,,
27/12/2019 20:00,74719.208,37%,,,,,,,,,,
27/12/2019 21:00,75254.915,38%,,,,,,,,,,
27/12/2019 22:00,80017.784,40%,,,,,,,,,,
27/12/2019 23:00,80099.41,40%,,,,,,,,,,
28/12/2019 00:00,80668.633,40%,,,,,,,,,,
28/12/2019 01:00,77787.513,39%,,,,,,,,,,
28/12/2019 02:00,78989.567,39%,,,,,,,,,,
28/12/2019 03:00,80099.607,40%,,,,,,,,,,
28/12/2019 04:00,81458.09,41%,,,,,,,,,,
28/12/2019 05:00,84607.763,42%,,,,,,,,,,
28/12/2019 06:00,84122.774,42%,,,,,,,,,,
28/12/2019 07:00,82489.321,41%,,,,,,,,,,
28/12/2019 08:00,78231.49,39%,,,,,,,,,,
28/12/2019 09:00,72320.409,36%,,,,,,,,,,
28/12/2019 10:00,68643.972,34%,,,,,,,,,,
28/12/2019 11:00,72322.228,36%,,,,,,,,,,
28/12/2019 12:00,88299.235,44%,,,,,,,,,,
28/12/2019 13:00,96842.735,48%,,,,,,,,,,
28/12/2019 14:00,100541.798,50%,,,,,,,,,,
28/12/2019 15:00,103705.793,52%,,,,,,,,,,
28/12/2019 16:00,106972.652,53%,,,,,,,,,,
28/12/2019 17:00,102251.104,51%,,,,,,,,,,
28/12/2019 18:00,101191.062,51%,,,,,,,,,,
28/12/2019 19:00,109945.463,55%,,,,,,,,,,
28/12/2019 20:00,110948.472,55%,,,,,,,,,,
28/12/2019 21:00,103346.093,52%,,,,,,,,,,
28/12/2019 22:00,98771.093,49%,,,,,,,,,,
28/12/2019 23:00,96290.232,48%,,,,,,,,,,
29/12/2019 00:00,96844.614,48%,,,,,,,,,,
29/12/2019 01:00,96291.328,48%,,,,,,,,,,
29/12/2019 02:00,94563.209,47%,,,,,,,,,,
29/12/2019 03:00,98745.796,49%,,,,,,,,,,
29/12/2019 04:00,102064.295,51%,,,,,,,,,,
29/12/2019 05:00,98825.625,49%,,,,,,,,,,
29/12/2019 06:00,98220.419,49%,,,,,,,,,,
29/12/2019 07:00,96965.968,48%,,,,,,,,,,
29/12/2019 08:00,92710.014,46%,,,,,,,,,,
29/12/2019 09:00,88102.649,44%,,,,,,,,,,
29/12/2019 10:00,83660.364,42%,,,,,,,,,,
29/12/2019 11:00,82001.015,41%,,,,,,,,,,
29/12/2019 12:00,79556.305,40%,,,,,,,,,,
29/12/2019 13:00,75847.936,38%,,,,,,,,,,
29/12/2019 14:00,80990.313,40%,,,,,,,,,,
29/12/2019 15:00,90779.643,45%,,,,,,,,,,
29/12/2019 16:00,96842.402,48%,,,,,,,,,,
29/12/2019 17:00,95740.637,48%,,,,,,,,,,
29/12/2019 18:00,98138.045,49%,,,,,,,,,,
29/12/2019 19:00,91879.57,46%,,,,,,,,,,
29/12/2019 20:00,82745.23,41%,,,,,,,,,,
29/12/2019 21:00,82102.761,41%,,,,,,,,,,
29/12/2019 22:00,82001.706,41%,,,,,,,,,,
29/12/2019 23:00,77131.426,39%,,,,,,,,,,
30/12/2019 00:00,75787.329,38%,,,,,,,,,,
30/12/2019 01:00,78184.289,39%,,,,,,,,,,
30/12/2019 02:00,76900.246,38%,,,,,,,,,,
30/12/2019 03:00,76904.175,38%,,,,,,,,,,
30/12/2019 04:00,78206.618,39%,,,,,,,,,,
30/12/2019 05:00,67482.148,34%,,,,,,,,,,
30/12/2019 06:00,60990.877,30%,,,,,,,,,,
30/12/2019 07:00,62246.29,31%,,,,,,,,,,
30/12/2019 08:00,64602.525,32%,,,,,,,,,,
30/12/2019 09:00,60495.195,30%,,,,,,,,,,
30/12/2019 10:00,57778.691,29%,,,,,,,,,,
30/12/2019 11:00,55876.799,28%,,,,,,,,,,
30/12/2019 12:00,56755.779,28%,,,,,,,,,,
30/12/2019 13:00,65030.35,33%,,,,,,,,,,
30/12/2019 14:00,70851.183,35%,,,,,,,,,,
30/12/2019 15:00,75132.856,38%,,,,,,,,,,
30/12/2019 16:00,72280.795,36%,,,,,,,,,,
30/12/2019 17:00,63848.026,32%,,,,,,,,,,
30/12/2019 18:00,48145.477,24%,,,,,,,,,,
30/12/2019 19:00,40746.113,20%,,,,,,,,,,
30/12/2019 20:00,41809.594,21%,,,,,,,,,,
30/12/2019 21:00,43626.437,22%,,,,,,,,,,
30/12/2019 22:00,38581.222,19%,,,,,,,,,,
30/12/2019 23:00,34325.213,17%,,,,,,,,,,
31/12/2019 00:00,33487.25,17%,,,,,,,,,,
31/12/2019 01:00,32753.365,16%,,,,,,,,,,
31/12/2019 02:00,33586.707,17%,,,,,,,,,,
31/12/2019 03:00,35609.278,18%,,,,,,,,,,
31/12/2019 04:00,39352.666,20%,,,,,,,,,,
31/12/2019 05:00,45039.114,23%,,,,,,,,,,
31/12/2019 06:00,48145.59,24%,,,,,,,,,,
31/12/2019 07:00,50719.559,25%,,,,,,,,,,
31/12/2019 08:00,55598.126,28%,,,,,,,,,,
31/12/2019 09:00,57002.977,29%,,,,,,,,,,
31/12/2019 10:00,58267.819,29%,,,,,,,,,,
31/12/2019 11:00,52944.653,26%,,,,,,,,,,
31/12/2019 12:00,55599.837,28%,,,,,,,,,,
31/12/2019 13:00,54397.887,27%,,,,,,,,,,
31/12/2019 14:00,53923.717,27%,,,,,,,,,,
31/12/2019 15:00,60486.472,30%,,,,,,,,,,
31/12/2019 16:00,66321.488,33%,,,,,,,,,,
31/12/2019 17:00,60103.219,30%,,,,,,,,,,
31/12/2019 18:00,55981.42,28%,,,,,,,,,,
31/12/2019 19:00,55838.263,28%,,,,,,,,,,
31/12/2019 20:00,59418.675,30%,,,,,,,,,,
31/12/2019 21:00,62753.525,31%,,,,,,,,,,
31/12/2019 22:00,63306.839,32%,,,,,,,,,,
31/12/2019 23:00,56862.344,28%,,,,,,,,,,
