# Renewables.ninja Wind power (Point API) - 56.174, -4.412 - Version: 1.4 - License: https://creativecommons.org/licenses/by-nc/4.0/ - Reference: https://doi.org/10.1016/j.energy.2016.08.068,,,,,,,,,,,
# Units: time in UTC, electricity in kW,,,,,,,,,,,
"# {""units"": {""time"": ""UTC"""," ""electricity"": ""kW""}"," ""params"": {""lat"": ""56.17405070136488"""," ""lon"": ""-4.4117739136162015"""," ""date_from"": ""2019-01-01"""," ""date_to"": ""2019-12-31"""," ""dataset"": ""merra2"""," ""header"": ""true"""," ""local_time"": ""false"""," ""capacity"": ""200000"""," ""height"": ""80"""," ""turbine"": ""Vestas V90 2000"""," ""raw"": ""false""}}"
time,electricity,Capacity factor,,,,,,,,,,
01/01/2019 00:00,151114.723,76%,,,,,,,,,,
01/01/2019 01:00,138505.017,69%,,,,,,,,,,
01/01/2019 02:00,123576.178,62%,,,,,,,,,,
01/01/2019 03:00,103705.426,52%,,,,,,,,,,
01/01/2019 04:00,88329.253,44%,,,,,,,,,,
01/01/2019 05:00,79009.037,40%,,,,,,,,,,
01/01/2019 06:00,69236.397,35%,,,,,,,,,,
01/01/2019 07:00,66262.939,33%,,,,,,,,,,
01/01/2019 08:00,62630.489,31%,,,,,,,,,,
01/01/2019 09:00,57777.218,29%,,,,,,,,,,
01/01/2019 10:00,49056.362,25%,,,,,,,,,,
01/01/2019 11:00,39074.388,20%,,,,,,,,,,
01/01/2019 12:00,33487.214,17%,,,,,,,,,,
01/01/2019 13:00,32076.63,16%,,,,,,,,,,
01/01/2019 14:00,33456.929,17%,,,,,,,,,,
01/01/2019 15:00,34342.69,17%,,,,,,,,,,
01/01/2019 16:00,31915.621,16%,,,,,,,,,,
01/01/2019 17:00,28194.53,14%,,,,,,,,,,
01/01/2019 18:00,24498.5,12%,,,,,,,,,,
01/01/2019 19:00,20915.423,10%,,,,,,,,,,
01/01/2019 20:00,17736.03,9%,,,,,,,,,,
01/01/2019 21:00,14719.026,7%,,,,,,,,,,
01/01/2019 22:00,12214.33,6%,,,,,,,,,,
01/01/2019 23:00,9983.893,5%,,,,,,,,,,
02/01/2019 00:00,8159.73,4%,,,,,,,,,,
02/01/2019 01:00,6339.203,3%,,,,,,,,,,
02/01/2019 02:00,4581.186,2%,,,,,,,,,,
02/01/2019 03:00,3474.619,2%,,,,,,,,,,
02/01/2019 04:00,2823.859,1%,,,,,,,,,,
02/01/2019 05:00,2575.792,1%,,,,,,,,,,
02/01/2019 06:00,3008.864,2%,,,,,,,,,,
02/01/2019 07:00,3823.761,2%,,,,,,,,,,
02/01/2019 08:00,4374.181,2%,,,,,,,,,,
02/01/2019 09:00,4258.351,2%,,,,,,,,,,
02/01/2019 10:00,3905.142,2%,,,,,,,,,,
02/01/2019 11:00,4349.056,2%,,,,,,,,,,
02/01/2019 12:00,6002.274,3%,,,,,,,,,,
02/01/2019 13:00,5873.175,3%,,,,,,,,,,
02/01/2019 14:00,5546.349,3%,,,,,,,,,,
02/01/2019 15:00,5563.429,3%,,,,,,,,,,
02/01/2019 16:00,6412.419,3%,,,,,,,,,,
02/01/2019 17:00,8321.011,4%,,,,,,,,,,
02/01/2019 18:00,10426.827,5%,,,,,,,,,,
02/01/2019 19:00,11770.616,6%,,,,,,,,,,
02/01/2019 20:00,12850.435,6%,,,,,,,,,,
02/01/2019 21:00,14471.735,7%,,,,,,,,,,
02/01/2019 22:00,16895.324,8%,,,,,,,,,,
02/01/2019 23:00,18132.536,9%,,,,,,,,,,
03/01/2019 00:00,17667.86,9%,,,,,,,,,,
03/01/2019 01:00,15848.817,8%,,,,,,,,,,
03/01/2019 02:00,15339.36,8%,,,,,,,,,,
03/01/2019 03:00,16751.766,8%,,,,,,,,,,
03/01/2019 04:00,19772.668,10%,,,,,,,,,,
03/01/2019 05:00,24319.418,12%,,,,,,,,,,
03/01/2019 06:00,29361.257,15%,,,,,,,,,,
03/01/2019 07:00,33485.546,17%,,,,,,,,,,
03/01/2019 08:00,36464.366,18%,,,,,,,,,,
03/01/2019 09:00,37600.182,19%,,,,,,,,,,
03/01/2019 10:00,35457.914,18%,,,,,,,,,,
03/01/2019 11:00,30105.178,15%,,,,,,,,,,
03/01/2019 12:00,26743.458,13%,,,,,,,,,,
03/01/2019 13:00,27052.473,14%,,,,,,,,,,
03/01/2019 14:00,27237.448,14%,,,,,,,,,,
03/01/2019 15:00,33362.452,17%,,,,,,,,,,
03/01/2019 16:00,37838.705,19%,,,,,,,,,,
03/01/2019 17:00,39174.206,20%,,,,,,,,,,
03/01/2019 18:00,40166.6,20%,,,,,,,,,,
03/01/2019 19:00,42248.209,21%,,,,,,,,,,
03/01/2019 20:00,46138.548,23%,,,,,,,,,,
03/01/2019 21:00,41946.289,21%,,,,,,,,,,
03/01/2019 22:00,38292.372,19%,,,,,,,,,,
03/01/2019 23:00,40750.5,20%,,,,,,,,,,
04/01/2019 00:00,45046.144,23%,,,,,,,,,,
04/01/2019 01:00,47406.416,24%,,,,,,,,,,
04/01/2019 02:00,48274.535,24%,,,,,,,,,,
04/01/2019 03:00,46585.976,23%,,,,,,,,,,
04/01/2019 04:00,44430.817,22%,,,,,,,,,,
04/01/2019 05:00,44616.988,22%,,,,,,,,,,
04/01/2019 06:00,46584.388,23%,,,,,,,,,,
04/01/2019 07:00,50328.975,25%,,,,,,,,,,
04/01/2019 08:00,55520.8,28%,,,,,,,,,,
04/01/2019 09:00,62573.387,31%,,,,,,,,,,
04/01/2019 10:00,64015.224,32%,,,,,,,,,,
04/01/2019 11:00,67243.486,34%,,,,,,,,,,
04/01/2019 12:00,69141.816,35%,,,,,,,,,,
04/01/2019 13:00,70343.947,35%,,,,,,,,,,
04/01/2019 14:00,72323.918,36%,,,,,,,,,,
04/01/2019 15:00,75252.199,38%,,,,,,,,,,
04/01/2019 16:00,71531.519,36%,,,,,,,,,,
04/01/2019 17:00,65033.867,33%,,,,,,,,,,
04/01/2019 18:00,58756.802,29%,,,,,,,,,,
04/01/2019 19:00,52752.511,26%,,,,,,,,,,
04/01/2019 20:00,48550.661,24%,,,,,,,,,,
04/01/2019 21:00,48598.739,24%,,,,,,,,,,
04/01/2019 22:00,50370.866,25%,,,,,,,,,,
04/01/2019 23:00,51724.104,26%,,,,,,,,,,
05/01/2019 00:00,52197.153,26%,,,,,,,,,,
05/01/2019 01:00,52274.641,26%,,,,,,,,,,
05/01/2019 02:00,51810.545,26%,,,,,,,,,,
05/01/2019 03:00,48188.486,24%,,,,,,,,,,
05/01/2019 04:00,44614.37,22%,,,,,,,,,,
05/01/2019 05:00,42488.382,21%,,,,,,,,,,
05/01/2019 06:00,39853.233,20%,,,,,,,,,,
05/01/2019 07:00,35002.826,18%,,,,,,,,,,
05/01/2019 08:00,32624.293,16%,,,,,,,,,,
05/01/2019 09:00,33555.193,17%,,,,,,,,,,
05/01/2019 10:00,38305.059,19%,,,,,,,,,,
05/01/2019 11:00,43346.533,22%,,,,,,,,,,
05/01/2019 12:00,45646.094,23%,,,,,,,,,,
05/01/2019 13:00,46494.4,23%,,,,,,,,,,
05/01/2019 14:00,47896.179,24%,,,,,,,,,,
05/01/2019 15:00,47517.478,24%,,,,,,,,,,
05/01/2019 16:00,43632.075,22%,,,,,,,,,,
05/01/2019 17:00,38336.219,19%,,,,,,,,,,
05/01/2019 18:00,34974.838,17%,,,,,,,,,,
05/01/2019 19:00,36499.808,18%,,,,,,,,,,
05/01/2019 20:00,45479.672,23%,,,,,,,,,,
05/01/2019 21:00,55056.267,28%,,,,,,,,,,
05/01/2019 22:00,57780.396,29%,,,,,,,,,,
05/01/2019 23:00,63205,32%,,,,,,,,,,
06/01/2019 00:00,71531.179,36%,,,,,,,,,,
06/01/2019 01:00,74716.341,37%,,,,,,,,,,
06/01/2019 02:00,69688.916,35%,,,,,,,,,,
06/01/2019 03:00,65546.726,33%,,,,,,,,,,
06/01/2019 04:00,59903.183,30%,,,,,,,,,,
06/01/2019 05:00,49817.362,25%,,,,,,,,,,
06/01/2019 06:00,37293.224,19%,,,,,,,,,,
06/01/2019 07:00,27054.682,14%,,,,,,,,,,
06/01/2019 08:00,17348.483,9%,,,,,,,,,,
06/01/2019 09:00,9013.514,5%,,,,,,,,,,
06/01/2019 10:00,4027.067,2%,,,,,,,,,,
06/01/2019 11:00,1609.636,1%,,,,,,,,,,
06/01/2019 12:00,1057.983,1%,,,,,,,,,,
06/01/2019 13:00,1230.039,1%,,,,,,,,,,
06/01/2019 14:00,1519.575,1%,,,,,,,,,,
06/01/2019 15:00,3762.509,2%,,,,,,,,,,
06/01/2019 16:00,8112.381,4%,,,,,,,,,,
06/01/2019 17:00,14435.827,7%,,,,,,,,,,
06/01/2019 18:00,23648.283,12%,,,,,,,,,,
06/01/2019 19:00,35552.272,18%,,,,,,,,,,
06/01/2019 20:00,49601.679,25%,,,,,,,,,,
06/01/2019 21:00,66270.294,33%,,,,,,,,,,
06/01/2019 22:00,83572.171,42%,,,,,,,,,,
06/01/2019 23:00,102064.737,51%,,,,,,,,,,
07/01/2019 00:00,114750.657,57%,,,,,,,,,,
07/01/2019 01:00,123719.65,62%,,,,,,,,,,
07/01/2019 02:00,136099.645,68%,,,,,,,,,,
07/01/2019 03:00,155763.063,78%,,,,,,,,,,
07/01/2019 04:00,161854.752,81%,,,,,,,,,,
07/01/2019 05:00,176427.769,88%,,,,,,,,,,
07/01/2019 06:00,188625.491,94%,,,,,,,,,,
07/01/2019 07:00,192720.116,96%,,,,,,,,,,
07/01/2019 08:00,193027.542,97%,,,,,,,,,,
07/01/2019 09:00,192664.924,96%,,,,,,,,,,
07/01/2019 10:00,191583.54,96%,,,,,,,,,,
07/01/2019 11:00,192891.696,96%,,,,,,,,,,
07/01/2019 12:00,194851.489,97%,,,,,,,,,,
07/01/2019 13:00,195808.74,98%,,,,,,,,,,
07/01/2019 14:00,196339.573,98%,,,,,,,,,,
07/01/2019 15:00,196316.05,98%,,,,,,,,,,
07/01/2019 16:00,195353.334,98%,,,,,,,,,,
07/01/2019 17:00,193701.654,97%,,,,,,,,,,
07/01/2019 18:00,191751.755,96%,,,,,,,,,,
07/01/2019 19:00,189348.76,95%,,,,,,,,,,
07/01/2019 20:00,186179.542,93%,,,,,,,,,,
07/01/2019 21:00,183144.965,92%,,,,,,,,,,
07/01/2019 22:00,180933.607,90%,,,,,,,,,,
07/01/2019 23:00,176834.805,88%,,,,,,,,,,
08/01/2019 00:00,172929.823,86%,,,,,,,,,,
08/01/2019 01:00,167770.944,84%,,,,,,,,,,
08/01/2019 02:00,160735.391,80%,,,,,,,,,,
08/01/2019 03:00,147923.734,74%,,,,,,,,,,
08/01/2019 04:00,132152.899,66%,,,,,,,,,,
08/01/2019 05:00,113897.616,57%,,,,,,,,,,
08/01/2019 06:00,93199.067,47%,,,,,,,,,,
08/01/2019 07:00,93258.438,47%,,,,,,,,,,
08/01/2019 08:00,93982.047,47%,,,,,,,,,,
08/01/2019 09:00,93401.295,47%,,,,,,,,,,
08/01/2019 10:00,84874.967,42%,,,,,,,,,,
08/01/2019 11:00,79556.765,40%,,,,,,,,,,
08/01/2019 12:00,78881.119,39%,,,,,,,,,,
08/01/2019 13:00,78894.773,39%,,,,,,,,,,
08/01/2019 14:00,77667.286,39%,,,,,,,,,,
08/01/2019 15:00,79019.259,40%,,,,,,,,,,
08/01/2019 16:00,76929.765,38%,,,,,,,,,,
08/01/2019 17:00,72111.675,36%,,,,,,,,,,
08/01/2019 18:00,64008.81,32%,,,,,,,,,,
08/01/2019 19:00,54876.402,27%,,,,,,,,,,
08/01/2019 20:00,50697.606,25%,,,,,,,,,,
08/01/2019 21:00,46250.049,23%,,,,,,,,,,
08/01/2019 22:00,38387.256,19%,,,,,,,,,,
08/01/2019 23:00,30584.895,15%,,,,,,,,,,
09/01/2019 00:00,21257.728,11%,,,,,,,,,,
09/01/2019 01:00,15970.709,8%,,,,,,,,,,
09/01/2019 02:00,14876.858,7%,,,,,,,,,,
09/01/2019 03:00,14516.24,7%,,,,,,,,,,
09/01/2019 04:00,13292.076,7%,,,,,,,,,,
09/01/2019 05:00,13142.124,7%,,,,,,,,,,
09/01/2019 06:00,10284.137,5%,,,,,,,,,,
09/01/2019 07:00,4813.233,2%,,,,,,,,,,
09/01/2019 08:00,3958.133,2%,,,,,,,,,,
09/01/2019 09:00,2210.166,1%,,,,,,,,,,
09/01/2019 10:00,625.003,0%,,,,,,,,,,
09/01/2019 11:00,1270.077,1%,,,,,,,,,,
09/01/2019 12:00,3428.39,2%,,,,,,,,,,
09/01/2019 13:00,6959.144,3%,,,,,,,,,,
09/01/2019 14:00,10200.502,5%,,,,,,,,,,
09/01/2019 15:00,13589.324,7%,,,,,,,,,,
09/01/2019 16:00,18555.601,9%,,,,,,,,,,
09/01/2019 17:00,24742.544,12%,,,,,,,,,,
09/01/2019 18:00,33485.309,17%,,,,,,,,,,
09/01/2019 19:00,37121.666,19%,,,,,,,,,,
09/01/2019 20:00,38343.379,19%,,,,,,,,,,
09/01/2019 21:00,41541.837,21%,,,,,,,,,,
09/01/2019 22:00,43627.777,22%,,,,,,,,,,
09/01/2019 23:00,43768.143,22%,,,,,,,,,,
10/01/2019 00:00,42639.026,21%,,,,,,,,,,
10/01/2019 01:00,44643.574,22%,,,,,,,,,,
10/01/2019 02:00,48139.049,24%,,,,,,,,,,
10/01/2019 03:00,52563.457,26%,,,,,,,,,,
10/01/2019 04:00,58153.601,29%,,,,,,,,,,
10/01/2019 05:00,66181.392,33%,,,,,,,,,,
10/01/2019 06:00,71186.799,36%,,,,,,,,,,
10/01/2019 07:00,70116.049,35%,,,,,,,,,,
10/01/2019 08:00,72321.162,36%,,,,,,,,,,
10/01/2019 09:00,70130.137,35%,,,,,,,,,,
10/01/2019 10:00,62299.064,31%,,,,,,,,,,
10/01/2019 11:00,56407.081,28%,,,,,,,,,,
10/01/2019 12:00,56750.775,28%,,,,,,,,,,
10/01/2019 13:00,58838.098,29%,,,,,,,,,,
10/01/2019 14:00,62697.78,31%,,,,,,,,,,
10/01/2019 15:00,71257.836,36%,,,,,,,,,,
10/01/2019 16:00,76732.957,38%,,,,,,,,,,
10/01/2019 17:00,71359.543,36%,,,,,,,,,,
10/01/2019 18:00,68644.514,34%,,,,,,,,,,
10/01/2019 19:00,65647.935,33%,,,,,,,,,,
10/01/2019 20:00,65361.466,33%,,,,,,,,,,
10/01/2019 21:00,71182.246,36%,,,,,,,,,,
10/01/2019 22:00,67574.858,34%,,,,,,,,,,
10/01/2019 23:00,67635.534,34%,,,,,,,,,,
11/01/2019 00:00,71218.06,36%,,,,,,,,,,
11/01/2019 01:00,76236.998,38%,,,,,,,,,,
11/01/2019 02:00,74636.766,37%,,,,,,,,,,
11/01/2019 03:00,72691.61,36%,,,,,,,,,,
11/01/2019 04:00,68502.011,34%,,,,,,,,,,
11/01/2019 05:00,63788.308,32%,,,,,,,,,,
11/01/2019 06:00,53836.565,27%,,,,,,,,,,
11/01/2019 07:00,48142.236,24%,,,,,,,,,,
11/01/2019 08:00,45435.894,23%,,,,,,,,,,
11/01/2019 09:00,43387.297,22%,,,,,,,,,,
11/01/2019 10:00,41846.153,21%,,,,,,,,,,
11/01/2019 11:00,42026.26,21%,,,,,,,,,,
11/01/2019 12:00,49595.962,25%,,,,,,,,,,
11/01/2019 13:00,56444.577,28%,,,,,,,,,,
11/01/2019 14:00,63592.697,32%,,,,,,,,,,
11/01/2019 15:00,78603.428,39%,,,,,,,,,,
11/01/2019 16:00,85008.71,43%,,,,,,,,,,
11/01/2019 17:00,88849.665,44%,,,,,,,,,,
11/01/2019 18:00,87038.142,44%,,,,,,,,,,
11/01/2019 19:00,93644.487,47%,,,,,,,,,,
11/01/2019 20:00,117714.665,59%,,,,,,,,,,
11/01/2019 21:00,142434.634,71%,,,,,,,,,,
11/01/2019 22:00,163422.881,82%,,,,,,,,,,
11/01/2019 23:00,169832.683,85%,,,,,,,,,,
12/01/2019 00:00,175155.215,88%,,,,,,,,,,
12/01/2019 01:00,175836.249,88%,,,,,,,,,,
12/01/2019 02:00,172967.318,86%,,,,,,,,,,
12/01/2019 03:00,171602.985,86%,,,,,,,,,,
12/01/2019 04:00,168857.379,84%,,,,,,,,,,
12/01/2019 05:00,167119.504,84%,,,,,,,,,,
12/01/2019 06:00,168060.521,84%,,,,,,,,,,
12/01/2019 07:00,171218.911,86%,,,,,,,,,,
12/01/2019 08:00,172044.257,86%,,,,,,,,,,
12/01/2019 09:00,171787.392,86%,,,,,,,,,,
12/01/2019 10:00,170834.744,85%,,,,,,,,,,
12/01/2019 11:00,167038.78,84%,,,,,,,,,,
12/01/2019 12:00,167501.762,84%,,,,,,,,,,
12/01/2019 13:00,175242.646,88%,,,,,,,,,,
12/01/2019 14:00,179897.657,90%,,,,,,,,,,
12/01/2019 15:00,180938.458,90%,,,,,,,,,,
12/01/2019 16:00,179454.018,90%,,,,,,,,,,
12/01/2019 17:00,177351.978,89%,,,,,,,,,,
12/01/2019 18:00,176286.229,88%,,,,,,,,,,
12/01/2019 19:00,176286.925,88%,,,,,,,,,,
12/01/2019 20:00,174841.271,87%,,,,,,,,,,
12/01/2019 21:00,177258.57,89%,,,,,,,,,,
12/01/2019 22:00,182690.035,91%,,,,,,,,,,
12/01/2019 23:00,186132.232,93%,,,,,,,,,,
13/01/2019 00:00,188243.855,94%,,,,,,,,,,
13/01/2019 01:00,189957.074,95%,,,,,,,,,,
13/01/2019 02:00,190695.204,95%,,,,,,,,,,
13/01/2019 03:00,189983.891,95%,,,,,,,,,,
13/01/2019 04:00,188874.07,94%,,,,,,,,,,
13/01/2019 05:00,189629.647,95%,,,,,,,,,,
13/01/2019 06:00,190596.762,95%,,,,,,,,,,
13/01/2019 07:00,191196.852,96%,,,,,,,,,,
13/01/2019 08:00,191062.187,96%,,,,,,,,,,
13/01/2019 09:00,191071.441,96%,,,,,,,,,,
13/01/2019 10:00,189217.298,95%,,,,,,,,,,
13/01/2019 11:00,187071.565,94%,,,,,,,,,,
13/01/2019 12:00,186264.829,93%,,,,,,,,,,
13/01/2019 13:00,186083.431,93%,,,,,,,,,,
13/01/2019 14:00,185193.766,93%,,,,,,,,,,
13/01/2019 15:00,184112.935,92%,,,,,,,,,,
13/01/2019 16:00,183305.466,92%,,,,,,,,,,
13/01/2019 17:00,180658.466,90%,,,,,,,,,,
13/01/2019 18:00,174636.545,87%,,,,,,,,,,
13/01/2019 19:00,166513.538,83%,,,,,,,,,,
13/01/2019 20:00,159320.053,80%,,,,,,,,,,
13/01/2019 21:00,150136.661,75%,,,,,,,,,,
13/01/2019 22:00,138040.352,69%,,,,,,,,,,
13/01/2019 23:00,122558.167,61%,,,,,,,,,,
14/01/2019 00:00,110285.907,55%,,,,,,,,,,
14/01/2019 01:00,98220.289,49%,,,,,,,,,,
14/01/2019 02:00,73665.455,37%,,,,,,,,,,
14/01/2019 03:00,48598.92,24%,,,,,,,,,,
14/01/2019 04:00,29899.197,15%,,,,,,,,,,
14/01/2019 05:00,16811.776,8%,,,,,,,,,,
14/01/2019 06:00,10585.54,5%,,,,,,,,,,
14/01/2019 07:00,10816.452,5%,,,,,,,,,,
14/01/2019 08:00,18744.316,9%,,,,,,,,,,
14/01/2019 09:00,32044.527,16%,,,,,,,,,,
14/01/2019 10:00,48045.369,24%,,,,,,,,,,
14/01/2019 11:00,52952.609,26%,,,,,,,,,,
14/01/2019 12:00,60702.643,30%,,,,,,,,,,
14/01/2019 13:00,73433.241,37%,,,,,,,,,,
14/01/2019 14:00,79349.605,40%,,,,,,,,,,
14/01/2019 15:00,75245.487,38%,,,,,,,,,,
14/01/2019 16:00,83185.143,42%,,,,,,,,,,
14/01/2019 17:00,100184.202,50%,,,,,,,,,,
14/01/2019 18:00,114220.789,57%,,,,,,,,,,
14/01/2019 19:00,127719.358,64%,,,,,,,,,,
14/01/2019 20:00,134981.48,67%,,,,,,,,,,
14/01/2019 21:00,138960.42,69%,,,,,,,,,,
14/01/2019 22:00,144454.431,72%,,,,,,,,,,
14/01/2019 23:00,150977.257,75%,,,,,,,,,,
15/01/2019 00:00,160342.195,80%,,,,,,,,,,
15/01/2019 01:00,164697.913,82%,,,,,,,,,,
15/01/2019 02:00,168718.327,84%,,,,,,,,,,
15/01/2019 03:00,171813.8,86%,,,,,,,,,,
15/01/2019 04:00,173610.737,87%,,,,,,,,,,
15/01/2019 05:00,173523.37,87%,,,,,,,,,,
15/01/2019 06:00,168752.253,84%,,,,,,,,,,
15/01/2019 07:00,163428.87,82%,,,,,,,,,,
15/01/2019 08:00,163758.873,82%,,,,,,,,,,
15/01/2019 09:00,164757.802,82%,,,,,,,,,,
15/01/2019 10:00,167784.911,84%,,,,,,,,,,
15/01/2019 11:00,165741.713,83%,,,,,,,,,,
15/01/2019 12:00,160597.845,80%,,,,,,,,,,
15/01/2019 13:00,157089.987,79%,,,,,,,,,,
15/01/2019 14:00,156032.247,78%,,,,,,,,,,
15/01/2019 15:00,156036.165,78%,,,,,,,,,,
15/01/2019 16:00,150548.28,75%,,,,,,,,,,
15/01/2019 17:00,149969.046,75%,,,,,,,,,,
15/01/2019 18:00,155633.141,78%,,,,,,,,,,
15/01/2019 19:00,160793.516,80%,,,,,,,,,,
15/01/2019 20:00,168765.056,84%,,,,,,,,,,
15/01/2019 21:00,170822.087,85%,,,,,,,,,,
15/01/2019 22:00,172074.043,86%,,,,,,,,,,
15/01/2019 23:00,171416.185,86%,,,,,,,,,,
16/01/2019 00:00,169980.735,85%,,,,,,,,,,
16/01/2019 01:00,164802.261,82%,,,,,,,,,,
16/01/2019 02:00,150772.851,75%,,,,,,,,,,
16/01/2019 03:00,134337.351,67%,,,,,,,,,,
16/01/2019 04:00,113213.844,57%,,,,,,,,,,
16/01/2019 05:00,94873.169,47%,,,,,,,,,,
16/01/2019 06:00,92709.367,46%,,,,,,,,,,
16/01/2019 07:00,113581.445,57%,,,,,,,,,,
16/01/2019 08:00,130678.825,65%,,,,,,,,,,
16/01/2019 09:00,128385.546,64%,,,,,,,,,,
16/01/2019 10:00,119055.176,60%,,,,,,,,,,
16/01/2019 11:00,116071.722,58%,,,,,,,,,,
16/01/2019 12:00,120403.26,60%,,,,,,,,,,
16/01/2019 13:00,117122.796,59%,,,,,,,,,,
16/01/2019 14:00,105488.053,53%,,,,,,,,,,
16/01/2019 15:00,105851.001,53%,,,,,,,,,,
16/01/2019 16:00,109231.127,55%,,,,,,,,,,
16/01/2019 17:00,107556.677,54%,,,,,,,,,,
16/01/2019 18:00,111287.97,56%,,,,,,,,,,
16/01/2019 19:00,127087.402,64%,,,,,,,,,,
16/01/2019 20:00,150506.577,75%,,,,,,,,,,
16/01/2019 21:00,154387.192,77%,,,,,,,,,,
16/01/2019 22:00,148974.734,74%,,,,,,,,,,
16/01/2019 23:00,141626.814,71%,,,,,,,,,,
17/01/2019 00:00,134644.35,67%,,,,,,,,,,
17/01/2019 01:00,134337.085,67%,,,,,,,,,,
17/01/2019 02:00,134712.855,67%,,,,,,,,,,
17/01/2019 03:00,137527.621,69%,,,,,,,,,,
17/01/2019 04:00,138268.634,69%,,,,,,,,,,
17/01/2019 05:00,134835.846,67%,,,,,,,,,,
17/01/2019 06:00,127755.593,64%,,,,,,,,,,
17/01/2019 07:00,117121.771,59%,,,,,,,,,,
17/01/2019 08:00,107514.971,54%,,,,,,,,,,
17/01/2019 09:00,90780.326,45%,,,,,,,,,,
17/01/2019 10:00,68863.229,34%,,,,,,,,,,
17/01/2019 11:00,50416.998,25%,,,,,,,,,,
17/01/2019 12:00,42686.26,21%,,,,,,,,,,
17/01/2019 13:00,31750.193,16%,,,,,,,,,,
17/01/2019 14:00,23656.16,12%,,,,,,,,,,
17/01/2019 15:00,19397.344,10%,,,,,,,,,,
17/01/2019 16:00,13545.293,7%,,,,,,,,,,
17/01/2019 17:00,6993.756,3%,,,,,,,,,,
17/01/2019 18:00,2467.665,1%,,,,,,,,,,
17/01/2019 19:00,500.686,0%,,,,,,,,,,
17/01/2019 20:00,996.189,0%,,,,,,,,,,
17/01/2019 21:00,5628.597,3%,,,,,,,,,,
17/01/2019 22:00,15840.078,8%,,,,,,,,,,
17/01/2019 23:00,27460.221,14%,,,,,,,,,,
18/01/2019 00:00,35859.767,18%,,,,,,,,,,
18/01/2019 01:00,40307.35,20%,,,,,,,,,,
18/01/2019 02:00,43584.41,22%,,,,,,,,,,
18/01/2019 03:00,43555.103,22%,,,,,,,,,,
18/01/2019 04:00,46871.444,23%,,,,,,,,,,
18/01/2019 05:00,50191.138,25%,,,,,,,,,,
18/01/2019 06:00,54056.498,27%,,,,,,,,,,
18/01/2019 07:00,58516.761,29%,,,,,,,,,,
18/01/2019 08:00,63208.025,32%,,,,,,,,,,
18/01/2019 09:00,69135.478,35%,,,,,,,,,,
18/01/2019 10:00,68125.334,34%,,,,,,,,,,
18/01/2019 11:00,70987.643,35%,,,,,,,,,,
18/01/2019 12:00,75212.492,38%,,,,,,,,,,
18/01/2019 13:00,70241.268,35%,,,,,,,,,,
18/01/2019 14:00,71529.312,36%,,,,,,,,,,
18/01/2019 15:00,79558.213,40%,,,,,,,,,,
18/01/2019 16:00,86379.912,43%,,,,,,,,,,
18/01/2019 17:00,86578.81,43%,,,,,,,,,,
18/01/2019 18:00,85689.043,43%,,,,,,,,,,
18/01/2019 19:00,78442.807,39%,,,,,,,,,,
18/01/2019 20:00,71949.27,36%,,,,,,,,,,
18/01/2019 21:00,66075.218,33%,,,,,,,,,,
18/01/2019 22:00,56148.348,28%,,,,,,,,,,
18/01/2019 23:00,48594.068,24%,,,,,,,,,,
19/01/2019 00:00,43779.256,22%,,,,,,,,,,
19/01/2019 01:00,38665.679,19%,,,,,,,,,,
19/01/2019 02:00,33820.153,17%,,,,,,,,,,
19/01/2019 03:00,29203.756,15%,,,,,,,,,,
19/01/2019 04:00,25148.641,13%,,,,,,,,,,
19/01/2019 05:00,24186.797,12%,,,,,,,,,,
19/01/2019 06:00,24339.503,12%,,,,,,,,,,
19/01/2019 07:00,24857.832,12%,,,,,,,,,,
19/01/2019 08:00,25616.143,13%,,,,,,,,,,
19/01/2019 09:00,23844.835,12%,,,,,,,,,,
19/01/2019 10:00,19926.857,10%,,,,,,,,,,
19/01/2019 11:00,17917.027,9%,,,,,,,,,,
19/01/2019 12:00,17001.05,9%,,,,,,,,,,
19/01/2019 13:00,15061.196,8%,,,,,,,,,,
19/01/2019 14:00,13911.398,7%,,,,,,,,,,
19/01/2019 15:00,14462.224,7%,,,,,,,,,,
19/01/2019 16:00,14202.241,7%,,,,,,,,,,
19/01/2019 17:00,12212.771,6%,,,,,,,,,,
19/01/2019 18:00,9990.997,5%,,,,,,,,,,
19/01/2019 19:00,8266.9,4%,,,,,,,,,,
19/01/2019 20:00,6686.294,3%,,,,,,,,,,
19/01/2019 21:00,5270.616,3%,,,,,,,,,,
19/01/2019 22:00,3958.977,2%,,,,,,,,,,
19/01/2019 23:00,2872.2,1%,,,,,,,,,,
20/01/2019 00:00,2618.67,1%,,,,,,,,,,
20/01/2019 01:00,3395.916,2%,,,,,,,,,,
20/01/2019 02:00,4500.296,2%,,,,,,,,,,
20/01/2019 03:00,5510.063,3%,,,,,,,,,,
20/01/2019 04:00,6900.301,3%,,,,,,,,,,
20/01/2019 05:00,9262.337,5%,,,,,,,,,,
20/01/2019 06:00,15285.298,8%,,,,,,,,,,
20/01/2019 07:00,26052.372,13%,,,,,,,,,,
20/01/2019 08:00,30937.403,15%,,,,,,,,,,
20/01/2019 09:00,39133.464,20%,,,,,,,,,,
20/01/2019 10:00,49049.623,25%,,,,,,,,,,
20/01/2019 11:00,58884.678,29%,,,,,,,,,,
20/01/2019 12:00,78089.77,39%,,,,,,,,,,
20/01/2019 13:00,69162.493,35%,,,,,,,,,,
20/01/2019 14:00,58508.983,29%,,,,,,,,,,
20/01/2019 15:00,53189.613,27%,,,,,,,,,,
20/01/2019 16:00,49738.103,25%,,,,,,,,,,
20/01/2019 17:00,42796.999,21%,,,,,,,,,,
20/01/2019 18:00,37046.175,19%,,,,,,,,,,
20/01/2019 19:00,33118.849,17%,,,,,,,,,,
20/01/2019 20:00,28216.718,14%,,,,,,,,,,
20/01/2019 21:00,23995.39,12%,,,,,,,,,,
20/01/2019 22:00,21673.612,11%,,,,,,,,,,
20/01/2019 23:00,22261.259,11%,,,,,,,,,,
21/01/2019 00:00,22585.086,11%,,,,,,,,,,
21/01/2019 01:00,23744.544,12%,,,,,,,,,,
21/01/2019 02:00,26489.376,13%,,,,,,,,,,
21/01/2019 03:00,31561.603,16%,,,,,,,,,,
21/01/2019 04:00,39962.089,20%,,,,,,,,,,
21/01/2019 05:00,54602.805,27%,,,,,,,,,,
21/01/2019 06:00,69468.1,35%,,,,,,,,,,
21/01/2019 07:00,77901.744,39%,,,,,,,,,,
21/01/2019 08:00,82265.888,41%,,,,,,,,,,
21/01/2019 09:00,87194.008,44%,,,,,,,,,,
21/01/2019 10:00,90779.189,45%,,,,,,,,,,
21/01/2019 11:00,99593.835,50%,,,,,,,,,,
21/01/2019 12:00,110634.483,55%,,,,,,,,,,
21/01/2019 13:00,121744.816,61%,,,,,,,,,,
21/01/2019 14:00,138106.683,69%,,,,,,,,,,
21/01/2019 15:00,160673.675,80%,,,,,,,,,,
21/01/2019 16:00,165744.456,83%,,,,,,,,,,
21/01/2019 17:00,158149.854,79%,,,,,,,,,,
21/01/2019 18:00,135667.112,68%,,,,,,,,,,
21/01/2019 19:00,91636.914,46%,,,,,,,,,,
21/01/2019 20:00,60605.079,30%,,,,,,,,,,
21/01/2019 21:00,50575.392,25%,,,,,,,,,,
21/01/2019 22:00,48146.067,24%,,,,,,,,,,
21/01/2019 23:00,48285.708,24%,,,,,,,,,,
22/01/2019 00:00,55924.34,28%,,,,,,,,,,
22/01/2019 01:00,58274.325,29%,,,,,,,,,,
22/01/2019 02:00,59753.235,30%,,,,,,,,,,
22/01/2019 03:00,62521.801,31%,,,,,,,,,,
22/01/2019 04:00,68989.792,34%,,,,,,,,,,
22/01/2019 05:00,69881.864,35%,,,,,,,,,,
22/01/2019 06:00,64518.644,32%,,,,,,,,,,
22/01/2019 07:00,61971.21,31%,,,,,,,,,,
22/01/2019 08:00,55604.71,28%,,,,,,,,,,
22/01/2019 09:00,43457.445,22%,,,,,,,,,,
22/01/2019 10:00,33500.724,17%,,,,,,,,,,
22/01/2019 11:00,31012.21,16%,,,,,,,,,,
22/01/2019 12:00,37097.036,19%,,,,,,,,,,
22/01/2019 13:00,45482.094,23%,,,,,,,,,,
22/01/2019 14:00,48519.793,24%,,,,,,,,,,
22/01/2019 15:00,50765.689,25%,,,,,,,,,,
22/01/2019 16:00,48596.195,24%,,,,,,,,,,
22/01/2019 17:00,40173.279,20%,,,,,,,,,,
22/01/2019 18:00,32720.103,16%,,,,,,,,,,
22/01/2019 19:00,25823.257,13%,,,,,,,,,,
22/01/2019 20:00,19996.899,10%,,,,,,,,,,
22/01/2019 21:00,19220.892,10%,,,,,,,,,,
22/01/2019 22:00,21064.776,11%,,,,,,,,,,
22/01/2019 23:00,22429.773,11%,,,,,,,,,,
23/01/2019 00:00,25289.285,13%,,,,,,,,,,
23/01/2019 01:00,27247.053,14%,,,,,,,,,,
23/01/2019 02:00,26668.26,13%,,,,,,,,,,
23/01/2019 03:00,25014.492,13%,,,,,,,,,,
23/01/2019 04:00,23079.472,12%,,,,,,,,,,
23/01/2019 05:00,21274.154,11%,,,,,,,,,,
23/01/2019 06:00,18743.425,9%,,,,,,,,,,
23/01/2019 07:00,13591.067,7%,,,,,,,,,,
23/01/2019 08:00,10290.977,5%,,,,,,,,,,
23/01/2019 09:00,7299.924,4%,,,,,,,,,,
23/01/2019 10:00,5029.616,3%,,,,,,,,,,
23/01/2019 11:00,6096.679,3%,,,,,,,,,,
23/01/2019 12:00,9996.029,5%,,,,,,,,,,
23/01/2019 13:00,12656.451,6%,,,,,,,,,,
23/01/2019 14:00,15154.439,8%,,,,,,,,,,
23/01/2019 15:00,17088.635,9%,,,,,,,,,,
23/01/2019 16:00,19220.972,10%,,,,,,,,,,
23/01/2019 17:00,22469.923,11%,,,,,,,,,,
23/01/2019 18:00,26062.452,13%,,,,,,,,,,
23/01/2019 19:00,29380.475,15%,,,,,,,,,,
23/01/2019 20:00,31403.867,16%,,,,,,,,,,
23/01/2019 21:00,30920.122,15%,,,,,,,,,,
23/01/2019 22:00,28219.82,14%,,,,,,,,,,
23/01/2019 23:00,26897.839,13%,,,,,,,,,,
24/01/2019 00:00,30854.845,15%,,,,,,,,,,
24/01/2019 01:00,36195.791,18%,,,,,,,,,,
24/01/2019 02:00,33247.283,17%,,,,,,,,,,
24/01/2019 03:00,30914.224,15%,,,,,,,,,,
24/01/2019 04:00,28799.966,14%,,,,,,,,,,
24/01/2019 05:00,25205.84,13%,,,,,,,,,,
24/01/2019 06:00,20668.595,10%,,,,,,,,,,
24/01/2019 07:00,16055.456,8%,,,,,,,,,,
24/01/2019 08:00,11879.309,6%,,,,,,,,,,
24/01/2019 09:00,7998.901,4%,,,,,,,,,,
24/01/2019 10:00,2854.564,1%,,,,,,,,,,
24/01/2019 11:00,1266.484,1%,,,,,,,,,,
24/01/2019 12:00,2163.227,1%,,,,,,,,,,
24/01/2019 13:00,3780.842,2%,,,,,,,,,,
24/01/2019 14:00,6435.179,3%,,,,,,,,,,
24/01/2019 15:00,10908.54,5%,,,,,,,,,,
24/01/2019 16:00,16013.927,8%,,,,,,,,,,
24/01/2019 17:00,22954.879,11%,,,,,,,,,,
24/01/2019 18:00,32655.724,16%,,,,,,,,,,
24/01/2019 19:00,43918.98,22%,,,,,,,,,,
24/01/2019 20:00,55395.751,28%,,,,,,,,,,
24/01/2019 21:00,58756.235,29%,,,,,,,,,,
24/01/2019 22:00,62237.845,31%,,,,,,,,,,
24/01/2019 23:00,75224.015,38%,,,,,,,,,,
25/01/2019 00:00,111106.481,56%,,,,,,,,,,
25/01/2019 01:00,143998.4,72%,,,,,,,,,,
25/01/2019 02:00,153049.07,77%,,,,,,,,,,
25/01/2019 03:00,161954.711,81%,,,,,,,,,,
25/01/2019 04:00,162807.798,81%,,,,,,,,,,
25/01/2019 05:00,161864.903,81%,,,,,,,,,,
25/01/2019 06:00,152686.397,76%,,,,,,,,,,
25/01/2019 07:00,143568.751,72%,,,,,,,,,,
25/01/2019 08:00,135827.71,68%,,,,,,,,,,
25/01/2019 09:00,129463.002,65%,,,,,,,,,,
25/01/2019 10:00,125340.725,63%,,,,,,,,,,
25/01/2019 11:00,117957.925,59%,,,,,,,,,,
25/01/2019 12:00,113888.517,57%,,,,,,,,,,
25/01/2019 13:00,117908.386,59%,,,,,,,,,,
25/01/2019 14:00,119781.924,60%,,,,,,,,,,
25/01/2019 15:00,124109.335,62%,,,,,,,,,,
25/01/2019 16:00,121102.051,61%,,,,,,,,,,
25/01/2019 17:00,117907.369,59%,,,,,,,,,,
25/01/2019 18:00,111288.446,56%,,,,,,,,,,
25/01/2019 19:00,127333.134,64%,,,,,,,,,,
25/01/2019 20:00,147348.288,74%,,,,,,,,,,
25/01/2019 21:00,165314.256,83%,,,,,,,,,,
25/01/2019 22:00,150176.841,75%,,,,,,,,,,
25/01/2019 23:00,138498.914,69%,,,,,,,,,,
26/01/2019 00:00,138394.177,69%,,,,,,,,,,
26/01/2019 01:00,148788.996,74%,,,,,,,,,,
26/01/2019 02:00,163764.235,82%,,,,,,,,,,
26/01/2019 03:00,167355.415,84%,,,,,,,,,,
26/01/2019 04:00,167487.226,84%,,,,,,,,,,
26/01/2019 05:00,164134.953,82%,,,,,,,,,,
26/01/2019 06:00,161382.615,81%,,,,,,,,,,
26/01/2019 07:00,160044.627,80%,,,,,,,,,,
26/01/2019 08:00,158789.984,79%,,,,,,,,,,
26/01/2019 09:00,154018.58,77%,,,,,,,,,,
26/01/2019 10:00,150978.763,75%,,,,,,,,,,
26/01/2019 11:00,144418.871,72%,,,,,,,,,,
26/01/2019 12:00,135161.237,68%,,,,,,,,,,
26/01/2019 13:00,111288.497,56%,,,,,,,,,,
26/01/2019 14:00,82547.671,41%,,,,,,,,,,
26/01/2019 15:00,61910.96,31%,,,,,,,,,,
26/01/2019 16:00,58161.146,29%,,,,,,,,,,
26/01/2019 17:00,54209.253,27%,,,,,,,,,,
26/01/2019 18:00,77603.023,39%,,,,,,,,,,
26/01/2019 19:00,149175.409,75%,,,,,,,,,,
26/01/2019 20:00,184023.548,92%,,,,,,,,,,
26/01/2019 21:00,188875.907,94%,,,,,,,,,,
26/01/2019 22:00,187361.474,94%,,,,,,,,,,
26/01/2019 23:00,185140.959,93%,,,,,,,,,,
27/01/2019 00:00,183306.257,92%,,,,,,,,,,
27/01/2019 01:00,185629.585,93%,,,,,,,,,,
27/01/2019 02:00,190356.227,95%,,,,,,,,,,
27/01/2019 03:00,193950.223,97%,,,,,,,,,,
27/01/2019 04:00,195915.67,98%,,,,,,,,,,
27/01/2019 05:00,197126.042,99%,,,,,,,,,,
27/01/2019 06:00,197627.048,99%,,,,,,,,,,
27/01/2019 07:00,197647.413,99%,,,,,,,,,,
27/01/2019 08:00,197045.735,99%,,,,,,,,,,
27/01/2019 09:00,195767.376,98%,,,,,,,,,,
27/01/2019 10:00,193641.291,97%,,,,,,,,,,
27/01/2019 11:00,190722.6,95%,,,,,,,,,,
27/01/2019 12:00,187172.063,94%,,,,,,,,,,
27/01/2019 13:00,181467.133,91%,,,,,,,,,,
27/01/2019 14:00,173214.287,87%,,,,,,,,,,
27/01/2019 15:00,163364.682,82%,,,,,,,,,,
27/01/2019 16:00,152309.254,76%,,,,,,,,,,
27/01/2019 17:00,139858.979,70%,,,,,,,,,,
27/01/2019 18:00,125494.639,63%,,,,,,,,,,
27/01/2019 19:00,113689.751,57%,,,,,,,,,,
27/01/2019 20:00,101493.339,51%,,,,,,,,,,
27/01/2019 21:00,92706.513,46%,,,,,,,,,,
27/01/2019 22:00,86093.684,43%,,,,,,,,,,
27/01/2019 23:00,82549.687,41%,,,,,,,,,,
28/01/2019 00:00,79015.997,40%,,,,,,,,,,
28/01/2019 01:00,71530.957,36%,,,,,,,,,,
28/01/2019 02:00,65747.28,33%,,,,,,,,,,
28/01/2019 03:00,60996.009,30%,,,,,,,,,,
28/01/2019 04:00,55969.606,28%,,,,,,,,,,
28/01/2019 05:00,51408.384,26%,,,,,,,,,,
28/01/2019 06:00,51440.096,26%,,,,,,,,,,
28/01/2019 07:00,49693.654,25%,,,,,,,,,,
28/01/2019 08:00,46140.863,23%,,,,,,,,,,
28/01/2019 09:00,40995.453,20%,,,,,,,,,,
28/01/2019 10:00,31839.487,16%,,,,,,,,,,
28/01/2019 11:00,27389.526,14%,,,,,,,,,,
28/01/2019 12:00,34930.208,17%,,,,,,,,,,
28/01/2019 13:00,44329.408,22%,,,,,,,,,,
28/01/2019 14:00,52758.661,26%,,,,,,,,,,
28/01/2019 15:00,68562.713,34%,,,,,,,,,,
28/01/2019 16:00,80512.704,40%,,,,,,,,,,
28/01/2019 17:00,78903.85,39%,,,,,,,,,,
28/01/2019 18:00,79017.597,40%,,,,,,,,,,
28/01/2019 19:00,77128.406,39%,,,,,,,,,,
28/01/2019 20:00,83281.234,42%,,,,,,,,,,
28/01/2019 21:00,91949.368,46%,,,,,,,,,,
28/01/2019 22:00,85797.225,43%,,,,,,,,,,
28/01/2019 23:00,88303.064,44%,,,,,,,,,,
29/01/2019 00:00,85142.154,43%,,,,,,,,,,
29/01/2019 01:00,81999.734,41%,,,,,,,,,,
29/01/2019 02:00,75439.189,38%,,,,,,,,,,
29/01/2019 03:00,62923.685,31%,,,,,,,,,,
29/01/2019 04:00,53441.793,27%,,,,,,,,,,
29/01/2019 05:00,46484.356,23%,,,,,,,,,,
29/01/2019 06:00,42308.842,21%,,,,,,,,,,
29/01/2019 07:00,37111.321,19%,,,,,,,,,,
29/01/2019 08:00,35666.979,18%,,,,,,,,,,
29/01/2019 09:00,35766.839,18%,,,,,,,,,,
29/01/2019 10:00,35773.963,18%,,,,,,,,,,
29/01/2019 11:00,42282.023,21%,,,,,,,,,,
29/01/2019 12:00,51588.746,26%,,,,,,,,,,
29/01/2019 13:00,55697.14,28%,,,,,,,,,,
29/01/2019 14:00,55239.431,28%,,,,,,,,,,
29/01/2019 15:00,54405.426,27%,,,,,,,,,,
29/01/2019 16:00,55484.557,28%,,,,,,,,,,
29/01/2019 17:00,51291.676,26%,,,,,,,,,,
29/01/2019 18:00,47195.647,24%,,,,,,,,,,
29/01/2019 19:00,44257.304,22%,,,,,,,,,,
29/01/2019 20:00,41473.56,21%,,,,,,,,,,
29/01/2019 21:00,39000.241,20%,,,,,,,,,,
29/01/2019 22:00,35940.802,18%,,,,,,,,,,
29/01/2019 23:00,32648.993,16%,,,,,,,,,,
30/01/2019 00:00,29389.704,15%,,,,,,,,,,
30/01/2019 01:00,27383.054,14%,,,,,,,,,,
30/01/2019 02:00,26997.701,13%,,,,,,,,,,
30/01/2019 03:00,27261.112,14%,,,,,,,,,,
30/01/2019 04:00,25758.857,13%,,,,,,,,,,
30/01/2019 05:00,25324.986,13%,,,,,,,,,,
30/01/2019 06:00,27369.909,14%,,,,,,,,,,
30/01/2019 07:00,31627.899,16%,,,,,,,,,,
30/01/2019 08:00,36249.366,18%,,,,,,,,,,
30/01/2019 09:00,37378.543,19%,,,,,,,,,,
30/01/2019 10:00,31558.97,16%,,,,,,,,,,
30/01/2019 11:00,30945.625,15%,,,,,,,,,,
30/01/2019 12:00,27125.296,14%,,,,,,,,,,
30/01/2019 13:00,22400.73,11%,,,,,,,,,,
30/01/2019 14:00,20319.29,10%,,,,,,,,,,
30/01/2019 15:00,23546.449,12%,,,,,,,,,,
30/01/2019 16:00,26390.657,13%,,,,,,,,,,
30/01/2019 17:00,24958.781,12%,,,,,,,,,,
30/01/2019 18:00,22926.059,11%,,,,,,,,,,
30/01/2019 19:00,21283.453,11%,,,,,,,,,,
30/01/2019 20:00,20216.583,10%,,,,,,,,,,
30/01/2019 21:00,18273.625,9%,,,,,,,,,,
30/01/2019 22:00,15160.786,8%,,,,,,,,,,
30/01/2019 23:00,13559.588,7%,,,,,,,,,,
31/01/2019 00:00,13610.341,7%,,,,,,,,,,
31/01/2019 01:00,12128.959,6%,,,,,,,,,,
31/01/2019 02:00,7533.287,4%,,,,,,,,,,
31/01/2019 03:00,3655.48,2%,,,,,,,,,,
31/01/2019 04:00,3827.404,2%,,,,,,,,,,
31/01/2019 05:00,6031.485,3%,,,,,,,,,,
31/01/2019 06:00,7791.652,4%,,,,,,,,,,
31/01/2019 07:00,9539.16,5%,,,,,,,,,,
31/01/2019 08:00,12351.465,6%,,,,,,,,,,
31/01/2019 09:00,16337.299,8%,,,,,,,,,,
31/01/2019 10:00,21577.924,11%,,,,,,,,,,
31/01/2019 11:00,27606.794,14%,,,,,,,,,,
31/01/2019 12:00,34010.971,17%,,,,,,,,,,
31/01/2019 13:00,38647.098,19%,,,,,,,,,,
31/01/2019 14:00,40585.693,20%,,,,,,,,,,
31/01/2019 15:00,43959.226,22%,,,,,,,,,,
31/01/2019 16:00,54236.263,27%,,,,,,,,,,
31/01/2019 17:00,56574.646,28%,,,,,,,,,,
31/01/2019 18:00,53933.752,27%,,,,,,,,,,
31/01/2019 19:00,50189.289,25%,,,,,,,,,,
31/01/2019 20:00,46657.039,23%,,,,,,,,,,
31/01/2019 21:00,42829.855,21%,,,,,,,,,,
31/01/2019 22:00,40719.506,20%,,,,,,,,,,
31/01/2019 23:00,37734.813,19%,,,,,,,,,,
01/02/2019 00:00,33771.108,17%,,,,,,,,,,
01/02/2019 01:00,30400.184,15%,,,,,,,,,,
01/02/2019 02:00,28329.629,14%,,,,,,,,,,
01/02/2019 03:00,27179.081,14%,,,,,,,,,,
01/02/2019 04:00,28216.889,14%,,,,,,,,,,
01/02/2019 05:00,32019.822,16%,,,,,,,,,,
01/02/2019 06:00,36915.553,18%,,,,,,,,,,
01/02/2019 07:00,42821.317,21%,,,,,,,,,,
01/02/2019 08:00,47568.833,24%,,,,,,,,,,
01/02/2019 09:00,51043.552,26%,,,,,,,,,,
01/02/2019 10:00,42024.434,21%,,,,,,,,,,
01/02/2019 11:00,35152.789,18%,,,,,,,,,,
01/02/2019 12:00,39222.554,20%,,,,,,,,,,
01/02/2019 13:00,45184.747,23%,,,,,,,,,,
01/02/2019 14:00,44931.274,22%,,,,,,,,,,
01/02/2019 15:00,51581.679,26%,,,,,,,,,,
01/02/2019 16:00,60991.03,30%,,,,,,,,,,
01/02/2019 17:00,66831.734,33%,,,,,,,,,,
01/02/2019 18:00,79248.857,40%,,,,,,,,,,
01/02/2019 19:00,100985.977,50%,,,,,,,,,,
01/02/2019 20:00,108419.49,54%,,,,,,,,,,
01/02/2019 21:00,115451.699,58%,,,,,,,,,,
01/02/2019 22:00,102340.671,51%,,,,,,,,,,
01/02/2019 23:00,90141.713,45%,,,,,,,,,,
02/02/2019 00:00,76380.119,38%,,,,,,,,,,
02/02/2019 01:00,76050.844,38%,,,,,,,,,,
02/02/2019 02:00,77834.09,39%,,,,,,,,,,
02/02/2019 03:00,78872.119,39%,,,,,,,,,,
02/02/2019 04:00,78209.684,39%,,,,,,,,,,
02/02/2019 05:00,76616.671,38%,,,,,,,,,,
02/02/2019 06:00,75455.874,38%,,,,,,,,,,
02/02/2019 07:00,70481.58,35%,,,,,,,,,,
02/02/2019 08:00,64524.545,32%,,,,,,,,,,
02/02/2019 09:00,52753.954,26%,,,,,,,,,,
02/02/2019 10:00,38596.214,19%,,,,,,,,,,
02/02/2019 11:00,30804.656,15%,,,,,,,,,,
02/02/2019 12:00,37286.559,19%,,,,,,,,,,
02/02/2019 13:00,38323.357,19%,,,,,,,,,,
02/02/2019 14:00,28593.087,14%,,,,,,,,,,
02/02/2019 15:00,23857.506,12%,,,,,,,,,,
02/02/2019 16:00,24723.206,12%,,,,,,,,,,
02/02/2019 17:00,26316.361,13%,,,,,,,,,,
02/02/2019 18:00,24963.57,12%,,,,,,,,,,
02/02/2019 19:00,22890.9,11%,,,,,,,,,,
02/02/2019 20:00,23309.774,12%,,,,,,,,,,
02/02/2019 21:00,26601.965,13%,,,,,,,,,,
02/02/2019 22:00,32308.421,16%,,,,,,,,,,
02/02/2019 23:00,43164.028,22%,,,,,,,,,,
03/02/2019 00:00,56959.666,28%,,,,,,,,,,
03/02/2019 01:00,67528.336,34%,,,,,,,,,,
03/02/2019 02:00,75191.871,38%,,,,,,,,,,
03/02/2019 03:00,79556.639,40%,,,,,,,,,,
03/02/2019 04:00,89401.61,45%,,,,,,,,,,
03/02/2019 05:00,93475.862,47%,,,,,,,,,,
03/02/2019 06:00,88342.571,44%,,,,,,,,,,
03/02/2019 07:00,90776.585,45%,,,,,,,,,,
03/02/2019 08:00,104502.247,52%,,,,,,,,,,
03/02/2019 09:00,127375.26,64%,,,,,,,,,,
03/02/2019 10:00,147907.116,74%,,,,,,,,,,
03/02/2019 11:00,131023.4,66%,,,,,,,,,,
03/02/2019 12:00,111293.678,56%,,,,,,,,,,
03/02/2019 13:00,95189.717,48%,,,,,,,,,,
03/02/2019 14:00,85146.818,43%,,,,,,,,,,
03/02/2019 15:00,85625.526,43%,,,,,,,,,,
03/02/2019 16:00,74382.445,37%,,,,,,,,,,
03/02/2019 17:00,64007.873,32%,,,,,,,,,,
03/02/2019 18:00,58762.614,29%,,,,,,,,,,
03/02/2019 19:00,60986.279,30%,,,,,,,,,,
03/02/2019 20:00,63116.809,32%,,,,,,,,,,
03/02/2019 21:00,59533.676,30%,,,,,,,,,,
03/02/2019 22:00,57784.847,29%,,,,,,,,,,
03/02/2019 23:00,68642.607,34%,,,,,,,,,,
04/02/2019 00:00,85449.931,43%,,,,,,,,,,
04/02/2019 01:00,95740.798,48%,,,,,,,,,,
04/02/2019 02:00,157139.131,79%,,,,,,,,,,
04/02/2019 03:00,159585.978,80%,,,,,,,,,,
04/02/2019 04:00,146567.142,73%,,,,,,,,,,
04/02/2019 05:00,139415.027,70%,,,,,,,,,,
04/02/2019 06:00,140026.253,70%,,,,,,,,,,
04/02/2019 07:00,146505.137,73%,,,,,,,,,,
04/02/2019 08:00,132803.587,66%,,,,,,,,,,
04/02/2019 09:00,102184.735,51%,,,,,,,,,,
04/02/2019 10:00,88298.632,44%,,,,,,,,,,
04/02/2019 11:00,91878.839,46%,,,,,,,,,,
04/02/2019 12:00,100305.976,50%,,,,,,,,,,
04/02/2019 13:00,103158.448,52%,,,,,,,,,,
04/02/2019 14:00,100215.968,50%,,,,,,,,,,
04/02/2019 15:00,86911.015,43%,,,,,,,,,,
04/02/2019 16:00,76733.511,38%,,,,,,,,,,
04/02/2019 17:00,67348.62,34%,,,,,,,,,,
04/02/2019 18:00,61186.541,31%,,,,,,,,,,
04/02/2019 19:00,52281.216,26%,,,,,,,,,,
04/02/2019 20:00,46618.645,23%,,,,,,,,,,
04/02/2019 21:00,43550.652,22%,,,,,,,,,,
04/02/2019 22:00,41819.608,21%,,,,,,,,,,
04/02/2019 23:00,34379.011,17%,,,,,,,,,,
05/02/2019 00:00,26597.748,13%,,,,,,,,,,
05/02/2019 01:00,22955.106,11%,,,,,,,,,,
05/02/2019 02:00,20249.474,10%,,,,,,,,,,
05/02/2019 03:00,15799.316,8%,,,,,,,,,,
05/02/2019 04:00,12999.277,6%,,,,,,,,,,
05/02/2019 05:00,14299.335,7%,,,,,,,,,,
05/02/2019 06:00,19978.401,10%,,,,,,,,,,
05/02/2019 07:00,28806.109,14%,,,,,,,,,,
05/02/2019 08:00,38749.213,19%,,,,,,,,,,
05/02/2019 09:00,47661.759,24%,,,,,,,,,,
05/02/2019 10:00,53225.534,27%,,,,,,,,,,
05/02/2019 11:00,73525.916,37%,,,,,,,,,,
05/02/2019 12:00,88850.673,44%,,,,,,,,,,
05/02/2019 13:00,100676.351,50%,,,,,,,,,,
05/02/2019 14:00,115545.433,58%,,,,,,,,,,
05/02/2019 15:00,136944.182,68%,,,,,,,,,,
05/02/2019 16:00,145275.499,73%,,,,,,,,,,
05/02/2019 17:00,141069.717,71%,,,,,,,,,,
05/02/2019 18:00,120379.449,60%,,,,,,,,,,
05/02/2019 19:00,109406.758,55%,,,,,,,,,,
05/02/2019 20:00,126093.748,63%,,,,,,,,,,
05/02/2019 21:00,124265.971,62%,,,,,,,,,,
05/02/2019 22:00,123576.333,62%,,,,,,,,,,
05/02/2019 23:00,120970.553,60%,,,,,,,,,,
06/02/2019 00:00,114362.7,57%,,,,,,,,,,
06/02/2019 01:00,102064.35,51%,,,,,,,,,,
06/02/2019 02:00,94351.209,47%,,,,,,,,,,
06/02/2019 03:00,86374.838,43%,,,,,,,,,,
06/02/2019 04:00,80508.243,40%,,,,,,,,,,
06/02/2019 05:00,73780.524,37%,,,,,,,,,,
06/02/2019 06:00,72325.373,36%,,,,,,,,,,
06/02/2019 07:00,72993.083,36%,,,,,,,,,,
06/02/2019 08:00,74379.676,37%,,,,,,,,,,
06/02/2019 09:00,93257.706,47%,,,,,,,,,,
06/02/2019 10:00,87459.168,44%,,,,,,,,,,
06/02/2019 11:00,90780.431,45%,,,,,,,,,,
06/02/2019 12:00,97670.144,49%,,,,,,,,,,
06/02/2019 13:00,111412.615,56%,,,,,,,,,,
06/02/2019 14:00,120928.291,60%,,,,,,,,,,
06/02/2019 15:00,126593.115,63%,,,,,,,,,,
06/02/2019 16:00,134892.15,67%,,,,,,,,,,
06/02/2019 17:00,133029.395,67%,,,,,,,,,,
06/02/2019 18:00,122278.255,61%,,,,,,,,,,
06/02/2019 19:00,101770.57,51%,,,,,,,,,,
06/02/2019 20:00,75466.271,38%,,,,,,,,,,
06/02/2019 21:00,55629.805,28%,,,,,,,,,,
06/02/2019 22:00,44098.763,22%,,,,,,,,,,
06/02/2019 23:00,36988.934,18%,,,,,,,,,,
07/02/2019 00:00,36596.544,18%,,,,,,,,,,
07/02/2019 01:00,35106.372,18%,,,,,,,,,,
07/02/2019 02:00,34928.118,17%,,,,,,,,,,
07/02/2019 03:00,29259.111,15%,,,,,,,,,,
07/02/2019 04:00,23958.999,12%,,,,,,,,,,
07/02/2019 05:00,18146.523,9%,,,,,,,,,,
07/02/2019 06:00,8155.84,4%,,,,,,,,,,
07/02/2019 07:00,1025.027,1%,,,,,,,,,,
07/02/2019 08:00,8591.093,4%,,,,,,,,,,
07/02/2019 09:00,28897.19,14%,,,,,,,,,,
07/02/2019 10:00,44615.324,22%,,,,,,,,,,
07/02/2019 11:00,53927.778,27%,,,,,,,,,,
07/02/2019 12:00,66315.243,33%,,,,,,,,,,
07/02/2019 13:00,79558.729,40%,,,,,,,,,,
07/02/2019 14:00,88093.846,44%,,,,,,,,,,
07/02/2019 15:00,96293.456,48%,,,,,,,,,,
07/02/2019 16:00,101017.589,51%,,,,,,,,,,
07/02/2019 17:00,102064.888,51%,,,,,,,,,,
07/02/2019 18:00,100938.973,50%,,,,,,,,,,
07/02/2019 19:00,104937.82,52%,,,,,,,,,,
07/02/2019 20:00,105368.408,53%,,,,,,,,,,
07/02/2019 21:00,93841.931,47%,,,,,,,,,,
07/02/2019 22:00,76522.868,38%,,,,,,,,,,
07/02/2019 23:00,69152.055,35%,,,,,,,,,,
08/02/2019 00:00,66022.394,33%,,,,,,,,,,
08/02/2019 01:00,73385.027,37%,,,,,,,,,,
08/02/2019 02:00,90781.84,45%,,,,,,,,,,
08/02/2019 03:00,105135.585,53%,,,,,,,,,,
08/02/2019 04:00,119726.441,60%,,,,,,,,,,
08/02/2019 05:00,138500.776,69%,,,,,,,,,,
08/02/2019 06:00,161781.814,81%,,,,,,,,,,
08/02/2019 07:00,171421.146,86%,,,,,,,,,,
08/02/2019 08:00,184043.607,92%,,,,,,,,,,
08/02/2019 09:00,187122.441,94%,,,,,,,,,,
08/02/2019 10:00,187920.856,94%,,,,,,,,,,
08/02/2019 11:00,192547.944,96%,,,,,,,,,,
08/02/2019 12:00,195061.276,98%,,,,,,,,,,
08/02/2019 13:00,196136.392,98%,,,,,,,,,,
08/02/2019 14:00,197878.521,99%,,,,,,,,,,
08/02/2019 15:00,197798.964,99%,,,,,,,,,,
08/02/2019 16:00,197303.382,99%,,,,,,,,,,
08/02/2019 17:00,197582.552,99%,,,,,,,,,,
08/02/2019 18:00,197730.026,99%,,,,,,,,,,
08/02/2019 19:00,196947.948,98%,,,,,,,,,,
08/02/2019 20:00,195713.35,98%,,,,,,,,,,
08/02/2019 21:00,194524.812,97%,,,,,,,,,,
08/02/2019 22:00,194217.536,97%,,,,,,,,,,
08/02/2019 23:00,193215.053,97%,,,,,,,,,,
09/02/2019 00:00,187307.343,94%,,,,,,,,,,
09/02/2019 01:00,163757.556,82%,,,,,,,,,,
09/02/2019 02:00,142230.488,71%,,,,,,,,,,
09/02/2019 03:00,157718.736,79%,,,,,,,,,,
09/02/2019 04:00,177368.447,89%,,,,,,,,,,
09/02/2019 05:00,188121.019,94%,,,,,,,,,,
09/02/2019 06:00,195158.974,98%,,,,,,,,,,
09/02/2019 07:00,197662.148,99%,,,,,,,,,,
09/02/2019 08:00,197999.869,99%,,,,,,,,,,
09/02/2019 09:00,197817.145,99%,,,,,,,,,,
09/02/2019 10:00,197288.401,99%,,,,,,,,,,
09/02/2019 11:00,196363.244,98%,,,,,,,,,,
09/02/2019 12:00,194906.604,97%,,,,,,,,,,
09/02/2019 13:00,192549.418,96%,,,,,,,,,,
09/02/2019 14:00,186782.415,93%,,,,,,,,,,
09/02/2019 15:00,179696.616,90%,,,,,,,,,,
09/02/2019 16:00,168413.882,84%,,,,,,,,,,
09/02/2019 17:00,156249.729,78%,,,,,,,,,,
09/02/2019 18:00,146200.15,73%,,,,,,,,,,
09/02/2019 19:00,132211.696,66%,,,,,,,,,,
09/02/2019 20:00,115793.55,58%,,,,,,,,,,
09/02/2019 21:00,104060.875,52%,,,,,,,,,,
09/02/2019 22:00,94472.519,47%,,,,,,,,,,
09/02/2019 23:00,86381.736,43%,,,,,,,,,,
10/02/2019 00:00,79014.34,40%,,,,,,,,,,
10/02/2019 01:00,71535.933,36%,,,,,,,,,,
10/02/2019 02:00,63514.846,32%,,,,,,,,,,
10/02/2019 03:00,55914.055,28%,,,,,,,,,,
10/02/2019 04:00,55434.558,28%,,,,,,,,,,
10/02/2019 05:00,58892.244,29%,,,,,,,,,,
10/02/2019 06:00,61313.402,31%,,,,,,,,,,
10/02/2019 07:00,62377.13,31%,,,,,,,,,,
10/02/2019 08:00,63120.546,32%,,,,,,,,,,
10/02/2019 09:00,61683.423,31%,,,,,,,,,,
10/02/2019 10:00,59323.008,30%,,,,,,,,,,
10/02/2019 11:00,64012.946,32%,,,,,,,,,,
10/02/2019 12:00,67164.802,34%,,,,,,,,,,
10/02/2019 13:00,59460.226,30%,,,,,,,,,,
10/02/2019 14:00,44100.963,22%,,,,,,,,,,
10/02/2019 15:00,33488.192,17%,,,,,,,,,,
10/02/2019 16:00,28240.873,14%,,,,,,,,,,
10/02/2019 17:00,22555.33,11%,,,,,,,,,,
10/02/2019 18:00,23659.314,12%,,,,,,,,,,
10/02/2019 19:00,34689.273,17%,,,,,,,,,,
10/02/2019 20:00,52903.27,26%,,,,,,,,,,
10/02/2019 21:00,71566.737,36%,,,,,,,,,,
10/02/2019 22:00,80110.601,40%,,,,,,,,,,
10/02/2019 23:00,83398.48,42%,,,,,,,,,,
11/02/2019 00:00,83339.198,42%,,,,,,,,,,
11/02/2019 01:00,79350.443,40%,,,,,,,,,,
11/02/2019 02:00,64520.91,32%,,,,,,,,,,
11/02/2019 03:00,47374.668,24%,,,,,,,,,,
11/02/2019 04:00,35222.341,18%,,,,,,,,,,
11/02/2019 05:00,27383.198,14%,,,,,,,,,,
11/02/2019 06:00,19842.876,10%,,,,,,,,,,
11/02/2019 07:00,12730.61,6%,,,,,,,,,,
11/02/2019 08:00,7240.253,4%,,,,,,,,,,
11/02/2019 09:00,2383.878,1%,,,,,,,,,,
11/02/2019 10:00,1043.195,1%,,,,,,,,,,
11/02/2019 11:00,9752.479,5%,,,,,,,,,,
11/02/2019 12:00,22730.425,11%,,,,,,,,,,
11/02/2019 13:00,29017.664,15%,,,,,,,,,,
11/02/2019 14:00,30097.039,15%,,,,,,,,,,
11/02/2019 15:00,28927.023,14%,,,,,,,,,,
11/02/2019 16:00,36428.374,18%,,,,,,,,,,
11/02/2019 17:00,41972.545,21%,,,,,,,,,,
11/02/2019 18:00,51620.113,26%,,,,,,,,,,
11/02/2019 19:00,66317.009,33%,,,,,,,,,,
11/02/2019 20:00,76186.636,38%,,,,,,,,,,
11/02/2019 21:00,79555.76,40%,,,,,,,,,,
11/02/2019 22:00,83280.675,42%,,,,,,,,,,
11/02/2019 23:00,88299.777,44%,,,,,,,,,,
12/02/2019 00:00,87923.604,44%,,,,,,,,,,
12/02/2019 01:00,104524.01,52%,,,,,,,,,,
12/02/2019 02:00,98894.104,49%,,,,,,,,,,
12/02/2019 03:00,99011.223,50%,,,,,,,,,,
12/02/2019 04:00,121370.558,61%,,,,,,,,,,
12/02/2019 05:00,136508.592,68%,,,,,,,,,,
12/02/2019 06:00,150445.974,75%,,,,,,,,,,
12/02/2019 07:00,153069.545,77%,,,,,,,,,,
12/02/2019 08:00,147239.369,74%,,,,,,,,,,
12/02/2019 09:00,154904.926,77%,,,,,,,,,,
12/02/2019 10:00,162206.586,81%,,,,,,,,,,
12/02/2019 11:00,165746.086,83%,,,,,,,,,,
12/02/2019 12:00,161856.956,81%,,,,,,,,,,
12/02/2019 13:00,155304.1,78%,,,,,,,,,,
12/02/2019 14:00,149978.802,75%,,,,,,,,,,
12/02/2019 15:00,151696.86,76%,,,,,,,,,,
12/02/2019 16:00,141428.029,71%,,,,,,,,,,
12/02/2019 17:00,133026.158,67%,,,,,,,,,,
12/02/2019 18:00,121458.043,61%,,,,,,,,,,
12/02/2019 19:00,111012.788,56%,,,,,,,,,,
12/02/2019 20:00,90814.185,45%,,,,,,,,,,
12/02/2019 21:00,77125.584,39%,,,,,,,,,,
12/02/2019 22:00,69368.945,35%,,,,,,,,,,
12/02/2019 23:00,65746.374,33%,,,,,,,,,,
13/02/2019 00:00,65034.318,33%,,,,,,,,,,
13/02/2019 01:00,84095.854,42%,,,,,,,,,,
13/02/2019 02:00,125104.947,63%,,,,,,,,,,
13/02/2019 03:00,142939.529,71%,,,,,,,,,,
13/02/2019 04:00,144425.534,72%,,,,,,,,,,
13/02/2019 05:00,137354.217,69%,,,,,,,,,,
13/02/2019 06:00,146028.081,73%,,,,,,,,,,
13/02/2019 07:00,151781.18,76%,,,,,,,,,,
13/02/2019 08:00,151626.219,76%,,,,,,,,,,
13/02/2019 09:00,150575.847,75%,,,,,,,,,,
13/02/2019 10:00,153355.379,77%,,,,,,,,,,
13/02/2019 11:00,153638.782,77%,,,,,,,,,,
13/02/2019 12:00,154381.446,77%,,,,,,,,,,
13/02/2019 13:00,154829.279,77%,,,,,,,,,,
13/02/2019 14:00,153487.509,77%,,,,,,,,,,
13/02/2019 15:00,145139.934,73%,,,,,,,,,,
13/02/2019 16:00,137764.194,69%,,,,,,,,,,
13/02/2019 17:00,135528.147,68%,,,,,,,,,,
13/02/2019 18:00,135356.238,68%,,,,,,,,,,
13/02/2019 19:00,140073.483,70%,,,,,,,,,,
13/02/2019 20:00,146045.465,73%,,,,,,,,,,
13/02/2019 21:00,149972.413,75%,,,,,,,,,,
13/02/2019 22:00,148188.116,74%,,,,,,,,,,
13/02/2019 23:00,142671.204,71%,,,,,,,,,,
14/02/2019 00:00,138497.384,69%,,,,,,,,,,
14/02/2019 01:00,136944.05,68%,,,,,,,,,,
14/02/2019 02:00,144004.01,72%,,,,,,,,,,
14/02/2019 03:00,139472.779,70%,,,,,,,,,,
14/02/2019 04:00,134018.638,67%,,,,,,,,,,
14/02/2019 05:00,130734.792,65%,,,,,,,,,,
14/02/2019 06:00,129251.989,65%,,,,,,,,,,
14/02/2019 07:00,122047.241,61%,,,,,,,,,,
14/02/2019 08:00,107434.931,54%,,,,,,,,,,
14/02/2019 09:00,92104.917,46%,,,,,,,,,,
14/02/2019 10:00,85892.157,43%,,,,,,,,,,
14/02/2019 11:00,90432.61,45%,,,,,,,,,,
14/02/2019 12:00,92707.802,46%,,,,,,,,,,
14/02/2019 13:00,96094.547,48%,,,,,,,,,,
14/02/2019 14:00,90823.31,45%,,,,,,,,,,
14/02/2019 15:00,84462.487,42%,,,,,,,,,,
14/02/2019 16:00,88302.426,44%,,,,,,,,,,
14/02/2019 17:00,93738.544,47%,,,,,,,,,,
14/02/2019 18:00,91225.928,46%,,,,,,,,,,
14/02/2019 19:00,81979.269,41%,,,,,,,,,,
14/02/2019 20:00,74821.758,37%,,,,,,,,,,
14/02/2019 21:00,73190.583,37%,,,,,,,,,,
14/02/2019 22:00,71533.823,36%,,,,,,,,,,
14/02/2019 23:00,69830.434,35%,,,,,,,,,,
15/02/2019 00:00,67374.236,34%,,,,,,,,,,
15/02/2019 01:00,65583.024,33%,,,,,,,,,,
15/02/2019 02:00,64399.341,32%,,,,,,,,,,
15/02/2019 03:00,69344.115,35%,,,,,,,,,,
15/02/2019 04:00,65493.674,33%,,,,,,,,,,
15/02/2019 05:00,67341.064,34%,,,,,,,,,,
15/02/2019 06:00,71533.442,36%,,,,,,,,,,
15/02/2019 07:00,68649.764,34%,,,,,,,,,,
15/02/2019 08:00,78935.259,39%,,,,,,,,,,
15/02/2019 09:00,82549.511,41%,,,,,,,,,,
15/02/2019 10:00,98450.022,49%,,,,,,,,,,
15/02/2019 11:00,118003.575,59%,,,,,,,,,,
15/02/2019 12:00,128812.779,64%,,,,,,,,,,
15/02/2019 13:00,134276.192,67%,,,,,,,,,,
15/02/2019 14:00,137123.425,69%,,,,,,,,,,
15/02/2019 15:00,135787.265,68%,,,,,,,,,,
15/02/2019 16:00,135099.135,68%,,,,,,,,,,
15/02/2019 17:00,134814.979,67%,,,,,,,,,,
15/02/2019 18:00,138659.141,69%,,,,,,,,,,
15/02/2019 19:00,143234.656,72%,,,,,,,,,,
15/02/2019 20:00,158442.056,79%,,,,,,,,,,
15/02/2019 21:00,157008.86,79%,,,,,,,,,,
15/02/2019 22:00,151358.669,76%,,,,,,,,,,
15/02/2019 23:00,143749.37,72%,,,,,,,,,,
16/02/2019 00:00,143285.103,72%,,,,,,,,,,
16/02/2019 01:00,144379.609,72%,,,,,,,,,,
16/02/2019 02:00,130850.382,65%,,,,,,,,,,
16/02/2019 03:00,126589.959,63%,,,,,,,,,,
16/02/2019 04:00,115399.185,58%,,,,,,,,,,
16/02/2019 05:00,109406.769,55%,,,,,,,,,,
16/02/2019 06:00,121506.765,61%,,,,,,,,,,
16/02/2019 07:00,126092.701,63%,,,,,,,,,,
16/02/2019 08:00,119782.969,60%,,,,,,,,,,
16/02/2019 09:00,113209.823,57%,,,,,,,,,,
16/02/2019 10:00,116596.477,58%,,,,,,,,,,
16/02/2019 11:00,120243.32,60%,,,,,,,,,,
16/02/2019 12:00,117884.396,59%,,,,,,,,,,
16/02/2019 13:00,115543.058,58%,,,,,,,,,,
16/02/2019 14:00,110500.979,55%,,,,,,,,,,
16/02/2019 15:00,111308.772,56%,,,,,,,,,,
16/02/2019 16:00,115463.7,58%,,,,,,,,,,
16/02/2019 17:00,118376.653,59%,,,,,,,,,,
16/02/2019 18:00,124066.534,62%,,,,,,,,,,
16/02/2019 19:00,118021.197,59%,,,,,,,,,,
16/02/2019 20:00,115102.788,58%,,,,,,,,,,
16/02/2019 21:00,124321.059,62%,,,,,,,,,,
16/02/2019 22:00,137136.082,69%,,,,,,,,,,
16/02/2019 23:00,156933.92,78%,,,,,,,,,,
17/02/2019 00:00,167777.765,84%,,,,,,,,,,
17/02/2019 01:00,176284.955,88%,,,,,,,,,,
17/02/2019 02:00,179401.96,90%,,,,,,,,,,
17/02/2019 03:00,178716.854,89%,,,,,,,,,,
17/02/2019 04:00,178916.021,89%,,,,,,,,,,
17/02/2019 05:00,175815.987,88%,,,,,,,,,,
17/02/2019 06:00,172582.014,86%,,,,,,,,,,
17/02/2019 07:00,168262.691,84%,,,,,,,,,,
17/02/2019 08:00,161862.461,81%,,,,,,,,,,
17/02/2019 09:00,157763.6,79%,,,,,,,,,,
17/02/2019 10:00,159880.125,80%,,,,,,,,,,
17/02/2019 11:00,161209.278,81%,,,,,,,,,,
17/02/2019 12:00,165736.196,83%,,,,,,,,,,
17/02/2019 13:00,164082.752,82%,,,,,,,,,,
17/02/2019 14:00,158363.862,79%,,,,,,,,,,
17/02/2019 15:00,156660.33,78%,,,,,,,,,,
17/02/2019 16:00,151451.36,76%,,,,,,,,,,
17/02/2019 17:00,154385.401,77%,,,,,,,,,,
17/02/2019 18:00,163762.031,82%,,,,,,,,,,
17/02/2019 19:00,171709.697,86%,,,,,,,,,,
17/02/2019 20:00,177265.879,89%,,,,,,,,,,
17/02/2019 21:00,180078.272,90%,,,,,,,,,,
17/02/2019 22:00,178297.775,89%,,,,,,,,,,
17/02/2019 23:00,175178.122,88%,,,,,,,,,,
18/02/2019 00:00,173361.054,87%,,,,,,,,,,
18/02/2019 01:00,170850.392,85%,,,,,,,,,,
18/02/2019 02:00,170732.125,85%,,,,,,,,,,
18/02/2019 03:00,166937.343,83%,,,,,,,,,,
18/02/2019 04:00,164084.869,82%,,,,,,,,,,
18/02/2019 05:00,161206.307,81%,,,,,,,,,,
18/02/2019 06:00,158440.751,79%,,,,,,,,,,
18/02/2019 07:00,159672.339,80%,,,,,,,,,,
18/02/2019 08:00,161864.592,81%,,,,,,,,,,
18/02/2019 09:00,166841.461,83%,,,,,,,,,,
18/02/2019 10:00,174475.271,87%,,,,,,,,,,
18/02/2019 11:00,174235.67,87%,,,,,,,,,,
18/02/2019 12:00,169282.62,85%,,,,,,,,,,
18/02/2019 13:00,162624.594,81%,,,,,,,,,,
18/02/2019 14:00,154458.837,77%,,,,,,,,,,
18/02/2019 15:00,145471.953,73%,,,,,,,,,,
18/02/2019 16:00,140582.262,70%,,,,,,,,,,
18/02/2019 17:00,135067.55,68%,,,,,,,,,,
18/02/2019 18:00,128756.265,64%,,,,,,,,,,
18/02/2019 19:00,121347.09,61%,,,,,,,,,,
18/02/2019 20:00,112985.122,56%,,,,,,,,,,
18/02/2019 21:00,105069.719,53%,,,,,,,,,,
18/02/2019 22:00,101770.414,51%,,,,,,,,,,
18/02/2019 23:00,103511.998,52%,,,,,,,,,,
19/02/2019 00:00,109089.56,55%,,,,,,,,,,
19/02/2019 01:00,105370.433,53%,,,,,,,,,,
19/02/2019 02:00,103705.458,52%,,,,,,,,,,
19/02/2019 03:00,102611.846,51%,,,,,,,,,,
19/02/2019 04:00,97745.743,49%,,,,,,,,,,
19/02/2019 05:00,85967.497,43%,,,,,,,,,,
19/02/2019 06:00,70482.824,35%,,,,,,,,,,
19/02/2019 07:00,64546.155,32%,,,,,,,,,,
19/02/2019 08:00,60989.177,30%,,,,,,,,,,
19/02/2019 09:00,56069.539,28%,,,,,,,,,,
19/02/2019 10:00,60559.588,30%,,,,,,,,,,
19/02/2019 11:00,60134.761,30%,,,,,,,,,,
19/02/2019 12:00,56252.613,28%,,,,,,,,,,
19/02/2019 13:00,53924.861,27%,,,,,,,,,,
19/02/2019 14:00,51266.607,26%,,,,,,,,,,
19/02/2019 15:00,50188.293,25%,,,,,,,,,,
19/02/2019 16:00,54398.792,27%,,,,,,,,,,
19/02/2019 17:00,70309.329,35%,,,,,,,,,,
19/02/2019 18:00,84457.343,42%,,,,,,,,,,
19/02/2019 19:00,92706.908,46%,,,,,,,,,,
19/02/2019 20:00,100607.739,50%,,,,,,,,,,
19/02/2019 21:00,107514.8,54%,,,,,,,,,,
19/02/2019 22:00,107514.884,54%,,,,,,,,,,
19/02/2019 23:00,103985.282,52%,,,,,,,,,,
20/02/2019 00:00,98905.871,49%,,,,,,,,,,
20/02/2019 01:00,104290.683,52%,,,,,,,,,,
20/02/2019 02:00,126588.793,63%,,,,,,,,,,
20/02/2019 03:00,125388.657,63%,,,,,,,,,,
20/02/2019 04:00,129482.689,65%,,,,,,,,,,
20/02/2019 05:00,130638.437,65%,,,,,,,,,,
20/02/2019 06:00,126916.914,63%,,,,,,,,,,
20/02/2019 07:00,144094.991,72%,,,,,,,,,,
20/02/2019 08:00,149343.679,75%,,,,,,,,,,
20/02/2019 09:00,154708.79,77%,,,,,,,,,,
20/02/2019 10:00,163627.134,82%,,,,,,,,,,
20/02/2019 11:00,164800.403,82%,,,,,,,,,,
20/02/2019 12:00,165022.083,83%,,,,,,,,,,
20/02/2019 13:00,158165.657,79%,,,,,,,,,,
20/02/2019 14:00,145736.847,73%,,,,,,,,,,
20/02/2019 15:00,134343.773,67%,,,,,,,,,,
20/02/2019 16:00,128812.841,64%,,,,,,,,,,
20/02/2019 17:00,120918.111,60%,,,,,,,,,,
20/02/2019 18:00,111111.929,56%,,,,,,,,,,
20/02/2019 19:00,97957.199,49%,,,,,,,,,,
20/02/2019 20:00,91783.955,46%,,,,,,,,,,
20/02/2019 21:00,91482.564,46%,,,,,,,,,,
20/02/2019 22:00,96244.053,48%,,,,,,,,,,
20/02/2019 23:00,93884.076,47%,,,,,,,,,,
21/02/2019 00:00,93261.257,47%,,,,,,,,,,
21/02/2019 01:00,93318.929,47%,,,,,,,,,,
21/02/2019 02:00,91333.16,46%,,,,,,,,,,
21/02/2019 03:00,85010.73,43%,,,,,,,,,,
21/02/2019 04:00,83019.193,42%,,,,,,,,,,
21/02/2019 05:00,82562.297,41%,,,,,,,,,,
21/02/2019 06:00,78666.324,39%,,,,,,,,,,
21/02/2019 07:00,68946.436,34%,,,,,,,,,,
21/02/2019 08:00,67830.084,34%,,,,,,,,,,
21/02/2019 09:00,65870.008,33%,,,,,,,,,,
21/02/2019 10:00,76307.145,38%,,,,,,,,,,
21/02/2019 11:00,96555.515,48%,,,,,,,,,,
21/02/2019 12:00,91879.96,46%,,,,,,,,,,
21/02/2019 13:00,89972.23,45%,,,,,,,,,,
21/02/2019 14:00,86376.916,43%,,,,,,,,,,
21/02/2019 15:00,75582.743,38%,,,,,,,,,,
21/02/2019 16:00,73381.654,37%,,,,,,,,,,
21/02/2019 17:00,74719.392,37%,,,,,,,,,,
21/02/2019 18:00,84095.88,42%,,,,,,,,,,
21/02/2019 19:00,93723.039,47%,,,,,,,,,,
21/02/2019 20:00,105068.979,53%,,,,,,,,,,
21/02/2019 21:00,117122.18,59%,,,,,,,,,,
21/02/2019 22:00,123363.393,62%,,,,,,,,,,
21/02/2019 23:00,126589.252,63%,,,,,,,,,,
22/02/2019 00:00,130122.147,65%,,,,,,,,,,
22/02/2019 01:00,132959.368,66%,,,,,,,,,,
22/02/2019 02:00,136965.114,68%,,,,,,,,,,
22/02/2019 03:00,145262.178,73%,,,,,,,,,,
22/02/2019 04:00,152687.494,76%,,,,,,,,,,
22/02/2019 05:00,160518.973,80%,,,,,,,,,,
22/02/2019 06:00,166478.221,83%,,,,,,,,,,
22/02/2019 07:00,170560.4,85%,,,,,,,,,,
22/02/2019 08:00,159705.386,80%,,,,,,,,,,
22/02/2019 09:00,150414.612,75%,,,,,,,,,,
22/02/2019 10:00,126191.846,63%,,,,,,,,,,
22/02/2019 11:00,110483.184,55%,,,,,,,,,,
22/02/2019 12:00,123575.228,62%,,,,,,,,,,
22/02/2019 13:00,127320.521,64%,,,,,,,,,,
22/02/2019 14:00,123384.454,62%,,,,,,,,,,
22/02/2019 15:00,118550.963,59%,,,,,,,,,,
22/02/2019 16:00,125527.813,63%,,,,,,,,,,
22/02/2019 17:00,133723.128,67%,,,,,,,,,,
22/02/2019 18:00,139486.848,70%,,,,,,,,,,
22/02/2019 19:00,140344.322,70%,,,,,,,,,,
22/02/2019 20:00,138528.606,69%,,,,,,,,,,
22/02/2019 21:00,136435.28,68%,,,,,,,,,,
22/02/2019 22:00,133631.959,67%,,,,,,,,,,
22/02/2019 23:00,132058.478,66%,,,,,,,,,,
23/02/2019 00:00,131655.281,66%,,,,,,,,,,
23/02/2019 01:00,127179.825,64%,,,,,,,,,,
23/02/2019 02:00,129390.564,65%,,,,,,,,,,
23/02/2019 03:00,132938.23,66%,,,,,,,,,,
23/02/2019 04:00,134344.245,67%,,,,,,,,,,
23/02/2019 05:00,136370.187,68%,,,,,,,,,,
23/02/2019 06:00,139353.665,70%,,,,,,,,,,
23/02/2019 07:00,142719.906,71%,,,,,,,,,,
23/02/2019 08:00,140891.489,70%,,,,,,,,,,
23/02/2019 09:00,138041.049,69%,,,,,,,,,,
23/02/2019 10:00,137470.889,69%,,,,,,,,,,
23/02/2019 11:00,140040.517,70%,,,,,,,,,,
23/02/2019 12:00,149975.401,75%,,,,,,,,,,
23/02/2019 13:00,142763.347,71%,,,,,,,,,,
23/02/2019 14:00,122556.73,61%,,,,,,,,,,
23/02/2019 15:00,109263.444,55%,,,,,,,,,,
23/02/2019 16:00,105585.815,53%,,,,,,,,,,
23/02/2019 17:00,100415.153,50%,,,,,,,,,,
23/02/2019 18:00,103158.483,52%,,,,,,,,,,
23/02/2019 19:00,88851.316,44%,,,,,,,,,,
23/02/2019 20:00,70472.769,35%,,,,,,,,,,
23/02/2019 21:00,63317.959,32%,,,,,,,,,,
23/02/2019 22:00,47118.337,24%,,,,,,,,,,
23/02/2019 23:00,30371.58,15%,,,,,,,,,,
24/02/2019 00:00,19239.297,10%,,,,,,,,,,
24/02/2019 01:00,12370.051,6%,,,,,,,,,,
24/02/2019 02:00,9727.504,5%,,,,,,,,,,
24/02/2019 03:00,5183.595,3%,,,,,,,,,,
24/02/2019 04:00,3939.737,2%,,,,,,,,,,
24/02/2019 05:00,9931.051,5%,,,,,,,,,,
24/02/2019 06:00,22469.209,11%,,,,,,,,,,
24/02/2019 07:00,35737.434,18%,,,,,,,,,,
24/02/2019 08:00,43587.45,22%,,,,,,,,,,
24/02/2019 09:00,49046.203,25%,,,,,,,,,,
24/02/2019 10:00,53024.923,27%,,,,,,,,,,
24/02/2019 11:00,60000.09,30%,,,,,,,,,,
24/02/2019 12:00,66834.845,33%,,,,,,,,,,
24/02/2019 13:00,70231.885,35%,,,,,,,,,,
24/02/2019 14:00,68129.532,34%,,,,,,,,,,
24/02/2019 15:00,63808.332,32%,,,,,,,,,,
24/02/2019 16:00,67720.095,34%,,,,,,,,,,
24/02/2019 17:00,71054.128,36%,,,,,,,,,,
24/02/2019 18:00,73130.184,37%,,,,,,,,,,
24/02/2019 19:00,74275.767,37%,,,,,,,,,,
24/02/2019 20:00,66315.688,33%,,,,,,,,,,
24/02/2019 21:00,60651.335,30%,,,,,,,,,,
24/02/2019 22:00,62237.894,31%,,,,,,,,,,
24/02/2019 23:00,62247.737,31%,,,,,,,,,,
25/02/2019 00:00,57785.704,29%,,,,,,,,,,
25/02/2019 01:00,50579.41,25%,,,,,,,,,,
25/02/2019 02:00,43968.089,22%,,,,,,,,,,
25/02/2019 03:00,38658.375,19%,,,,,,,,,,
25/02/2019 04:00,34549.583,17%,,,,,,,,,,
25/02/2019 05:00,30979.829,15%,,,,,,,,,,
25/02/2019 06:00,26010.745,13%,,,,,,,,,,
25/02/2019 07:00,21707.289,11%,,,,,,,,,,
25/02/2019 08:00,20716.778,10%,,,,,,,,,,
25/02/2019 09:00,18002.454,9%,,,,,,,,,,
25/02/2019 10:00,19500.649,10%,,,,,,,,,,
25/02/2019 11:00,26578.432,13%,,,,,,,,,,
25/02/2019 12:00,26967.651,13%,,,,,,,,,,
25/02/2019 13:00,24100.978,12%,,,,,,,,,,
25/02/2019 14:00,22828.178,11%,,,,,,,,,,
25/02/2019 15:00,26054.343,13%,,,,,,,,,,
25/02/2019 16:00,38394.951,19%,,,,,,,,,,
25/02/2019 17:00,56482.695,28%,,,,,,,,,,
25/02/2019 18:00,70479.784,35%,,,,,,,,,,
25/02/2019 19:00,74715.758,37%,,,,,,,,,,
25/02/2019 20:00,73204.404,37%,,,,,,,,,,
25/02/2019 21:00,72899.681,36%,,,,,,,,,,
25/02/2019 22:00,74804.761,37%,,,,,,,,,,
25/02/2019 23:00,78206.094,39%,,,,,,,,,,
26/02/2019 00:00,79559.009,40%,,,,,,,,,,
26/02/2019 01:00,77768.382,39%,,,,,,,,,,
26/02/2019 02:00,74328.707,37%,,,,,,,,,,
26/02/2019 03:00,69823.76,35%,,,,,,,,,,
26/02/2019 04:00,62237.744,31%,,,,,,,,,,
26/02/2019 05:00,51329.201,26%,,,,,,,,,,
26/02/2019 06:00,40483.888,20%,,,,,,,,,,
26/02/2019 07:00,30462.426,15%,,,,,,,,,,
26/02/2019 08:00,20780.054,10%,,,,,,,,,,
26/02/2019 09:00,12567.204,6%,,,,,,,,,,
26/02/2019 10:00,9167.367,5%,,,,,,,,,,
26/02/2019 11:00,8055.225,4%,,,,,,,,,,
26/02/2019 12:00,6598.781,3%,,,,,,,,,,
26/02/2019 13:00,6485.924,3%,,,,,,,,,,
26/02/2019 14:00,6754.829,3%,,,,,,,,,,
26/02/2019 15:00,6345.946,3%,,,,,,,,,,
26/02/2019 16:00,7894.192,4%,,,,,,,,,,
26/02/2019 17:00,12687.881,6%,,,,,,,,,,
26/02/2019 18:00,19286.937,10%,,,,,,,,,,
26/02/2019 19:00,25981.748,13%,,,,,,,,,,
26/02/2019 20:00,31415.437,16%,,,,,,,,,,
26/02/2019 21:00,33471.158,17%,,,,,,,,,,
26/02/2019 22:00,32171.238,16%,,,,,,,,,,
26/02/2019 23:00,31283.353,16%,,,,,,,,,,
27/02/2019 00:00,31404.17,16%,,,,,,,,,,
27/02/2019 01:00,31970.946,16%,,,,,,,,,,
27/02/2019 02:00,34031.26,17%,,,,,,,,,,
27/02/2019 03:00,36731.75,18%,,,,,,,,,,
27/02/2019 04:00,36712.337,18%,,,,,,,,,,
27/02/2019 05:00,33963.811,17%,,,,,,,,,,
27/02/2019 06:00,30952.45,15%,,,,,,,,,,
27/02/2019 07:00,29812.167,15%,,,,,,,,,,
27/02/2019 08:00,26632.253,13%,,,,,,,,,,
27/02/2019 09:00,20794.842,10%,,,,,,,,,,
27/02/2019 10:00,19731.96,10%,,,,,,,,,,
27/02/2019 11:00,24553.165,12%,,,,,,,,,,
27/02/2019 12:00,28797.545,14%,,,,,,,,,,
27/02/2019 13:00,33375.94,17%,,,,,,,,,,
27/02/2019 14:00,31013.82,16%,,,,,,,,,,
27/02/2019 15:00,26430.35,13%,,,,,,,,,,
27/02/2019 16:00,24129.122,12%,,,,,,,,,,
27/02/2019 17:00,22416.129,11%,,,,,,,,,,
27/02/2019 18:00,17093.481,9%,,,,,,,,,,
27/02/2019 19:00,12008.907,6%,,,,,,,,,,
27/02/2019 20:00,7245.994,4%,,,,,,,,,,
27/02/2019 21:00,3785.934,2%,,,,,,,,,,
27/02/2019 22:00,4186.017,2%,,,,,,,,,,
27/02/2019 23:00,9831.952,5%,,,,,,,,,,
28/02/2019 00:00,19268.285,10%,,,,,,,,,,
28/02/2019 01:00,31831.476,16%,,,,,,,,,,
28/02/2019 02:00,42917.563,21%,,,,,,,,,,
28/02/2019 03:00,46826.606,23%,,,,,,,,,,
28/02/2019 04:00,45051.399,23%,,,,,,,,,,
28/02/2019 05:00,42463.761,21%,,,,,,,,,,
28/02/2019 06:00,40367.632,20%,,,,,,,,,,
28/02/2019 07:00,39036.172,20%,,,,,,,,,,
28/02/2019 08:00,35097.976,18%,,,,,,,,,,
28/02/2019 09:00,31643.763,16%,,,,,,,,,,
28/02/2019 10:00,29652.805,15%,,,,,,,,,,
28/02/2019 11:00,24808.67,12%,,,,,,,,,,
28/02/2019 12:00,20690.937,10%,,,,,,,,,,
28/02/2019 13:00,16630.52,8%,,,,,,,,,,
28/02/2019 14:00,12807.253,6%,,,,,,,,,,
28/02/2019 15:00,9810.339,5%,,,,,,,,,,
28/02/2019 16:00,6708.515,3%,,,,,,,,,,
28/02/2019 17:00,4026.386,2%,,,,,,,,,,
28/02/2019 18:00,2102.873,1%,,,,,,,,,,
28/02/2019 19:00,2407.15,1%,,,,,,,,,,
28/02/2019 20:00,3378.64,2%,,,,,,,,,,
28/02/2019 21:00,3368.218,2%,,,,,,,,,,
28/02/2019 22:00,2472.715,1%,,,,,,,,,,
28/02/2019 23:00,1359.256,1%,,,,,,,,,,
01/03/2019 00:00,1647.945,1%,,,,,,,,,,
01/03/2019 01:00,3275.85,2%,,,,,,,,,,
01/03/2019 02:00,5604.648,3%,,,,,,,,,,
01/03/2019 03:00,6339.271,3%,,,,,,,,,,
01/03/2019 04:00,4865.728,2%,,,,,,,,,,
01/03/2019 05:00,3043.102,2%,,,,,,,,,,
01/03/2019 06:00,3630.622,2%,,,,,,,,,,
01/03/2019 07:00,6129.787,3%,,,,,,,,,,
01/03/2019 08:00,9436.051,5%,,,,,,,,,,
01/03/2019 09:00,13261.568,7%,,,,,,,,,,
01/03/2019 10:00,15817.078,8%,,,,,,,,,,
01/03/2019 11:00,17591.731,9%,,,,,,,,,,
01/03/2019 12:00,20732.468,10%,,,,,,,,,,
01/03/2019 13:00,24777.156,12%,,,,,,,,,,
01/03/2019 14:00,27865.39,14%,,,,,,,,,,
01/03/2019 15:00,30819.558,15%,,,,,,,,,,
01/03/2019 16:00,38903.122,19%,,,,,,,,,,
01/03/2019 17:00,57785.573,29%,,,,,,,,,,
01/03/2019 18:00,69373.432,35%,,,,,,,,,,
01/03/2019 19:00,71535.317,36%,,,,,,,,,,
01/03/2019 20:00,72963.008,36%,,,,,,,,,,
01/03/2019 21:00,68126.395,34%,,,,,,,,,,
01/03/2019 22:00,65756.807,33%,,,,,,,,,,
01/03/2019 23:00,63969.45,32%,,,,,,,,,,
02/03/2019 00:00,59024.886,30%,,,,,,,,,,
02/03/2019 01:00,51233.315,26%,,,,,,,,,,
02/03/2019 02:00,42319.467,21%,,,,,,,,,,
02/03/2019 03:00,49731.99,25%,,,,,,,,,,
02/03/2019 04:00,50790.319,25%,,,,,,,,,,
02/03/2019 05:00,31600.414,16%,,,,,,,,,,
02/03/2019 06:00,19961.87,10%,,,,,,,,,,
02/03/2019 07:00,23866.745,12%,,,,,,,,,,
02/03/2019 08:00,31733.008,16%,,,,,,,,,,
02/03/2019 09:00,48724.731,24%,,,,,,,,,,
02/03/2019 10:00,89690.284,45%,,,,,,,,,,
02/03/2019 11:00,140253.207,70%,,,,,,,,,,
02/03/2019 12:00,177821.282,89%,,,,,,,,,,
02/03/2019 13:00,191024.112,96%,,,,,,,,,,
02/03/2019 14:00,192728.269,96%,,,,,,,,,,
02/03/2019 15:00,189936.476,95%,,,,,,,,,,
02/03/2019 16:00,180049.621,90%,,,,,,,,,,
02/03/2019 17:00,182780.475,91%,,,,,,,,,,
02/03/2019 18:00,182553.763,91%,,,,,,,,,,
02/03/2019 19:00,184108.059,92%,,,,,,,,,,
02/03/2019 20:00,189127.503,95%,,,,,,,,,,
02/03/2019 21:00,193638.822,97%,,,,,,,,,,
02/03/2019 22:00,196450.664,98%,,,,,,,,,,
02/03/2019 23:00,197596.145,99%,,,,,,,,,,
03/03/2019 00:00,198047.848,99%,,,,,,,,,,
03/03/2019 01:00,198219.663,99%,,,,,,,,,,
03/03/2019 02:00,198203.293,99%,,,,,,,,,,
03/03/2019 03:00,197994.211,99%,,,,,,,,,,
03/03/2019 04:00,197192.282,99%,,,,,,,,,,
03/03/2019 05:00,195681.839,98%,,,,,,,,,,
03/03/2019 06:00,193511.065,97%,,,,,,,,,,
03/03/2019 07:00,190315.033,95%,,,,,,,,,,
03/03/2019 08:00,187697.132,94%,,,,,,,,,,
03/03/2019 09:00,183690.861,92%,,,,,,,,,,
03/03/2019 10:00,179955.786,90%,,,,,,,,,,
03/03/2019 11:00,175883.912,88%,,,,,,,,,,
03/03/2019 12:00,164745.972,82%,,,,,,,,,,
03/03/2019 13:00,145706.072,73%,,,,,,,,,,
03/03/2019 14:00,108753.756,54%,,,,,,,,,,
03/03/2019 15:00,65471.11,33%,,,,,,,,,,
03/03/2019 16:00,39271.348,20%,,,,,,,,,,
03/03/2019 17:00,29014.995,15%,,,,,,,,,,
03/03/2019 18:00,22945.301,11%,,,,,,,,,,
03/03/2019 19:00,17860.594,9%,,,,,,,,,,
03/03/2019 20:00,22422.785,11%,,,,,,,,,,
03/03/2019 21:00,36127.871,18%,,,,,,,,,,
03/03/2019 22:00,52604.665,26%,,,,,,,,,,
03/03/2019 23:00,67090.817,34%,,,,,,,,,,
04/03/2019 00:00,83337.936,42%,,,,,,,,,,
04/03/2019 01:00,92158.089,46%,,,,,,,,,,
04/03/2019 02:00,102062.915,51%,,,,,,,,,,
04/03/2019 03:00,102292.663,51%,,,,,,,,,,
04/03/2019 04:00,100357.54,50%,,,,,,,,,,
04/03/2019 05:00,100940.987,50%,,,,,,,,,,
04/03/2019 06:00,101395.976,51%,,,,,,,,,,
04/03/2019 07:00,102864.601,51%,,,,,,,,,,
04/03/2019 08:00,96290.453,48%,,,,,,,,,,
04/03/2019 09:00,96844.103,48%,,,,,,,,,,
04/03/2019 10:00,124731.428,62%,,,,,,,,,,
04/03/2019 11:00,136441.297,68%,,,,,,,,,,
04/03/2019 12:00,136438.366,68%,,,,,,,,,,
04/03/2019 13:00,133163.538,67%,,,,,,,,,,
04/03/2019 14:00,127398.424,64%,,,,,,,,,,
04/03/2019 15:00,117737.507,59%,,,,,,,,,,
04/03/2019 16:00,107972.123,54%,,,,,,,,,,
04/03/2019 17:00,103998.989,52%,,,,,,,,,,
04/03/2019 18:00,95190.154,48%,,,,,,,,,,
04/03/2019 19:00,83914.511,42%,,,,,,,,,,
04/03/2019 20:00,82913.216,41%,,,,,,,,,,
04/03/2019 21:00,79934.161,40%,,,,,,,,,,
04/03/2019 22:00,78950.448,39%,,,,,,,,,,
04/03/2019 23:00,77429.326,39%,,,,,,,,,,
05/03/2019 00:00,70482.052,35%,,,,,,,,,,
05/03/2019 01:00,61179.377,31%,,,,,,,,,,
05/03/2019 02:00,53290.566,27%,,,,,,,,,,
05/03/2019 03:00,48142.672,24%,,,,,,,,,,
05/03/2019 04:00,39837.016,20%,,,,,,,,,,
05/03/2019 05:00,35629.063,18%,,,,,,,,,,
05/03/2019 06:00,33490.793,17%,,,,,,,,,,
05/03/2019 07:00,30726.254,15%,,,,,,,,,,
05/03/2019 08:00,26854.46,13%,,,,,,,,,,
05/03/2019 09:00,25250.325,13%,,,,,,,,,,
05/03/2019 10:00,23628.005,12%,,,,,,,,,,
05/03/2019 11:00,23175.355,12%,,,,,,,,,,
05/03/2019 12:00,19704.246,10%,,,,,,,,,,
05/03/2019 13:00,11759.701,6%,,,,,,,,,,
05/03/2019 14:00,7151.963,4%,,,,,,,,,,
05/03/2019 15:00,3859.418,2%,,,,,,,,,,
05/03/2019 16:00,2506.813,1%,,,,,,,,,,
05/03/2019 17:00,2880.537,1%,,,,,,,,,,
05/03/2019 18:00,5833.91,3%,,,,,,,,,,
05/03/2019 19:00,10719.734,5%,,,,,,,,,,
05/03/2019 20:00,19933.824,10%,,,,,,,,,,
05/03/2019 21:00,31905.495,16%,,,,,,,,,,
05/03/2019 22:00,44065.895,22%,,,,,,,,,,
05/03/2019 23:00,54701.26,27%,,,,,,,,,,
06/03/2019 00:00,64018.319,32%,,,,,,,,,,
06/03/2019 01:00,78277.403,39%,,,,,,,,,,
06/03/2019 02:00,102555.434,51%,,,,,,,,,,
06/03/2019 03:00,126004.425,63%,,,,,,,,,,
06/03/2019 04:00,140087.877,70%,,,,,,,,,,
06/03/2019 05:00,153308.427,77%,,,,,,,,,,
06/03/2019 06:00,164083.703,82%,,,,,,,,,,
06/03/2019 07:00,162635.599,81%,,,,,,,,,,
06/03/2019 08:00,152941.434,76%,,,,,,,,,,
06/03/2019 09:00,134368.23,67%,,,,,,,,,,
06/03/2019 10:00,116180.759,58%,,,,,,,,,,
06/03/2019 11:00,83915.222,42%,,,,,,,,,,
06/03/2019 12:00,55598.496,28%,,,,,,,,,,
06/03/2019 13:00,43312.899,22%,,,,,,,,,,
06/03/2019 14:00,35418.718,18%,,,,,,,,,,
06/03/2019 15:00,27248.447,14%,,,,,,,,,,
06/03/2019 16:00,24471.373,12%,,,,,,,,,,
06/03/2019 17:00,29722.796,15%,,,,,,,,,,
06/03/2019 18:00,35775.545,18%,,,,,,,,,,
06/03/2019 19:00,36337.565,18%,,,,,,,,,,
06/03/2019 20:00,30678.305,15%,,,,,,,,,,
06/03/2019 21:00,24915.873,12%,,,,,,,,,,
06/03/2019 22:00,20321.394,10%,,,,,,,,,,
06/03/2019 23:00,17737.709,9%,,,,,,,,,,
07/03/2019 00:00,15209.949,8%,,,,,,,,,,
07/03/2019 01:00,9722.868,5%,,,,,,,,,,
07/03/2019 02:00,5335.8,3%,,,,,,,,,,
07/03/2019 03:00,12661.844,6%,,,,,,,,,,
07/03/2019 04:00,38176.171,19%,,,,,,,,,,
07/03/2019 05:00,69400.916,35%,,,,,,,,,,
07/03/2019 06:00,88754.251,44%,,,,,,,,,,
07/03/2019 07:00,107896.124,54%,,,,,,,,,,
07/03/2019 08:00,128816.009,64%,,,,,,,,,,
07/03/2019 09:00,151160.825,76%,,,,,,,,,,
07/03/2019 10:00,162350.542,81%,,,,,,,,,,
07/03/2019 11:00,169038.691,85%,,,,,,,,,,
07/03/2019 12:00,172056.438,86%,,,,,,,,,,
07/03/2019 13:00,170463.668,85%,,,,,,,,,,
07/03/2019 14:00,164560.316,82%,,,,,,,,,,
07/03/2019 15:00,153632.623,77%,,,,,,,,,,
07/03/2019 16:00,142420.286,71%,,,,,,,,,,
07/03/2019 17:00,133578.712,67%,,,,,,,,,,
07/03/2019 18:00,122557.123,61%,,,,,,,,,,
07/03/2019 19:00,106429.827,53%,,,,,,,,,,
07/03/2019 20:00,88302.76,44%,,,,,,,,,,
07/03/2019 21:00,66836.703,33%,,,,,,,,,,
07/03/2019 22:00,51313.295,26%,,,,,,,,,,
07/03/2019 23:00,38724.29,19%,,,,,,,,,,
08/03/2019 00:00,28545.718,14%,,,,,,,,,,
08/03/2019 01:00,21814.482,11%,,,,,,,,,,
08/03/2019 02:00,14017.972,7%,,,,,,,,,,
08/03/2019 03:00,17087.81,9%,,,,,,,,,,
08/03/2019 04:00,24305.262,12%,,,,,,,,,,
08/03/2019 05:00,28871.583,14%,,,,,,,,,,
08/03/2019 06:00,39885.999,20%,,,,,,,,,,
08/03/2019 07:00,52280.619,26%,,,,,,,,,,
08/03/2019 08:00,58868.432,29%,,,,,,,,,,
08/03/2019 09:00,66082.237,33%,,,,,,,,,,
08/03/2019 10:00,90005.388,45%,,,,,,,,,,
08/03/2019 11:00,112393.582,56%,,,,,,,,,,
08/03/2019 12:00,119727.611,60%,,,,,,,,,,
08/03/2019 13:00,116788.048,58%,,,,,,,,,,
08/03/2019 14:00,117906.674,59%,,,,,,,,,,
08/03/2019 15:00,122555.256,61%,,,,,,,,,,
08/03/2019 16:00,113601.197,57%,,,,,,,,,,
08/03/2019 17:00,110296.437,55%,,,,,,,,,,
08/03/2019 18:00,149608.58,75%,,,,,,,,,,
08/03/2019 19:00,185144.162,93%,,,,,,,,,,
08/03/2019 20:00,189407.276,95%,,,,,,,,,,
08/03/2019 21:00,188859.914,94%,,,,,,,,,,
08/03/2019 22:00,188877.063,94%,,,,,,,,,,
08/03/2019 23:00,187379.072,94%,,,,,,,,,,
09/03/2019 00:00,182552.371,91%,,,,,,,,,,
09/03/2019 01:00,178923.442,89%,,,,,,,,,,
09/03/2019 02:00,175848.183,88%,,,,,,,,,,
09/03/2019 03:00,172801.821,86%,,,,,,,,,,
09/03/2019 04:00,165743.603,83%,,,,,,,,,,
09/03/2019 05:00,146284.613,73%,,,,,,,,,,
09/03/2019 06:00,128519.418,64%,,,,,,,,,,
09/03/2019 07:00,107514.79,54%,,,,,,,,,,
09/03/2019 08:00,92208.591,46%,,,,,,,,,,
09/03/2019 09:00,101376.352,51%,,,,,,,,,,
09/03/2019 10:00,106569.759,53%,,,,,,,,,,
09/03/2019 11:00,113158.132,57%,,,,,,,,,,
09/03/2019 12:00,135550.865,68%,,,,,,,,,,
09/03/2019 13:00,164406.204,82%,,,,,,,,,,
09/03/2019 14:00,175499.077,88%,,,,,,,,,,
09/03/2019 15:00,174022.118,87%,,,,,,,,,,
09/03/2019 16:00,164568.272,82%,,,,,,,,,,
09/03/2019 17:00,147347.183,74%,,,,,,,,,,
09/03/2019 18:00,133718.24,67%,,,,,,,,,,
09/03/2019 19:00,108925.196,54%,,,,,,,,,,
09/03/2019 20:00,80776.93,40%,,,,,,,,,,
09/03/2019 21:00,67119.519,34%,,,,,,,,,,
09/03/2019 22:00,55328.003,28%,,,,,,,,,,
09/03/2019 23:00,44113.001,22%,,,,,,,,,,
10/03/2019 00:00,38538.448,19%,,,,,,,,,,
10/03/2019 01:00,31327.677,16%,,,,,,,,,,
10/03/2019 02:00,24354.976,12%,,,,,,,,,,
10/03/2019 03:00,22835.234,11%,,,,,,,,,,
10/03/2019 04:00,26216.752,13%,,,,,,,,,,
10/03/2019 05:00,36930.762,18%,,,,,,,,,,
10/03/2019 06:00,56562.47,28%,,,,,,,,,,
10/03/2019 07:00,72320.581,36%,,,,,,,,,,
10/03/2019 08:00,89443.899,45%,,,,,,,,,,
10/03/2019 09:00,120840.111,60%,,,,,,,,,,
10/03/2019 10:00,161864.085,81%,,,,,,,,,,
10/03/2019 11:00,176634.989,88%,,,,,,,,,,
10/03/2019 12:00,183661.856,92%,,,,,,,,,,
10/03/2019 13:00,183142.635,92%,,,,,,,,,,
10/03/2019 14:00,182739.313,91%,,,,,,,,,,
10/03/2019 15:00,183888.609,92%,,,,,,,,,,
10/03/2019 16:00,183084.927,92%,,,,,,,,,,
10/03/2019 17:00,179821.799,90%,,,,,,,,,,
10/03/2019 18:00,173467.271,87%,,,,,,,,,,
10/03/2019 19:00,165751.493,83%,,,,,,,,,,
10/03/2019 20:00,159081.775,80%,,,,,,,,,,
10/03/2019 21:00,155944.247,78%,,,,,,,,,,
10/03/2019 22:00,154010.266,77%,,,,,,,,,,
10/03/2019 23:00,153146.32,77%,,,,,,,,,,
11/03/2019 00:00,154805.116,77%,,,,,,,,,,
11/03/2019 01:00,158256.703,79%,,,,,,,,,,
11/03/2019 02:00,160115.589,80%,,,,,,,,,,
11/03/2019 03:00,157983.443,79%,,,,,,,,,,
11/03/2019 04:00,155381.922,78%,,,,,,,,,,
11/03/2019 05:00,153715.013,77%,,,,,,,,,,
11/03/2019 06:00,148036.981,74%,,,,,,,,,,
11/03/2019 07:00,127425.107,64%,,,,,,,,,,
11/03/2019 08:00,90193.177,45%,,,,,,,,,,
11/03/2019 09:00,95189.305,48%,,,,,,,,,,
11/03/2019 10:00,115924.107,58%,,,,,,,,,,
11/03/2019 11:00,109002.026,55%,,,,,,,,,,
11/03/2019 12:00,98502.15,49%,,,,,,,,,,
11/03/2019 13:00,89710.468,45%,,,,,,,,,,
11/03/2019 14:00,90780.066,45%,,,,,,,,,,
11/03/2019 15:00,88136.749,44%,,,,,,,,,,
11/03/2019 16:00,97046.731,49%,,,,,,,,,,
11/03/2019 17:00,125687.309,63%,,,,,,,,,,
11/03/2019 18:00,157851.956,79%,,,,,,,,,,
11/03/2019 19:00,179870.32,90%,,,,,,,,,,
11/03/2019 20:00,189333.177,95%,,,,,,,,,,
11/03/2019 21:00,193819.355,97%,,,,,,,,,,
11/03/2019 22:00,196294.415,98%,,,,,,,,,,
11/03/2019 23:00,194347.98,97%,,,,,,,,,,
12/03/2019 00:00,184618.593,92%,,,,,,,,,,
12/03/2019 01:00,175416.976,88%,,,,,,,,,,
12/03/2019 02:00,167132.66,84%,,,,,,,,,,
12/03/2019 03:00,157333.766,79%,,,,,,,,,,
12/03/2019 04:00,158315.411,79%,,,,,,,,,,
12/03/2019 05:00,157010.207,79%,,,,,,,,,,
12/03/2019 06:00,152693.601,76%,,,,,,,,,,
12/03/2019 07:00,148003.611,74%,,,,,,,,,,
12/03/2019 08:00,143907.846,72%,,,,,,,,,,
12/03/2019 09:00,150545.239,75%,,,,,,,,,,
12/03/2019 10:00,165332.825,83%,,,,,,,,,,
12/03/2019 11:00,176014.896,88%,,,,,,,,,,
12/03/2019 12:00,184464.821,92%,,,,,,,,,,
12/03/2019 13:00,191677.39,96%,,,,,,,,,,
12/03/2019 14:00,195541.332,98%,,,,,,,,,,
12/03/2019 15:00,196645.726,98%,,,,,,,,,,
12/03/2019 16:00,197801.592,99%,,,,,,,,,,
12/03/2019 17:00,197773.252,99%,,,,,,,,,,
12/03/2019 18:00,196814.554,98%,,,,,,,,,,
12/03/2019 19:00,196500.566,98%,,,,,,,,,,
12/03/2019 20:00,196456.963,98%,,,,,,,,,,
12/03/2019 21:00,197032.497,99%,,,,,,,,,,
12/03/2019 22:00,197963.481,99%,,,,,,,,,,
12/03/2019 23:00,198179.663,99%,,,,,,,,,,
13/03/2019 00:00,198266.459,99%,,,,,,,,,,
13/03/2019 01:00,198155.794,99%,,,,,,,,,,
13/03/2019 02:00,198057.541,99%,,,,,,,,,,
13/03/2019 03:00,198267.906,99%,,,,,,,,,,
13/03/2019 04:00,197574.356,99%,,,,,,,,,,
13/03/2019 05:00,194874.69,97%,,,,,,,,,,
13/03/2019 06:00,191405.797,96%,,,,,,,,,,
13/03/2019 07:00,187822.192,94%,,,,,,,,,,
13/03/2019 08:00,185337.309,93%,,,,,,,,,,
13/03/2019 09:00,183272.969,92%,,,,,,,,,,
13/03/2019 10:00,184600.183,92%,,,,,,,,,,
13/03/2019 11:00,187215.303,94%,,,,,,,,,,
13/03/2019 12:00,186735.407,93%,,,,,,,,,,
13/03/2019 13:00,185286.695,93%,,,,,,,,,,
13/03/2019 14:00,181131.659,91%,,,,,,,,,,
13/03/2019 15:00,167146.173,84%,,,,,,,,,,
13/03/2019 16:00,159218.417,80%,,,,,,,,,,
13/03/2019 17:00,145879.578,73%,,,,,,,,,,
13/03/2019 18:00,131063.804,66%,,,,,,,,,,
13/03/2019 19:00,136055.691,68%,,,,,,,,,,
13/03/2019 20:00,153558.872,77%,,,,,,,,,,
13/03/2019 21:00,173164.697,87%,,,,,,,,,,
13/03/2019 22:00,183316.815,92%,,,,,,,,,,
13/03/2019 23:00,184041.128,92%,,,,,,,,,,
14/03/2019 00:00,183317.269,92%,,,,,,,,,,
14/03/2019 01:00,181941.975,91%,,,,,,,,,,
14/03/2019 02:00,178506.126,89%,,,,,,,,,,
14/03/2019 03:00,174987.386,87%,,,,,,,,,,
14/03/2019 04:00,175228.622,88%,,,,,,,,,,
14/03/2019 05:00,179198.185,90%,,,,,,,,,,
14/03/2019 06:00,182182.445,91%,,,,,,,,,,
14/03/2019 07:00,176537.342,88%,,,,,,,,,,
14/03/2019 08:00,174223.052,87%,,,,,,,,,,
14/03/2019 09:00,176841.291,88%,,,,,,,,,,
14/03/2019 10:00,179703.24,90%,,,,,,,,,,
14/03/2019 11:00,182415.175,91%,,,,,,,,,,
14/03/2019 12:00,185090.022,93%,,,,,,,,,,
14/03/2019 13:00,185574.451,93%,,,,,,,,,,
14/03/2019 14:00,181760.058,91%,,,,,,,,,,
14/03/2019 15:00,174879.888,87%,,,,,,,,,,
14/03/2019 16:00,159195.655,80%,,,,,,,,,,
14/03/2019 17:00,146879.668,73%,,,,,,,,,,
14/03/2019 18:00,133405.354,67%,,,,,,,,,,
14/03/2019 19:00,121433.327,61%,,,,,,,,,,
14/03/2019 20:00,109945.029,55%,,,,,,,,,,
14/03/2019 21:00,98902.019,49%,,,,,,,,,,
14/03/2019 22:00,93347.941,47%,,,,,,,,,,
14/03/2019 23:00,96844.714,48%,,,,,,,,,,
15/03/2019 00:00,107514.732,54%,,,,,,,,,,
15/03/2019 01:00,119865.028,60%,,,,,,,,,,
15/03/2019 02:00,142641.942,71%,,,,,,,,,,
15/03/2019 03:00,163766.427,82%,,,,,,,,,,
15/03/2019 04:00,181397.145,91%,,,,,,,,,,
15/03/2019 05:00,188324.979,94%,,,,,,,,,,
15/03/2019 06:00,187698.223,94%,,,,,,,,,,
15/03/2019 07:00,184537.524,92%,,,,,,,,,,
15/03/2019 08:00,184886.152,92%,,,,,,,,,,
15/03/2019 09:00,189468.438,95%,,,,,,,,,,
15/03/2019 10:00,191865.343,96%,,,,,,,,,,
15/03/2019 11:00,192316.417,96%,,,,,,,,,,
15/03/2019 12:00,191846.917,96%,,,,,,,,,,
15/03/2019 13:00,191309.165,96%,,,,,,,,,,
15/03/2019 14:00,188737.131,94%,,,,,,,,,,
15/03/2019 15:00,183327.423,92%,,,,,,,,,,
15/03/2019 16:00,174445.476,87%,,,,,,,,,,
15/03/2019 17:00,166192.373,83%,,,,,,,,,,
15/03/2019 18:00,150054.257,75%,,,,,,,,,,
15/03/2019 19:00,135293.775,68%,,,,,,,,,,
15/03/2019 20:00,120817.864,60%,,,,,,,,,,
15/03/2019 21:00,108867.2,54%,,,,,,,,,,
15/03/2019 22:00,93257.736,47%,,,,,,,,,,
15/03/2019 23:00,80103.633,40%,,,,,,,,,,
16/03/2019 00:00,70889.428,35%,,,,,,,,,,
16/03/2019 01:00,59351.569,30%,,,,,,,,,,
16/03/2019 02:00,46522.221,23%,,,,,,,,,,
16/03/2019 03:00,34922.697,17%,,,,,,,,,,
16/03/2019 04:00,22088.942,11%,,,,,,,,,,
16/03/2019 05:00,20159.264,10%,,,,,,,,,,
16/03/2019 06:00,26411.176,13%,,,,,,,,,,
16/03/2019 07:00,39887.807,20%,,,,,,,,,,
16/03/2019 08:00,63667.216,32%,,,,,,,,,,
16/03/2019 09:00,80154.006,40%,,,,,,,,,,
16/03/2019 10:00,83914.061,42%,,,,,,,,,,
16/03/2019 11:00,60000.67,30%,,,,,,,,,,
16/03/2019 12:00,32403.016,16%,,,,,,,,,,
16/03/2019 13:00,26252.37,13%,,,,,,,,,,
16/03/2019 14:00,29526.779,15%,,,,,,,,,,
16/03/2019 15:00,43966.46,22%,,,,,,,,,,
16/03/2019 16:00,62732.507,31%,,,,,,,,,,
16/03/2019 17:00,75983.255,38%,,,,,,,,,,
16/03/2019 18:00,91327.938,46%,,,,,,,,,,
16/03/2019 19:00,98913.13,49%,,,,,,,,,,
16/03/2019 20:00,97427.589,49%,,,,,,,,,,
16/03/2019 21:00,92707.112,46%,,,,,,,,,,
16/03/2019 22:00,102983.988,51%,,,,,,,,,,
16/03/2019 23:00,106429.794,53%,,,,,,,,,,
17/03/2019 00:00,120246.145,60%,,,,,,,,,,
17/03/2019 01:00,131577.768,66%,,,,,,,,,,
17/03/2019 02:00,150885.318,75%,,,,,,,,,,
17/03/2019 03:00,156937.187,78%,,,,,,,,,,
17/03/2019 04:00,155311.346,78%,,,,,,,,,,
17/03/2019 05:00,152161.565,76%,,,,,,,,,,
17/03/2019 06:00,145463.353,73%,,,,,,,,,,
17/03/2019 07:00,133158.277,67%,,,,,,,,,,
17/03/2019 08:00,117436.349,59%,,,,,,,,,,
17/03/2019 09:00,111911.323,56%,,,,,,,,,,
17/03/2019 10:00,124689.275,62%,,,,,,,,,,
17/03/2019 11:00,136683.138,68%,,,,,,,,,,
17/03/2019 12:00,143345.403,72%,,,,,,,,,,
17/03/2019 13:00,144680.331,72%,,,,,,,,,,
17/03/2019 14:00,143030.351,72%,,,,,,,,,,
17/03/2019 15:00,136950.772,68%,,,,,,,,,,
17/03/2019 16:00,129001.113,65%,,,,,,,,,,
17/03/2019 17:00,121519.466,61%,,,,,,,,,,
17/03/2019 18:00,110923.648,55%,,,,,,,,,,
17/03/2019 19:00,85875.854,43%,,,,,,,,,,
17/03/2019 20:00,72320.294,36%,,,,,,,,,,
17/03/2019 21:00,71531.065,36%,,,,,,,,,,
17/03/2019 22:00,69122.058,35%,,,,,,,,,,
17/03/2019 23:00,63540.118,32%,,,,,,,,,,
18/03/2019 00:00,53213.476,27%,,,,,,,,,,
18/03/2019 01:00,45478.093,23%,,,,,,,,,,
18/03/2019 02:00,45051.747,23%,,,,,,,,,,
18/03/2019 03:00,41080.331,21%,,,,,,,,,,
18/03/2019 04:00,38340.529,19%,,,,,,,,,,
18/03/2019 05:00,35918.624,18%,,,,,,,,,,
18/03/2019 06:00,32290.848,16%,,,,,,,,,,
18/03/2019 07:00,29378.222,15%,,,,,,,,,,
18/03/2019 08:00,25477.226,13%,,,,,,,,,,
18/03/2019 09:00,21012.781,11%,,,,,,,,,,
18/03/2019 10:00,21105.635,11%,,,,,,,,,,
18/03/2019 11:00,23985.89,12%,,,,,,,,,,
18/03/2019 12:00,24289.629,12%,,,,,,,,,,
18/03/2019 13:00,21025.007,11%,,,,,,,,,,
18/03/2019 14:00,18771.36,9%,,,,,,,,,,
18/03/2019 15:00,16291.805,8%,,,,,,,,,,
18/03/2019 16:00,12834.359,6%,,,,,,,,,,
18/03/2019 17:00,12452.766,6%,,,,,,,,,,
18/03/2019 18:00,13852.461,7%,,,,,,,,,,
18/03/2019 19:00,14073.527,7%,,,,,,,,,,
18/03/2019 20:00,14226.354,7%,,,,,,,,,,
18/03/2019 21:00,17634.356,9%,,,,,,,,,,
18/03/2019 22:00,24704.211,12%,,,,,,,,,,
18/03/2019 23:00,30734.749,15%,,,,,,,,,,
19/03/2019 00:00,33480.313,17%,,,,,,,,,,
19/03/2019 01:00,35698.362,18%,,,,,,,,,,
19/03/2019 02:00,41103.436,21%,,,,,,,,,,
19/03/2019 03:00,49734.74,25%,,,,,,,,,,
19/03/2019 04:00,56616.915,28%,,,,,,,,,,
19/03/2019 05:00,58274.527,29%,,,,,,,,,,
19/03/2019 06:00,65034.51,33%,,,,,,,,,,
19/03/2019 07:00,62622.702,31%,,,,,,,,,,
19/03/2019 08:00,66806.095,33%,,,,,,,,,,
19/03/2019 09:00,93262.097,47%,,,,,,,,,,
19/03/2019 10:00,105742.73,53%,,,,,,,,,,
19/03/2019 11:00,112114.354,56%,,,,,,,,,,
19/03/2019 12:00,111288.011,56%,,,,,,,,,,
19/03/2019 13:00,104524.431,52%,,,,,,,,,,
19/03/2019 14:00,95738.68,48%,,,,,,,,,,
19/03/2019 15:00,87143.271,44%,,,,,,,,,,
19/03/2019 16:00,98619.699,49%,,,,,,,,,,
19/03/2019 17:00,117908.083,59%,,,,,,,,,,
19/03/2019 18:00,121162.219,61%,,,,,,,,,,
19/03/2019 19:00,121017.354,61%,,,,,,,,,,
19/03/2019 20:00,112589.903,56%,,,,,,,,,,
19/03/2019 21:00,107566.258,54%,,,,,,,,,,
19/03/2019 22:00,100962.613,50%,,,,,,,,,,
19/03/2019 23:00,98864.988,49%,,,,,,,,,,
20/03/2019 00:00,93260.459,47%,,,,,,,,,,
20/03/2019 01:00,86405.604,43%,,,,,,,,,,
20/03/2019 02:00,70478.34,35%,,,,,,,,,,
20/03/2019 03:00,71005.565,36%,,,,,,,,,,
20/03/2019 04:00,65904.816,33%,,,,,,,,,,
20/03/2019 05:00,65993.67,33%,,,,,,,,,,
20/03/2019 06:00,61928.375,31%,,,,,,,,,,
20/03/2019 07:00,50316.713,25%,,,,,,,,,,
20/03/2019 08:00,42938.182,21%,,,,,,,,,,
20/03/2019 09:00,43634.091,22%,,,,,,,,,,
20/03/2019 10:00,56895.371,28%,,,,,,,,,,
20/03/2019 11:00,70159.879,35%,,,,,,,,,,
20/03/2019 12:00,87851.753,44%,,,,,,,,,,
20/03/2019 13:00,103706.075,52%,,,,,,,,,,
20/03/2019 14:00,114072.881,57%,,,,,,,,,,
20/03/2019 15:00,117122.35,59%,,,,,,,,,,
20/03/2019 16:00,122951.835,61%,,,,,,,,,,
20/03/2019 17:00,130973.19,65%,,,,,,,,,,
20/03/2019 18:00,143796.243,72%,,,,,,,,,,
20/03/2019 19:00,148142.498,74%,,,,,,,,,,
20/03/2019 20:00,157426.764,79%,,,,,,,,,,
20/03/2019 21:00,161212.22,81%,,,,,,,,,,
20/03/2019 22:00,162338.094,81%,,,,,,,,,,
20/03/2019 23:00,155312.677,78%,,,,,,,,,,
21/03/2019 00:00,153307.754,77%,,,,,,,,,,
21/03/2019 01:00,150046.326,75%,,,,,,,,,,
21/03/2019 02:00,147765.162,74%,,,,,,,,,,
21/03/2019 03:00,145175.39,73%,,,,,,,,,,
21/03/2019 04:00,144003.805,72%,,,,,,,,,,
21/03/2019 05:00,135191.375,68%,,,,,,,,,,
21/03/2019 06:00,115782.481,58%,,,,,,,,,,
21/03/2019 07:00,89577.361,45%,,,,,,,,,,
21/03/2019 08:00,68650.395,34%,,,,,,,,,,
21/03/2019 09:00,52274.709,26%,,,,,,,,,,
21/03/2019 10:00,43963.739,22%,,,,,,,,,,
21/03/2019 11:00,40353.867,20%,,,,,,,,,,
21/03/2019 12:00,35237.109,18%,,,,,,,,,,
21/03/2019 13:00,27835.234,14%,,,,,,,,,,
21/03/2019 14:00,24899.266,12%,,,,,,,,,,
21/03/2019 15:00,29358.028,15%,,,,,,,,,,
21/03/2019 16:00,42702.91,21%,,,,,,,,,,
21/03/2019 17:00,58668.301,29%,,,,,,,,,,
21/03/2019 18:00,74267.709,37%,,,,,,,,,,
21/03/2019 19:00,86821.426,43%,,,,,,,,,,
21/03/2019 20:00,96769.134,48%,,,,,,,,,,
21/03/2019 21:00,99006.06,50%,,,,,,,,,,
21/03/2019 22:00,103704.425,52%,,,,,,,,,,
21/03/2019 23:00,108190.037,54%,,,,,,,,,,
22/03/2019 00:00,118913.213,59%,,,,,,,,,,
22/03/2019 01:00,139366.255,70%,,,,,,,,,,
22/03/2019 02:00,151222.588,76%,,,,,,,,,,
22/03/2019 03:00,159094.61,80%,,,,,,,,,,
22/03/2019 04:00,161537.373,81%,,,,,,,,,,
22/03/2019 05:00,167030.793,84%,,,,,,,,,,
22/03/2019 06:00,171095.533,86%,,,,,,,,,,
22/03/2019 07:00,174087.406,87%,,,,,,,,,,
22/03/2019 08:00,182997.882,91%,,,,,,,,,,
22/03/2019 09:00,186153.219,93%,,,,,,,,,,
22/03/2019 10:00,184359.96,92%,,,,,,,,,,
22/03/2019 11:00,176282.307,88%,,,,,,,,,,
22/03/2019 12:00,171472.935,86%,,,,,,,,,,
22/03/2019 13:00,170894.311,85%,,,,,,,,,,
22/03/2019 14:00,172056.768,86%,,,,,,,,,,
22/03/2019 15:00,175112.633,88%,,,,,,,,,,
22/03/2019 16:00,174085.028,87%,,,,,,,,,,
22/03/2019 17:00,171079.217,86%,,,,,,,,,,
22/03/2019 18:00,165578.41,83%,,,,,,,,,,
22/03/2019 19:00,162861.542,81%,,,,,,,,,,
22/03/2019 20:00,162405.649,81%,,,,,,,,,,
22/03/2019 21:00,162350.376,81%,,,,,,,,,,
22/03/2019 22:00,164349.581,82%,,,,,,,,,,
22/03/2019 23:00,156223.648,78%,,,,,,,,,,
23/03/2019 00:00,155304.607,78%,,,,,,,,,,
23/03/2019 01:00,160955.633,80%,,,,,,,,,,
23/03/2019 02:00,160128.919,80%,,,,,,,,,,
23/03/2019 03:00,151309.869,76%,,,,,,,,,,
23/03/2019 04:00,144929.975,72%,,,,,,,,,,
23/03/2019 05:00,140369.03,70%,,,,,,,,,,
23/03/2019 06:00,130004.259,65%,,,,,,,,,,
23/03/2019 07:00,110483.589,55%,,,,,,,,,,
23/03/2019 08:00,105069.181,53%,,,,,,,,,,
23/03/2019 09:00,123900.581,62%,,,,,,,,,,
23/03/2019 10:00,124561.886,62%,,,,,,,,,,
23/03/2019 11:00,115545.2,58%,,,,,,,,,,
23/03/2019 12:00,106972.662,53%,,,,,,,,,,
23/03/2019 13:00,102611.148,51%,,,,,,,,,,
23/03/2019 14:00,105075.992,53%,,,,,,,,,,
23/03/2019 15:00,106429.598,53%,,,,,,,,,,
23/03/2019 16:00,87037.133,44%,,,,,,,,,,
23/03/2019 17:00,74376.532,37%,,,,,,,,,,
23/03/2019 18:00,75393.592,38%,,,,,,,,,,
23/03/2019 19:00,68715.02,34%,,,,,,,,,,
23/03/2019 20:00,71527.899,36%,,,,,,,,,,
23/03/2019 21:00,94033.812,47%,,,,,,,,,,
23/03/2019 22:00,103144.592,52%,,,,,,,,,,
23/03/2019 23:00,111288.309,56%,,,,,,,,,,
24/03/2019 00:00,117121.992,59%,,,,,,,,,,
24/03/2019 01:00,124204.855,62%,,,,,,,,,,
24/03/2019 02:00,128325.384,64%,,,,,,,,,,
24/03/2019 03:00,133635.936,67%,,,,,,,,,,
24/03/2019 04:00,139403.114,70%,,,,,,,,,,
24/03/2019 05:00,143966.384,72%,,,,,,,,,,
24/03/2019 06:00,149172.938,75%,,,,,,,,,,
24/03/2019 07:00,159326.431,80%,,,,,,,,,,
24/03/2019 08:00,169134.893,85%,,,,,,,,,,
24/03/2019 09:00,177149.552,89%,,,,,,,,,,
24/03/2019 10:00,183488.655,92%,,,,,,,,,,
24/03/2019 11:00,188122.806,94%,,,,,,,,,,
24/03/2019 12:00,190536.016,95%,,,,,,,,,,
24/03/2019 13:00,191958.051,96%,,,,,,,,,,
24/03/2019 14:00,192112.837,96%,,,,,,,,,,
24/03/2019 15:00,188120.388,94%,,,,,,,,,,
24/03/2019 16:00,185437.964,93%,,,,,,,,,,
24/03/2019 17:00,182506.411,91%,,,,,,,,,,
24/03/2019 18:00,178934.018,89%,,,,,,,,,,
24/03/2019 19:00,172364.704,86%,,,,,,,,,,
24/03/2019 20:00,164561.788,82%,,,,,,,,,,
24/03/2019 21:00,156337.144,78%,,,,,,,,,,
24/03/2019 22:00,151361,76%,,,,,,,,,,
24/03/2019 23:00,146718.753,73%,,,,,,,,,,
25/03/2019 00:00,138953.24,69%,,,,,,,,,,
25/03/2019 01:00,125828.84,63%,,,,,,,,,,
25/03/2019 02:00,107999.194,54%,,,,,,,,,,
25/03/2019 03:00,96289.845,48%,,,,,,,,,,
25/03/2019 04:00,95191.074,48%,,,,,,,,,,
25/03/2019 05:00,93091.099,47%,,,,,,,,,,
25/03/2019 06:00,83912.834,42%,,,,,,,,,,
25/03/2019 07:00,63228.964,32%,,,,,,,,,,
25/03/2019 08:00,53927.212,27%,,,,,,,,,,
25/03/2019 09:00,47442.741,24%,,,,,,,,,,
25/03/2019 10:00,40523.353,20%,,,,,,,,,,
25/03/2019 11:00,40369.923,20%,,,,,,,,,,
25/03/2019 12:00,46577.692,23%,,,,,,,,,,
25/03/2019 13:00,52750.854,26%,,,,,,,,,,
25/03/2019 14:00,58264.861,29%,,,,,,,,,,
25/03/2019 15:00,61897.065,31%,,,,,,,,,,
25/03/2019 16:00,54509.108,27%,,,,,,,,,,
25/03/2019 17:00,41279.671,21%,,,,,,,,,,
25/03/2019 18:00,43303.335,22%,,,,,,,,,,
25/03/2019 19:00,48089.07,24%,,,,,,,,,,
25/03/2019 20:00,48700.33,24%,,,,,,,,,,
25/03/2019 21:00,51776.734,26%,,,,,,,,,,
25/03/2019 22:00,57785.835,29%,,,,,,,,,,
25/03/2019 23:00,64015.031,32%,,,,,,,,,,
26/03/2019 00:00,72177.107,36%,,,,,,,,,,
26/03/2019 01:00,77666.287,39%,,,,,,,,,,
26/03/2019 02:00,82941.569,41%,,,,,,,,,,
26/03/2019 03:00,81279.892,41%,,,,,,,,,,
26/03/2019 04:00,87353.589,44%,,,,,,,,,,
26/03/2019 05:00,91201.803,46%,,,,,,,,,,
26/03/2019 06:00,88849.773,44%,,,,,,,,,,
26/03/2019 07:00,83913.489,42%,,,,,,,,,,
26/03/2019 08:00,100144.09,50%,,,,,,,,,,
26/03/2019 09:00,117906.603,59%,,,,,,,,,,
26/03/2019 10:00,126035.866,63%,,,,,,,,,,
26/03/2019 11:00,132207.175,66%,,,,,,,,,,
26/03/2019 12:00,139396.958,70%,,,,,,,,,,
26/03/2019 13:00,144897.96,72%,,,,,,,,,,
26/03/2019 14:00,147761.22,74%,,,,,,,,,,
26/03/2019 15:00,142602.249,71%,,,,,,,,,,
26/03/2019 16:00,122977.963,61%,,,,,,,,,,
26/03/2019 17:00,105300.728,53%,,,,,,,,,,
26/03/2019 18:00,99593.776,50%,,,,,,,,,,
26/03/2019 19:00,92880.655,46%,,,,,,,,,,
26/03/2019 20:00,88511.539,44%,,,,,,,,,,
26/03/2019 21:00,87227.233,44%,,,,,,,,,,
26/03/2019 22:00,94063.88,47%,,,,,,,,,,
26/03/2019 23:00,96292.98,48%,,,,,,,,,,
27/03/2019 00:00,98640.758,49%,,,,,,,,,,
27/03/2019 01:00,98221.035,49%,,,,,,,,,,
27/03/2019 02:00,92536.099,46%,,,,,,,,,,
27/03/2019 03:00,85004.075,43%,,,,,,,,,,
27/03/2019 04:00,86080.625,43%,,,,,,,,,,
27/03/2019 05:00,84039.547,42%,,,,,,,,,,
27/03/2019 06:00,79372.47,40%,,,,,,,,,,
27/03/2019 07:00,82548.252,41%,,,,,,,,,,
27/03/2019 08:00,77130.64,39%,,,,,,,,,,
27/03/2019 09:00,100773.968,50%,,,,,,,,,,
27/03/2019 10:00,115326.972,58%,,,,,,,,,,
27/03/2019 11:00,121465.482,61%,,,,,,,,,,
27/03/2019 12:00,126288.899,63%,,,,,,,,,,
27/03/2019 13:00,127089.938,64%,,,,,,,,,,
27/03/2019 14:00,123572.161,62%,,,,,,,,,,
27/03/2019 15:00,109300.753,55%,,,,,,,,,,
27/03/2019 16:00,95785.629,48%,,,,,,,,,,
27/03/2019 17:00,86223.167,43%,,,,,,,,,,
27/03/2019 18:00,89404.523,45%,,,,,,,,,,
27/03/2019 19:00,87811.128,44%,,,,,,,,,,
27/03/2019 20:00,87877.749,44%,,,,,,,,,,
27/03/2019 21:00,91330.117,46%,,,,,,,,,,
27/03/2019 22:00,85083.3,43%,,,,,,,,,,
27/03/2019 23:00,77667.478,39%,,,,,,,,,,
28/03/2019 00:00,76369.825,38%,,,,,,,,,,
28/03/2019 01:00,76342.815,38%,,,,,,,,,,
28/03/2019 02:00,75247.1,38%,,,,,,,,,,
28/03/2019 03:00,79279.361,40%,,,,,,,,,,
28/03/2019 04:00,75851.923,38%,,,,,,,,,,
28/03/2019 05:00,75788.376,38%,,,,,,,,,,
28/03/2019 06:00,74470.886,37%,,,,,,,,,,
28/03/2019 07:00,73443.647,37%,,,,,,,,,,
28/03/2019 08:00,80268.278,40%,,,,,,,,,,
28/03/2019 09:00,100143.488,50%,,,,,,,,,,
28/03/2019 10:00,105069.294,53%,,,,,,,,,,
28/03/2019 11:00,110483.229,55%,,,,,,,,,,
28/03/2019 12:00,118585.433,59%,,,,,,,,,,
28/03/2019 13:00,126593.392,63%,,,,,,,,,,
28/03/2019 14:00,132493.969,66%,,,,,,,,,,
28/03/2019 15:00,133170.614,67%,,,,,,,,,,
28/03/2019 16:00,120246.568,60%,,,,,,,,,,
28/03/2019 17:00,113094.991,57%,,,,,,,,,,
28/03/2019 18:00,116912.926,58%,,,,,,,,,,
28/03/2019 19:00,115544.976,58%,,,,,,,,,,
28/03/2019 20:00,113157.958,57%,,,,,,,,,,
28/03/2019 21:00,109945.27,55%,,,,,,,,,,
28/03/2019 22:00,109945.341,55%,,,,,,,,,,
28/03/2019 23:00,111663.229,56%,,,,,,,,,,
29/03/2019 00:00,109313.309,55%,,,,,,,,,,
29/03/2019 01:00,122553.842,61%,,,,,,,,,,
29/03/2019 02:00,120244.491,60%,,,,,,,,,,
29/03/2019 03:00,124471.548,62%,,,,,,,,,,
29/03/2019 04:00,118407.991,59%,,,,,,,,,,
29/03/2019 05:00,118201.281,59%,,,,,,,,,,
29/03/2019 06:00,114751.476,57%,,,,,,,,,,
29/03/2019 07:00,109406.604,55%,,,,,,,,,,
29/03/2019 08:00,111971.965,56%,,,,,,,,,,
29/03/2019 09:00,118078.894,59%,,,,,,,,,,
29/03/2019 10:00,121759.817,61%,,,,,,,,,,
29/03/2019 11:00,120634.124,60%,,,,,,,,,,
29/03/2019 12:00,118159.441,59%,,,,,,,,,,
29/03/2019 13:00,116597.73,58%,,,,,,,,,,
29/03/2019 14:00,111096.225,56%,,,,,,,,,,
29/03/2019 15:00,96844.234,48%,,,,,,,,,,
29/03/2019 16:00,76353.212,38%,,,,,,,,,,
29/03/2019 17:00,63520.472,32%,,,,,,,,,,
29/03/2019 18:00,64517.876,32%,,,,,,,,,,
29/03/2019 19:00,65551.28,33%,,,,,,,,,,
29/03/2019 20:00,66313.584,33%,,,,,,,,,,
29/03/2019 21:00,68751.404,34%,,,,,,,,,,
29/03/2019 22:00,71548.315,36%,,,,,,,,,,
29/03/2019 23:00,75664.09,38%,,,,,,,,,,
30/03/2019 00:00,74152.394,37%,,,,,,,,,,
30/03/2019 01:00,70483.036,35%,,,,,,,,,,
30/03/2019 02:00,60117.199,30%,,,,,,,,,,
30/03/2019 03:00,55594.429,28%,,,,,,,,,,
30/03/2019 04:00,56996.476,28%,,,,,,,,,,
30/03/2019 05:00,50345.225,25%,,,,,,,,,,
30/03/2019 06:00,43488.822,22%,,,,,,,,,,
30/03/2019 07:00,38799.455,19%,,,,,,,,,,
30/03/2019 08:00,44218.05,22%,,,,,,,,,,
30/03/2019 09:00,60487.399,30%,,,,,,,,,,
30/03/2019 10:00,70947.14,35%,,,,,,,,,,
30/03/2019 11:00,76963.389,38%,,,,,,,,,,
30/03/2019 12:00,79945.196,40%,,,,,,,,,,
30/03/2019 13:00,80096.467,40%,,,,,,,,,,
30/03/2019 14:00,79561.465,40%,,,,,,,,,,
30/03/2019 15:00,78853.294,39%,,,,,,,,,,
30/03/2019 16:00,74094.837,37%,,,,,,,,,,
30/03/2019 17:00,63239.765,32%,,,,,,,,,,
30/03/2019 18:00,57780.76,29%,,,,,,,,,,
30/03/2019 19:00,50872.854,25%,,,,,,,,,,
30/03/2019 20:00,41527.329,21%,,,,,,,,,,
30/03/2019 21:00,34238.586,17%,,,,,,,,,,
30/03/2019 22:00,27971.11,14%,,,,,,,,,,
30/03/2019 23:00,23672.213,12%,,,,,,,,,,
31/03/2019 00:00,20495.283,10%,,,,,,,,,,
31/03/2019 01:00,18894.621,9%,,,,,,,,,,
31/03/2019 02:00,17746.482,9%,,,,,,,,,,
31/03/2019 03:00,17729.499,9%,,,,,,,,,,
31/03/2019 04:00,18023.56,9%,,,,,,,,,,
31/03/2019 05:00,18537.234,9%,,,,,,,,,,
31/03/2019 06:00,18556.888,9%,,,,,,,,,,
31/03/2019 07:00,13622.246,7%,,,,,,,,,,
31/03/2019 08:00,9751.86,5%,,,,,,,,,,
31/03/2019 09:00,6512.749,3%,,,,,,,,,,
31/03/2019 10:00,3396.389,2%,,,,,,,,,,
31/03/2019 11:00,2651.138,1%,,,,,,,,,,
31/03/2019 12:00,3128.985,2%,,,,,,,,,,
31/03/2019 13:00,3851.68,2%,,,,,,,,,,
31/03/2019 14:00,4493.97,2%,,,,,,,,,,
31/03/2019 15:00,5271.1,3%,,,,,,,,,,
31/03/2019 16:00,6641.014,3%,,,,,,,,,,
31/03/2019 17:00,8260.943,4%,,,,,,,,,,
31/03/2019 18:00,11343.663,6%,,,,,,,,,,
31/03/2019 19:00,17785.456,9%,,,,,,,,,,
31/03/2019 20:00,25852.93,13%,,,,,,,,,,
31/03/2019 21:00,31727.465,16%,,,,,,,,,,
31/03/2019 22:00,35057.354,18%,,,,,,,,,,
31/03/2019 23:00,36171.231,18%,,,,,,,,,,
01/04/2019 00:00,36480.49,18%,,,,,,,,,,
01/04/2019 01:00,41334.511,21%,,,,,,,,,,
01/04/2019 02:00,50985.823,25%,,,,,,,,,,
01/04/2019 03:00,58633.558,29%,,,,,,,,,,
01/04/2019 04:00,59997.057,30%,,,,,,,,,,
01/04/2019 05:00,58789.5,29%,,,,,,,,,,
01/04/2019 06:00,54885.771,27%,,,,,,,,,,
01/04/2019 07:00,56705.477,28%,,,,,,,,,,
01/04/2019 08:00,68130.783,34%,,,,,,,,,,
01/04/2019 09:00,90313.084,45%,,,,,,,,,,
01/04/2019 10:00,105069.628,53%,,,,,,,,,,
01/04/2019 11:00,113086.987,57%,,,,,,,,,,
01/04/2019 12:00,118349.443,59%,,,,,,,,,,
01/04/2019 13:00,124145.691,62%,,,,,,,,,,
01/04/2019 14:00,121921.218,61%,,,,,,,,,,
01/04/2019 15:00,107947.607,54%,,,,,,,,,,
01/04/2019 16:00,96292.788,48%,,,,,,,,,,
01/04/2019 17:00,90781.276,45%,,,,,,,,,,
01/04/2019 18:00,84448.302,42%,,,,,,,,,,
01/04/2019 19:00,77092.067,39%,,,,,,,,,,
01/04/2019 20:00,72853.563,36%,,,,,,,,,,
01/04/2019 21:00,63537.4,32%,,,,,,,,,,
01/04/2019 22:00,51211.099,26%,,,,,,,,,,
01/04/2019 23:00,41182.805,21%,,,,,,,,,,
02/04/2019 00:00,33431.337,17%,,,,,,,,,,
02/04/2019 01:00,27635.404,14%,,,,,,,,,,
02/04/2019 02:00,31126.216,16%,,,,,,,,,,
02/04/2019 03:00,34156.618,17%,,,,,,,,,,
02/04/2019 04:00,36568.739,18%,,,,,,,,,,
02/04/2019 05:00,37562.055,19%,,,,,,,,,,
02/04/2019 06:00,36185.095,18%,,,,,,,,,,
02/04/2019 07:00,38401.254,19%,,,,,,,,,,
02/04/2019 08:00,41301.297,21%,,,,,,,,,,
02/04/2019 09:00,33887.289,17%,,,,,,,,,,
02/04/2019 10:00,25060.111,13%,,,,,,,,,,
02/04/2019 11:00,18130.483,9%,,,,,,,,,,
02/04/2019 12:00,14044.339,7%,,,,,,,,,,
02/04/2019 13:00,12832.051,6%,,,,,,,,,,
02/04/2019 14:00,14094.932,7%,,,,,,,,,,
02/04/2019 15:00,17207.747,9%,,,,,,,,,,
02/04/2019 16:00,22291.216,11%,,,,,,,,,,
02/04/2019 17:00,26763.959,13%,,,,,,,,,,
02/04/2019 18:00,35040.481,18%,,,,,,,,,,
02/04/2019 19:00,47109.784,24%,,,,,,,,,,
02/04/2019 20:00,58264.582,29%,,,,,,,,,,
02/04/2019 21:00,69827.228,35%,,,,,,,,,,
02/04/2019 22:00,85852.185,43%,,,,,,,,,,
02/04/2019 23:00,104190.981,52%,,,,,,,,,,
03/04/2019 00:00,116071.177,58%,,,,,,,,,,
03/04/2019 01:00,127395.638,64%,,,,,,,,,,
03/04/2019 02:00,164115.458,82%,,,,,,,,,,
03/04/2019 03:00,169482.768,85%,,,,,,,,,,
03/04/2019 04:00,169226.482,85%,,,,,,,,,,
03/04/2019 05:00,170079.424,85%,,,,,,,,,,
03/04/2019 06:00,171036.952,86%,,,,,,,,,,
03/04/2019 07:00,174973.249,87%,,,,,,,,,,
03/04/2019 08:00,179115.081,90%,,,,,,,,,,
03/04/2019 09:00,181917.53,91%,,,,,,,,,,
03/04/2019 10:00,169369.201,85%,,,,,,,,,,
03/04/2019 11:00,151131.46,76%,,,,,,,,,,
03/04/2019 12:00,134874.453,67%,,,,,,,,,,
03/04/2019 13:00,121236.173,61%,,,,,,,,,,
03/04/2019 14:00,116706.072,58%,,,,,,,,,,
03/04/2019 15:00,125396.024,63%,,,,,,,,,,
03/04/2019 16:00,131984.032,66%,,,,,,,,,,
03/04/2019 17:00,121135.434,61%,,,,,,,,,,
03/04/2019 18:00,120245.355,60%,,,,,,,,,,
03/04/2019 19:00,124622.873,62%,,,,,,,,,,
03/04/2019 20:00,123089.15,62%,,,,,,,,,,
03/04/2019 21:00,115741.034,58%,,,,,,,,,,
03/04/2019 22:00,115544.718,58%,,,,,,,,,,
03/04/2019 23:00,118145.453,59%,,,,,,,,,,
04/04/2019 00:00,124236.22,62%,,,,,,,,,,
04/04/2019 01:00,123573.621,62%,,,,,,,,,,
04/04/2019 02:00,119728.022,60%,,,,,,,,,,
04/04/2019 03:00,111288.607,56%,,,,,,,,,,
04/04/2019 04:00,103158.907,52%,,,,,,,,,,
04/04/2019 05:00,81461.709,41%,,,,,,,,,,
04/04/2019 06:00,68698.604,34%,,,,,,,,,,
04/04/2019 07:00,51581.443,26%,,,,,,,,,,
04/04/2019 08:00,49721.72,25%,,,,,,,,,,
04/04/2019 09:00,66320.019,33%,,,,,,,,,,
04/04/2019 10:00,84463.816,42%,,,,,,,,,,
04/04/2019 11:00,98219.271,49%,,,,,,,,,,
04/04/2019 12:00,113142.814,57%,,,,,,,,,,
04/04/2019 13:00,131180.362,66%,,,,,,,,,,
04/04/2019 14:00,144850.693,72%,,,,,,,,,,
04/04/2019 15:00,149976.483,75%,,,,,,,,,,
04/04/2019 16:00,157291.417,79%,,,,,,,,,,
04/04/2019 17:00,163577.855,82%,,,,,,,,,,
04/04/2019 18:00,169129.179,85%,,,,,,,,,,
04/04/2019 19:00,170248.608,85%,,,,,,,,,,
04/04/2019 20:00,170155.017,85%,,,,,,,,,,
04/04/2019 21:00,169949.218,85%,,,,,,,,,,
04/04/2019 22:00,168251.292,84%,,,,,,,,,,
04/04/2019 23:00,164145.084,82%,,,,,,,,,,
05/04/2019 00:00,162427.863,81%,,,,,,,,,,
05/04/2019 01:00,158921.907,79%,,,,,,,,,,
05/04/2019 02:00,154008.604,77%,,,,,,,,,,
05/04/2019 03:00,150476.435,75%,,,,,,,,,,
05/04/2019 04:00,144428.726,72%,,,,,,,,,,
05/04/2019 05:00,135114.872,68%,,,,,,,,,,
05/04/2019 06:00,124760.075,62%,,,,,,,,,,
05/04/2019 07:00,119013.856,60%,,,,,,,,,,
05/04/2019 08:00,127776.15,64%,,,,,,,,,,
05/04/2019 09:00,139588.153,70%,,,,,,,,,,
05/04/2019 10:00,151515.375,76%,,,,,,,,,,
05/04/2019 11:00,160697.374,80%,,,,,,,,,,
05/04/2019 12:00,164397.543,82%,,,,,,,,,,
05/04/2019 13:00,163773.116,82%,,,,,,,,,,
05/04/2019 14:00,158559.012,79%,,,,,,,,,,
05/04/2019 15:00,148280.854,74%,,,,,,,,,,
05/04/2019 16:00,132211.097,66%,,,,,,,,,,
05/04/2019 17:00,118586.575,59%,,,,,,,,,,
05/04/2019 18:00,112671.013,56%,,,,,,,,,,
05/04/2019 19:00,104083.2,52%,,,,,,,,,,
05/04/2019 20:00,96867.32,48%,,,,,,,,,,
05/04/2019 21:00,83242.106,42%,,,,,,,,,,
05/04/2019 22:00,71008.215,36%,,,,,,,,,,
05/04/2019 23:00,58273.833,29%,,,,,,,,,,
06/04/2019 00:00,54285.895,27%,,,,,,,,,,
06/04/2019 01:00,45759.16,23%,,,,,,,,,,
06/04/2019 02:00,40559.577,20%,,,,,,,,,,
06/04/2019 03:00,36381.739,18%,,,,,,,,,,
06/04/2019 04:00,36469.091,18%,,,,,,,,,,
06/04/2019 05:00,36837.482,18%,,,,,,,,,,
06/04/2019 06:00,40048.039,20%,,,,,,,,,,
06/04/2019 07:00,36034.472,18%,,,,,,,,,,
06/04/2019 08:00,28872.145,14%,,,,,,,,,,
06/04/2019 09:00,28159.092,14%,,,,,,,,,,
06/04/2019 10:00,28647.392,14%,,,,,,,,,,
06/04/2019 11:00,27849.428,14%,,,,,,,,,,
06/04/2019 12:00,29229.722,15%,,,,,,,,,,
06/04/2019 13:00,35257.387,18%,,,,,,,,,,
06/04/2019 14:00,40453.073,20%,,,,,,,,,,
06/04/2019 15:00,43785.592,22%,,,,,,,,,,
06/04/2019 16:00,45481.607,23%,,,,,,,,,,
06/04/2019 17:00,49732.18,25%,,,,,,,,,,
06/04/2019 18:00,67354.443,34%,,,,,,,,,,
06/04/2019 19:00,92684.16,46%,,,,,,,,,,
06/04/2019 20:00,93916.773,47%,,,,,,,,,,
06/04/2019 21:00,103705.359,52%,,,,,,,,,,
06/04/2019 22:00,108867.2,54%,,,,,,,,,,
06/04/2019 23:00,107638.544,54%,,,,,,,,,,
07/04/2019 00:00,104611.149,52%,,,,,,,,,,
07/04/2019 01:00,98792.578,49%,,,,,,,,,,
07/04/2019 02:00,87450.506,44%,,,,,,,,,,
07/04/2019 03:00,82002.67,41%,,,,,,,,,,
07/04/2019 04:00,77845.083,39%,,,,,,,,,,
07/04/2019 05:00,75787.802,38%,,,,,,,,,,
07/04/2019 06:00,73391.91,37%,,,,,,,,,,
07/04/2019 07:00,79565.016,40%,,,,,,,,,,
07/04/2019 08:00,89138.964,45%,,,,,,,,,,
07/04/2019 09:00,96367.717,48%,,,,,,,,,,
07/04/2019 10:00,100073.237,50%,,,,,,,,,,
07/04/2019 11:00,98769.567,49%,,,,,,,,,,
07/04/2019 12:00,96008.088,48%,,,,,,,,,,
07/04/2019 13:00,92710.06,46%,,,,,,,,,,
07/04/2019 14:00,89402.088,45%,,,,,,,,,,
07/04/2019 15:00,86419.798,43%,,,,,,,,,,
07/04/2019 16:00,80849.871,40%,,,,,,,,,,
07/04/2019 17:00,74285.621,37%,,,,,,,,,,
07/04/2019 18:00,83913.452,42%,,,,,,,,,,
07/04/2019 19:00,98219.614,49%,,,,,,,,,,
07/04/2019 20:00,101680.521,51%,,,,,,,,,,
07/04/2019 21:00,102709.351,51%,,,,,,,,,,
07/04/2019 22:00,104523.768,52%,,,,,,,,,,
07/04/2019 23:00,105088.799,53%,,,,,,,,,,
08/04/2019 00:00,106429.571,53%,,,,,,,,,,
08/04/2019 01:00,108182.894,54%,,,,,,,,,,
08/04/2019 02:00,115017.004,58%,,,,,,,,,,
08/04/2019 03:00,111287.933,56%,,,,,,,,,,
08/04/2019 04:00,109406.644,55%,,,,,,,,,,
08/04/2019 05:00,111287.981,56%,,,,,,,,,,
08/04/2019 06:00,103720.5,52%,,,,,,,,,,
08/04/2019 07:00,107172.493,54%,,,,,,,,,,
08/04/2019 08:00,107992.717,54%,,,,,,,,,,
08/04/2019 09:00,104896.798,52%,,,,,,,,,,
08/04/2019 10:00,100908.064,50%,,,,,,,,,,
08/04/2019 11:00,100145.098,50%,,,,,,,,,,
08/04/2019 12:00,100144.076,50%,,,,,,,,,,
08/04/2019 13:00,100419.16,50%,,,,,,,,,,
08/04/2019 14:00,101518.224,51%,,,,,,,,,,
08/04/2019 15:00,101623.264,51%,,,,,,,,,,
08/04/2019 16:00,100605.906,50%,,,,,,,,,,
08/04/2019 17:00,93776.774,47%,,,,,,,,,,
08/04/2019 18:00,87518.419,44%,,,,,,,,,,
08/04/2019 19:00,95187.483,48%,,,,,,,,,,
08/04/2019 20:00,102063.483,51%,,,,,,,,,,
08/04/2019 21:00,100595.745,50%,,,,,,,,,,
08/04/2019 22:00,101082.278,51%,,,,,,,,,,
08/04/2019 23:00,99230.647,50%,,,,,,,,,,
09/04/2019 00:00,100143.706,50%,,,,,,,,,,
09/04/2019 01:00,101738.558,51%,,,,,,,,,,
09/04/2019 02:00,103265.116,52%,,,,,,,,,,
09/04/2019 03:00,101500.786,51%,,,,,,,,,,
09/04/2019 04:00,103129.831,52%,,,,,,,,,,
09/04/2019 05:00,102195.762,51%,,,,,,,,,,
09/04/2019 06:00,100143.053,50%,,,,,,,,,,
09/04/2019 07:00,96290.104,48%,,,,,,,,,,
09/04/2019 08:00,89733.751,45%,,,,,,,,,,
09/04/2019 09:00,85295.733,43%,,,,,,,,,,
09/04/2019 10:00,81293.928,41%,,,,,,,,,,
09/04/2019 11:00,78514.107,39%,,,,,,,,,,
09/04/2019 12:00,78203.016,39%,,,,,,,,,,
09/04/2019 13:00,78794.679,39%,,,,,,,,,,
09/04/2019 14:00,79015.392,40%,,,,,,,,,,
09/04/2019 15:00,78520.359,39%,,,,,,,,,,
09/04/2019 16:00,75504.652,38%,,,,,,,,,,
09/04/2019 17:00,64953.943,32%,,,,,,,,,,
09/04/2019 18:00,52005.755,26%,,,,,,,,,,
09/04/2019 19:00,50960.94,25%,,,,,,,,,,
09/04/2019 20:00,49481.885,25%,,,,,,,,,,
09/04/2019 21:00,44919.916,22%,,,,,,,,,,
09/04/2019 22:00,37400.836,19%,,,,,,,,,,
09/04/2019 23:00,30068.273,15%,,,,,,,,,,
10/04/2019 00:00,23744.753,12%,,,,,,,,,,
10/04/2019 01:00,18185.406,9%,,,,,,,,,,
10/04/2019 02:00,13021.576,7%,,,,,,,,,,
10/04/2019 03:00,9488.55,5%,,,,,,,,,,
10/04/2019 04:00,6762.086,3%,,,,,,,,,,
10/04/2019 05:00,4305.123,2%,,,,,,,,,,
10/04/2019 06:00,2679.364,1%,,,,,,,,,,
10/04/2019 07:00,1299.36,1%,,,,,,,,,,
10/04/2019 08:00,1760.823,1%,,,,,,,,,,
10/04/2019 09:00,2005.488,1%,,,,,,,,,,
10/04/2019 10:00,2818.25,1%,,,,,,,,,,
10/04/2019 11:00,3559.782,2%,,,,,,,,,,
10/04/2019 12:00,4029.903,2%,,,,,,,,,,
10/04/2019 13:00,4089.289,2%,,,,,,,,,,
10/04/2019 14:00,3624.694,2%,,,,,,,,,,
10/04/2019 15:00,2830.444,1%,,,,,,,,,,
10/04/2019 16:00,2009.142,1%,,,,,,,,,,
10/04/2019 17:00,1689.464,1%,,,,,,,,,,
10/04/2019 18:00,1954.844,1%,,,,,,,,,,
10/04/2019 19:00,2196.949,1%,,,,,,,,,,
10/04/2019 20:00,2849.594,1%,,,,,,,,,,
10/04/2019 21:00,4008.311,2%,,,,,,,,,,
10/04/2019 22:00,5384.084,3%,,,,,,,,,,
10/04/2019 23:00,6975.139,3%,,,,,,,,,,
11/04/2019 00:00,8258.354,4%,,,,,,,,,,
11/04/2019 01:00,9072.849,5%,,,,,,,,,,
11/04/2019 02:00,10026.252,5%,,,,,,,,,,
11/04/2019 03:00,10795.983,5%,,,,,,,,,,
11/04/2019 04:00,11796.308,6%,,,,,,,,,,
11/04/2019 05:00,13587.571,7%,,,,,,,,,,
11/04/2019 06:00,14209.952,7%,,,,,,,,,,
11/04/2019 07:00,11408.213,6%,,,,,,,,,,
11/04/2019 08:00,10274.74,5%,,,,,,,,,,
11/04/2019 09:00,8528.429,4%,,,,,,,,,,
11/04/2019 10:00,10816.345,5%,,,,,,,,,,
11/04/2019 11:00,14392.114,7%,,,,,,,,,,
11/04/2019 12:00,16436.629,8%,,,,,,,,,,
11/04/2019 13:00,16442.516,8%,,,,,,,,,,
11/04/2019 14:00,14763.689,7%,,,,,,,,,,
11/04/2019 15:00,13031.064,7%,,,,,,,,,,
11/04/2019 16:00,11837.317,6%,,,,,,,,,,
11/04/2019 17:00,11607.602,6%,,,,,,,,,,
11/04/2019 18:00,12135.029,6%,,,,,,,,,,
11/04/2019 19:00,10918.585,5%,,,,,,,,,,
11/04/2019 20:00,8976.241,4%,,,,,,,,,,
11/04/2019 21:00,7559.2,4%,,,,,,,,,,
11/04/2019 22:00,6449.808,3%,,,,,,,,,,
11/04/2019 23:00,5370.356,3%,,,,,,,,,,
12/04/2019 00:00,4561.192,2%,,,,,,,,,,
12/04/2019 01:00,4601.912,2%,,,,,,,,,,
12/04/2019 02:00,5886.98,3%,,,,,,,,,,
12/04/2019 03:00,8926.195,4%,,,,,,,,,,
12/04/2019 04:00,13873.835,7%,,,,,,,,,,
12/04/2019 05:00,19057.35,10%,,,,,,,,,,
12/04/2019 06:00,22465.443,11%,,,,,,,,,,
12/04/2019 07:00,20989.51,10%,,,,,,,,,,
12/04/2019 08:00,32944.297,16%,,,,,,,,,,
12/04/2019 09:00,45310.179,23%,,,,,,,,,,
12/04/2019 10:00,56107.174,28%,,,,,,,,,,
12/04/2019 11:00,61694.656,31%,,,,,,,,,,
12/04/2019 12:00,61399.72,31%,,,,,,,,,,
12/04/2019 13:00,61932.839,31%,,,,,,,,,,
12/04/2019 14:00,67500.205,34%,,,,,,,,,,
12/04/2019 15:00,75784.818,38%,,,,,,,,,,
12/04/2019 16:00,79554.681,40%,,,,,,,,,,
12/04/2019 17:00,73037.824,37%,,,,,,,,,,
12/04/2019 18:00,72850.472,36%,,,,,,,,,,
12/04/2019 19:00,91006.642,46%,,,,,,,,,,
12/04/2019 20:00,10.222,0%,,,,,,,,,,
12/04/2019 21:00,100935.652,50%,,,,,,,,,,
12/04/2019 22:00,98770.256,49%,,,,,,,,,,
12/04/2019 23:00,90923.763,45%,,,,,,,,,,
13/04/2019 00:00,75789.403,38%,,,,,,,,,,
13/04/2019 01:00,73384.401,37%,,,,,,,,,,
13/04/2019 02:00,80178.711,40%,,,,,,,,,,
13/04/2019 03:00,82619.649,41%,,,,,,,,,,
13/04/2019 04:00,81292.755,41%,,,,,,,,,,
13/04/2019 05:00,80780.714,40%,,,,,,,,,,
13/04/2019 06:00,80471.866,40%,,,,,,,,,,
13/04/2019 07:00,101022.404,51%,,,,,,,,,,
13/04/2019 08:00,133714.253,67%,,,,,,,,,,
13/04/2019 09:00,141687.137,71%,,,,,,,,,,
13/04/2019 10:00,142840.726,71%,,,,,,,,,,
13/04/2019 11:00,144858.178,72%,,,,,,,,,,
13/04/2019 12:00,147385.101,74%,,,,,,,,,,
13/04/2019 13:00,151077.102,76%,,,,,,,,,,
13/04/2019 14:00,153066.244,77%,,,,,,,,,,
13/04/2019 15:00,154777.022,77%,,,,,,,,,,
13/04/2019 16:00,155370.581,78%,,,,,,,,,,
13/04/2019 17:00,150636.489,75%,,,,,,,,,,
13/04/2019 18:00,143569.302,72%,,,,,,,,,,
13/04/2019 19:00,138944.916,69%,,,,,,,,,,
13/04/2019 20:00,136437.511,68%,,,,,,,,,,
13/04/2019 21:00,133160.534,67%,,,,,,,,,,
13/04/2019 22:00,128943.752,64%,,,,,,,,,,
13/04/2019 23:00,122885.187,61%,,,,,,,,,,
14/04/2019 00:00,116597.13,58%,,,,,,,,,,
14/04/2019 01:00,110483.272,55%,,,,,,,,,,
14/04/2019 02:00,102028.954,51%,,,,,,,,,,
14/04/2019 03:00,94331.562,47%,,,,,,,,,,
14/04/2019 04:00,89504.176,45%,,,,,,,,,,
14/04/2019 05:00,92710.747,46%,,,,,,,,,,
14/04/2019 06:00,86796.094,43%,,,,,,,,,,
14/04/2019 07:00,89402.15,45%,,,,,,,,,,
14/04/2019 08:00,130927.154,65%,,,,,,,,,,
14/04/2019 09:00,135694.262,68%,,,,,,,,,,
14/04/2019 10:00,138043.934,69%,,,,,,,,,,
14/04/2019 11:00,139435.789,70%,,,,,,,,,,
14/04/2019 12:00,136569.188,68%,,,,,,,,,,
14/04/2019 13:00,129073.749,65%,,,,,,,,,,
14/04/2019 14:00,120222.922,60%,,,,,,,,,,
14/04/2019 15:00,115497.933,58%,,,,,,,,,,
14/04/2019 16:00,117908.317,59%,,,,,,,,,,
14/04/2019 17:00,117981.695,59%,,,,,,,,,,
14/04/2019 18:00,119903.395,60%,,,,,,,,,,
14/04/2019 19:00,116597.941,58%,,,,,,,,,,
14/04/2019 20:00,111288,56%,,,,,,,,,,
14/04/2019 21:00,109945.332,55%,,,,,,,,,,
14/04/2019 22:00,108510.348,54%,,,,,,,,,,
14/04/2019 23:00,106429.853,53%,,,,,,,,,,
15/04/2019 00:00,105333.642,53%,,,,,,,,,,
15/04/2019 01:00,106409.96,53%,,,,,,,,,,
15/04/2019 02:00,108867.2,54%,,,,,,,,,,
15/04/2019 03:00,106429.863,53%,,,,,,,,,,
15/04/2019 04:00,106972.622,53%,,,,,,,,,,
15/04/2019 05:00,109727.791,55%,,,,,,,,,,
15/04/2019 06:00,119730.024,60%,,,,,,,,,,
15/04/2019 07:00,137007.703,69%,,,,,,,,,,
15/04/2019 08:00,154399.828,77%,,,,,,,,,,
15/04/2019 09:00,167114.436,84%,,,,,,,,,,
15/04/2019 10:00,176087.16,88%,,,,,,,,,,
15/04/2019 11:00,181143.048,91%,,,,,,,,,,
15/04/2019 12:00,182073.846,91%,,,,,,,,,,
15/04/2019 13:00,181514.523,91%,,,,,,,,,,
15/04/2019 14:00,180772.951,90%,,,,,,,,,,
15/04/2019 15:00,179397.503,90%,,,,,,,,,,
15/04/2019 16:00,175800.063,88%,,,,,,,,,,
15/04/2019 17:00,170129.472,85%,,,,,,,,,,
15/04/2019 18:00,168082.372,84%,,,,,,,,,,
15/04/2019 19:00,166972.473,83%,,,,,,,,,,
15/04/2019 20:00,162336.382,81%,,,,,,,,,,
15/04/2019 21:00,157631.86,79%,,,,,,,,,,
15/04/2019 22:00,151192.059,76%,,,,,,,,,,
15/04/2019 23:00,141195.858,71%,,,,,,,,,,
16/04/2019 00:00,129709.247,65%,,,,,,,,,,
16/04/2019 01:00,116597.761,58%,,,,,,,,,,
16/04/2019 02:00,102611.502,51%,,,,,,,,,,
16/04/2019 03:00,91879.856,46%,,,,,,,,,,
16/04/2019 04:00,83232.636,42%,,,,,,,,,,
16/04/2019 05:00,76386.936,38%,,,,,,,,,,
16/04/2019 06:00,67250.234,34%,,,,,,,,,,
16/04/2019 07:00,68647.498,34%,,,,,,,,,,
16/04/2019 08:00,71381.056,36%,,,,,,,,,,
16/04/2019 09:00,76000.341,38%,,,,,,,,,,
16/04/2019 10:00,81914.964,41%,,,,,,,,,,
16/04/2019 11:00,86634.826,43%,,,,,,,,,,
16/04/2019 12:00,88766.818,44%,,,,,,,,,,
16/04/2019 13:00,87613.055,44%,,,,,,,,,,
16/04/2019 14:00,84322.137,42%,,,,,,,,,,
16/04/2019 15:00,80586.299,40%,,,,,,,,,,
16/04/2019 16:00,80417.332,40%,,,,,,,,,,
16/04/2019 17:00,82823.057,41%,,,,,,,,,,
16/04/2019 18:00,87424.612,44%,,,,,,,,,,
16/04/2019 19:00,93261.898,47%,,,,,,,,,,
16/04/2019 20:00,93497.877,47%,,,,,,,,,,
16/04/2019 21:00,93256.527,47%,,,,,,,,,,
16/04/2019 22:00,87541.262,44%,,,,,,,,,,
16/04/2019 23:00,85643.425,43%,,,,,,,,,,
17/04/2019 00:00,85028.362,43%,,,,,,,,,,
17/04/2019 01:00,82001.693,41%,,,,,,,,,,
17/04/2019 02:00,77869.522,39%,,,,,,,,,,
17/04/2019 03:00,74712.901,37%,,,,,,,,,,
17/04/2019 04:00,70962.777,35%,,,,,,,,,,
17/04/2019 05:00,67351.896,34%,,,,,,,,,,
17/04/2019 06:00,63363.343,32%,,,,,,,,,,
17/04/2019 07:00,68074.184,34%,,,,,,,,,,
17/04/2019 08:00,68714.063,34%,,,,,,,,,,
17/04/2019 09:00,70479.87,35%,,,,,,,,,,
17/04/2019 10:00,73385.464,37%,,,,,,,,,,
17/04/2019 11:00,73872.203,37%,,,,,,,,,,
17/04/2019 12:00,72849.505,36%,,,,,,,,,,
17/04/2019 13:00,71002.562,36%,,,,,,,,,,
17/04/2019 14:00,67983.866,34%,,,,,,,,,,
17/04/2019 15:00,66030.731,33%,,,,,,,,,,
17/04/2019 16:00,65483.036,33%,,,,,,,,,,
17/04/2019 17:00,64446.492,32%,,,,,,,,,,
17/04/2019 18:00,75957.351,38%,,,,,,,,,,
17/04/2019 19:00,86888.235,43%,,,,,,,,,,
17/04/2019 20:00,85890.221,43%,,,,,,,,,,
17/04/2019 21:00,79720.337,40%,,,,,,,,,,
17/04/2019 22:00,73380.639,37%,,,,,,,,,,
17/04/2019 23:00,64565.683,32%,,,,,,,,,,
18/04/2019 00:00,59186.157,30%,,,,,,,,,,
18/04/2019 01:00,53932.101,27%,,,,,,,,,,
18/04/2019 02:00,49735.722,25%,,,,,,,,,,
18/04/2019 03:00,49651.015,25%,,,,,,,,,,
18/04/2019 04:00,52386.323,26%,,,,,,,,,,
18/04/2019 05:00,57068.601,29%,,,,,,,,,,
18/04/2019 06:00,62694.992,31%,,,,,,,,,,
18/04/2019 07:00,65548.499,33%,,,,,,,,,,
18/04/2019 08:00,73256.714,37%,,,,,,,,,,
18/04/2019 09:00,77255.301,39%,,,,,,,,,,
18/04/2019 10:00,81014.532,41%,,,,,,,,,,
18/04/2019 11:00,85812.797,43%,,,,,,,,,,
18/04/2019 12:00,91332.484,46%,,,,,,,,,,
18/04/2019 13:00,93968.117,47%,,,,,,,,,,
18/04/2019 14:00,88726.836,44%,,,,,,,,,,
18/04/2019 15:00,78503.223,39%,,,,,,,,,,
18/04/2019 16:00,63881.125,32%,,,,,,,,,,
18/04/2019 17:00,60253.187,30%,,,,,,,,,,
18/04/2019 18:00,66836.311,33%,,,,,,,,,,
18/04/2019 19:00,70620.608,35%,,,,,,,,,,
18/04/2019 20:00,67912.394,34%,,,,,,,,,,
18/04/2019 21:00,60290.76,30%,,,,,,,,,,
18/04/2019 22:00,55410.926,28%,,,,,,,,,,
18/04/2019 23:00,52280.106,26%,,,,,,,,,,
19/04/2019 00:00,49200.729,25%,,,,,,,,,,
19/04/2019 01:00,46585.886,23%,,,,,,,,,,
19/04/2019 02:00,41967.518,21%,,,,,,,,,,
19/04/2019 03:00,36237.105,18%,,,,,,,,,,
19/04/2019 04:00,31521.484,16%,,,,,,,,,,
19/04/2019 05:00,29181.188,15%,,,,,,,,,,
19/04/2019 06:00,25978.394,13%,,,,,,,,,,
19/04/2019 07:00,23889.945,12%,,,,,,,,,,
19/04/2019 08:00,24041.963,12%,,,,,,,,,,
19/04/2019 09:00,31223.282,16%,,,,,,,,,,
19/04/2019 10:00,52278.526,26%,,,,,,,,,,
19/04/2019 11:00,62349.944,31%,,,,,,,,,,
19/04/2019 12:00,68159.949,34%,,,,,,,,,,
19/04/2019 13:00,70478.864,35%,,,,,,,,,,
19/04/2019 14:00,68656.814,34%,,,,,,,,,,
19/04/2019 15:00,62260.265,31%,,,,,,,,,,
19/04/2019 16:00,49049.382,25%,,,,,,,,,,
19/04/2019 17:00,37673.096,19%,,,,,,,,,,
19/04/2019 18:00,36965.831,18%,,,,,,,,,,
19/04/2019 19:00,34678.452,17%,,,,,,,,,,
19/04/2019 20:00,30914.559,15%,,,,,,,,,,
19/04/2019 21:00,32125.873,16%,,,,,,,,,,
19/04/2019 22:00,35173.626,18%,,,,,,,,,,
19/04/2019 23:00,37378.183,19%,,,,,,,,,,
20/04/2019 00:00,39258.057,20%,,,,,,,,,,
20/04/2019 01:00,38480.711,19%,,,,,,,,,,
20/04/2019 02:00,35778.291,18%,,,,,,,,,,
20/04/2019 03:00,32679.224,16%,,,,,,,,,,
20/04/2019 04:00,28080.06,14%,,,,,,,,,,
20/04/2019 05:00,21417.152,11%,,,,,,,,,,
20/04/2019 06:00,17438.934,9%,,,,,,,,,,
20/04/2019 07:00,12980.2,6%,,,,,,,,,,
20/04/2019 08:00,10542.279,5%,,,,,,,,,,
20/04/2019 09:00,15438.947,8%,,,,,,,,,,
20/04/2019 10:00,23275.779,12%,,,,,,,,,,
20/04/2019 11:00,26599.708,13%,,,,,,,,,,
20/04/2019 12:00,25528.684,13%,,,,,,,,,,
20/04/2019 13:00,23912.352,12%,,,,,,,,,,
20/04/2019 14:00,22984.61,11%,,,,,,,,,,
20/04/2019 15:00,21594.833,11%,,,,,,,,,,
20/04/2019 16:00,20264.529,10%,,,,,,,,,,
20/04/2019 17:00,19201.139,10%,,,,,,,,,,
20/04/2019 18:00,19070.028,10%,,,,,,,,,,
20/04/2019 19:00,18694.056,9%,,,,,,,,,,
20/04/2019 20:00,15525.274,8%,,,,,,,,,,
20/04/2019 21:00,9230.427,5%,,,,,,,,,,
20/04/2019 22:00,4327.397,2%,,,,,,,,,,
20/04/2019 23:00,6715.535,3%,,,,,,,,,,
21/04/2019 00:00,16941.362,8%,,,,,,,,,,
21/04/2019 01:00,29597.684,15%,,,,,,,,,,
21/04/2019 02:00,41543.295,21%,,,,,,,,,,
21/04/2019 03:00,46239.146,23%,,,,,,,,,,
21/04/2019 04:00,45264.163,23%,,,,,,,,,,
21/04/2019 05:00,43966.398,22%,,,,,,,,,,
21/04/2019 06:00,42481.208,21%,,,,,,,,,,
21/04/2019 07:00,28997.766,14%,,,,,,,,,,
21/04/2019 08:00,22982.124,11%,,,,,,,,,,
21/04/2019 09:00,34813.88,17%,,,,,,,,,,
21/04/2019 10:00,60995.357,30%,,,,,,,,,,
21/04/2019 11:00,78022.697,39%,,,,,,,,,,
21/04/2019 12:00,89931.652,45%,,,,,,,,,,
21/04/2019 13:00,98139.453,49%,,,,,,,,,,
21/04/2019 14:00,102612.233,51%,,,,,,,,,,
21/04/2019 15:00,102905.402,51%,,,,,,,,,,
21/04/2019 16:00,95428.756,48%,,,,,,,,,,
21/04/2019 17:00,82005.3,41%,,,,,,,,,,
21/04/2019 18:00,80709.795,40%,,,,,,,,,,
21/04/2019 19:00,89402.077,45%,,,,,,,,,,
21/04/2019 20:00,98497.772,49%,,,,,,,,,,
21/04/2019 21:00,97581.475,49%,,,,,,,,,,
21/04/2019 22:00,95189.236,48%,,,,,,,,,,
21/04/2019 23:00,93940.861,47%,,,,,,,,,,
22/04/2019 00:00,90603.571,45%,,,,,,,,,,
22/04/2019 01:00,86319.756,43%,,,,,,,,,,
22/04/2019 02:00,83916.716,42%,,,,,,,,,,
22/04/2019 03:00,78202.967,39%,,,,,,,,,,
22/04/2019 04:00,72854.617,36%,,,,,,,,,,
22/04/2019 05:00,71534.481,36%,,,,,,,,,,
22/04/2019 06:00,67349.947,34%,,,,,,,,,,
22/04/2019 07:00,43723.046,22%,,,,,,,,,,
22/04/2019 08:00,34252.897,17%,,,,,,,,,,
22/04/2019 09:00,69848.708,35%,,,,,,,,,,
22/04/2019 10:00,100142.555,50%,,,,,,,,,,
22/04/2019 11:00,115468.359,58%,,,,,,,,,,
22/04/2019 12:00,114490.756,57%,,,,,,,,,,
22/04/2019 13:00,104828.394,52%,,,,,,,,,,
22/04/2019 14:00,91126.515,46%,,,,,,,,,,
22/04/2019 15:00,79897.575,40%,,,,,,,,,,
22/04/2019 16:00,72853.273,36%,,,,,,,,,,
22/04/2019 17:00,75251.649,38%,,,,,,,,,,
22/04/2019 18:00,89722.825,45%,,,,,,,,,,
22/04/2019 19:00,99595.401,50%,,,,,,,,,,
22/04/2019 20:00,102610.986,51%,,,,,,,,,,
22/04/2019 21:00,98218.314,49%,,,,,,,,,,
22/04/2019 22:00,91065.161,46%,,,,,,,,,,
22/04/2019 23:00,80941.773,40%,,,,,,,,,,
23/04/2019 00:00,78952.795,39%,,,,,,,,,,
23/04/2019 01:00,80218.907,40%,,,,,,,,,,
23/04/2019 02:00,76701.776,38%,,,,,,,,,,
23/04/2019 03:00,75954.987,38%,,,,,,,,,,
23/04/2019 04:00,73384.269,37%,,,,,,,,,,
23/04/2019 05:00,68377.695,34%,,,,,,,,,,
23/04/2019 06:00,62517.331,31%,,,,,,,,,,
23/04/2019 07:00,70471.739,35%,,,,,,,,,,
23/04/2019 08:00,86569.867,43%,,,,,,,,,,
23/04/2019 09:00,98464.253,49%,,,,,,,,,,
23/04/2019 10:00,110483.133,55%,,,,,,,,,,
23/04/2019 11:00,121904.293,61%,,,,,,,,,,
23/04/2019 12:00,128556.647,64%,,,,,,,,,,
23/04/2019 13:00,130857.594,65%,,,,,,,,,,
23/04/2019 14:00,132947.527,66%,,,,,,,,,,
23/04/2019 15:00,136441.976,68%,,,,,,,,,,
23/04/2019 16:00,137182.079,69%,,,,,,,,,,
23/04/2019 17:00,131943.759,66%,,,,,,,,,,
23/04/2019 18:00,130199.641,65%,,,,,,,,,,
23/04/2019 19:00,134453.507,67%,,,,,,,,,,
23/04/2019 20:00,135921.897,68%,,,,,,,,,,
23/04/2019 21:00,132681.171,66%,,,,,,,,,,
23/04/2019 22:00,129673.557,65%,,,,,,,,,,
23/04/2019 23:00,124990.587,62%,,,,,,,,,,
24/04/2019 00:00,116632.102,58%,,,,,,,,,,
24/04/2019 01:00,111962.836,56%,,,,,,,,,,
24/04/2019 02:00,118743.661,59%,,,,,,,,,,
24/04/2019 03:00,114752.084,57%,,,,,,,,,,
24/04/2019 04:00,117943.986,59%,,,,,,,,,,
24/04/2019 05:00,126587.216,63%,,,,,,,,,,
24/04/2019 06:00,136727.643,68%,,,,,,,,,,
24/04/2019 07:00,145544.082,73%,,,,,,,,,,
24/04/2019 08:00,155400.987,78%,,,,,,,,,,
24/04/2019 09:00,161559.806,81%,,,,,,,,,,
24/04/2019 10:00,164902.19,82%,,,,,,,,,,
24/04/2019 11:00,167282.919,84%,,,,,,,,,,
24/04/2019 12:00,169399.836,85%,,,,,,,,,,
24/04/2019 13:00,169036.565,85%,,,,,,,,,,
24/04/2019 14:00,166980.446,83%,,,,,,,,,,
24/04/2019 15:00,164484.603,82%,,,,,,,,,,
24/04/2019 16:00,160114.485,80%,,,,,,,,,,
24/04/2019 17:00,155308.754,78%,,,,,,,,,,
24/04/2019 18:00,148900.717,74%,,,,,,,,,,
24/04/2019 19:00,144974.667,72%,,,,,,,,,,
24/04/2019 20:00,140507.744,70%,,,,,,,,,,
24/04/2019 21:00,132929.35,66%,,,,,,,,,,
24/04/2019 22:00,108314.384,54%,,,,,,,,,,
24/04/2019 23:00,82305,41%,,,,,,,,,,
25/04/2019 00:00,62217.258,31%,,,,,,,,,,
25/04/2019 01:00,41043.722,21%,,,,,,,,,,
25/04/2019 02:00,34269.486,17%,,,,,,,,,,
25/04/2019 03:00,33854.792,17%,,,,,,,,,,
25/04/2019 04:00,37619.189,19%,,,,,,,,,,
25/04/2019 05:00,41689.086,21%,,,,,,,,,,
25/04/2019 06:00,40392.91,20%,,,,,,,,,,
25/04/2019 07:00,37387.578,19%,,,,,,,,,,
25/04/2019 08:00,40117.312,20%,,,,,,,,,,
25/04/2019 09:00,52133.519,26%,,,,,,,,,,
25/04/2019 10:00,66464.039,33%,,,,,,,,,,
25/04/2019 11:00,78497.225,39%,,,,,,,,,,
25/04/2019 12:00,94023.312,47%,,,,,,,,,,
25/04/2019 13:00,112453.726,56%,,,,,,,,,,
25/04/2019 14:00,115300.994,58%,,,,,,,,,,
25/04/2019 15:00,104266.878,52%,,,,,,,,,,
25/04/2019 16:00,87946.597,44%,,,,,,,,,,
25/04/2019 17:00,70828.87,35%,,,,,,,,,,
25/04/2019 18:00,59103.994,30%,,,,,,,,,,
25/04/2019 19:00,53023.026,27%,,,,,,,,,,
25/04/2019 20:00,52187.095,26%,,,,,,,,,,
25/04/2019 21:00,53019.232,27%,,,,,,,,,,
25/04/2019 22:00,56349.074,28%,,,,,,,,,,
25/04/2019 23:00,55789.074,28%,,,,,,,,,,
26/04/2019 00:00,56788.016,28%,,,,,,,,,,
26/04/2019 01:00,51185.82,26%,,,,,,,,,,
26/04/2019 02:00,49883.023,25%,,,,,,,,,,
26/04/2019 03:00,51190.761,26%,,,,,,,,,,
26/04/2019 04:00,57582.339,29%,,,,,,,,,,
26/04/2019 05:00,59996.728,30%,,,,,,,,,,
26/04/2019 06:00,64522.316,32%,,,,,,,,,,
26/04/2019 07:00,74516.691,37%,,,,,,,,,,
26/04/2019 08:00,87614.013,44%,,,,,,,,,,
26/04/2019 09:00,105844.262,53%,,,,,,,,,,
26/04/2019 10:00,122735.044,61%,,,,,,,,,,
26/04/2019 11:00,141144.297,71%,,,,,,,,,,
26/04/2019 12:00,151479.741,76%,,,,,,,,,,
26/04/2019 13:00,154169.184,77%,,,,,,,,,,
26/04/2019 14:00,146100.225,73%,,,,,,,,,,
26/04/2019 15:00,129436.196,65%,,,,,,,,,,
26/04/2019 16:00,107723.691,54%,,,,,,,,,,
26/04/2019 17:00,77123.47,39%,,,,,,,,,,
26/04/2019 18:00,62883.929,31%,,,,,,,,,,
26/04/2019 19:00,71393.56,36%,,,,,,,,,,
26/04/2019 20:00,82868.266,41%,,,,,,,,,,
26/04/2019 21:00,82752.007,41%,,,,,,,,,,
26/04/2019 22:00,87728.961,44%,,,,,,,,,,
26/04/2019 23:00,87965.291,44%,,,,,,,,,,
27/04/2019 00:00,78214.127,39%,,,,,,,,,,
27/04/2019 01:00,66966.657,33%,,,,,,,,,,
27/04/2019 02:00,53308.395,27%,,,,,,,,,,
27/04/2019 03:00,41494.818,21%,,,,,,,,,,
27/04/2019 04:00,27080.266,14%,,,,,,,,,,
27/04/2019 05:00,14884.295,7%,,,,,,,,,,
27/04/2019 06:00,7466.186,4%,,,,,,,,,,
27/04/2019 07:00,6921.329,3%,,,,,,,,,,
27/04/2019 08:00,10104.499,5%,,,,,,,,,,
27/04/2019 09:00,12256.289,6%,,,,,,,,,,
27/04/2019 10:00,13774.656,7%,,,,,,,,,,
27/04/2019 11:00,18225.94,9%,,,,,,,,,,
27/04/2019 12:00,27357.671,14%,,,,,,,,,,
27/04/2019 13:00,37608.181,19%,,,,,,,,,,
27/04/2019 14:00,49052.711,25%,,,,,,,,,,
27/04/2019 15:00,59338.485,30%,,,,,,,,,,
27/04/2019 16:00,65610.465,33%,,,,,,,,,,
27/04/2019 17:00,64015.118,32%,,,,,,,,,,
27/04/2019 18:00,64007.934,32%,,,,,,,,,,
27/04/2019 19:00,65636.523,33%,,,,,,,,,,
27/04/2019 20:00,58505.949,29%,,,,,,,,,,
27/04/2019 21:00,52438.333,26%,,,,,,,,,,
27/04/2019 22:00,50635.534,25%,,,,,,,,,,
27/04/2019 23:00,48603.083,24%,,,,,,,,,,
28/04/2019 00:00,49432.356,25%,,,,,,,,,,
28/04/2019 01:00,39947.113,20%,,,,,,,,,,
28/04/2019 02:00,33649.961,17%,,,,,,,,,,
28/04/2019 03:00,25030.666,13%,,,,,,,,,,
28/04/2019 04:00,15539.876,8%,,,,,,,,,,
28/04/2019 05:00,11126.645,6%,,,,,,,,,,
28/04/2019 06:00,6056.699,3%,,,,,,,,,,
28/04/2019 07:00,1536.332,1%,,,,,,,,,,
28/04/2019 08:00,453.931,0%,,,,,,,,,,
28/04/2019 09:00,2260.831,1%,,,,,,,,,,
28/04/2019 10:00,4958.104,2%,,,,,,,,,,
28/04/2019 11:00,7685.505,4%,,,,,,,,,,
28/04/2019 12:00,10109.252,5%,,,,,,,,,,
28/04/2019 13:00,11552.393,6%,,,,,,,,,,
28/04/2019 14:00,12697.068,6%,,,,,,,,,,
28/04/2019 15:00,12941.577,6%,,,,,,,,,,
28/04/2019 16:00,12403.516,6%,,,,,,,,,,
28/04/2019 17:00,11556.359,6%,,,,,,,,,,
28/04/2019 18:00,9617.411,5%,,,,,,,,,,
28/04/2019 19:00,8444.953,4%,,,,,,,,,,
28/04/2019 20:00,7745.015,4%,,,,,,,,,,
28/04/2019 21:00,6995.506,3%,,,,,,,,,,
28/04/2019 22:00,5936.545,3%,,,,,,,,,,
28/04/2019 23:00,5146.736,3%,,,,,,,,,,
29/04/2019 00:00,5359.571,3%,,,,,,,,,,
29/04/2019 01:00,6147.485,3%,,,,,,,,,,
29/04/2019 02:00,7215.858,4%,,,,,,,,,,
29/04/2019 03:00,7887.105,4%,,,,,,,,,,
29/04/2019 04:00,9285.414,5%,,,,,,,,,,
29/04/2019 05:00,11399.519,6%,,,,,,,,,,
29/04/2019 06:00,11553.231,6%,,,,,,,,,,
29/04/2019 07:00,12212.091,6%,,,,,,,,,,
29/04/2019 08:00,14358.185,7%,,,,,,,,,,
29/04/2019 09:00,19027.959,10%,,,,,,,,,,
29/04/2019 10:00,26737.656,13%,,,,,,,,,,
29/04/2019 11:00,33177.353,17%,,,,,,,,,,
29/04/2019 12:00,37374.765,19%,,,,,,,,,,
29/04/2019 13:00,39204.108,20%,,,,,,,,,,
29/04/2019 14:00,38996.156,19%,,,,,,,,,,
29/04/2019 15:00,38138.6,19%,,,,,,,,,,
29/04/2019 16:00,35146.985,18%,,,,,,,,,,
29/04/2019 17:00,28952.588,14%,,,,,,,,,,
29/04/2019 18:00,22941.179,11%,,,,,,,,,,
29/04/2019 19:00,24823.587,12%,,,,,,,,,,
29/04/2019 20:00,31193.373,16%,,,,,,,,,,
29/04/2019 21:00,34232.526,17%,,,,,,,,,,
29/04/2019 22:00,34753.216,17%,,,,,,,,,,
29/04/2019 23:00,32663.134,16%,,,,,,,,,,
30/04/2019 00:00,32393.284,16%,,,,,,,,,,
30/04/2019 01:00,32214.661,16%,,,,,,,,,,
30/04/2019 02:00,34143.775,17%,,,,,,,,,,
30/04/2019 03:00,32578.862,16%,,,,,,,,,,
30/04/2019 04:00,28799.734,14%,,,,,,,,,,
30/04/2019 05:00,26864.505,13%,,,,,,,,,,
30/04/2019 06:00,28617.161,14%,,,,,,,,,,
30/04/2019 07:00,29682.064,15%,,,,,,,,,,
30/04/2019 08:00,30752.936,15%,,,,,,,,,,
30/04/2019 09:00,37208.479,19%,,,,,,,,,,
30/04/2019 10:00,45424.491,23%,,,,,,,,,,
30/04/2019 11:00,47558.814,24%,,,,,,,,,,
30/04/2019 12:00,47610.532,24%,,,,,,,,,,
30/04/2019 13:00,48785.743,24%,,,,,,,,,,
30/04/2019 14:00,47519.882,24%,,,,,,,,,,
30/04/2019 15:00,42968.204,21%,,,,,,,,,,
30/04/2019 16:00,35882.945,18%,,,,,,,,,,
30/04/2019 17:00,24349.115,12%,,,,,,,,,,
30/04/2019 18:00,15810.762,8%,,,,,,,,,,
30/04/2019 19:00,15729.331,8%,,,,,,,,,,
30/04/2019 20:00,14962.109,7%,,,,,,,,,,
30/04/2019 21:00,16547.194,8%,,,,,,,,,,
30/04/2019 22:00,16751.853,8%,,,,,,,,,,
30/04/2019 23:00,16814.356,8%,,,,,,,,,,
01/05/2019 00:00,17762.722,9%,,,,,,,,,,
01/05/2019 01:00,18820.4,9%,,,,,,,,,,
01/05/2019 02:00,19939.609,10%,,,,,,,,,,
01/05/2019 03:00,18556.679,9%,,,,,,,,,,
01/05/2019 04:00,16526.919,8%,,,,,,,,,,
01/05/2019 05:00,13876.735,7%,,,,,,,,,,
01/05/2019 06:00,9746.233,5%,,,,,,,,,,
01/05/2019 07:00,8731.279,4%,,,,,,,,,,
01/05/2019 08:00,8524.822,4%,,,,,,,,,,
01/05/2019 09:00,6669.617,3%,,,,,,,,,,
01/05/2019 10:00,5707.295,3%,,,,,,,,,,
01/05/2019 11:00,6260.627,3%,,,,,,,,,,
01/05/2019 12:00,9100.068,5%,,,,,,,,,,
01/05/2019 13:00,13321.742,7%,,,,,,,,,,
01/05/2019 14:00,16038.946,8%,,,,,,,,,,
01/05/2019 15:00,18554.969,9%,,,,,,,,,,
01/05/2019 16:00,21075.576,11%,,,,,,,,,,
01/05/2019 17:00,24349.304,12%,,,,,,,,,,
01/05/2019 18:00,28798.467,14%,,,,,,,,,,
01/05/2019 19:00,35343.036,18%,,,,,,,,,,
01/05/2019 20:00,38204.054,19%,,,,,,,,,,
01/05/2019 21:00,34366.925,17%,,,,,,,,,,
01/05/2019 22:00,29053.739,15%,,,,,,,,,,
01/05/2019 23:00,24730.398,12%,,,,,,,,,,
02/05/2019 00:00,21933.162,11%,,,,,,,,,,
02/05/2019 01:00,21032.382,11%,,,,,,,,,,
02/05/2019 02:00,21469.615,11%,,,,,,,,,,
02/05/2019 03:00,23070.972,12%,,,,,,,,,,
02/05/2019 04:00,23577.437,12%,,,,,,,,,,
02/05/2019 05:00,21777.76,11%,,,,,,,,,,
02/05/2019 06:00,16337.988,8%,,,,,,,,,,
02/05/2019 07:00,17917.24,9%,,,,,,,,,,
02/05/2019 08:00,19427.529,10%,,,,,,,,,,
02/05/2019 09:00,17151.03,9%,,,,,,,,,,
02/05/2019 10:00,15278.926,8%,,,,,,,,,,
02/05/2019 11:00,16823.791,8%,,,,,,,,,,
02/05/2019 12:00,20606.974,10%,,,,,,,,,,
02/05/2019 13:00,24459.227,12%,,,,,,,,,,
02/05/2019 14:00,27012.362,14%,,,,,,,,,,
02/05/2019 15:00,27740.861,14%,,,,,,,,,,
02/05/2019 16:00,31068.218,16%,,,,,,,,,,
02/05/2019 17:00,43057.502,22%,,,,,,,,,,
02/05/2019 18:00,61570.87,31%,,,,,,,,,,
02/05/2019 19:00,72318.555,36%,,,,,,,,,,
02/05/2019 20:00,70479.332,35%,,,,,,,,,,
02/05/2019 21:00,51161.658,26%,,,,,,,,,,
02/05/2019 22:00,35734.439,18%,,,,,,,,,,
02/05/2019 23:00,28331.478,14%,,,,,,,,,,
03/05/2019 00:00,26094.726,13%,,,,,,,,,,
03/05/2019 01:00,25548.701,13%,,,,,,,,,,
03/05/2019 02:00,24192.915,12%,,,,,,,,,,
03/05/2019 03:00,20730.441,10%,,,,,,,,,,
03/05/2019 04:00,19216.48,10%,,,,,,,,,,
03/05/2019 05:00,20604.565,10%,,,,,,,,,,
03/05/2019 06:00,23011.899,12%,,,,,,,,,,
03/05/2019 07:00,32443.165,16%,,,,,,,,,,
03/05/2019 08:00,39921.835,20%,,,,,,,,,,
03/05/2019 09:00,46294.808,23%,,,,,,,,,,
03/05/2019 10:00,55234.454,28%,,,,,,,,,,
03/05/2019 11:00,65825.593,33%,,,,,,,,,,
03/05/2019 12:00,77419.791,39%,,,,,,,,,,
03/05/2019 13:00,86741.833,43%,,,,,,,,,,
03/05/2019 14:00,93261.345,47%,,,,,,,,,,
03/05/2019 15:00,96291.937,48%,,,,,,,,,,
03/05/2019 16:00,94538.7,47%,,,,,,,,,,
03/05/2019 17:00,90778.436,45%,,,,,,,,,,
03/05/2019 18:00,81460.294,41%,,,,,,,,,,
03/05/2019 19:00,73382.107,37%,,,,,,,,,,
03/05/2019 20:00,73379.084,37%,,,,,,,,,,
03/05/2019 21:00,72415.837,36%,,,,,,,,,,
03/05/2019 22:00,72709.113,36%,,,,,,,,,,
03/05/2019 23:00,69056.148,35%,,,,,,,,,,
04/05/2019 00:00,67120.435,34%,,,,,,,,,,
04/05/2019 01:00,70594.587,35%,,,,,,,,,,
04/05/2019 02:00,76023.228,38%,,,,,,,,,,
04/05/2019 03:00,80101.321,40%,,,,,,,,,,
04/05/2019 04:00,82444.987,41%,,,,,,,,,,
04/05/2019 05:00,75545.364,38%,,,,,,,,,,
04/05/2019 06:00,69147.619,35%,,,,,,,,,,
04/05/2019 07:00,95739.94,48%,,,,,,,,,,
04/05/2019 08:00,94316.357,47%,,,,,,,,,,
04/05/2019 09:00,87192.684,44%,,,,,,,,,,
04/05/2019 10:00,78780.419,39%,,,,,,,,,,
04/05/2019 11:00,68652.96,34%,,,,,,,,,,
04/05/2019 12:00,58986.508,29%,,,,,,,,,,
04/05/2019 13:00,52714.705,26%,,,,,,,,,,
04/05/2019 14:00,49749.77,25%,,,,,,,,,,
04/05/2019 15:00,49671.186,25%,,,,,,,,,,
04/05/2019 16:00,49153.792,25%,,,,,,,,,,
04/05/2019 17:00,46137.982,23%,,,,,,,,,,
04/05/2019 18:00,40165.087,20%,,,,,,,,,,
04/05/2019 19:00,39901.209,20%,,,,,,,,,,
04/05/2019 20:00,39993.383,20%,,,,,,,,,,
04/05/2019 21:00,34708.93,17%,,,,,,,,,,
04/05/2019 22:00,30687.274,15%,,,,,,,,,,
04/05/2019 23:00,29265.199,15%,,,,,,,,,,
05/05/2019 00:00,28829.977,14%,,,,,,,,,,
05/05/2019 01:00,28852.268,14%,,,,,,,,,,
05/05/2019 02:00,28857.221,14%,,,,,,,,,,
05/05/2019 03:00,28801.165,14%,,,,,,,,,,
05/05/2019 04:00,30693.907,15%,,,,,,,,,,
05/05/2019 05:00,31192.667,16%,,,,,,,,,,
05/05/2019 06:00,29905.937,15%,,,,,,,,,,
05/05/2019 07:00,43932.902,22%,,,,,,,,,,
05/05/2019 08:00,55400.855,28%,,,,,,,,,,
05/05/2019 09:00,62188.692,31%,,,,,,,,,,
05/05/2019 10:00,66279.469,33%,,,,,,,,,,
05/05/2019 11:00,68784.147,34%,,,,,,,,,,
05/05/2019 12:00,71193.617,36%,,,,,,,,,,
05/05/2019 13:00,75781.812,38%,,,,,,,,,,
05/05/2019 14:00,82547.549,41%,,,,,,,,,,
05/05/2019 15:00,89402.549,45%,,,,,,,,,,
05/05/2019 16:00,94614.856,47%,,,,,,,,,,
05/05/2019 17:00,95846.224,48%,,,,,,,,,,
05/05/2019 18:00,83006.553,42%,,,,,,,,,,
05/05/2019 19:00,75997.453,38%,,,,,,,,,,
05/05/2019 20:00,75838.837,38%,,,,,,,,,,
05/05/2019 21:00,71002.444,36%,,,,,,,,,,
05/05/2019 22:00,60600.12,30%,,,,,,,,,,
05/05/2019 23:00,54180.92,27%,,,,,,,,,,
06/05/2019 00:00,50261.114,25%,,,,,,,,,,
06/05/2019 01:00,49446.583,25%,,,,,,,,,,
06/05/2019 02:00,43051.805,22%,,,,,,,,,,
06/05/2019 03:00,35652.129,18%,,,,,,,,,,
06/05/2019 04:00,29172.275,15%,,,,,,,,,,
06/05/2019 05:00,23632.453,12%,,,,,,,,,,
06/05/2019 06:00,19605.228,10%,,,,,,,,,,
06/05/2019 07:00,20244.51,10%,,,,,,,,,,
06/05/2019 08:00,18648.599,9%,,,,,,,,,,
06/05/2019 09:00,15279.194,8%,,,,,,,,,,
06/05/2019 10:00,11338.622,6%,,,,,,,,,,
06/05/2019 11:00,8016.989,4%,,,,,,,,,,
06/05/2019 12:00,5159.521,3%,,,,,,,,,,
06/05/2019 13:00,3356.466,2%,,,,,,,,,,
06/05/2019 14:00,2183.52,1%,,,,,,,,,,
06/05/2019 15:00,1555.527,1%,,,,,,,,,,
06/05/2019 16:00,1220.876,1%,,,,,,,,,,
06/05/2019 17:00,1268.069,1%,,,,,,,,,,
06/05/2019 18:00,2143.256,1%,,,,,,,,,,
06/05/2019 19:00,4188.761,2%,,,,,,,,,,
06/05/2019 20:00,7364.069,4%,,,,,,,,,,
06/05/2019 21:00,10646.711,5%,,,,,,,,,,
06/05/2019 22:00,13424.16,7%,,,,,,,,,,
06/05/2019 23:00,15428.28,8%,,,,,,,,,,
07/05/2019 00:00,16500.097,8%,,,,,,,,,,
07/05/2019 01:00,15598.864,8%,,,,,,,,,,
07/05/2019 02:00,14052.206,7%,,,,,,,,,,
07/05/2019 03:00,12169.629,6%,,,,,,,,,,
07/05/2019 04:00,10212.065,5%,,,,,,,,,,
07/05/2019 05:00,9006.053,5%,,,,,,,,,,
07/05/2019 06:00,7748.393,4%,,,,,,,,,,
07/05/2019 07:00,8244.864,4%,,,,,,,,,,
07/05/2019 08:00,8828.072,4%,,,,,,,,,,
07/05/2019 09:00,8853.875,4%,,,,,,,,,,
07/05/2019 10:00,9271.593,5%,,,,,,,,,,
07/05/2019 11:00,9704.134,5%,,,,,,,,,,
07/05/2019 12:00,9903.856,5%,,,,,,,,,,
07/05/2019 13:00,9831.027,5%,,,,,,,,,,
07/05/2019 14:00,9335.724,5%,,,,,,,,,,
07/05/2019 15:00,8267.374,4%,,,,,,,,,,
07/05/2019 16:00,7045.682,4%,,,,,,,,,,
07/05/2019 17:00,7033.004,4%,,,,,,,,,,
07/05/2019 18:00,9555.247,5%,,,,,,,,,,
07/05/2019 19:00,18036.809,9%,,,,,,,,,,
07/05/2019 20:00,31466.393,16%,,,,,,,,,,
07/05/2019 21:00,39217.107,20%,,,,,,,,,,
07/05/2019 22:00,40895.116,20%,,,,,,,,,,
07/05/2019 23:00,41750.11,21%,,,,,,,,,,
08/05/2019 00:00,41920.174,21%,,,,,,,,,,
08/05/2019 01:00,43963.229,22%,,,,,,,,,,
08/05/2019 02:00,48592.492,24%,,,,,,,,,,
08/05/2019 03:00,49581.498,25%,,,,,,,,,,
08/05/2019 04:00,54398.119,27%,,,,,,,,,,
08/05/2019 05:00,57018.49,29%,,,,,,,,,,
08/05/2019 06:00,60166.973,30%,,,,,,,,,,
08/05/2019 07:00,69882.887,35%,,,,,,,,,,
08/05/2019 08:00,82204.098,41%,,,,,,,,,,
08/05/2019 09:00,92702.482,46%,,,,,,,,,,
08/05/2019 10:00,104728.51,52%,,,,,,,,,,
08/05/2019 11:00,115973.793,58%,,,,,,,,,,
08/05/2019 12:00,122553.554,61%,,,,,,,,,,
08/05/2019 13:00,126041.09,63%,,,,,,,,,,
08/05/2019 14:00,127700.663,64%,,,,,,,,,,
08/05/2019 15:00,129327.34,65%,,,,,,,,,,
08/05/2019 16:00,129925.969,65%,,,,,,,,,,
08/05/2019 17:00,127695.1,64%,,,,,,,,,,
08/05/2019 18:00,120247.018,60%,,,,,,,,,,
08/05/2019 19:00,114823.934,57%,,,,,,,,,,
08/05/2019 20:00,118203.868,59%,,,,,,,,,,
08/05/2019 21:00,119021.357,60%,,,,,,,,,,
08/05/2019 22:00,117083.425,59%,,,,,,,,,,
08/05/2019 23:00,113689.626,57%,,,,,,,,,,
09/05/2019 00:00,108867.2,54%,,,,,,,,,,
09/05/2019 01:00,102063.71,51%,,,,,,,,,,
09/05/2019 02:00,93209.143,47%,,,,,,,,,,
09/05/2019 03:00,86127.049,43%,,,,,,,,,,
09/05/2019 04:00,82001.18,41%,,,,,,,,,,
09/05/2019 05:00,75245.252,38%,,,,,,,,,,
09/05/2019 06:00,66513.042,33%,,,,,,,,,,
09/05/2019 07:00,79242.488,40%,,,,,,,,,,
09/05/2019 08:00,81454.893,41%,,,,,,,,,,
09/05/2019 09:00,67414.084,34%,,,,,,,,,,
09/05/2019 10:00,49740.892,25%,,,,,,,,,,
09/05/2019 11:00,34949.539,17%,,,,,,,,,,
09/05/2019 12:00,24456.338,12%,,,,,,,,,,
09/05/2019 13:00,18036.932,9%,,,,,,,,,,
09/05/2019 14:00,13866.652,7%,,,,,,,,,,
09/05/2019 15:00,11468.65,6%,,,,,,,,,,
09/05/2019 16:00,9463.747,5%,,,,,,,,,,
09/05/2019 17:00,8053.638,4%,,,,,,,,,,
09/05/2019 18:00,7353.548,4%,,,,,,,,,,
09/05/2019 19:00,6690.364,3%,,,,,,,,,,
09/05/2019 20:00,5285.13,3%,,,,,,,,,,
09/05/2019 21:00,4970.276,2%,,,,,,,,,,
09/05/2019 22:00,5189.711,3%,,,,,,,,,,
09/05/2019 23:00,5590.761,3%,,,,,,,,,,
10/05/2019 00:00,5984.631,3%,,,,,,,,,,
10/05/2019 01:00,6496.437,3%,,,,,,,,,,
10/05/2019 02:00,6966.067,3%,,,,,,,,,,
10/05/2019 03:00,7107.309,4%,,,,,,,,,,
10/05/2019 04:00,7344.785,4%,,,,,,,,,,
10/05/2019 05:00,7640.7,4%,,,,,,,,,,
10/05/2019 06:00,7190.255,4%,,,,,,,,,,
10/05/2019 07:00,7164.077,4%,,,,,,,,,,
10/05/2019 08:00,7467.891,4%,,,,,,,,,,
10/05/2019 09:00,7548.123,4%,,,,,,,,,,
10/05/2019 10:00,7727.675,4%,,,,,,,,,,
10/05/2019 11:00,8040.048,4%,,,,,,,,,,
10/05/2019 12:00,7265.738,4%,,,,,,,,,,
10/05/2019 13:00,5718.91,3%,,,,,,,,,,
10/05/2019 14:00,3764.036,2%,,,,,,,,,,
10/05/2019 15:00,2122.707,1%,,,,,,,,,,
10/05/2019 16:00,1191.416,1%,,,,,,,,,,
10/05/2019 17:00,1269.627,1%,,,,,,,,,,
10/05/2019 18:00,2169.294,1%,,,,,,,,,,
10/05/2019 19:00,3995.785,2%,,,,,,,,,,
10/05/2019 20:00,5763.395,3%,,,,,,,,,,
10/05/2019 21:00,6310.495,3%,,,,,,,,,,
10/05/2019 22:00,5836.623,3%,,,,,,,,,,
10/05/2019 23:00,5171.552,3%,,,,,,,,,,
11/05/2019 00:00,5606.372,3%,,,,,,,,,,
11/05/2019 01:00,8362.859,4%,,,,,,,,,,
11/05/2019 02:00,14345.539,7%,,,,,,,,,,
11/05/2019 03:00,22018.093,11%,,,,,,,,,,
11/05/2019 04:00,29272.875,15%,,,,,,,,,,
11/05/2019 05:00,30911.377,15%,,,,,,,,,,
11/05/2019 06:00,29659.663,15%,,,,,,,,,,
11/05/2019 07:00,32282.715,16%,,,,,,,,,,
11/05/2019 08:00,31565.3,16%,,,,,,,,,,
11/05/2019 09:00,28405.644,14%,,,,,,,,,,
11/05/2019 10:00,26941.262,13%,,,,,,,,,,
11/05/2019 11:00,28445.55,14%,,,,,,,,,,
11/05/2019 12:00,31145.278,16%,,,,,,,,,,
11/05/2019 13:00,34191.939,17%,,,,,,,,,,
11/05/2019 14:00,38635.618,19%,,,,,,,,,,
11/05/2019 15:00,45049.272,23%,,,,,,,,,,
11/05/2019 16:00,47317.387,24%,,,,,,,,,,
11/05/2019 17:00,48603.72,24%,,,,,,,,,,
11/05/2019 18:00,45589.988,23%,,,,,,,,,,
11/05/2019 19:00,46582.01,23%,,,,,,,,,,
11/05/2019 20:00,43832.556,22%,,,,,,,,,,
11/05/2019 21:00,36527.724,18%,,,,,,,,,,
11/05/2019 22:00,30639.887,15%,,,,,,,,,,
11/05/2019 23:00,26304.481,13%,,,,,,,,,,
12/05/2019 00:00,23127.912,12%,,,,,,,,,,
12/05/2019 01:00,20249.739,10%,,,,,,,,,,
12/05/2019 02:00,17700.545,9%,,,,,,,,,,
12/05/2019 03:00,15090.229,8%,,,,,,,,,,
12/05/2019 04:00,10742.268,5%,,,,,,,,,,
12/05/2019 05:00,6604.91,3%,,,,,,,,,,
12/05/2019 06:00,3306.031,2%,,,,,,,,,,
12/05/2019 07:00,2169.425,1%,,,,,,,,,,
12/05/2019 08:00,4991.88,2%,,,,,,,,,,
12/05/2019 09:00,8258.58,4%,,,,,,,,,,
12/05/2019 10:00,11114.986,6%,,,,,,,,,,
12/05/2019 11:00,15328.036,8%,,,,,,,,,,
12/05/2019 12:00,20915.423,10%,,,,,,,,,,
12/05/2019 13:00,28169.125,14%,,,,,,,,,,
12/05/2019 14:00,31964.947,16%,,,,,,,,,,
12/05/2019 15:00,28436.771,14%,,,,,,,,,,
12/05/2019 16:00,22492.611,11%,,,,,,,,,,
12/05/2019 17:00,19044.918,10%,,,,,,,,,,
12/05/2019 18:00,17179.291,9%,,,,,,,,,,
12/05/2019 19:00,15728.164,8%,,,,,,,,,,
12/05/2019 20:00,18435.61,9%,,,,,,,,,,
12/05/2019 21:00,23988.293,12%,,,,,,,,,,
12/05/2019 22:00,28802.465,14%,,,,,,,,,,
12/05/2019 23:00,30972.952,15%,,,,,,,,,,
13/05/2019 00:00,30925.696,15%,,,,,,,,,,
13/05/2019 01:00,28853.575,14%,,,,,,,,,,
13/05/2019 02:00,28214.146,14%,,,,,,,,,,
13/05/2019 03:00,27141.301,14%,,,,,,,,,,
13/05/2019 04:00,25440.29,13%,,,,,,,,,,
13/05/2019 05:00,23449.719,12%,,,,,,,,,,
13/05/2019 06:00,15906.759,8%,,,,,,,,,,
13/05/2019 07:00,14727.83,7%,,,,,,,,,,
13/05/2019 08:00,27759.728,14%,,,,,,,,,,
13/05/2019 09:00,35976.566,18%,,,,,,,,,,
13/05/2019 10:00,43855.121,22%,,,,,,,,,,
13/05/2019 11:00,49045.507,25%,,,,,,,,,,
13/05/2019 12:00,50188.744,25%,,,,,,,,,,
13/05/2019 13:00,50016.637,25%,,,,,,,,,,
13/05/2019 14:00,53406.822,27%,,,,,,,,,,
13/05/2019 15:00,58763.676,29%,,,,,,,,,,
13/05/2019 16:00,57113.482,29%,,,,,,,,,,
13/05/2019 17:00,49050.457,25%,,,,,,,,,,
13/05/2019 18:00,36640.936,18%,,,,,,,,,,
13/05/2019 19:00,32697.943,16%,,,,,,,,,,
13/05/2019 20:00,34586.104,17%,,,,,,,,,,
13/05/2019 21:00,36083.089,18%,,,,,,,,,,
13/05/2019 22:00,35797.51,18%,,,,,,,,,,
13/05/2019 23:00,33462.089,17%,,,,,,,,,,
14/05/2019 00:00,30607.497,15%,,,,,,,,,,
14/05/2019 01:00,26800.884,13%,,,,,,,,,,
14/05/2019 02:00,21727.855,11%,,,,,,,,,,
14/05/2019 03:00,16500.251,8%,,,,,,,,,,
14/05/2019 04:00,12541.035,6%,,,,,,,,,,
14/05/2019 05:00,10516.813,5%,,,,,,,,,,
14/05/2019 06:00,7497.81,4%,,,,,,,,,,
14/05/2019 07:00,4389.085,2%,,,,,,,,,,
14/05/2019 08:00,6663.518,3%,,,,,,,,,,
14/05/2019 09:00,9651.293,5%,,,,,,,,,,
14/05/2019 10:00,13767.267,7%,,,,,,,,,,
14/05/2019 11:00,18094.253,9%,,,,,,,,,,
14/05/2019 12:00,22006.454,11%,,,,,,,,,,
14/05/2019 13:00,25222.762,13%,,,,,,,,,,
14/05/2019 14:00,28300.335,14%,,,,,,,,,,
14/05/2019 15:00,30755.357,15%,,,,,,,,,,
14/05/2019 16:00,30922.891,15%,,,,,,,,,,
14/05/2019 17:00,29183.871,15%,,,,,,,,,,
14/05/2019 18:00,24726.935,12%,,,,,,,,,,
14/05/2019 19:00,18706.91,9%,,,,,,,,,,
14/05/2019 20:00,11134.703,6%,,,,,,,,,,
14/05/2019 21:00,4432.438,2%,,,,,,,,,,
14/05/2019 22:00,947.865,0%,,,,,,,,,,
14/05/2019 23:00,624.012,0%,,,,,,,,,,
15/05/2019 00:00,2717.543,1%,,,,,,,,,,
15/05/2019 01:00,6762.955,3%,,,,,,,,,,
15/05/2019 02:00,11558.88,6%,,,,,,,,,,
15/05/2019 03:00,14458.479,7%,,,,,,,,,,
15/05/2019 04:00,14139.181,7%,,,,,,,,,,
15/05/2019 05:00,12647.205,6%,,,,,,,,,,
15/05/2019 06:00,9216.125,5%,,,,,,,,,,
15/05/2019 07:00,6173.981,3%,,,,,,,,,,
15/05/2019 08:00,11484.192,6%,,,,,,,,,,
15/05/2019 09:00,16304.414,8%,,,,,,,,,,
15/05/2019 10:00,19435.014,10%,,,,,,,,,,
15/05/2019 11:00,21053.144,11%,,,,,,,,,,
15/05/2019 12:00,20723.325,10%,,,,,,,,,,
15/05/2019 13:00,18592.49,9%,,,,,,,,,,
15/05/2019 14:00,15672.205,8%,,,,,,,,,,
15/05/2019 15:00,13297.739,7%,,,,,,,,,,
15/05/2019 16:00,11557.083,6%,,,,,,,,,,
15/05/2019 17:00,11337.311,6%,,,,,,,,,,
15/05/2019 18:00,11858.875,6%,,,,,,,,,,
15/05/2019 19:00,13958.211,7%,,,,,,,,,,
15/05/2019 20:00,27379.793,14%,,,,,,,,,,
15/05/2019 21:00,45639.692,23%,,,,,,,,,,
15/05/2019 22:00,53164.683,27%,,,,,,,,,,
15/05/2019 23:00,50574.251,25%,,,,,,,,,,
16/05/2019 00:00,44692.626,22%,,,,,,,,,,
16/05/2019 01:00,42168.101,21%,,,,,,,,,,
16/05/2019 02:00,38472.019,19%,,,,,,,,,,
16/05/2019 03:00,34392.365,17%,,,,,,,,,,
16/05/2019 04:00,32213.513,16%,,,,,,,,,,
16/05/2019 05:00,30441.846,15%,,,,,,,,,,
16/05/2019 06:00,30589.295,15%,,,,,,,,,,
16/05/2019 07:00,32491.93,16%,,,,,,,,,,
16/05/2019 08:00,36460.688,18%,,,,,,,,,,
16/05/2019 09:00,40580.383,20%,,,,,,,,,,
16/05/2019 10:00,46048.842,23%,,,,,,,,,,
16/05/2019 11:00,51813.996,26%,,,,,,,,,,
16/05/2019 12:00,57515.211,29%,,,,,,,,,,
16/05/2019 13:00,60987.175,30%,,,,,,,,,,
16/05/2019 14:00,62198.354,31%,,,,,,,,,,
16/05/2019 15:00,64010.781,32%,,,,,,,,,,
16/05/2019 16:00,66895.323,33%,,,,,,,,,,
16/05/2019 17:00,71106.163,36%,,,,,,,,,,
16/05/2019 18:00,73386.882,37%,,,,,,,,,,
16/05/2019 19:00,87528.109,44%,,,,,,,,,,
16/05/2019 20:00,100681.563,50%,,,,,,,,,,
16/05/2019 21:00,89404.382,45%,,,,,,,,,,
16/05/2019 22:00,79555.745,40%,,,,,,,,,,
16/05/2019 23:00,70700.878,35%,,,,,,,,,,
17/05/2019 00:00,62512.753,31%,,,,,,,,,,
17/05/2019 01:00,57197.117,29%,,,,,,,,,,
17/05/2019 02:00,53929.344,27%,,,,,,,,,,
17/05/2019 03:00,51370.402,26%,,,,,,,,,,
17/05/2019 04:00,50184.96,25%,,,,,,,,,,
17/05/2019 05:00,41112.816,21%,,,,,,,,,,
17/05/2019 06:00,33486.001,17%,,,,,,,,,,
17/05/2019 07:00,49046.119,25%,,,,,,,,,,
17/05/2019 08:00,62103.723,31%,,,,,,,,,,
17/05/2019 09:00,73512.734,37%,,,,,,,,,,
17/05/2019 10:00,79623.138,40%,,,,,,,,,,
17/05/2019 11:00,81460.141,41%,,,,,,,,,,
17/05/2019 12:00,82394.639,41%,,,,,,,,,,
17/05/2019 13:00,82549.477,41%,,,,,,,,,,
17/05/2019 14:00,83329.416,42%,,,,,,,,,,
17/05/2019 15:00,85008.082,43%,,,,,,,,,,
17/05/2019 16:00,85915.264,43%,,,,,,,,,,
17/05/2019 17:00,82657.373,41%,,,,,,,,,,
17/05/2019 18:00,75781.334,38%,,,,,,,,,,
17/05/2019 19:00,72241.694,36%,,,,,,,,,,
17/05/2019 20:00,69728.658,35%,,,,,,,,,,
17/05/2019 21:00,70181.219,35%,,,,,,,,,,
17/05/2019 22:00,72327.656,36%,,,,,,,,,,
17/05/2019 23:00,69417.482,35%,,,,,,,,,,
18/05/2019 00:00,64839.158,32%,,,,,,,,,,
18/05/2019 01:00,60489.321,30%,,,,,,,,,,
18/05/2019 02:00,58270.843,29%,,,,,,,,,,
18/05/2019 03:00,54877.119,27%,,,,,,,,,,
18/05/2019 04:00,49741.259,25%,,,,,,,,,,
18/05/2019 05:00,47233.245,24%,,,,,,,,,,
18/05/2019 06:00,49645.559,25%,,,,,,,,,,
18/05/2019 07:00,68566.862,34%,,,,,,,,,,
18/05/2019 08:00,74838.68,37%,,,,,,,,,,
18/05/2019 09:00,71531.613,36%,,,,,,,,,,
18/05/2019 10:00,65077.133,33%,,,,,,,,,,
18/05/2019 11:00,58266.162,29%,,,,,,,,,,
18/05/2019 12:00,50896.734,25%,,,,,,,,,,
18/05/2019 13:00,43457.783,22%,,,,,,,,,,
18/05/2019 14:00,34020.918,17%,,,,,,,,,,
18/05/2019 15:00,24195.793,12%,,,,,,,,,,
18/05/2019 16:00,15726.617,8%,,,,,,,,,,
18/05/2019 17:00,9205.708,5%,,,,,,,,,,
18/05/2019 18:00,5153.597,3%,,,,,,,,,,
18/05/2019 19:00,3514.117,2%,,,,,,,,,,
18/05/2019 20:00,2727.923,1%,,,,,,,,,,
18/05/2019 21:00,2352.585,1%,,,,,,,,,,
18/05/2019 22:00,1957.408,1%,,,,,,,,,,
18/05/2019 23:00,1488.172,1%,,,,,,,,,,
19/05/2019 00:00,1344.409,1%,,,,,,,,,,
19/05/2019 01:00,2201.052,1%,,,,,,,,,,
19/05/2019 02:00,3826.716,2%,,,,,,,,,,
19/05/2019 03:00,6128.708,3%,,,,,,,,,,
19/05/2019 04:00,8443.628,4%,,,,,,,,,,
19/05/2019 05:00,9011.171,5%,,,,,,,,,,
19/05/2019 06:00,7729.237,4%,,,,,,,,,,
19/05/2019 07:00,6620.328,3%,,,,,,,,,,
19/05/2019 08:00,6352.07,3%,,,,,,,,,,
19/05/2019 09:00,7941.811,4%,,,,,,,,,,
19/05/2019 10:00,11735.499,6%,,,,,,,,,,
19/05/2019 11:00,16819.93,8%,,,,,,,,,,
19/05/2019 12:00,22069.136,11%,,,,,,,,,,
19/05/2019 13:00,25593.709,13%,,,,,,,,,,
19/05/2019 14:00,27909.35,14%,,,,,,,,,,
19/05/2019 15:00,29460.125,15%,,,,,,,,,,
19/05/2019 16:00,29737.76,15%,,,,,,,,,,
19/05/2019 17:00,29024.045,15%,,,,,,,,,,
19/05/2019 18:00,27611.75,14%,,,,,,,,,,
19/05/2019 19:00,27958.68,14%,,,,,,,,,,
19/05/2019 20:00,30864.708,15%,,,,,,,,,,
19/05/2019 21:00,31357.27,16%,,,,,,,,,,
19/05/2019 22:00,30972.73,15%,,,,,,,,,,
19/05/2019 23:00,31006.129,16%,,,,,,,,,,
20/05/2019 00:00,31796.76,16%,,,,,,,,,,
20/05/2019 01:00,32676.825,16%,,,,,,,,,,
20/05/2019 02:00,33545.567,17%,,,,,,,,,,
20/05/2019 03:00,33096.94,17%,,,,,,,,,,
20/05/2019 04:00,31269.218,16%,,,,,,,,,,
20/05/2019 05:00,26857.713,13%,,,,,,,,,,
20/05/2019 06:00,21827.432,11%,,,,,,,,,,
20/05/2019 07:00,17198.4,9%,,,,,,,,,,
20/05/2019 08:00,12214.227,6%,,,,,,,,,,
20/05/2019 09:00,9974.689,5%,,,,,,,,,,
20/05/2019 10:00,11438.926,6%,,,,,,,,,,
20/05/2019 11:00,13845.29,7%,,,,,,,,,,
20/05/2019 12:00,16300.201,8%,,,,,,,,,,
20/05/2019 13:00,18562.932,9%,,,,,,,,,,
20/05/2019 14:00,23024.271,12%,,,,,,,,,,
20/05/2019 15:00,30617.635,15%,,,,,,,,,,
20/05/2019 16:00,38634.829,19%,,,,,,,,,,
20/05/2019 17:00,44594.101,22%,,,,,,,,,,
20/05/2019 18:00,42639.34,21%,,,,,,,,,,
20/05/2019 19:00,41923.104,21%,,,,,,,,,,
20/05/2019 20:00,45485.385,23%,,,,,,,,,,
20/05/2019 21:00,47870.961,24%,,,,,,,,,,
20/05/2019 22:00,48601.722,24%,,,,,,,,,,
20/05/2019 23:00,47620.541,24%,,,,,,,,,,
21/05/2019 00:00,44616.471,22%,,,,,,,,,,
21/05/2019 01:00,41940.099,21%,,,,,,,,,,
21/05/2019 02:00,37694.807,19%,,,,,,,,,,
21/05/2019 03:00,33613.186,17%,,,,,,,,,,
21/05/2019 04:00,29725.754,15%,,,,,,,,,,
21/05/2019 05:00,25843.254,13%,,,,,,,,,,
21/05/2019 06:00,26593.793,13%,,,,,,,,,,
21/05/2019 07:00,23524.027,12%,,,,,,,,,,
21/05/2019 08:00,19149.001,10%,,,,,,,,,,
21/05/2019 09:00,18769.235,9%,,,,,,,,,,
21/05/2019 10:00,21675.381,11%,,,,,,,,,,
21/05/2019 11:00,26962.501,13%,,,,,,,,,,
21/05/2019 12:00,34155.254,17%,,,,,,,,,,
21/05/2019 13:00,39728.589,20%,,,,,,,,,,
21/05/2019 14:00,43299.137,22%,,,,,,,,,,
21/05/2019 15:00,47544.277,24%,,,,,,,,,,
21/05/2019 16:00,53055.556,27%,,,,,,,,,,
21/05/2019 17:00,57597.01,29%,,,,,,,,,,
21/05/2019 18:00,55879.453,28%,,,,,,,,,,
21/05/2019 19:00,50391.642,25%,,,,,,,,,,
21/05/2019 20:00,52751.404,26%,,,,,,,,,,
21/05/2019 21:00,52278.31,26%,,,,,,,,,,
21/05/2019 22:00,49729.047,25%,,,,,,,,,,
21/05/2019 23:00,46868.209,23%,,,,,,,,,,
22/05/2019 00:00,44811.679,22%,,,,,,,,,,
22/05/2019 01:00,43840.542,22%,,,,,,,,,,
22/05/2019 02:00,42985.65,21%,,,,,,,,,,
22/05/2019 03:00,43527.311,22%,,,,,,,,,,
22/05/2019 04:00,43961.845,22%,,,,,,,,,,
22/05/2019 05:00,40350.229,20%,,,,,,,,,,
22/05/2019 06:00,46586.482,23%,,,,,,,,,,
22/05/2019 07:00,51042.362,26%,,,,,,,,,,
22/05/2019 08:00,56460.926,28%,,,,,,,,,,
22/05/2019 09:00,59175.218,30%,,,,,,,,,,
22/05/2019 10:00,62118.923,31%,,,,,,,,,,
22/05/2019 11:00,69391.231,35%,,,,,,,,,,
22/05/2019 12:00,79799.435,40%,,,,,,,,,,
22/05/2019 13:00,88304.981,44%,,,,,,,,,,
22/05/2019 14:00,94997.729,47%,,,,,,,,,,
22/05/2019 15:00,101469.665,51%,,,,,,,,,,
22/05/2019 16:00,105486.781,53%,,,,,,,,,,
22/05/2019 17:00,105822.644,53%,,,,,,,,,,
22/05/2019 18:00,98831.129,49%,,,,,,,,,,
22/05/2019 19:00,90537.691,45%,,,,,,,,,,
22/05/2019 20:00,89591.95,45%,,,,,,,,,,
22/05/2019 21:00,88415.149,44%,,,,,,,,,,
22/05/2019 22:00,84939.084,42%,,,,,,,,,,
22/05/2019 23:00,81456.033,41%,,,,,,,,,,
23/05/2019 00:00,79395.741,40%,,,,,,,,,,
23/05/2019 01:00,77130.627,39%,,,,,,,,,,
23/05/2019 02:00,76246.519,38%,,,,,,,,,,
23/05/2019 03:00,73756.323,37%,,,,,,,,,,
23/05/2019 04:00,75809.036,38%,,,,,,,,,,
23/05/2019 05:00,76780.862,38%,,,,,,,,,,
23/05/2019 06:00,81462.153,41%,,,,,,,,,,
23/05/2019 07:00,86676.202,43%,,,,,,,,,,
23/05/2019 08:00,91329.013,46%,,,,,,,,,,
23/05/2019 09:00,98219.293,49%,,,,,,,,,,
23/05/2019 10:00,106695.249,53%,,,,,,,,,,
23/05/2019 11:00,117195.195,59%,,,,,,,,,,
23/05/2019 12:00,127650.473,64%,,,,,,,,,,
23/05/2019 13:00,135383.902,68%,,,,,,,,,,
23/05/2019 14:00,141819.805,71%,,,,,,,,,,
23/05/2019 15:00,145737.584,73%,,,,,,,,,,
23/05/2019 16:00,144491.657,72%,,,,,,,,,,
23/05/2019 17:00,138949.015,69%,,,,,,,,,,
23/05/2019 18:00,126588.008,63%,,,,,,,,,,
23/05/2019 19:00,101754.59,51%,,,,,,,,,,
23/05/2019 20:00,90781.431,45%,,,,,,,,,,
23/05/2019 21:00,93008.176,47%,,,,,,,,,,
23/05/2019 22:00,96834.759,48%,,,,,,,,,,
23/05/2019 23:00,98770.762,49%,,,,,,,,,,
24/05/2019 00:00,95557.976,48%,,,,,,,,,,
24/05/2019 01:00,88540.793,44%,,,,,,,,,,
24/05/2019 02:00,85892.982,43%,,,,,,,,,,
24/05/2019 03:00,82219.686,41%,,,,,,,,,,
24/05/2019 04:00,74651.336,37%,,,,,,,,,,
24/05/2019 05:00,69496.578,35%,,,,,,,,,,
24/05/2019 06:00,71813.284,36%,,,,,,,,,,
24/05/2019 07:00,69785.452,35%,,,,,,,,,,
24/05/2019 08:00,67343.799,34%,,,,,,,,,,
24/05/2019 09:00,62993.842,31%,,,,,,,,,,
24/05/2019 10:00,58757.305,29%,,,,,,,,,,
24/05/2019 11:00,56504.232,28%,,,,,,,,,,
24/05/2019 12:00,55592.554,28%,,,,,,,,,,
24/05/2019 13:00,56229.097,28%,,,,,,,,,,
24/05/2019 14:00,60264.672,30%,,,,,,,,,,
24/05/2019 15:00,66747.792,33%,,,,,,,,,,
24/05/2019 16:00,69404.581,35%,,,,,,,,,,
24/05/2019 17:00,74017.311,37%,,,,,,,,,,
24/05/2019 18:00,70749.753,35%,,,,,,,,,,
24/05/2019 19:00,57784.501,29%,,,,,,,,,,
24/05/2019 20:00,56162.817,28%,,,,,,,,,,
24/05/2019 21:00,55365.607,28%,,,,,,,,,,
24/05/2019 22:00,45493.425,23%,,,,,,,,,,
24/05/2019 23:00,34142.709,17%,,,,,,,,,,
25/05/2019 00:00,23730.016,12%,,,,,,,,,,
25/05/2019 01:00,16470.085,8%,,,,,,,,,,
25/05/2019 02:00,11561.04,6%,,,,,,,,,,
25/05/2019 03:00,9368.145,5%,,,,,,,,,,
25/05/2019 04:00,10569.93,5%,,,,,,,,,,
25/05/2019 05:00,10863.932,5%,,,,,,,,,,
25/05/2019 06:00,9917.187,5%,,,,,,,,,,
25/05/2019 07:00,13326.767,7%,,,,,,,,,,
25/05/2019 08:00,18472.654,9%,,,,,,,,,,
25/05/2019 09:00,21445.435,11%,,,,,,,,,,
25/05/2019 10:00,22714.692,11%,,,,,,,,,,
25/05/2019 11:00,26326.007,13%,,,,,,,,,,
25/05/2019 12:00,33653.378,17%,,,,,,,,,,
25/05/2019 13:00,43060.419,22%,,,,,,,,,,
25/05/2019 14:00,46144.905,23%,,,,,,,,,,
25/05/2019 15:00,43063.494,22%,,,,,,,,,,
25/05/2019 16:00,37380.968,19%,,,,,,,,,,
25/05/2019 17:00,34187.171,17%,,,,,,,,,,
25/05/2019 18:00,45663.346,23%,,,,,,,,,,
25/05/2019 19:00,61627.141,31%,,,,,,,,,,
25/05/2019 20:00,69136.92,35%,,,,,,,,,,
25/05/2019 21:00,62386.512,31%,,,,,,,,,,
25/05/2019 22:00,62084.255,31%,,,,,,,,,,
25/05/2019 23:00,50348.764,25%,,,,,,,,,,
26/05/2019 00:00,51872.972,26%,,,,,,,,,,
26/05/2019 01:00,38339.903,19%,,,,,,,,,,
26/05/2019 02:00,37071.2,19%,,,,,,,,,,
26/05/2019 03:00,33489.589,17%,,,,,,,,,,
26/05/2019 04:00,32530.111,16%,,,,,,,,,,
26/05/2019 05:00,53293.517,27%,,,,,,,,,,
26/05/2019 06:00,95585.979,48%,,,,,,,,,,
26/05/2019 07:00,127340.36,64%,,,,,,,,,,
26/05/2019 08:00,146292.211,73%,,,,,,,,,,
26/05/2019 09:00,167487.449,84%,,,,,,,,,,
26/05/2019 10:00,176038.124,88%,,,,,,,,,,
26/05/2019 11:00,177822.706,89%,,,,,,,,,,
26/05/2019 12:00,180850.852,90%,,,,,,,,,,
26/05/2019 13:00,186219.06,93%,,,,,,,,,,
26/05/2019 14:00,190004.74,95%,,,,,,,,,,
26/05/2019 15:00,191215.278,96%,,,,,,,,,,
26/05/2019 16:00,190207.191,95%,,,,,,,,,,
26/05/2019 17:00,186730.662,93%,,,,,,,,,,
26/05/2019 18:00,178922.332,89%,,,,,,,,,,
26/05/2019 19:00,164616.579,82%,,,,,,,,,,
26/05/2019 20:00,157334.189,79%,,,,,,,,,,
26/05/2019 21:00,146528.943,73%,,,,,,,,,,
26/05/2019 22:00,134314.388,67%,,,,,,,,,,
26/05/2019 23:00,117120.989,59%,,,,,,,,,,
27/05/2019 00:00,98770.735,49%,,,,,,,,,,
27/05/2019 01:00,80528.429,40%,,,,,,,,,,
27/05/2019 02:00,62845.886,31%,,,,,,,,,,
27/05/2019 03:00,50411.694,25%,,,,,,,,,,
27/05/2019 04:00,40715.525,20%,,,,,,,,,,
27/05/2019 05:00,28782.136,14%,,,,,,,,,,
27/05/2019 06:00,19323.448,10%,,,,,,,,,,
27/05/2019 07:00,12606.559,6%,,,,,,,,,,
27/05/2019 08:00,7518.798,4%,,,,,,,,,,
27/05/2019 09:00,4200.253,2%,,,,,,,,,,
27/05/2019 10:00,2556.965,1%,,,,,,,,,,
27/05/2019 11:00,2473.039,1%,,,,,,,,,,
27/05/2019 12:00,3038.679,2%,,,,,,,,,,
27/05/2019 13:00,4117.132,2%,,,,,,,,,,
27/05/2019 14:00,5492.021,3%,,,,,,,,,,
27/05/2019 15:00,6897.185,3%,,,,,,,,,,
27/05/2019 16:00,8079.548,4%,,,,,,,,,,
27/05/2019 17:00,8313.589,4%,,,,,,,,,,
27/05/2019 18:00,7660.949,4%,,,,,,,,,,
27/05/2019 19:00,7277.753,4%,,,,,,,,,,
27/05/2019 20:00,8144.731,4%,,,,,,,,,,
27/05/2019 21:00,8436.833,4%,,,,,,,,,,
27/05/2019 22:00,9158.167,5%,,,,,,,,,,
27/05/2019 23:00,10925.2,5%,,,,,,,,,,
28/05/2019 00:00,14247.659,7%,,,,,,,,,,
28/05/2019 01:00,19328.296,10%,,,,,,,,,,
28/05/2019 02:00,25285.239,13%,,,,,,,,,,
28/05/2019 03:00,30356.387,15%,,,,,,,,,,
28/05/2019 04:00,34432.908,17%,,,,,,,,,,
28/05/2019 05:00,32766.334,16%,,,,,,,,,,
28/05/2019 06:00,32801.856,16%,,,,,,,,,,
28/05/2019 07:00,30912.121,15%,,,,,,,,,,
28/05/2019 08:00,27165.526,14%,,,,,,,,,,
28/05/2019 09:00,23585.85,12%,,,,,,,,,,
28/05/2019 10:00,21597.064,11%,,,,,,,,,,
28/05/2019 11:00,21618.691,11%,,,,,,,,,,
28/05/2019 12:00,23549.877,12%,,,,,,,,,,
28/05/2019 13:00,26461.596,13%,,,,,,,,,,
28/05/2019 14:00,28800.015,14%,,,,,,,,,,
28/05/2019 15:00,30921.284,15%,,,,,,,,,,
28/05/2019 16:00,29633.287,15%,,,,,,,,,,
28/05/2019 17:00,26596.625,13%,,,,,,,,,,
28/05/2019 18:00,23183.776,12%,,,,,,,,,,
28/05/2019 19:00,20749.832,10%,,,,,,,,,,
28/05/2019 20:00,19852.41,10%,,,,,,,,,,
28/05/2019 21:00,16478.038,8%,,,,,,,,,,
28/05/2019 22:00,13007.25,7%,,,,,,,,,,
28/05/2019 23:00,10284.164,5%,,,,,,,,,,
29/05/2019 00:00,7276.978,4%,,,,,,,,,,
29/05/2019 01:00,4168.902,2%,,,,,,,,,,
29/05/2019 02:00,2654.794,1%,,,,,,,,,,
29/05/2019 03:00,3091.144,2%,,,,,,,,,,
29/05/2019 04:00,3990.922,2%,,,,,,,,,,
29/05/2019 05:00,5569.31,3%,,,,,,,,,,
29/05/2019 06:00,9292.773,5%,,,,,,,,,,
29/05/2019 07:00,14422.983,7%,,,,,,,,,,
29/05/2019 08:00,18682.938,9%,,,,,,,,,,
29/05/2019 09:00,24994.581,12%,,,,,,,,,,
29/05/2019 10:00,31945.208,16%,,,,,,,,,,
29/05/2019 11:00,35327.864,18%,,,,,,,,,,
29/05/2019 12:00,35669.336,18%,,,,,,,,,,
29/05/2019 13:00,34898.521,17%,,,,,,,,,,
29/05/2019 14:00,35770.547,18%,,,,,,,,,,
29/05/2019 15:00,33181.693,17%,,,,,,,,,,
29/05/2019 16:00,24906.958,12%,,,,,,,,,,
29/05/2019 17:00,17033.813,9%,,,,,,,,,,
29/05/2019 18:00,10983.802,5%,,,,,,,,,,
29/05/2019 19:00,5167.088,3%,,,,,,,,,,
29/05/2019 20:00,3777.352,2%,,,,,,,,,,
29/05/2019 21:00,8267.001,4%,,,,,,,,,,
29/05/2019 22:00,12638.401,6%,,,,,,,,,,
29/05/2019 23:00,14638.025,7%,,,,,,,,,,
30/05/2019 00:00,16350.696,8%,,,,,,,,,,
30/05/2019 01:00,17786.476,9%,,,,,,,,,,
30/05/2019 02:00,29289.695,15%,,,,,,,,,,
30/05/2019 03:00,36848.069,18%,,,,,,,,,,
30/05/2019 04:00,40634.152,20%,,,,,,,,,,
30/05/2019 05:00,44249.597,22%,,,,,,,,,,
30/05/2019 06:00,37785.328,19%,,,,,,,,,,
30/05/2019 07:00,35436.213,18%,,,,,,,,,,
30/05/2019 08:00,28368.127,14%,,,,,,,,,,
30/05/2019 09:00,25013.787,13%,,,,,,,,,,
30/05/2019 10:00,26134.654,13%,,,,,,,,,,
30/05/2019 11:00,28223.975,14%,,,,,,,,,,
30/05/2019 12:00,21508.074,11%,,,,,,,,,,
30/05/2019 13:00,22463.221,11%,,,,,,,,,,
30/05/2019 14:00,28973.061,14%,,,,,,,,,,
30/05/2019 15:00,35200.667,18%,,,,,,,,,,
30/05/2019 16:00,26341.9,13%,,,,,,,,,,
30/05/2019 17:00,13925.781,7%,,,,,,,,,,
30/05/2019 18:00,10870.131,5%,,,,,,,,,,
30/05/2019 19:00,14554.159,7%,,,,,,,,,,
30/05/2019 20:00,19965.454,10%,,,,,,,,,,
30/05/2019 21:00,22841.604,11%,,,,,,,,,,
30/05/2019 22:00,23740.151,12%,,,,,,,,,,
30/05/2019 23:00,25283.899,13%,,,,,,,,,,
31/05/2019 00:00,26591.761,13%,,,,,,,,,,
31/05/2019 01:00,23806.913,12%,,,,,,,,,,
31/05/2019 02:00,24927.446,12%,,,,,,,,,,
31/05/2019 03:00,32898.351,16%,,,,,,,,,,
31/05/2019 04:00,38996.659,19%,,,,,,,,,,
31/05/2019 05:00,35710.514,18%,,,,,,,,,,
31/05/2019 06:00,47647.831,24%,,,,,,,,,,
31/05/2019 07:00,53437.446,27%,,,,,,,,,,
31/05/2019 08:00,60486.328,30%,,,,,,,,,,
31/05/2019 09:00,82361.645,41%,,,,,,,,,,
31/05/2019 10:00,101994.392,51%,,,,,,,,,,
31/05/2019 11:00,111700.183,56%,,,,,,,,,,
31/05/2019 12:00,118984.147,59%,,,,,,,,,,
31/05/2019 13:00,123575.92,62%,,,,,,,,,,
31/05/2019 14:00,114480.508,57%,,,,,,,,,,
31/05/2019 15:00,102611.147,51%,,,,,,,,,,
31/05/2019 16:00,90778.101,45%,,,,,,,,,,
31/05/2019 17:00,87678.227,44%,,,,,,,,,,
31/05/2019 18:00,82005.84,41%,,,,,,,,,,
31/05/2019 19:00,91606.642,46%,,,,,,,,,,
31/05/2019 20:00,88355.968,44%,,,,,,,,,,
31/05/2019 21:00,77924.438,39%,,,,,,,,,,
31/05/2019 22:00,85010.768,43%,,,,,,,,,,
31/05/2019 23:00,91323.027,46%,,,,,,,,,,
01/06/2019 00:00,93914.473,47%,,,,,,,,,,
01/06/2019 01:00,97279.805,49%,,,,,,,,,,
01/06/2019 02:00,96903.696,48%,,,,,,,,,,
01/06/2019 03:00,88345.344,44%,,,,,,,,,,
01/06/2019 04:00,78209.286,39%,,,,,,,,,,
01/06/2019 05:00,59124.473,30%,,,,,,,,,,
01/06/2019 06:00,48603.023,24%,,,,,,,,,,
01/06/2019 07:00,51217.067,26%,,,,,,,,,,
01/06/2019 08:00,76674.827,38%,,,,,,,,,,
01/06/2019 09:00,96292.387,48%,,,,,,,,,,
01/06/2019 10:00,89544.215,45%,,,,,,,,,,
01/06/2019 11:00,76057.272,38%,,,,,,,,,,
01/06/2019 12:00,82004.261,41%,,,,,,,,,,
01/06/2019 13:00,83110.216,42%,,,,,,,,,,
01/06/2019 14:00,73546.74,37%,,,,,,,,,,
01/06/2019 15:00,63351.825,32%,,,,,,,,,,
01/06/2019 16:00,50198.565,25%,,,,,,,,,,
01/06/2019 17:00,36249.991,18%,,,,,,,,,,
01/06/2019 18:00,22305.095,11%,,,,,,,,,,
01/06/2019 19:00,16563.256,8%,,,,,,,,,,
01/06/2019 20:00,22745.664,11%,,,,,,,,,,
01/06/2019 21:00,37268.79,19%,,,,,,,,,,
01/06/2019 22:00,50050.284,25%,,,,,,,,,,
01/06/2019 23:00,58966.004,29%,,,,,,,,,,
02/06/2019 00:00,65539.85,33%,,,,,,,,,,
02/06/2019 01:00,70373.029,35%,,,,,,,,,,
02/06/2019 02:00,92232.977,46%,,,,,,,,,,
02/06/2019 03:00,111288.709,56%,,,,,,,,,,
02/06/2019 04:00,121992.519,61%,,,,,,,,,,
02/06/2019 05:00,128992.578,64%,,,,,,,,,,
02/06/2019 06:00,131931.421,66%,,,,,,,,,,
02/06/2019 07:00,134810.196,67%,,,,,,,,,,
02/06/2019 08:00,130040.643,65%,,,,,,,,,,
02/06/2019 09:00,133164.363,67%,,,,,,,,,,
02/06/2019 10:00,132550.19,66%,,,,,,,,,,
02/06/2019 11:00,127626.19,64%,,,,,,,,,,
02/06/2019 12:00,128657.908,64%,,,,,,,,,,
02/06/2019 13:00,136435.605,68%,,,,,,,,,,
02/06/2019 14:00,146352.75,73%,,,,,,,,,,
02/06/2019 15:00,144001.307,72%,,,,,,,,,,
02/06/2019 16:00,141755.746,71%,,,,,,,,,,
02/06/2019 17:00,140167.272,70%,,,,,,,,,,
02/06/2019 18:00,144000.936,72%,,,,,,,,,,
02/06/2019 19:00,158213.923,79%,,,,,,,,,,
02/06/2019 20:00,166190.053,83%,,,,,,,,,,
02/06/2019 21:00,172060.823,86%,,,,,,,,,,
02/06/2019 22:00,173307.254,87%,,,,,,,,,,
02/06/2019 23:00,174647.826,87%,,,,,,,,,,
03/06/2019 00:00,177756.386,89%,,,,,,,,,,
03/06/2019 01:00,179172.453,90%,,,,,,,,,,
03/06/2019 02:00,180190.987,90%,,,,,,,,,,
03/06/2019 03:00,179998.428,90%,,,,,,,,,,
03/06/2019 04:00,177545.463,89%,,,,,,,,,,
03/06/2019 05:00,174612.908,87%,,,,,,,,,,
03/06/2019 06:00,175295.38,88%,,,,,,,,,,
03/06/2019 07:00,179054.277,90%,,,,,,,,,,
03/06/2019 08:00,182139.791,91%,,,,,,,,,,
03/06/2019 09:00,184298.299,92%,,,,,,,,,,
03/06/2019 10:00,184709.528,92%,,,,,,,,,,
03/06/2019 11:00,183704.84,92%,,,,,,,,,,
03/06/2019 12:00,181410.345,91%,,,,,,,,,,
03/06/2019 13:00,176660.652,88%,,,,,,,,,,
03/06/2019 14:00,169403.766,85%,,,,,,,,,,
03/06/2019 15:00,159274.287,80%,,,,,,,,,,
03/06/2019 16:00,143744.063,72%,,,,,,,,,,
03/06/2019 17:00,120633.239,60%,,,,,,,,,,
03/06/2019 18:00,94530.579,47%,,,,,,,,,,
03/06/2019 19:00,67793.308,34%,,,,,,,,,,
03/06/2019 20:00,55601.697,28%,,,,,,,,,,
03/06/2019 21:00,53898.316,27%,,,,,,,,,,
03/06/2019 22:00,48552.604,24%,,,,,,,,,,
03/06/2019 23:00,50285.922,25%,,,,,,,,,,
04/06/2019 00:00,49734.111,25%,,,,,,,,,,
04/06/2019 01:00,43567.935,22%,,,,,,,,,,
04/06/2019 02:00,36461.789,18%,,,,,,,,,,
04/06/2019 03:00,31617.742,16%,,,,,,,,,,
04/06/2019 04:00,26469.958,13%,,,,,,,,,,
04/06/2019 05:00,21594.485,11%,,,,,,,,,,
04/06/2019 06:00,19851.581,10%,,,,,,,,,,
04/06/2019 07:00,17200.1,9%,,,,,,,,,,
04/06/2019 08:00,15225.277,8%,,,,,,,,,,
04/06/2019 09:00,10813.877,5%,,,,,,,,,,
04/06/2019 10:00,6345.512,3%,,,,,,,,,,
04/06/2019 11:00,3498.675,2%,,,,,,,,,,
04/06/2019 12:00,2638.123,1%,,,,,,,,,,
04/06/2019 13:00,3584.26,2%,,,,,,,,,,
04/06/2019 14:00,6992.547,3%,,,,,,,,,,
04/06/2019 15:00,11876.236,6%,,,,,,,,,,
04/06/2019 16:00,19021.886,10%,,,,,,,,,,
04/06/2019 17:00,28589.39,14%,,,,,,,,,,
04/06/2019 18:00,37868.566,19%,,,,,,,,,,
04/06/2019 19:00,48594.85,24%,,,,,,,,,,
04/06/2019 20:00,57092.556,29%,,,,,,,,,,
04/06/2019 21:00,65529.928,33%,,,,,,,,,,
04/06/2019 22:00,72664.376,36%,,,,,,,,,,
04/06/2019 23:00,72809.207,36%,,,,,,,,,,
05/06/2019 00:00,72439.134,36%,,,,,,,,,,
05/06/2019 01:00,78205.467,39%,,,,,,,,,,
05/06/2019 02:00,78208.287,39%,,,,,,,,,,
05/06/2019 03:00,73875.285,37%,,,,,,,,,,
05/06/2019 04:00,71003.192,36%,,,,,,,,,,
05/06/2019 05:00,72849.77,36%,,,,,,,,,,
05/06/2019 06:00,78435.948,39%,,,,,,,,,,
05/06/2019 07:00,86015.36,43%,,,,,,,,,,
05/06/2019 08:00,90093.268,45%,,,,,,,,,,
05/06/2019 09:00,82873.109,41%,,,,,,,,,,
05/06/2019 10:00,69655.236,35%,,,,,,,,,,
05/06/2019 11:00,54233.551,27%,,,,,,,,,,
05/06/2019 12:00,41179.794,21%,,,,,,,,,,
05/06/2019 13:00,29360.465,15%,,,,,,,,,,
05/06/2019 14:00,22368.539,11%,,,,,,,,,,
05/06/2019 15:00,27489.27,14%,,,,,,,,,,
05/06/2019 16:00,26643.073,13%,,,,,,,,,,
05/06/2019 17:00,26132.896,13%,,,,,,,,,,
05/06/2019 18:00,25399.013,13%,,,,,,,,,,
05/06/2019 19:00,26369.563,13%,,,,,,,,,,
05/06/2019 20:00,32699.055,16%,,,,,,,,,,
05/06/2019 21:00,31331.678,16%,,,,,,,,,,
05/06/2019 22:00,28262.637,14%,,,,,,,,,,
05/06/2019 23:00,27875.498,14%,,,,,,,,,,
06/06/2019 00:00,24651.335,12%,,,,,,,,,,
06/06/2019 01:00,22144.833,11%,,,,,,,,,,
06/06/2019 02:00,26766.793,13%,,,,,,,,,,
06/06/2019 03:00,27018.956,14%,,,,,,,,,,
06/06/2019 04:00,18623.137,9%,,,,,,,,,,
06/06/2019 05:00,14360.123,7%,,,,,,,,,,
06/06/2019 06:00,14053.382,7%,,,,,,,,,,
06/06/2019 07:00,15301.471,8%,,,,,,,,,,
06/06/2019 08:00,16486.541,8%,,,,,,,,,,
06/06/2019 09:00,18052.687,9%,,,,,,,,,,
06/06/2019 10:00,21993.875,11%,,,,,,,,,,
06/06/2019 11:00,29077.242,15%,,,,,,,,,,
06/06/2019 12:00,36795.68,18%,,,,,,,,,,
06/06/2019 13:00,48597.794,24%,,,,,,,,,,
06/06/2019 14:00,60991.972,30%,,,,,,,,,,
06/06/2019 15:00,69897.831,35%,,,,,,,,,,
06/06/2019 16:00,73348.205,37%,,,,,,,,,,
06/06/2019 17:00,74803.311,37%,,,,,,,,,,
06/06/2019 18:00,72321.298,36%,,,,,,,,,,
06/06/2019 19:00,61755.332,31%,,,,,,,,,,
06/06/2019 20:00,56626.093,28%,,,,,,,,,,
06/06/2019 21:00,57128.245,29%,,,,,,,,,,
06/06/2019 22:00,58499.972,29%,,,,,,,,,,
06/06/2019 23:00,55178.302,28%,,,,,,,,,,
07/06/2019 00:00,49057.767,25%,,,,,,,,,,
07/06/2019 01:00,40060.255,20%,,,,,,,,,,
07/06/2019 02:00,31402.528,16%,,,,,,,,,,
07/06/2019 03:00,26080.767,13%,,,,,,,,,,
07/06/2019 04:00,20256.677,10%,,,,,,,,,,
07/06/2019 05:00,14910.428,7%,,,,,,,,,,
07/06/2019 06:00,14009.463,7%,,,,,,,,,,
07/06/2019 07:00,20463.977,10%,,,,,,,,,,
07/06/2019 08:00,24271.57,12%,,,,,,,,,,
07/06/2019 09:00,23517.736,12%,,,,,,,,,,
07/06/2019 10:00,22735.003,11%,,,,,,,,,,
07/06/2019 11:00,27420.923,14%,,,,,,,,,,
07/06/2019 12:00,33205.867,17%,,,,,,,,,,
07/06/2019 13:00,36990.178,18%,,,,,,,,,,
07/06/2019 14:00,42510.491,21%,,,,,,,,,,
07/06/2019 15:00,49733.359,25%,,,,,,,,,,
07/06/2019 16:00,50102.04,25%,,,,,,,,,,
07/06/2019 17:00,43055.55,22%,,,,,,,,,,
07/06/2019 18:00,36763.037,18%,,,,,,,,,,
07/06/2019 19:00,37622.263,19%,,,,,,,,,,
07/06/2019 20:00,43960.511,22%,,,,,,,,,,
07/06/2019 21:00,46483.742,23%,,,,,,,,,,
07/06/2019 22:00,42177.75,21%,,,,,,,,,,
07/06/2019 23:00,37154.804,19%,,,,,,,,,,
08/06/2019 00:00,35785.037,18%,,,,,,,,,,
08/06/2019 01:00,37656.67,19%,,,,,,,,,,
08/06/2019 02:00,41198.436,21%,,,,,,,,,,
08/06/2019 03:00,43896.211,22%,,,,,,,,,,
08/06/2019 04:00,44890.846,22%,,,,,,,,,,
08/06/2019 05:00,41553.26,21%,,,,,,,,,,
08/06/2019 06:00,32290.489,16%,,,,,,,,,,
08/06/2019 07:00,21001.219,11%,,,,,,,,,,
08/06/2019 08:00,18576.116,9%,,,,,,,,,,
08/06/2019 09:00,15545.974,8%,,,,,,,,,,
08/06/2019 10:00,15606.368,8%,,,,,,,,,,
08/06/2019 11:00,18095.049,9%,,,,,,,,,,
08/06/2019 12:00,20638.387,10%,,,,,,,,,,
08/06/2019 13:00,23061.167,12%,,,,,,,,,,
08/06/2019 14:00,25609.088,13%,,,,,,,,,,
08/06/2019 15:00,28163.41,14%,,,,,,,,,,
08/06/2019 16:00,28906.385,14%,,,,,,,,,,
08/06/2019 17:00,27552.439,14%,,,,,,,,,,
08/06/2019 18:00,26500.715,13%,,,,,,,,,,
08/06/2019 19:00,28836.021,14%,,,,,,,,,,
08/06/2019 20:00,34809.362,17%,,,,,,,,,,
08/06/2019 21:00,38159.722,19%,,,,,,,,,,
08/06/2019 22:00,38136.062,19%,,,,,,,,,,
08/06/2019 23:00,35739.993,18%,,,,,,,,,,
09/06/2019 00:00,34690.959,17%,,,,,,,,,,
09/06/2019 01:00,35769.064,18%,,,,,,,,,,
09/06/2019 02:00,37269.555,19%,,,,,,,,,,
09/06/2019 03:00,40441.182,20%,,,,,,,,,,
09/06/2019 04:00,41381.953,21%,,,,,,,,,,
09/06/2019 05:00,38346.183,19%,,,,,,,,,,
09/06/2019 06:00,39270.339,20%,,,,,,,,,,
09/06/2019 07:00,38238.408,19%,,,,,,,,,,
09/06/2019 08:00,38193.32,19%,,,,,,,,,,
09/06/2019 09:00,39242.806,20%,,,,,,,,,,
09/06/2019 10:00,40167.083,20%,,,,,,,,,,
09/06/2019 11:00,41628.008,21%,,,,,,,,,,
09/06/2019 12:00,44322.922,22%,,,,,,,,,,
09/06/2019 13:00,46349.569,23%,,,,,,,,,,
09/06/2019 14:00,46143.936,23%,,,,,,,,,,
09/06/2019 15:00,43561.018,22%,,,,,,,,,,
09/06/2019 16:00,39370.322,20%,,,,,,,,,,
09/06/2019 17:00,34286.165,17%,,,,,,,,,,
09/06/2019 18:00,27865.835,14%,,,,,,,,,,
09/06/2019 19:00,22300.178,11%,,,,,,,,,,
09/06/2019 20:00,20247.18,10%,,,,,,,,,,
09/06/2019 21:00,17075.31,9%,,,,,,,,,,
09/06/2019 22:00,13710.969,7%,,,,,,,,,,
09/06/2019 23:00,10943.949,5%,,,,,,,,,,
10/06/2019 00:00,9002.113,5%,,,,,,,,,,
10/06/2019 01:00,7478.419,4%,,,,,,,,,,
10/06/2019 02:00,6976.05,3%,,,,,,,,,,
10/06/2019 03:00,7810.745,4%,,,,,,,,,,
10/06/2019 04:00,9829,5%,,,,,,,,,,
10/06/2019 05:00,10925.522,5%,,,,,,,,,,
10/06/2019 06:00,10977.168,5%,,,,,,,,,,
10/06/2019 07:00,10579.924,5%,,,,,,,,,,
10/06/2019 08:00,10209.868,5%,,,,,,,,,,
10/06/2019 09:00,9014.139,5%,,,,,,,,,,
10/06/2019 10:00,7146.528,4%,,,,,,,,,,
10/06/2019 11:00,5964.276,3%,,,,,,,,,,
10/06/2019 12:00,5222.514,3%,,,,,,,,,,
10/06/2019 13:00,5326.356,3%,,,,,,,,,,
10/06/2019 14:00,5985.34,3%,,,,,,,,,,
10/06/2019 15:00,7880.646,4%,,,,,,,,,,
10/06/2019 16:00,11356.336,6%,,,,,,,,,,
10/06/2019 17:00,15286.842,8%,,,,,,,,,,
10/06/2019 18:00,19111.606,10%,,,,,,,,,,
10/06/2019 19:00,22574.207,11%,,,,,,,,,,
10/06/2019 20:00,26837.797,13%,,,,,,,,,,
10/06/2019 21:00,28284.842,14%,,,,,,,,,,
10/06/2019 22:00,25512.336,13%,,,,,,,,,,
10/06/2019 23:00,22158.585,11%,,,,,,,,,,
11/06/2019 00:00,21400.342,11%,,,,,,,,,,
11/06/2019 01:00,23548.605,12%,,,,,,,,,,
11/06/2019 02:00,26830.647,13%,,,,,,,,,,
11/06/2019 03:00,29868.495,15%,,,,,,,,,,
11/06/2019 04:00,32177.859,16%,,,,,,,,,,
11/06/2019 05:00,34553.57,17%,,,,,,,,,,
11/06/2019 06:00,45687.555,23%,,,,,,,,,,
11/06/2019 07:00,53931.954,27%,,,,,,,,,,
11/06/2019 08:00,59580.552,30%,,,,,,,,,,
11/06/2019 09:00,61608.308,31%,,,,,,,,,,
11/06/2019 10:00,60899.926,30%,,,,,,,,,,
11/06/2019 11:00,60477.215,30%,,,,,,,,,,
11/06/2019 12:00,62896.129,31%,,,,,,,,,,
11/06/2019 13:00,69161.76,35%,,,,,,,,,,
11/06/2019 14:00,73253.86,37%,,,,,,,,,,
11/06/2019 15:00,73380.902,37%,,,,,,,,,,
11/06/2019 16:00,73073.88,37%,,,,,,,,,,
11/06/2019 17:00,72856.741,36%,,,,,,,,,,
11/06/2019 18:00,63406.578,32%,,,,,,,,,,
11/06/2019 19:00,56571.074,28%,,,,,,,,,,
11/06/2019 20:00,62459.671,31%,,,,,,,,,,
11/06/2019 21:00,80650.592,40%,,,,,,,,,,
11/06/2019 22:00,98950.292,49%,,,,,,,,,,
11/06/2019 23:00,105091.942,53%,,,,,,,,,,
12/06/2019 00:00,111287.992,56%,,,,,,,,,,
12/06/2019 01:00,113168.282,57%,,,,,,,,,,
12/06/2019 02:00,112186.033,56%,,,,,,,,,,
12/06/2019 03:00,114865.615,57%,,,,,,,,,,
12/06/2019 04:00,116598.171,58%,,,,,,,,,,
12/06/2019 05:00,120360.735,60%,,,,,,,,,,
12/06/2019 06:00,131545.877,66%,,,,,,,,,,
12/06/2019 07:00,140123.095,70%,,,,,,,,,,
12/06/2019 08:00,146232.662,73%,,,,,,,,,,
12/06/2019 09:00,150853.425,75%,,,,,,,,,,
12/06/2019 10:00,154354.387,77%,,,,,,,,,,
12/06/2019 11:00,155313.919,78%,,,,,,,,,,
12/06/2019 12:00,154933.196,77%,,,,,,,,,,
12/06/2019 13:00,154008.883,77%,,,,,,,,,,
12/06/2019 14:00,149134.29,75%,,,,,,,,,,
12/06/2019 15:00,144421.488,72%,,,,,,,,,,
12/06/2019 16:00,141418.751,71%,,,,,,,,,,
12/06/2019 17:00,144852.018,72%,,,,,,,,,,
12/06/2019 18:00,151394.099,76%,,,,,,,,,,
12/06/2019 19:00,153641.235,77%,,,,,,,,,,
12/06/2019 20:00,153075.051,77%,,,,,,,,,,
12/06/2019 21:00,152686.596,76%,,,,,,,,,,
12/06/2019 22:00,149567.382,75%,,,,,,,,,,
12/06/2019 23:00,146363.738,73%,,,,,,,,,,
13/06/2019 00:00,142056.713,71%,,,,,,,,,,
13/06/2019 01:00,138953.807,69%,,,,,,,,,,
13/06/2019 02:00,134571.184,67%,,,,,,,,,,
13/06/2019 03:00,121107.3,61%,,,,,,,,,,
13/06/2019 04:00,109406.609,55%,,,,,,,,,,
13/06/2019 05:00,101223.826,51%,,,,,,,,,,
13/06/2019 06:00,94564.392,47%,,,,,,,,,,
13/06/2019 07:00,82547.161,41%,,,,,,,,,,
13/06/2019 08:00,71525.415,36%,,,,,,,,,,
13/06/2019 09:00,58756.393,29%,,,,,,,,,,
13/06/2019 10:00,42184.582,21%,,,,,,,,,,
13/06/2019 11:00,28400.08,14%,,,,,,,,,,
13/06/2019 12:00,17872.699,9%,,,,,,,,,,
13/06/2019 13:00,10396.574,5%,,,,,,,,,,
13/06/2019 14:00,5790.94,3%,,,,,,,,,,
13/06/2019 15:00,4249.734,2%,,,,,,,,,,
13/06/2019 16:00,3579.409,2%,,,,,,,,,,
13/06/2019 17:00,3631.045,2%,,,,,,,,,,
13/06/2019 18:00,4749.525,2%,,,,,,,,,,
13/06/2019 19:00,6427.186,3%,,,,,,,,,,
13/06/2019 20:00,8277.934,4%,,,,,,,,,,
13/06/2019 21:00,10512.295,5%,,,,,,,,,,
13/06/2019 22:00,11851.574,6%,,,,,,,,,,
13/06/2019 23:00,15222.353,8%,,,,,,,,,,
14/06/2019 00:00,21044.462,11%,,,,,,,,,,
14/06/2019 01:00,28136.994,14%,,,,,,,,,,
14/06/2019 02:00,35397.616,18%,,,,,,,,,,
14/06/2019 03:00,38685.184,19%,,,,,,,,,,
14/06/2019 04:00,39998.373,20%,,,,,,,,,,
14/06/2019 05:00,45294.692,23%,,,,,,,,,,
14/06/2019 06:00,54081.347,27%,,,,,,,,,,
14/06/2019 07:00,60026.086,30%,,,,,,,,,,
14/06/2019 08:00,67763.621,34%,,,,,,,,,,
14/06/2019 09:00,72851.345,36%,,,,,,,,,,
14/06/2019 10:00,73943.799,37%,,,,,,,,,,
14/06/2019 11:00,72849.9,36%,,,,,,,,,,
14/06/2019 12:00,70474.383,35%,,,,,,,,,,
14/06/2019 13:00,66548.778,33%,,,,,,,,,,
14/06/2019 14:00,64522.167,32%,,,,,,,,,,
14/06/2019 15:00,65827.533,33%,,,,,,,,,,
14/06/2019 16:00,68786.198,34%,,,,,,,,,,
14/06/2019 17:00,68427.456,34%,,,,,,,,,,
14/06/2019 18:00,57775.564,29%,,,,,,,,,,
14/06/2019 19:00,49560.849,25%,,,,,,,,,,
14/06/2019 20:00,56663.542,28%,,,,,,,,,,
14/06/2019 21:00,66293.196,33%,,,,,,,,,,
14/06/2019 22:00,70378.149,35%,,,,,,,,,,
14/06/2019 23:00,68592.822,34%,,,,,,,,,,
15/06/2019 00:00,67081.321,34%,,,,,,,,,,
15/06/2019 01:00,73821.01,37%,,,,,,,,,,
15/06/2019 02:00,75438.938,38%,,,,,,,,,,
15/06/2019 03:00,64528.302,32%,,,,,,,,,,
15/06/2019 04:00,46999.094,23%,,,,,,,,,,
15/06/2019 05:00,35824.643,18%,,,,,,,,,,
15/06/2019 06:00,33494.337,17%,,,,,,,,,,
15/06/2019 07:00,43533.062,22%,,,,,,,,,,
15/06/2019 08:00,48628.03,24%,,,,,,,,,,
15/06/2019 09:00,49375.577,25%,,,,,,,,,,
15/06/2019 10:00,51049.5,26%,,,,,,,,,,
15/06/2019 11:00,56747.712,28%,,,,,,,,,,
15/06/2019 12:00,63147.813,32%,,,,,,,,,,
15/06/2019 13:00,65617.31,33%,,,,,,,,,,
15/06/2019 14:00,67071.875,34%,,,,,,,,,,
15/06/2019 15:00,68301.684,34%,,,,,,,,,,
15/06/2019 16:00,66828.442,33%,,,,,,,,,,
15/06/2019 17:00,59991.833,30%,,,,,,,,,,
15/06/2019 18:00,50193.015,25%,,,,,,,,,,
15/06/2019 19:00,40776.91,20%,,,,,,,,,,
15/06/2019 20:00,36342.475,18%,,,,,,,,,,
15/06/2019 21:00,34138.347,17%,,,,,,,,,,
15/06/2019 22:00,32330.077,16%,,,,,,,,,,
15/06/2019 23:00,31273.106,16%,,,,,,,,,,
16/06/2019 00:00,33483.673,17%,,,,,,,,,,
16/06/2019 01:00,36537.947,18%,,,,,,,,,,
16/06/2019 02:00,37104.725,19%,,,,,,,,,,
16/06/2019 03:00,35816.836,18%,,,,,,,,,,
16/06/2019 04:00,31051.553,16%,,,,,,,,,,
16/06/2019 05:00,25993.088,13%,,,,,,,,,,
16/06/2019 06:00,25389.415,13%,,,,,,,,,,
16/06/2019 07:00,29813.856,15%,,,,,,,,,,
16/06/2019 08:00,38335.171,19%,,,,,,,,,,
16/06/2019 09:00,45640.225,23%,,,,,,,,,,
16/06/2019 10:00,51014.979,26%,,,,,,,,,,
16/06/2019 11:00,54885.327,27%,,,,,,,,,,
16/06/2019 12:00,55578.799,28%,,,,,,,,,,
16/06/2019 13:00,54401.614,27%,,,,,,,,,,
16/06/2019 14:00,53933.807,27%,,,,,,,,,,
16/06/2019 15:00,52282.824,26%,,,,,,,,,,
16/06/2019 16:00,49051.806,25%,,,,,,,,,,
16/06/2019 17:00,46975.785,23%,,,,,,,,,,
16/06/2019 18:00,43956.131,22%,,,,,,,,,,
16/06/2019 19:00,45556.196,23%,,,,,,,,,,
16/06/2019 20:00,55489.375,28%,,,,,,,,,,
16/06/2019 21:00,66829.285,33%,,,,,,,,,,
16/06/2019 22:00,78889.28,39%,,,,,,,,,,
16/06/2019 23:00,94137,47%,,,,,,,,,,
17/06/2019 00:00,117960.289,59%,,,,,,,,,,
17/06/2019 01:00,143024.089,72%,,,,,,,,,,
17/06/2019 02:00,153390.237,77%,,,,,,,,,,
17/06/2019 03:00,150989.828,75%,,,,,,,,,,
17/06/2019 04:00,138178.789,69%,,,,,,,,,,
17/06/2019 05:00,130451.481,65%,,,,,,,,,,
17/06/2019 06:00,133750.564,67%,,,,,,,,,,
17/06/2019 07:00,139323.422,70%,,,,,,,,,,
17/06/2019 08:00,142802.78,71%,,,,,,,,,,
17/06/2019 09:00,148671.999,74%,,,,,,,,,,
17/06/2019 10:00,155314.139,78%,,,,,,,,,,
17/06/2019 11:00,160548.547,80%,,,,,,,,,,
17/06/2019 12:00,165448.17,83%,,,,,,,,,,
17/06/2019 13:00,166037.162,83%,,,,,,,,,,
17/06/2019 14:00,162344.521,81%,,,,,,,,,,
17/06/2019 15:00,154019.329,77%,,,,,,,,,,
17/06/2019 16:00,136992.113,68%,,,,,,,,,,
17/06/2019 17:00,117136.702,59%,,,,,,,,,,
17/06/2019 18:00,90675.089,45%,,,,,,,,,,
17/06/2019 19:00,62147.37,31%,,,,,,,,,,
17/06/2019 20:00,45114.753,23%,,,,,,,,,,
17/06/2019 21:00,39024.111,20%,,,,,,,,,,
17/06/2019 22:00,37642.75,19%,,,,,,,,,,
17/06/2019 23:00,45476.296,23%,,,,,,,,,,
18/06/2019 00:00,53001.059,27%,,,,,,,,,,
18/06/2019 01:00,62245.009,31%,,,,,,,,,,
18/06/2019 02:00,68648.03,34%,,,,,,,,,,
18/06/2019 03:00,74712.169,37%,,,,,,,,,,
18/06/2019 04:00,78205.506,39%,,,,,,,,,,
18/06/2019 05:00,80609.654,40%,,,,,,,,,,
18/06/2019 06:00,116071.985,58%,,,,,,,,,,
18/06/2019 07:00,138040.493,69%,,,,,,,,,,
18/06/2019 08:00,145610.965,73%,,,,,,,,,,
18/06/2019 09:00,147354.599,74%,,,,,,,,,,
18/06/2019 10:00,145365.286,73%,,,,,,,,,,
18/06/2019 11:00,141226.805,71%,,,,,,,,,,
18/06/2019 12:00,135316.263,68%,,,,,,,,,,
18/06/2019 13:00,128721.131,64%,,,,,,,,,,
18/06/2019 14:00,117122.004,59%,,,,,,,,,,
18/06/2019 15:00,103704.649,52%,,,,,,,,,,
18/06/2019 16:00,88601.814,44%,,,,,,,,,,
18/06/2019 17:00,70688.629,35%,,,,,,,,,,
18/06/2019 18:00,51147.51,26%,,,,,,,,,,
18/06/2019 19:00,34581.905,17%,,,,,,,,,,
18/06/2019 20:00,27523.245,14%,,,,,,,,,,
18/06/2019 21:00,26602.7,13%,,,,,,,,,,
18/06/2019 22:00,27489.584,14%,,,,,,,,,,
18/06/2019 23:00,27910.42,14%,,,,,,,,,,
19/06/2019 00:00,28233.665,14%,,,,,,,,,,
19/06/2019 01:00,26592.025,13%,,,,,,,,,,
19/06/2019 02:00,24314.348,12%,,,,,,,,,,
19/06/2019 03:00,23931.682,12%,,,,,,,,,,
19/06/2019 04:00,23792.407,12%,,,,,,,,,,
19/06/2019 05:00,22186.79,11%,,,,,,,,,,
19/06/2019 06:00,26601.423,13%,,,,,,,,,,
19/06/2019 07:00,34587.509,17%,,,,,,,,,,
19/06/2019 08:00,44333.311,22%,,,,,,,,,,
19/06/2019 09:00,51119.643,26%,,,,,,,,,,
19/06/2019 10:00,56890.929,28%,,,,,,,,,,
19/06/2019 11:00,63461.984,32%,,,,,,,,,,
19/06/2019 12:00,68124.175,34%,,,,,,,,,,
19/06/2019 13:00,71212.546,36%,,,,,,,,,,
19/06/2019 14:00,73384.337,37%,,,,,,,,,,
19/06/2019 15:00,72854.902,36%,,,,,,,,,,
19/06/2019 16:00,68465.328,34%,,,,,,,,,,
19/06/2019 17:00,59163.351,30%,,,,,,,,,,
19/06/2019 18:00,45625.317,23%,,,,,,,,,,
19/06/2019 19:00,33217.825,17%,,,,,,,,,,
19/06/2019 20:00,27232.97,14%,,,,,,,,,,
19/06/2019 21:00,26014.632,13%,,,,,,,,,,
19/06/2019 22:00,26443.742,13%,,,,,,,,,,
19/06/2019 23:00,28919.044,14%,,,,,,,,,,
20/06/2019 00:00,33509.955,17%,,,,,,,,,,
20/06/2019 01:00,38371.225,19%,,,,,,,,,,
20/06/2019 02:00,47378.042,24%,,,,,,,,,,
20/06/2019 03:00,54879.157,27%,,,,,,,,,,
20/06/2019 04:00,59365.608,30%,,,,,,,,,,
20/06/2019 05:00,65447.235,33%,,,,,,,,,,
20/06/2019 06:00,82956.943,41%,,,,,,,,,,
20/06/2019 07:00,100276.41,50%,,,,,,,,,,
20/06/2019 08:00,116598.291,58%,,,,,,,,,,
20/06/2019 09:00,127542.534,64%,,,,,,,,,,
20/06/2019 10:00,133416.505,67%,,,,,,,,,,
20/06/2019 11:00,136886.932,68%,,,,,,,,,,
20/06/2019 12:00,136649.352,68%,,,,,,,,,,
20/06/2019 13:00,132686.474,66%,,,,,,,,,,
20/06/2019 14:00,127402.698,64%,,,,,,,,,,
20/06/2019 15:00,121494.48,61%,,,,,,,,,,
20/06/2019 16:00,114221.744,57%,,,,,,,,,,
20/06/2019 17:00,105117.401,53%,,,,,,,,,,
20/06/2019 18:00,94154.952,47%,,,,,,,,,,
20/06/2019 19:00,74715.535,37%,,,,,,,,,,
20/06/2019 20:00,62787.675,31%,,,,,,,,,,
20/06/2019 21:00,60494.079,30%,,,,,,,,,,
20/06/2019 22:00,58774.79,29%,,,,,,,,,,
20/06/2019 23:00,63116.134,32%,,,,,,,,,,
21/06/2019 00:00,65035.898,33%,,,,,,,,,,
21/06/2019 01:00,65784.824,33%,,,,,,,,,,
21/06/2019 02:00,65737.374,33%,,,,,,,,,,
21/06/2019 03:00,66314.852,33%,,,,,,,,,,
21/06/2019 04:00,66837.77,33%,,,,,,,,,,
21/06/2019 05:00,70482.901,35%,,,,,,,,,,
21/06/2019 06:00,73284.332,37%,,,,,,,,,,
21/06/2019 07:00,74878.424,37%,,,,,,,,,,
21/06/2019 08:00,79014.005,40%,,,,,,,,,,
21/06/2019 09:00,82056.712,41%,,,,,,,,,,
21/06/2019 10:00,84456.399,42%,,,,,,,,,,
21/06/2019 11:00,85007.051,43%,,,,,,,,,,
21/06/2019 12:00,82197.212,41%,,,,,,,,,,
21/06/2019 13:00,76370.4,38%,,,,,,,,,,
21/06/2019 14:00,68648.901,34%,,,,,,,,,,
21/06/2019 15:00,59993.653,30%,,,,,,,,,,
21/06/2019 16:00,50689.444,25%,,,,,,,,,,
21/06/2019 17:00,41466.111,21%,,,,,,,,,,
21/06/2019 18:00,32651.251,16%,,,,,,,,,,
21/06/2019 19:00,25481.609,13%,,,,,,,,,,
21/06/2019 20:00,21983.809,11%,,,,,,,,,,
21/06/2019 21:00,19054.21,10%,,,,,,,,,,
21/06/2019 22:00,15939.405,8%,,,,,,,,,,
21/06/2019 23:00,13740.168,7%,,,,,,,,,,
22/06/2019 00:00,13935.406,7%,,,,,,,,,,
22/06/2019 01:00,16831.924,8%,,,,,,,,,,
22/06/2019 02:00,22992.933,11%,,,,,,,,,,
22/06/2019 03:00,28797.323,14%,,,,,,,,,,
22/06/2019 04:00,30985.182,15%,,,,,,,,,,
22/06/2019 05:00,29475.304,15%,,,,,,,,,,
22/06/2019 06:00,27106.598,14%,,,,,,,,,,
22/06/2019 07:00,29171.228,15%,,,,,,,,,,
22/06/2019 08:00,38133.563,19%,,,,,,,,,,
22/06/2019 09:00,46155.664,23%,,,,,,,,,,
22/06/2019 10:00,44613.966,22%,,,,,,,,,,
22/06/2019 11:00,37697.54,19%,,,,,,,,,,
22/06/2019 12:00,27465.219,14%,,,,,,,,,,
22/06/2019 13:00,18859.141,9%,,,,,,,,,,
22/06/2019 14:00,13441.596,7%,,,,,,,,,,
22/06/2019 15:00,8632.348,4%,,,,,,,,,,
22/06/2019 16:00,5986.042,3%,,,,,,,,,,
22/06/2019 17:00,4230.545,2%,,,,,,,,,,
22/06/2019 18:00,2755.159,1%,,,,,,,,,,
22/06/2019 19:00,2342.459,1%,,,,,,,,,,
22/06/2019 20:00,5843.489,3%,,,,,,,,,,
22/06/2019 21:00,11657.038,6%,,,,,,,,,,
22/06/2019 22:00,18077.727,9%,,,,,,,,,,
22/06/2019 23:00,25923.751,13%,,,,,,,,,,
23/06/2019 00:00,32250.498,16%,,,,,,,,,,
23/06/2019 01:00,36842.104,18%,,,,,,,,,,
23/06/2019 02:00,42580.764,21%,,,,,,,,,,
23/06/2019 03:00,54769.79,27%,,,,,,,,,,
23/06/2019 04:00,58762.443,29%,,,,,,,,,,
23/06/2019 05:00,49088.645,25%,,,,,,,,,,
23/06/2019 06:00,42545.795,21%,,,,,,,,,,
23/06/2019 07:00,47309.118,24%,,,,,,,,,,
23/06/2019 08:00,45480.548,23%,,,,,,,,,,
23/06/2019 09:00,41579.111,21%,,,,,,,,,,
23/06/2019 10:00,40452.541,20%,,,,,,,,,,
23/06/2019 11:00,42257.204,21%,,,,,,,,,,
23/06/2019 12:00,46632.015,23%,,,,,,,,,,
23/06/2019 13:00,54007.858,27%,,,,,,,,,,
23/06/2019 14:00,64302.382,32%,,,,,,,,,,
23/06/2019 15:00,76756.507,38%,,,,,,,,,,
23/06/2019 16:00,91883.93,46%,,,,,,,,,,
23/06/2019 17:00,96840.913,48%,,,,,,,,,,
23/06/2019 18:00,89399.991,45%,,,,,,,,,,
23/06/2019 19:00,83911.314,42%,,,,,,,,,,
23/06/2019 20:00,88851.902,44%,,,,,,,,,,
23/06/2019 21:00,91328.668,46%,,,,,,,,,,
23/06/2019 22:00,90780.02,45%,,,,,,,,,,
23/06/2019 23:00,94559.701,47%,,,,,,,,,,
24/06/2019 00:00,94614.895,47%,,,,,,,,,,
24/06/2019 01:00,96132.562,48%,,,,,,,,,,
24/06/2019 02:00,90490.749,45%,,,,,,,,,,
24/06/2019 03:00,89633.921,45%,,,,,,,,,,
24/06/2019 04:00,86381.288,43%,,,,,,,,,,
24/06/2019 05:00,88300.911,44%,,,,,,,,,,
24/06/2019 06:00,86380.515,43%,,,,,,,,,,
24/06/2019 07:00,107565.432,54%,,,,,,,,,,
24/06/2019 08:00,118737.19,59%,,,,,,,,,,
24/06/2019 09:00,120244.92,60%,,,,,,,,,,
24/06/2019 10:00,113157.863,57%,,,,,,,,,,
24/06/2019 11:00,100938.947,50%,,,,,,,,,,
24/06/2019 12:00,84797.619,42%,,,,,,,,,,
24/06/2019 13:00,68643.055,34%,,,,,,,,,,
24/06/2019 14:00,55425.368,28%,,,,,,,,,,
24/06/2019 15:00,46839.354,23%,,,,,,,,,,
24/06/2019 16:00,42539.896,21%,,,,,,,,,,
24/06/2019 17:00,38381.73,19%,,,,,,,,,,
24/06/2019 18:00,32701.604,16%,,,,,,,,,,
24/06/2019 19:00,28916.737,14%,,,,,,,,,,
24/06/2019 20:00,31299.657,16%,,,,,,,,,,
24/06/2019 21:00,35741.916,18%,,,,,,,,,,
24/06/2019 22:00,37021.432,19%,,,,,,,,,,
24/06/2019 23:00,36119.121,18%,,,,,,,,,,
25/06/2019 00:00,35249.002,18%,,,,,,,,,,
25/06/2019 01:00,36486.615,18%,,,,,,,,,,
25/06/2019 02:00,41959.783,21%,,,,,,,,,,
25/06/2019 03:00,43921.543,22%,,,,,,,,,,
25/06/2019 04:00,44675.538,22%,,,,,,,,,,
25/06/2019 05:00,41197.82,21%,,,,,,,,,,
25/06/2019 06:00,43948.701,22%,,,,,,,,,,
25/06/2019 07:00,50584.887,25%,,,,,,,,,,
25/06/2019 08:00,53018.222,27%,,,,,,,,,,
25/06/2019 09:00,50240.677,25%,,,,,,,,,,
25/06/2019 10:00,45046.324,23%,,,,,,,,,,
25/06/2019 11:00,40164.239,20%,,,,,,,,,,
25/06/2019 12:00,36298.609,18%,,,,,,,,,,
25/06/2019 13:00,35039.914,18%,,,,,,,,,,
25/06/2019 14:00,35775.166,18%,,,,,,,,,,
25/06/2019 15:00,37365.721,19%,,,,,,,,,,
25/06/2019 16:00,38034.858,19%,,,,,,,,,,
25/06/2019 17:00,37786.766,19%,,,,,,,,,,
25/06/2019 18:00,36703.936,18%,,,,,,,,,,
25/06/2019 19:00,33859.498,17%,,,,,,,,,,
25/06/2019 20:00,34046.35,17%,,,,,,,,,,
25/06/2019 21:00,34933.704,17%,,,,,,,,,,
25/06/2019 22:00,32002.648,16%,,,,,,,,,,
25/06/2019 23:00,31307.917,16%,,,,,,,,,,
26/06/2019 00:00,30791.26,15%,,,,,,,,,,
26/06/2019 01:00,30574.255,15%,,,,,,,,,,
26/06/2019 02:00,30829.806,15%,,,,,,,,,,
26/06/2019 03:00,28004.853,14%,,,,,,,,,,
26/06/2019 04:00,22037.424,11%,,,,,,,,,,
26/06/2019 05:00,15800.188,8%,,,,,,,,,,
26/06/2019 06:00,10809.081,5%,,,,,,,,,,
26/06/2019 07:00,5973.219,3%,,,,,,,,,,
26/06/2019 08:00,3324.902,2%,,,,,,,,,,
26/06/2019 09:00,3061.686,2%,,,,,,,,,,
26/06/2019 10:00,4190.736,2%,,,,,,,,,,
26/06/2019 11:00,5992.116,3%,,,,,,,,,,
26/06/2019 12:00,7036.78,4%,,,,,,,,,,
26/06/2019 13:00,7036.653,4%,,,,,,,,,,
26/06/2019 14:00,6944.403,3%,,,,,,,,,,
26/06/2019 15:00,7251.734,4%,,,,,,,,,,
26/06/2019 16:00,8707.764,4%,,,,,,,,,,
26/06/2019 17:00,10711.851,5%,,,,,,,,,,
26/06/2019 18:00,12400.953,6%,,,,,,,,,,
26/06/2019 19:00,13733.213,7%,,,,,,,,,,
26/06/2019 20:00,15657.894,8%,,,,,,,,,,
26/06/2019 21:00,17271.926,9%,,,,,,,,,,
26/06/2019 22:00,18087.68,9%,,,,,,,,,,
26/06/2019 23:00,17321.358,9%,,,,,,,,,,
27/06/2019 00:00,15191.383,8%,,,,,,,,,,
27/06/2019 01:00,13088.887,7%,,,,,,,,,,
27/06/2019 02:00,12139.957,6%,,,,,,,,,,
27/06/2019 03:00,12855.235,6%,,,,,,,,,,
27/06/2019 04:00,15115.272,8%,,,,,,,,,,
27/06/2019 05:00,14170.4,7%,,,,,,,,,,
27/06/2019 06:00,9882.921,5%,,,,,,,,,,
27/06/2019 07:00,8819.558,4%,,,,,,,,,,
27/06/2019 08:00,6237.801,3%,,,,,,,,,,
27/06/2019 09:00,3469.72,2%,,,,,,,,,,
27/06/2019 10:00,2809.912,1%,,,,,,,,,,
27/06/2019 11:00,3123.544,2%,,,,,,,,,,
27/06/2019 12:00,2977.983,1%,,,,,,,,,,
27/06/2019 13:00,2906.446,1%,,,,,,,,,,
27/06/2019 14:00,3311.686,2%,,,,,,,,,,
27/06/2019 15:00,5125.476,3%,,,,,,,,,,
27/06/2019 16:00,10157.83,5%,,,,,,,,,,
27/06/2019 17:00,19531.369,10%,,,,,,,,,,
27/06/2019 18:00,32929.195,16%,,,,,,,,,,
27/06/2019 19:00,47404.521,24%,,,,,,,,,,
27/06/2019 20:00,62624.444,31%,,,,,,,,,,
27/06/2019 21:00,64661.606,32%,,,,,,,,,,
27/06/2019 22:00,57472.534,29%,,,,,,,,,,
27/06/2019 23:00,53278.019,27%,,,,,,,,,,
28/06/2019 00:00,50753.242,25%,,,,,,,,,,
28/06/2019 01:00,50454.966,25%,,,,,,,,,,
28/06/2019 02:00,50075.165,25%,,,,,,,,,,
28/06/2019 03:00,48605.203,24%,,,,,,,,,,
28/06/2019 04:00,46140.353,23%,,,,,,,,,,
28/06/2019 05:00,40092.832,20%,,,,,,,,,,
28/06/2019 06:00,46821.378,23%,,,,,,,,,,
28/06/2019 07:00,52532.224,26%,,,,,,,,,,
28/06/2019 08:00,59210.196,30%,,,,,,,,,,
28/06/2019 09:00,64680.895,32%,,,,,,,,,,
28/06/2019 10:00,69736.317,35%,,,,,,,,,,
28/06/2019 11:00,71764.28,36%,,,,,,,,,,
28/06/2019 12:00,71002.574,36%,,,,,,,,,,
28/06/2019 13:00,68948.847,34%,,,,,,,,,,
28/06/2019 14:00,67519.412,34%,,,,,,,,,,
28/06/2019 15:00,66253.764,33%,,,,,,,,,,
28/06/2019 16:00,62383.86,31%,,,,,,,,,,
28/06/2019 17:00,51879.266,26%,,,,,,,,,,
28/06/2019 18:00,41923.846,21%,,,,,,,,,,
28/06/2019 19:00,42755.08,21%,,,,,,,,,,
28/06/2019 20:00,49812.416,25%,,,,,,,,,,
28/06/2019 21:00,54403.98,27%,,,,,,,,,,
28/06/2019 22:00,49307.058,25%,,,,,,,,,,
28/06/2019 23:00,42755.545,21%,,,,,,,,,,
29/06/2019 00:00,36099.744,18%,,,,,,,,,,
29/06/2019 01:00,30515.627,15%,,,,,,,,,,
29/06/2019 02:00,29848.127,15%,,,,,,,,,,
29/06/2019 03:00,28351.885,14%,,,,,,,,,,
29/06/2019 04:00,26640.92,13%,,,,,,,,,,
29/06/2019 05:00,19863.342,10%,,,,,,,,,,
29/06/2019 06:00,22763.555,11%,,,,,,,,,,
29/06/2019 07:00,27365.661,14%,,,,,,,,,,
29/06/2019 08:00,30719.706,15%,,,,,,,,,,
29/06/2019 09:00,35786.074,18%,,,,,,,,,,
29/06/2019 10:00,35246.945,18%,,,,,,,,,,
29/06/2019 11:00,26655.77,13%,,,,,,,,,,
29/06/2019 12:00,25880.742,13%,,,,,,,,,,
29/06/2019 13:00,22862.351,11%,,,,,,,,,,
29/06/2019 14:00,16814.952,8%,,,,,,,,,,
29/06/2019 15:00,11226.935,6%,,,,,,,,,,
29/06/2019 16:00,8470.021,4%,,,,,,,,,,
29/06/2019 17:00,8470.182,4%,,,,,,,,,,
29/06/2019 18:00,11873.974,6%,,,,,,,,,,
29/06/2019 19:00,17543.678,9%,,,,,,,,,,
29/06/2019 20:00,19282.458,10%,,,,,,,,,,
29/06/2019 21:00,23062.89,12%,,,,,,,,,,
29/06/2019 22:00,35343.33,18%,,,,,,,,,,
29/06/2019 23:00,55643.756,28%,,,,,,,,,,
30/06/2019 00:00,80917.641,40%,,,,,,,,,,
30/06/2019 01:00,94317.014,47%,,,,,,,,,,
30/06/2019 02:00,101455.058,51%,,,,,,,,,,
30/06/2019 03:00,101133.936,51%,,,,,,,,,,
30/06/2019 04:00,101369.663,51%,,,,,,,,,,
30/06/2019 05:00,118308.106,59%,,,,,,,,,,
30/06/2019 06:00,141158.119,71%,,,,,,,,,,
30/06/2019 07:00,155649.924,78%,,,,,,,,,,
30/06/2019 08:00,166891.865,83%,,,,,,,,,,
30/06/2019 09:00,171745.164,86%,,,,,,,,,,
30/06/2019 10:00,169729.695,85%,,,,,,,,,,
30/06/2019 11:00,168340.844,84%,,,,,,,,,,
30/06/2019 12:00,170042.052,85%,,,,,,,,,,
30/06/2019 13:00,171033.344,86%,,,,,,,,,,
30/06/2019 14:00,170900.608,85%,,,,,,,,,,
30/06/2019 15:00,172132.526,86%,,,,,,,,,,
30/06/2019 16:00,174633.863,87%,,,,,,,,,,
30/06/2019 17:00,173484.822,87%,,,,,,,,,,
30/06/2019 18:00,165450.67,83%,,,,,,,,,,
30/06/2019 19:00,149569.23,75%,,,,,,,,,,
30/06/2019 20:00,147259.744,74%,,,,,,,,,,
30/06/2019 21:00,149311.652,75%,,,,,,,,,,
30/06/2019 22:00,150137.455,75%,,,,,,,,,,
30/06/2019 23:00,151537.982,76%,,,,,,,,,,
01/07/2019 00:00,151748.492,76%,,,,,,,,,,
01/07/2019 01:00,149169.913,75%,,,,,,,,,,
01/07/2019 02:00,144669.439,72%,,,,,,,,,,
01/07/2019 03:00,140470.237,70%,,,,,,,,,,
01/07/2019 04:00,135682.183,68%,,,,,,,,,,
01/07/2019 05:00,128811.877,64%,,,,,,,,,,
01/07/2019 06:00,133355.816,67%,,,,,,,,,,
01/07/2019 07:00,141029.261,71%,,,,,,,,,,
01/07/2019 08:00,148394.27,74%,,,,,,,,,,
01/07/2019 09:00,155218.577,78%,,,,,,,,,,
01/07/2019 10:00,154826.787,77%,,,,,,,,,,
01/07/2019 11:00,152315.655,76%,,,,,,,,,,
01/07/2019 12:00,149846.482,75%,,,,,,,,,,
01/07/2019 13:00,147598.077,74%,,,,,,,,,,
01/07/2019 14:00,143817.553,72%,,,,,,,,,,
01/07/2019 15:00,137855.361,69%,,,,,,,,,,
01/07/2019 16:00,131180.27,66%,,,,,,,,,,
01/07/2019 17:00,123770.568,62%,,,,,,,,,,
01/07/2019 18:00,113755.239,57%,,,,,,,,,,
01/07/2019 19:00,95739.845,48%,,,,,,,,,,
01/07/2019 20:00,86888.719,43%,,,,,,,,,,
01/07/2019 21:00,91654.52,46%,,,,,,,,,,
01/07/2019 22:00,90268.532,45%,,,,,,,,,,
01/07/2019 23:00,86271.579,43%,,,,,,,,,,
02/07/2019 00:00,80218.752,40%,,,,,,,,,,
02/07/2019 01:00,78202.613,39%,,,,,,,,,,
02/07/2019 02:00,74718.882,37%,,,,,,,,,,
02/07/2019 03:00,73609.693,37%,,,,,,,,,,
02/07/2019 04:00,73450.047,37%,,,,,,,,,,
02/07/2019 05:00,73649.478,37%,,,,,,,,,,
02/07/2019 06:00,91698.991,46%,,,,,,,,,,
02/07/2019 07:00,106004.384,53%,,,,,,,,,,
02/07/2019 08:00,113624.41,57%,,,,,,,,,,
02/07/2019 09:00,113690.429,57%,,,,,,,,,,
02/07/2019 10:00,113158.502,57%,,,,,,,,,,
02/07/2019 11:00,112145.343,56%,,,,,,,,,,
02/07/2019 12:00,110471.18,55%,,,,,,,,,,
02/07/2019 13:00,108311.65,54%,,,,,,,,,,
02/07/2019 14:00,105575.561,53%,,,,,,,,,,
02/07/2019 15:00,103242.194,52%,,,,,,,,,,
02/07/2019 16:00,99595.87,50%,,,,,,,,,,
02/07/2019 17:00,94118.221,47%,,,,,,,,,,
02/07/2019 18:00,82548.119,41%,,,,,,,,,,
02/07/2019 19:00,64576.6,32%,,,,,,,,,,
02/07/2019 20:00,54946.653,27%,,,,,,,,,,
02/07/2019 21:00,51093.604,26%,,,,,,,,,,
02/07/2019 22:00,49046.077,25%,,,,,,,,,,
02/07/2019 23:00,46491.086,23%,,,,,,,,,,
03/07/2019 00:00,42889.357,21%,,,,,,,,,,
03/07/2019 01:00,38696.875,19%,,,,,,,,,,
03/07/2019 02:00,34519.034,17%,,,,,,,,,,
03/07/2019 03:00,28692.46,14%,,,,,,,,,,
03/07/2019 04:00,26500.344,13%,,,,,,,,,,
03/07/2019 05:00,23030.255,12%,,,,,,,,,,
03/07/2019 06:00,24536.419,12%,,,,,,,,,,
03/07/2019 07:00,29757.219,15%,,,,,,,,,,
03/07/2019 08:00,35773.822,18%,,,,,,,,,,
03/07/2019 09:00,40170.726,20%,,,,,,,,,,
03/07/2019 10:00,44608.823,22%,,,,,,,,,,
03/07/2019 11:00,51343.835,26%,,,,,,,,,,
03/07/2019 12:00,59259.604,30%,,,,,,,,,,
03/07/2019 13:00,65802.249,33%,,,,,,,,,,
03/07/2019 14:00,70946.182,35%,,,,,,,,,,
03/07/2019 15:00,75999.229,38%,,,,,,,,,,
03/07/2019 16:00,80367.927,40%,,,,,,,,,,
03/07/2019 17:00,82658.296,41%,,,,,,,,,,
03/07/2019 18:00,79436.954,40%,,,,,,,,,,
03/07/2019 19:00,65032.926,33%,,,,,,,,,,
03/07/2019 20:00,47967.51,24%,,,,,,,,,,
03/07/2019 21:00,46627.41,23%,,,,,,,,,,
03/07/2019 22:00,50121.125,25%,,,,,,,,,,
03/07/2019 23:00,49634.058,25%,,,,,,,,,,
04/07/2019 00:00,52445.874,26%,,,,,,,,,,
04/07/2019 01:00,51811.759,26%,,,,,,,,,,
04/07/2019 02:00,51323.995,26%,,,,,,,,,,
04/07/2019 03:00,53740.033,27%,,,,,,,,,,
04/07/2019 04:00,53600.711,27%,,,,,,,,,,
04/07/2019 05:00,59017.108,30%,,,,,,,,,,
04/07/2019 06:00,84659.526,42%,,,,,,,,,,
04/07/2019 07:00,104524.396,52%,,,,,,,,,,
04/07/2019 08:00,117731.383,59%,,,,,,,,,,
04/07/2019 09:00,125186.07,63%,,,,,,,,,,
04/07/2019 10:00,127781.879,64%,,,,,,,,,,
04/07/2019 11:00,127577.34,64%,,,,,,,,,,
04/07/2019 12:00,130259.871,65%,,,,,,,,,,
04/07/2019 13:00,137133.202,69%,,,,,,,,,,
04/07/2019 14:00,140073.327,70%,,,,,,,,,,
04/07/2019 15:00,136776.908,68%,,,,,,,,,,
04/07/2019 16:00,130137.998,65%,,,,,,,,,,
04/07/2019 17:00,122722.324,61%,,,,,,,,,,
04/07/2019 18:00,111371.829,56%,,,,,,,,,,
04/07/2019 19:00,96293.155,48%,,,,,,,,,,
04/07/2019 20:00,92050.577,46%,,,,,,,,,,
04/07/2019 21:00,93257.909,47%,,,,,,,,,,
04/07/2019 22:00,89760.396,45%,,,,,,,,,,
04/07/2019 23:00,90215.252,45%,,,,,,,,,,
05/07/2019 00:00,84846.962,42%,,,,,,,,,,
05/07/2019 01:00,75782.42,38%,,,,,,,,,,
05/07/2019 02:00,67058.017,34%,,,,,,,,,,
05/07/2019 03:00,61804.93,31%,,,,,,,,,,
05/07/2019 04:00,51709.777,26%,,,,,,,,,,
05/07/2019 05:00,42084.915,21%,,,,,,,,,,
05/07/2019 06:00,42146.258,21%,,,,,,,,,,
05/07/2019 07:00,44849.916,22%,,,,,,,,,,
05/07/2019 08:00,53181.295,27%,,,,,,,,,,
05/07/2019 09:00,65038.731,33%,,,,,,,,,,
05/07/2019 10:00,80144.481,40%,,,,,,,,,,
05/07/2019 11:00,99610.889,50%,,,,,,,,,,
05/07/2019 12:00,117123.102,59%,,,,,,,,,,
05/07/2019 13:00,126089.604,63%,,,,,,,,,,
05/07/2019 14:00,132206.615,66%,,,,,,,,,,
05/07/2019 15:00,134808.859,67%,,,,,,,,,,
05/07/2019 16:00,132207.044,66%,,,,,,,,,,
05/07/2019 17:00,129002.727,65%,,,,,,,,,,
05/07/2019 18:00,115544.703,58%,,,,,,,,,,
05/07/2019 19:00,105572.809,53%,,,,,,,,,,
05/07/2019 20:00,104523.827,52%,,,,,,,,,,
05/07/2019 21:00,98219.853,49%,,,,,,,,,,
05/07/2019 22:00,87474.581,44%,,,,,,,,,,
05/07/2019 23:00,84278.686,42%,,,,,,,,,,
06/07/2019 00:00,75982.629,38%,,,,,,,,,,
06/07/2019 01:00,69772.891,35%,,,,,,,,,,
06/07/2019 02:00,66311.684,33%,,,,,,,,,,
06/07/2019 03:00,58274.568,29%,,,,,,,,,,
06/07/2019 04:00,54044.745,27%,,,,,,,,,,
06/07/2019 05:00,50897.979,25%,,,,,,,,,,
06/07/2019 06:00,54439.76,27%,,,,,,,,,,
06/07/2019 07:00,51128.289,26%,,,,,,,,,,
06/07/2019 08:00,45007.165,23%,,,,,,,,,,
06/07/2019 09:00,37131.776,19%,,,,,,,,,,
06/07/2019 10:00,28357.187,14%,,,,,,,,,,
06/07/2019 11:00,20862.299,10%,,,,,,,,,,
06/07/2019 12:00,15323.108,8%,,,,,,,,,,
06/07/2019 13:00,12547.006,6%,,,,,,,,,,
06/07/2019 14:00,12217.894,6%,,,,,,,,,,
06/07/2019 15:00,12964.757,6%,,,,,,,,,,
06/07/2019 16:00,14518.121,7%,,,,,,,,,,
06/07/2019 17:00,16497.406,8%,,,,,,,,,,
06/07/2019 18:00,17477.177,9%,,,,,,,,,,
06/07/2019 19:00,17334.876,9%,,,,,,,,,,
06/07/2019 20:00,19860.47,10%,,,,,,,,,,
06/07/2019 21:00,23969.652,12%,,,,,,,,,,
06/07/2019 22:00,28828.778,14%,,,,,,,,,,
06/07/2019 23:00,30308.129,15%,,,,,,,,,,
07/07/2019 00:00,27685.715,14%,,,,,,,,,,
07/07/2019 01:00,27016.779,14%,,,,,,,,,,
07/07/2019 02:00,28197.272,14%,,,,,,,,,,
07/07/2019 03:00,29574.013,15%,,,,,,,,,,
07/07/2019 04:00,29048.559,15%,,,,,,,,,,
07/07/2019 05:00,26150.972,13%,,,,,,,,,,
07/07/2019 06:00,25513.854,13%,,,,,,,,,,
07/07/2019 07:00,21870.938,11%,,,,,,,,,,
07/07/2019 08:00,18000.578,9%,,,,,,,,,,
07/07/2019 09:00,15706.651,8%,,,,,,,,,,
07/07/2019 10:00,15683.176,8%,,,,,,,,,,
07/07/2019 11:00,16394.745,8%,,,,,,,,,,
07/07/2019 12:00,17451.669,9%,,,,,,,,,,
07/07/2019 13:00,18475.314,9%,,,,,,,,,,
07/07/2019 14:00,18938.896,9%,,,,,,,,,,
07/07/2019 15:00,19403.297,10%,,,,,,,,,,
07/07/2019 16:00,18423.575,9%,,,,,,,,,,
07/07/2019 17:00,15813.063,8%,,,,,,,,,,
07/07/2019 18:00,14454.375,7%,,,,,,,,,,
07/07/2019 19:00,14420.263,7%,,,,,,,,,,
07/07/2019 20:00,16440.387,8%,,,,,,,,,,
07/07/2019 21:00,19278.891,10%,,,,,,,,,,
07/07/2019 22:00,21872.352,11%,,,,,,,,,,
07/07/2019 23:00,24948.484,12%,,,,,,,,,,
08/07/2019 00:00,26845.83,13%,,,,,,,,,,
08/07/2019 01:00,26254.967,13%,,,,,,,,,,
08/07/2019 02:00,23595.438,12%,,,,,,,,,,
08/07/2019 03:00,23347.433,12%,,,,,,,,,,
08/07/2019 04:00,29002.009,15%,,,,,,,,,,
08/07/2019 05:00,27168.795,14%,,,,,,,,,,
08/07/2019 06:00,22554.597,11%,,,,,,,,,,
08/07/2019 07:00,25065.157,13%,,,,,,,,,,
08/07/2019 08:00,24857.848,12%,,,,,,,,,,
08/07/2019 09:00,22214.028,11%,,,,,,,,,,
08/07/2019 10:00,20250.551,10%,,,,,,,,,,
08/07/2019 11:00,20247.074,10%,,,,,,,,,,
08/07/2019 12:00,20789.677,10%,,,,,,,,,,
08/07/2019 13:00,21981.296,11%,,,,,,,,,,
08/07/2019 14:00,22392.233,11%,,,,,,,,,,
08/07/2019 15:00,22641.629,11%,,,,,,,,,,
08/07/2019 16:00,20871.681,10%,,,,,,,,,,
08/07/2019 17:00,18873.809,9%,,,,,,,,,,
08/07/2019 18:00,16598.602,8%,,,,,,,,,,
08/07/2019 19:00,13629.956,7%,,,,,,,,,,
08/07/2019 20:00,12346.066,6%,,,,,,,,,,
08/07/2019 21:00,13586.963,7%,,,,,,,,,,
08/07/2019 22:00,16440.776,8%,,,,,,,,,,
08/07/2019 23:00,20982.974,10%,,,,,,,,,,
09/07/2019 00:00,26093.787,13%,,,,,,,,,,
09/07/2019 01:00,31524.679,16%,,,,,,,,,,
09/07/2019 02:00,37249.917,19%,,,,,,,,,,
09/07/2019 03:00,41404.285,21%,,,,,,,,,,
09/07/2019 04:00,42301.218,21%,,,,,,,,,,
09/07/2019 05:00,40697.049,20%,,,,,,,,,,
09/07/2019 06:00,37384.311,19%,,,,,,,,,,
09/07/2019 07:00,37582.314,19%,,,,,,,,,,
09/07/2019 08:00,46795.427,23%,,,,,,,,,,
09/07/2019 09:00,53058.586,27%,,,,,,,,,,
09/07/2019 10:00,57973.338,29%,,,,,,,,,,
09/07/2019 11:00,61664.71,31%,,,,,,,,,,
09/07/2019 12:00,62780.671,31%,,,,,,,,,,
09/07/2019 13:00,68121.574,34%,,,,,,,,,,
09/07/2019 14:00,74718.012,37%,,,,,,,,,,
09/07/2019 15:00,79557.338,40%,,,,,,,,,,
09/07/2019 16:00,78209.495,39%,,,,,,,,,,
09/07/2019 17:00,69321.729,35%,,,,,,,,,,
09/07/2019 18:00,54880.014,27%,,,,,,,,,,
09/07/2019 19:00,47682.908,24%,,,,,,,,,,
09/07/2019 20:00,45296.613,23%,,,,,,,,,,
09/07/2019 21:00,43965.321,22%,,,,,,,,,,
09/07/2019 22:00,43995.134,22%,,,,,,,,,,
09/07/2019 23:00,45046.382,23%,,,,,,,,,,
10/07/2019 00:00,45484.102,23%,,,,,,,,,,
10/07/2019 01:00,46823.308,23%,,,,,,,,,,
10/07/2019 02:00,44367.501,22%,,,,,,,,,,
10/07/2019 03:00,42917.661,21%,,,,,,,,,,
10/07/2019 04:00,42866.741,21%,,,,,,,,,,
10/07/2019 05:00,44966.918,22%,,,,,,,,,,
10/07/2019 06:00,41130.306,21%,,,,,,,,,,
10/07/2019 07:00,35291.147,18%,,,,,,,,,,
10/07/2019 08:00,36727.035,18%,,,,,,,,,,
10/07/2019 09:00,40886.424,20%,,,,,,,,,,
10/07/2019 10:00,43488.22,22%,,,,,,,,,,
10/07/2019 11:00,42844.753,21%,,,,,,,,,,
10/07/2019 12:00,43453.493,22%,,,,,,,,,,
10/07/2019 13:00,44472.594,22%,,,,,,,,,,
10/07/2019 14:00,41274.195,21%,,,,,,,,,,
10/07/2019 15:00,36558.833,18%,,,,,,,,,,
10/07/2019 16:00,32021.867,16%,,,,,,,,,,
10/07/2019 17:00,24832.586,12%,,,,,,,,,,
10/07/2019 18:00,20094.188,10%,,,,,,,,,,
10/07/2019 19:00,18842.843,9%,,,,,,,,,,
10/07/2019 20:00,18755.502,9%,,,,,,,,,,
10/07/2019 21:00,18532.615,9%,,,,,,,,,,
10/07/2019 22:00,18097.555,9%,,,,,,,,,,
10/07/2019 23:00,16949.877,8%,,,,,,,,,,
11/07/2019 00:00,15013.935,8%,,,,,,,,,,
11/07/2019 01:00,14433.292,7%,,,,,,,,,,
11/07/2019 02:00,15396.775,8%,,,,,,,,,,
11/07/2019 03:00,17408.142,9%,,,,,,,,,,
11/07/2019 04:00,19918.818,10%,,,,,,,,,,
11/07/2019 05:00,21973.784,11%,,,,,,,,,,
11/07/2019 06:00,21119.574,11%,,,,,,,,,,
11/07/2019 07:00,25181.667,13%,,,,,,,,,,
11/07/2019 08:00,28883.027,14%,,,,,,,,,,
11/07/2019 09:00,28803.53,14%,,,,,,,,,,
11/07/2019 10:00,29007.91,15%,,,,,,,,,,
11/07/2019 11:00,33455.064,17%,,,,,,,,,,
11/07/2019 12:00,38110.404,19%,,,,,,,,,,
11/07/2019 13:00,40487.74,20%,,,,,,,,,,
11/07/2019 14:00,41195.306,21%,,,,,,,,,,
11/07/2019 15:00,42410.376,21%,,,,,,,,,,
11/07/2019 16:00,45047.526,23%,,,,,,,,,,
11/07/2019 17:00,46584.659,23%,,,,,,,,,,
11/07/2019 18:00,45043.096,23%,,,,,,,,,,
11/07/2019 19:00,39802.431,20%,,,,,,,,,,
11/07/2019 20:00,40088.656,20%,,,,,,,,,,
11/07/2019 21:00,43551.184,22%,,,,,,,,,,
11/07/2019 22:00,45897.428,23%,,,,,,,,,,
11/07/2019 23:00,47875.327,24%,,,,,,,,,,
12/07/2019 00:00,49657.452,25%,,,,,,,,,,
12/07/2019 01:00,51318.811,26%,,,,,,,,,,
12/07/2019 02:00,54986.716,27%,,,,,,,,,,
12/07/2019 03:00,55598.478,28%,,,,,,,,,,
12/07/2019 04:00,49156.026,25%,,,,,,,,,,
12/07/2019 05:00,34946.956,17%,,,,,,,,,,
12/07/2019 06:00,30802.064,15%,,,,,,,,,,
12/07/2019 07:00,33465.883,17%,,,,,,,,,,
12/07/2019 08:00,32538.069,16%,,,,,,,,,,
12/07/2019 09:00,31816.734,16%,,,,,,,,,,
12/07/2019 10:00,32256.519,16%,,,,,,,,,,
12/07/2019 11:00,33481.486,17%,,,,,,,,,,
12/07/2019 12:00,35767.089,18%,,,,,,,,,,
12/07/2019 13:00,38595.155,19%,,,,,,,,,,
12/07/2019 14:00,39480.789,20%,,,,,,,,,,
12/07/2019 15:00,41114.019,21%,,,,,,,,,,
12/07/2019 16:00,41357.441,21%,,,,,,,,,,
12/07/2019 17:00,43911.107,22%,,,,,,,,,,
12/07/2019 18:00,41789.226,21%,,,,,,,,,,
12/07/2019 19:00,34523.918,17%,,,,,,,,,,
12/07/2019 20:00,32030.262,16%,,,,,,,,,,
12/07/2019 21:00,37296.633,19%,,,,,,,,,,
12/07/2019 22:00,33716.218,17%,,,,,,,,,,
12/07/2019 23:00,33808.292,17%,,,,,,,,,,
13/07/2019 00:00,33283.535,17%,,,,,,,,,,
13/07/2019 01:00,32103.449,16%,,,,,,,,,,
13/07/2019 02:00,32063.903,16%,,,,,,,,,,
13/07/2019 03:00,33634.432,17%,,,,,,,,,,
13/07/2019 04:00,34622.59,17%,,,,,,,,,,
13/07/2019 05:00,33289.059,17%,,,,,,,,,,
13/07/2019 06:00,35629.47,18%,,,,,,,,,,
13/07/2019 07:00,39823.702,20%,,,,,,,,,,
13/07/2019 08:00,39314.017,20%,,,,,,,,,,
13/07/2019 09:00,39563.559,20%,,,,,,,,,,
13/07/2019 10:00,43117.112,22%,,,,,,,,,,
13/07/2019 11:00,45804.788,23%,,,,,,,,,,
13/07/2019 12:00,47277.359,24%,,,,,,,,,,
13/07/2019 13:00,47703.854,24%,,,,,,,,,,
13/07/2019 14:00,48144.323,24%,,,,,,,,,,
13/07/2019 15:00,49690.811,25%,,,,,,,,,,
13/07/2019 16:00,51557.141,26%,,,,,,,,,,
13/07/2019 17:00,52406.709,26%,,,,,,,,,,
13/07/2019 18:00,51016.841,26%,,,,,,,,,,
13/07/2019 19:00,46578.292,23%,,,,,,,,,,
13/07/2019 20:00,44969.652,22%,,,,,,,,,,
13/07/2019 21:00,41168.535,21%,,,,,,,,,,
13/07/2019 22:00,33484.319,17%,,,,,,,,,,
13/07/2019 23:00,28456.278,14%,,,,,,,,,,
14/07/2019 00:00,24056.595,12%,,,,,,,,,,
14/07/2019 01:00,20455.436,10%,,,,,,,,,,
14/07/2019 02:00,18417.599,9%,,,,,,,,,,
14/07/2019 03:00,16706.598,8%,,,,,,,,,,
14/07/2019 04:00,14313.749,7%,,,,,,,,,,
14/07/2019 05:00,9435.839,5%,,,,,,,,,,
14/07/2019 06:00,5371.973,3%,,,,,,,,,,
14/07/2019 07:00,2273.534,1%,,,,,,,,,,
14/07/2019 08:00,836.728,0%,,,,,,,,,,
14/07/2019 09:00,435.855,0%,,,,,,,,,,
14/07/2019 10:00,482.177,0%,,,,,,,,,,
14/07/2019 11:00,1002.843,1%,,,,,,,,,,
14/07/2019 12:00,2119.482,1%,,,,,,,,,,
14/07/2019 13:00,3430.736,2%,,,,,,,,,,
14/07/2019 14:00,4710.768,2%,,,,,,,,,,
14/07/2019 15:00,5741.628,3%,,,,,,,,,,
14/07/2019 16:00,6632.579,3%,,,,,,,,,,
14/07/2019 17:00,6830.679,3%,,,,,,,,,,
14/07/2019 18:00,6558.994,3%,,,,,,,,,,
14/07/2019 19:00,5695.254,3%,,,,,,,,,,
14/07/2019 20:00,4968.772,2%,,,,,,,,,,
14/07/2019 21:00,3908.718,2%,,,,,,,,,,
14/07/2019 22:00,3080.526,2%,,,,,,,,,,
14/07/2019 23:00,2241.409,1%,,,,,,,,,,
15/07/2019 00:00,1619.716,1%,,,,,,,,,,
15/07/2019 01:00,1266.885,1%,,,,,,,,,,
15/07/2019 02:00,2198.8,1%,,,,,,,,,,
15/07/2019 03:00,4411.562,2%,,,,,,,,,,
15/07/2019 04:00,7649.486,4%,,,,,,,,,,
15/07/2019 05:00,8232.239,4%,,,,,,,,,,
15/07/2019 06:00,5507.543,3%,,,,,,,,,,
15/07/2019 07:00,4563.961,2%,,,,,,,,,,
15/07/2019 08:00,7712.654,4%,,,,,,,,,,
15/07/2019 09:00,11423.136,6%,,,,,,,,,,
15/07/2019 10:00,13941.841,7%,,,,,,,,,,
15/07/2019 11:00,15819.846,8%,,,,,,,,,,
15/07/2019 12:00,17136.207,9%,,,,,,,,,,
15/07/2019 13:00,18195.846,9%,,,,,,,,,,
15/07/2019 14:00,18941.528,9%,,,,,,,,,,
15/07/2019 15:00,19999.391,10%,,,,,,,,,,
15/07/2019 16:00,20310.495,10%,,,,,,,,,,
15/07/2019 17:00,20926.984,10%,,,,,,,,,,
15/07/2019 18:00,21328.951,11%,,,,,,,,,,
15/07/2019 19:00,20646.584,10%,,,,,,,,,,
15/07/2019 20:00,20780.103,10%,,,,,,,,,,
15/07/2019 21:00,21858.771,11%,,,,,,,,,,
15/07/2019 22:00,22426.474,11%,,,,,,,,,,
15/07/2019 23:00,21356.629,11%,,,,,,,,,,
16/07/2019 00:00,19367.308,10%,,,,,,,,,,
16/07/2019 01:00,16339.286,8%,,,,,,,,,,
16/07/2019 02:00,13586.412,7%,,,,,,,,,,
16/07/2019 03:00,11347.937,6%,,,,,,,,,,
16/07/2019 04:00,9289.461,5%,,,,,,,,,,
16/07/2019 05:00,7326.356,4%,,,,,,,,,,
16/07/2019 06:00,5413.162,3%,,,,,,,,,,
16/07/2019 07:00,7593.998,4%,,,,,,,,,,
16/07/2019 08:00,12292.603,6%,,,,,,,,,,
16/07/2019 09:00,18122.389,9%,,,,,,,,,,
16/07/2019 10:00,26207.765,13%,,,,,,,,,,
16/07/2019 11:00,35271.686,18%,,,,,,,,,,
16/07/2019 12:00,42132.595,21%,,,,,,,,,,
16/07/2019 13:00,46579.875,23%,,,,,,,,,,
16/07/2019 14:00,48905.669,24%,,,,,,,,,,
16/07/2019 15:00,47828.57,24%,,,,,,,,,,
16/07/2019 16:00,43964.574,22%,,,,,,,,,,
16/07/2019 17:00,35752.173,18%,,,,,,,,,,
16/07/2019 18:00,25307.642,13%,,,,,,,,,,
16/07/2019 19:00,18191.057,9%,,,,,,,,,,
16/07/2019 20:00,15143.423,8%,,,,,,,,,,
16/07/2019 21:00,16760.784,8%,,,,,,,,,,
16/07/2019 22:00,24633.473,12%,,,,,,,,,,
16/07/2019 23:00,34333.603,17%,,,,,,,,,,
17/07/2019 00:00,42330.978,21%,,,,,,,,,,
17/07/2019 01:00,45735.838,23%,,,,,,,,,,
17/07/2019 02:00,48556.697,24%,,,,,,,,,,
17/07/2019 03:00,47274.549,24%,,,,,,,,,,
17/07/2019 04:00,42761.41,21%,,,,,,,,,,
17/07/2019 05:00,34551.164,17%,,,,,,,,,,
17/07/2019 06:00,32819.944,16%,,,,,,,,,,
17/07/2019 07:00,50502.144,25%,,,,,,,,,,
17/07/2019 08:00,72341.293,36%,,,,,,,,,,
17/07/2019 09:00,86153.1,43%,,,,,,,,,,
17/07/2019 10:00,99030.826,50%,,,,,,,,,,
17/07/2019 11:00,113952.107,57%,,,,,,,,,,
17/07/2019 12:00,125523.077,63%,,,,,,,,,,
17/07/2019 13:00,131667.662,66%,,,,,,,,,,
17/07/2019 14:00,131899.621,66%,,,,,,,,,,
17/07/2019 15:00,133057.286,67%,,,,,,,,,,
17/07/2019 16:00,125379.329,63%,,,,,,,,,,
17/07/2019 17:00,102012.506,51%,,,,,,,,,,
17/07/2019 18:00,69820.791,35%,,,,,,,,,,
17/07/2019 19:00,55634.597,28%,,,,,,,,,,
17/07/2019 20:00,44718.037,22%,,,,,,,,,,
17/07/2019 21:00,46489.531,23%,,,,,,,,,,
17/07/2019 22:00,53928.068,27%,,,,,,,,,,
17/07/2019 23:00,50395.181,25%,,,,,,,,,,
18/07/2019 00:00,43505.43,22%,,,,,,,,,,
18/07/2019 01:00,42707.751,21%,,,,,,,,,,
18/07/2019 02:00,47632.493,24%,,,,,,,,,,
18/07/2019 03:00,54884.66,27%,,,,,,,,,,
18/07/2019 04:00,54366.329,27%,,,,,,,,,,
18/07/2019 05:00,56147.324,28%,,,,,,,,,,
18/07/2019 06:00,72238.275,36%,,,,,,,,,,
18/07/2019 07:00,88299.001,44%,,,,,,,,,,
18/07/2019 08:00,101358.923,51%,,,,,,,,,,
18/07/2019 09:00,114752.565,57%,,,,,,,,,,
18/07/2019 10:00,122544.877,61%,,,,,,,,,,
18/07/2019 11:00,126089.042,63%,,,,,,,,,,
18/07/2019 12:00,127085.316,64%,,,,,,,,,,
18/07/2019 13:00,123572.358,62%,,,,,,,,,,
18/07/2019 14:00,118359.864,59%,,,,,,,,,,
18/07/2019 15:00,115545.263,58%,,,,,,,,,,
18/07/2019 16:00,111704.47,56%,,,,,,,,,,
18/07/2019 17:00,101044.726,51%,,,,,,,,,,
18/07/2019 18:00,84915.198,42%,,,,,,,,,,
18/07/2019 19:00,69298.221,35%,,,,,,,,,,
18/07/2019 20:00,63163.593,32%,,,,,,,,,,
18/07/2019 21:00,62245.844,31%,,,,,,,,,,
18/07/2019 22:00,59996.333,30%,,,,,,,,,,
18/07/2019 23:00,58268.425,29%,,,,,,,,,,
19/07/2019 00:00,52891.202,26%,,,,,,,,,,
19/07/2019 01:00,49692.619,25%,,,,,,,,,,
19/07/2019 02:00,47515.15,24%,,,,,,,,,,
19/07/2019 03:00,43844.746,22%,,,,,,,,,,
19/07/2019 04:00,39899.841,20%,,,,,,,,,,
19/07/2019 05:00,31408.792,16%,,,,,,,,,,
19/07/2019 06:00,29493.061,15%,,,,,,,,,,
19/07/2019 07:00,31511.448,16%,,,,,,,,,,
19/07/2019 08:00,31762.017,16%,,,,,,,,,,
19/07/2019 09:00,31731.088,16%,,,,,,,,,,
19/07/2019 10:00,31827.481,16%,,,,,,,,,,
19/07/2019 11:00,29697.263,15%,,,,,,,,,,
19/07/2019 12:00,27192.291,14%,,,,,,,,,,
19/07/2019 13:00,24916.186,12%,,,,,,,,,,
19/07/2019 14:00,24336.69,12%,,,,,,,,,,
19/07/2019 15:00,24533.344,12%,,,,,,,,,,
19/07/2019 16:00,26062.304,13%,,,,,,,,,,
19/07/2019 17:00,28795.446,14%,,,,,,,,,,
19/07/2019 18:00,30902.613,15%,,,,,,,,,,
19/07/2019 19:00,33476.184,17%,,,,,,,,,,
19/07/2019 20:00,34694.596,17%,,,,,,,,,,
19/07/2019 21:00,31278.671,16%,,,,,,,,,,
19/07/2019 22:00,25391.784,13%,,,,,,,,,,
19/07/2019 23:00,17953.845,9%,,,,,,,,,,
20/07/2019 00:00,10814.759,5%,,,,,,,,,,
20/07/2019 01:00,7276.744,4%,,,,,,,,,,
20/07/2019 02:00,10100.333,5%,,,,,,,,,,
20/07/2019 03:00,14162.928,7%,,,,,,,,,,
20/07/2019 04:00,18595.651,9%,,,,,,,,,,
20/07/2019 05:00,22273.437,11%,,,,,,,,,,
20/07/2019 06:00,28846.059,14%,,,,,,,,,,
20/07/2019 07:00,40386.556,20%,,,,,,,,,,
20/07/2019 08:00,53818.593,27%,,,,,,,,,,
20/07/2019 09:00,67727.377,34%,,,,,,,,,,
20/07/2019 10:00,82487.785,41%,,,,,,,,,,
20/07/2019 11:00,93646.223,47%,,,,,,,,,,
20/07/2019 12:00,100087.927,50%,,,,,,,,,,
20/07/2019 13:00,99594.327,50%,,,,,,,,,,
20/07/2019 14:00,93601.548,47%,,,,,,,,,,
20/07/2019 15:00,91244.386,46%,,,,,,,,,,
20/07/2019 16:00,94113.871,47%,,,,,,,,,,
20/07/2019 17:00,95190.639,48%,,,,,,,,,,
20/07/2019 18:00,86381.556,43%,,,,,,,,,,
20/07/2019 19:00,67939.952,34%,,,,,,,,,,
20/07/2019 20:00,53279.326,27%,,,,,,,,,,
20/07/2019 21:00,46192.097,23%,,,,,,,,,,
20/07/2019 22:00,42791.733,21%,,,,,,,,,,
20/07/2019 23:00,43741.344,22%,,,,,,,,,,
21/07/2019 00:00,44604.462,22%,,,,,,,,,,
21/07/2019 01:00,48601.864,24%,,,,,,,,,,
21/07/2019 02:00,57380.479,29%,,,,,,,,,,
21/07/2019 03:00,65577.428,33%,,,,,,,,,,
21/07/2019 04:00,62787.735,31%,,,,,,,,,,
21/07/2019 05:00,47535.807,24%,,,,,,,,,,
21/07/2019 06:00,44503.641,22%,,,,,,,,,,
21/07/2019 07:00,53814.841,27%,,,,,,,,,,
21/07/2019 08:00,57302.325,29%,,,,,,,,,,
21/07/2019 09:00,62311.241,31%,,,,,,,,,,
21/07/2019 10:00,74118.465,37%,,,,,,,,,,
21/07/2019 11:00,95190.463,48%,,,,,,,,,,
21/07/2019 12:00,106782.72,53%,,,,,,,,,,
21/07/2019 13:00,113312.35,57%,,,,,,,,,,
21/07/2019 14:00,128321.229,64%,,,,,,,,,,
21/07/2019 15:00,138754.955,69%,,,,,,,,,,
21/07/2019 16:00,152317.975,76%,,,,,,,,,,
21/07/2019 17:00,164070.199,82%,,,,,,,,,,
21/07/2019 18:00,168131.981,84%,,,,,,,,,,
21/07/2019 19:00,161211.386,81%,,,,,,,,,,
21/07/2019 20:00,148779.586,74%,,,,,,,,,,
21/07/2019 21:00,134337.465,67%,,,,,,,,,,
21/07/2019 22:00,120747.341,60%,,,,,,,,,,
21/07/2019 23:00,107514.704,54%,,,,,,,,,,
22/07/2019 00:00,92361.024,46%,,,,,,,,,,
22/07/2019 01:00,87762.736,44%,,,,,,,,,,
22/07/2019 02:00,70478.092,35%,,,,,,,,,,
22/07/2019 03:00,64014.253,32%,,,,,,,,,,
22/07/2019 04:00,70998.426,35%,,,,,,,,,,
22/07/2019 05:00,92710.443,46%,,,,,,,,,,
22/07/2019 06:00,116009.629,58%,,,,,,,,,,
22/07/2019 07:00,141372.454,71%,,,,,,,,,,
22/07/2019 08:00,170574.014,85%,,,,,,,,,,
22/07/2019 09:00,181202.477,91%,,,,,,,,,,
22/07/2019 10:00,184920.867,92%,,,,,,,,,,
22/07/2019 11:00,185435.845,93%,,,,,,,,,,
22/07/2019 12:00,184723.917,92%,,,,,,,,,,
22/07/2019 13:00,183988.514,92%,,,,,,,,,,
22/07/2019 14:00,181597.882,91%,,,,,,,,,,
22/07/2019 15:00,175269.359,88%,,,,,,,,,,
22/07/2019 16:00,160825.678,80%,,,,,,,,,,
22/07/2019 17:00,140950.577,70%,,,,,,,,,,
22/07/2019 18:00,123938.728,62%,,,,,,,,,,
22/07/2019 19:00,116599.003,58%,,,,,,,,,,
22/07/2019 20:00,107723.071,54%,,,,,,,,,,
22/07/2019 21:00,96775.655,48%,,,,,,,,,,
22/07/2019 22:00,89086.695,45%,,,,,,,,,,
22/07/2019 23:00,85505.204,43%,,,,,,,,,,
23/07/2019 00:00,81913.354,41%,,,,,,,,,,
23/07/2019 01:00,87648.828,44%,,,,,,,,,,
23/07/2019 02:00,86922.66,43%,,,,,,,,,,
23/07/2019 03:00,85949.663,43%,,,,,,,,,,
23/07/2019 04:00,77670.026,39%,,,,,,,,,,
23/07/2019 05:00,66319.481,33%,,,,,,,,,,
23/07/2019 06:00,73591.455,37%,,,,,,,,,,
23/07/2019 07:00,89944.56,45%,,,,,,,,,,
23/07/2019 08:00,94623.53,47%,,,,,,,,,,
23/07/2019 09:00,96281.807,48%,,,,,,,,,,
23/07/2019 10:00,99212.35,50%,,,,,,,,,,
23/07/2019 11:00,98735.214,49%,,,,,,,,,,
23/07/2019 12:00,93530.374,47%,,,,,,,,,,
23/07/2019 13:00,85820.916,43%,,,,,,,,,,
23/07/2019 14:00,78203.544,39%,,,,,,,,,,
23/07/2019 15:00,71857.256,36%,,,,,,,,,,
23/07/2019 16:00,66828.684,33%,,,,,,,,,,
23/07/2019 17:00,58930.414,29%,,,,,,,,,,
23/07/2019 18:00,41481.798,21%,,,,,,,,,,
23/07/2019 19:00,33765.03,17%,,,,,,,,,,
23/07/2019 20:00,44606.283,22%,,,,,,,,,,
23/07/2019 21:00,57781.59,29%,,,,,,,,,,
23/07/2019 22:00,66521.549,33%,,,,,,,,,,
23/07/2019 23:00,68956.476,34%,,,,,,,,,,
24/07/2019 00:00,63371.939,32%,,,,,,,,,,
24/07/2019 01:00,61462.476,31%,,,,,,,,,,
24/07/2019 02:00,59422.423,30%,,,,,,,,,,
24/07/2019 03:00,59451.432,30%,,,,,,,,,,
24/07/2019 04:00,49924.525,25%,,,,,,,,,,
24/07/2019 05:00,49485.848,25%,,,,,,,,,,
24/07/2019 06:00,35539.074,18%,,,,,,,,,,
24/07/2019 07:00,40533.195,20%,,,,,,,,,,
24/07/2019 08:00,74134.966,37%,,,,,,,,,,
24/07/2019 09:00,93021.064,47%,,,,,,,,,,
24/07/2019 10:00,94296.211,47%,,,,,,,,,,
24/07/2019 11:00,84165.197,42%,,,,,,,,,,
24/07/2019 12:00,74904.219,37%,,,,,,,,,,
24/07/2019 13:00,79012.184,40%,,,,,,,,,,
24/07/2019 14:00,77129.241,39%,,,,,,,,,,
24/07/2019 15:00,66078.476,33%,,,,,,,,,,
24/07/2019 16:00,64005.03,32%,,,,,,,,,,
24/07/2019 17:00,66830.058,33%,,,,,,,,,,
24/07/2019 18:00,57872.775,29%,,,,,,,,,,
24/07/2019 19:00,50836.251,25%,,,,,,,,,,
24/07/2019 20:00,47295.111,24%,,,,,,,,,,
24/07/2019 21:00,46584.202,23%,,,,,,,,,,
24/07/2019 22:00,42438.977,21%,,,,,,,,,,
24/07/2019 23:00,44610.687,22%,,,,,,,,,,
25/07/2019 00:00,46581.385,23%,,,,,,,,,,
25/07/2019 01:00,44953.851,22%,,,,,,,,,,
25/07/2019 02:00,42781.068,21%,,,,,,,,,,
25/07/2019 03:00,38767.184,19%,,,,,,,,,,
25/07/2019 04:00,41633.553,21%,,,,,,,,,,
25/07/2019 05:00,44001.508,22%,,,,,,,,,,
25/07/2019 06:00,41345.911,21%,,,,,,,,,,
25/07/2019 07:00,46071.554,23%,,,,,,,,,,
25/07/2019 08:00,66334.672,33%,,,,,,,,,,
25/07/2019 09:00,83916.701,42%,,,,,,,,,,
25/07/2019 10:00,97071.524,49%,,,,,,,,,,
25/07/2019 11:00,110413.959,55%,,,,,,,,,,
25/07/2019 12:00,117121.406,59%,,,,,,,,,,
25/07/2019 13:00,114750.42,57%,,,,,,,,,,
25/07/2019 14:00,110483.357,55%,,,,,,,,,,
25/07/2019 15:00,101915.638,51%,,,,,,,,,,
25/07/2019 16:00,80735.47,40%,,,,,,,,,,
25/07/2019 17:00,70998.911,35%,,,,,,,,,,
25/07/2019 18:00,78655.34,39%,,,,,,,,,,
25/07/2019 19:00,73383.676,37%,,,,,,,,,,
25/07/2019 20:00,59990.843,30%,,,,,,,,,,
25/07/2019 21:00,50600.924,25%,,,,,,,,,,
25/07/2019 22:00,42221.607,21%,,,,,,,,,,
25/07/2019 23:00,35067.608,18%,,,,,,,,,,
26/07/2019 00:00,31562.971,16%,,,,,,,,,,
26/07/2019 01:00,30882.904,15%,,,,,,,,,,
26/07/2019 02:00,32729.269,16%,,,,,,,,,,
26/07/2019 03:00,35185.19,18%,,,,,,,,,,
26/07/2019 04:00,35985.213,18%,,,,,,,,,,
26/07/2019 05:00,31447.829,16%,,,,,,,,,,
26/07/2019 06:00,32564.033,16%,,,,,,,,,,
26/07/2019 07:00,53416.812,27%,,,,,,,,,,
26/07/2019 08:00,70702.867,35%,,,,,,,,,,
26/07/2019 09:00,75797.33,38%,,,,,,,,,,
26/07/2019 10:00,80285.788,40%,,,,,,,,,,
26/07/2019 11:00,89405.018,45%,,,,,,,,,,
26/07/2019 12:00,96965.679,48%,,,,,,,,,,
26/07/2019 13:00,102064.441,51%,,,,,,,,,,
26/07/2019 14:00,110483.141,55%,,,,,,,,,,
26/07/2019 15:00,104191.345,52%,,,,,,,,,,
26/07/2019 16:00,76643.318,38%,,,,,,,,,,
26/07/2019 17:00,56424.745,28%,,,,,,,,,,
26/07/2019 18:00,46578.406,23%,,,,,,,,,,
26/07/2019 19:00,40336.238,20%,,,,,,,,,,
26/07/2019 20:00,34657.284,17%,,,,,,,,,,
26/07/2019 21:00,28233.935,14%,,,,,,,,,,
26/07/2019 22:00,23547.117,12%,,,,,,,,,,
26/07/2019 23:00,17276.687,9%,,,,,,,,,,
27/07/2019 00:00,9011.065,5%,,,,,,,,,,
27/07/2019 01:00,6055.484,3%,,,,,,,,,,
27/07/2019 02:00,5482.95,3%,,,,,,,,,,
27/07/2019 03:00,3846.069,2%,,,,,,,,,,
27/07/2019 04:00,3348.957,2%,,,,,,,,,,
27/07/2019 05:00,5034.268,3%,,,,,,,,,,
27/07/2019 06:00,6970.856,3%,,,,,,,,,,
27/07/2019 07:00,5889.02,3%,,,,,,,,,,
27/07/2019 08:00,3602.951,2%,,,,,,,,,,
27/07/2019 09:00,3023.492,2%,,,,,,,,,,
27/07/2019 10:00,3932.56,2%,,,,,,,,,,
27/07/2019 11:00,4576.699,2%,,,,,,,,,,
27/07/2019 12:00,6343.182,3%,,,,,,,,,,
27/07/2019 13:00,10612.88,5%,,,,,,,,,,
27/07/2019 14:00,14808.489,7%,,,,,,,,,,
27/07/2019 15:00,17589.788,9%,,,,,,,,,,
27/07/2019 16:00,18772.218,9%,,,,,,,,,,
27/07/2019 17:00,18027.562,9%,,,,,,,,,,
27/07/2019 18:00,16568.506,8%,,,,,,,,,,
27/07/2019 19:00,16523.186,8%,,,,,,,,,,
27/07/2019 20:00,17425.647,9%,,,,,,,,,,
27/07/2019 21:00,20652.456,10%,,,,,,,,,,
27/07/2019 22:00,22776.933,11%,,,,,,,,,,
27/07/2019 23:00,23542.898,12%,,,,,,,,,,
28/07/2019 00:00,25735.065,13%,,,,,,,,,,
28/07/2019 01:00,28801.697,14%,,,,,,,,,,
28/07/2019 02:00,35361.743,18%,,,,,,,,,,
28/07/2019 03:00,43956.325,22%,,,,,,,,,,
28/07/2019 04:00,49244.314,25%,,,,,,,,,,
28/07/2019 05:00,43917.545,22%,,,,,,,,,,
28/07/2019 06:00,40615.163,20%,,,,,,,,,,
28/07/2019 07:00,55818.752,28%,,,,,,,,,,
28/07/2019 08:00,67354.487,34%,,,,,,,,,,
28/07/2019 09:00,75640.114,38%,,,,,,,,,,
28/07/2019 10:00,82005.416,41%,,,,,,,,,,
28/07/2019 11:00,86082.143,43%,,,,,,,,,,
28/07/2019 12:00,85928.912,43%,,,,,,,,,,
28/07/2019 13:00,81633.565,41%,,,,,,,,,,
28/07/2019 14:00,75910.183,38%,,,,,,,,,,
28/07/2019 15:00,71536.112,36%,,,,,,,,,,
28/07/2019 16:00,65837.883,33%,,,,,,,,,,
28/07/2019 17:00,57777.524,29%,,,,,,,,,,
28/07/2019 18:00,49047.702,25%,,,,,,,,,,
28/07/2019 19:00,44634.507,22%,,,,,,,,,,
28/07/2019 20:00,49319.83,25%,,,,,,,,,,
28/07/2019 21:00,56397.431,28%,,,,,,,,,,
28/07/2019 22:00,57779.644,29%,,,,,,,,,,
28/07/2019 23:00,50474.549,25%,,,,,,,,,,
29/07/2019 00:00,45121.283,23%,,,,,,,,,,
29/07/2019 01:00,41634.834,21%,,,,,,,,,,
29/07/2019 02:00,38557.723,19%,,,,,,,,,,
29/07/2019 03:00,36931.466,18%,,,,,,,,,,
29/07/2019 04:00,35707.797,18%,,,,,,,,,,
29/07/2019 05:00,27831.579,14%,,,,,,,,,,
29/07/2019 06:00,23540.542,12%,,,,,,,,,,
29/07/2019 07:00,22674.44,11%,,,,,,,,,,
29/07/2019 08:00,20073.642,10%,,,,,,,,,,
29/07/2019 09:00,17234.918,9%,,,,,,,,,,
29/07/2019 10:00,15961.868,8%,,,,,,,,,,
29/07/2019 11:00,16146.482,8%,,,,,,,,,,
29/07/2019 12:00,17211.291,9%,,,,,,,,,,
29/07/2019 13:00,20088.193,10%,,,,,,,,,,
29/07/2019 14:00,24480.894,12%,,,,,,,,,,
29/07/2019 15:00,28819.286,14%,,,,,,,,,,
29/07/2019 16:00,31163.48,16%,,,,,,,,,,
29/07/2019 17:00,29516.58,15%,,,,,,,,,,
29/07/2019 18:00,25344.397,13%,,,,,,,,,,
29/07/2019 19:00,21532.268,11%,,,,,,,,,,
29/07/2019 20:00,19708.017,10%,,,,,,,,,,
29/07/2019 21:00,17960.801,9%,,,,,,,,,,
29/07/2019 22:00,15811.61,8%,,,,,,,,,,
29/07/2019 23:00,12664.597,6%,,,,,,,,,,
30/07/2019 00:00,9652.483,5%,,,,,,,,,,
30/07/2019 01:00,7458.912,4%,,,,,,,,,,
30/07/2019 02:00,5883.193,3%,,,,,,,,,,
30/07/2019 03:00,3649.504,2%,,,,,,,,,,
30/07/2019 04:00,1851.17,1%,,,,,,,,,,
30/07/2019 05:00,1480.822,1%,,,,,,,,,,
30/07/2019 06:00,1594.567,1%,,,,,,,,,,
30/07/2019 07:00,2851.518,1%,,,,,,,,,,
30/07/2019 08:00,4531.053,2%,,,,,,,,,,
30/07/2019 09:00,5300.561,3%,,,,,,,,,,
30/07/2019 10:00,6897.079,3%,,,,,,,,,,
30/07/2019 11:00,9791.158,5%,,,,,,,,,,
30/07/2019 12:00,13899.151,7%,,,,,,,,,,
30/07/2019 13:00,17936.381,9%,,,,,,,,,,
30/07/2019 14:00,18562.65,9%,,,,,,,,,,
30/07/2019 15:00,16938.096,8%,,,,,,,,,,
30/07/2019 16:00,16919.547,8%,,,,,,,,,,
30/07/2019 17:00,18753.601,9%,,,,,,,,,,
30/07/2019 18:00,20030.078,10%,,,,,,,,,,
30/07/2019 19:00,25740.855,13%,,,,,,,,,,
30/07/2019 20:00,36786.775,18%,,,,,,,,,,
30/07/2019 21:00,41739.506,21%,,,,,,,,,,
30/07/2019 22:00,43962.099,22%,,,,,,,,,,
30/07/2019 23:00,44794.169,22%,,,,,,,,,,
31/07/2019 00:00,46401.569,23%,,,,,,,,,,
31/07/2019 01:00,48145.066,24%,,,,,,,,,,
31/07/2019 02:00,49633.024,25%,,,,,,,,,,
31/07/2019 03:00,47785.846,24%,,,,,,,,,,
31/07/2019 04:00,47357.841,24%,,,,,,,,,,
31/07/2019 05:00,40973.358,20%,,,,,,,,,,
31/07/2019 06:00,29712.941,15%,,,,,,,,,,
31/07/2019 07:00,29449.844,15%,,,,,,,,,,
31/07/2019 08:00,31219.506,16%,,,,,,,,,,
31/07/2019 09:00,27863.76,14%,,,,,,,,,,
31/07/2019 10:00,21924.977,11%,,,,,,,,,,
31/07/2019 11:00,16388.384,8%,,,,,,,,,,
31/07/2019 12:00,12283.024,6%,,,,,,,,,,
31/07/2019 13:00,10831.1,5%,,,,,,,,,,
31/07/2019 14:00,11437.146,6%,,,,,,,,,,
31/07/2019 15:00,12900.456,6%,,,,,,,,,,
31/07/2019 16:00,14089.642,7%,,,,,,,,,,
31/07/2019 17:00,13587.717,7%,,,,,,,,,,
31/07/2019 18:00,12906.855,6%,,,,,,,,,,
31/07/2019 19:00,12099.529,6%,,,,,,,,,,
31/07/2019 20:00,11638.6,6%,,,,,,,,,,
31/07/2019 21:00,10896.557,5%,,,,,,,,,,
31/07/2019 22:00,10435.194,5%,,,,,,,,,,
31/07/2019 23:00,9415.026,5%,,,,,,,,,,
01/08/2019 00:00,8414.207,4%,,,,,,,,,,
01/08/2019 01:00,7688.378,4%,,,,,,,,,,
01/08/2019 02:00,7483.833,4%,,,,,,,,,,
01/08/2019 03:00,7603.824,4%,,,,,,,,,,
01/08/2019 04:00,8446.538,4%,,,,,,,,,,
01/08/2019 05:00,8371.418,4%,,,,,,,,,,
01/08/2019 06:00,6206.299,3%,,,,,,,,,,
01/08/2019 07:00,6094.983,3%,,,,,,,,,,
01/08/2019 08:00,6308.445,3%,,,,,,,,,,
01/08/2019 09:00,5735.184,3%,,,,,,,,,,
01/08/2019 10:00,4909.133,2%,,,,,,,,,,
01/08/2019 11:00,4054.543,2%,,,,,,,,,,
01/08/2019 12:00,3391.096,2%,,,,,,,,,,
01/08/2019 13:00,3187.867,2%,,,,,,,,,,
01/08/2019 14:00,3596.264,2%,,,,,,,,,,
01/08/2019 15:00,4609.352,2%,,,,,,,,,,
01/08/2019 16:00,6991.561,3%,,,,,,,,,,
01/08/2019 17:00,9625.429,5%,,,,,,,,,,
01/08/2019 18:00,13123.516,7%,,,,,,,,,,
01/08/2019 19:00,18592.523,9%,,,,,,,,,,
01/08/2019 20:00,27854.122,14%,,,,,,,,,,
01/08/2019 21:00,34060.118,17%,,,,,,,,,,
01/08/2019 22:00,35290.284,18%,,,,,,,,,,
01/08/2019 23:00,32785.386,16%,,,,,,,,,,
02/08/2019 00:00,26146.121,13%,,,,,,,,,,
02/08/2019 01:00,20312.854,10%,,,,,,,,,,
02/08/2019 02:00,16819.074,8%,,,,,,,,,,
02/08/2019 03:00,15647.452,8%,,,,,,,,,,
02/08/2019 04:00,14912.84,7%,,,,,,,,,,
02/08/2019 05:00,12248.408,6%,,,,,,,,,,
02/08/2019 06:00,9623.274,5%,,,,,,,,,,
02/08/2019 07:00,7635.731,4%,,,,,,,,,,
02/08/2019 08:00,5185.741,3%,,,,,,,,,,
02/08/2019 09:00,3866.132,2%,,,,,,,,,,
02/08/2019 10:00,3404.719,2%,,,,,,,,,,
02/08/2019 11:00,3114.527,2%,,,,,,,,,,
02/08/2019 12:00,2710.569,1%,,,,,,,,,,
02/08/2019 13:00,2472.94,1%,,,,,,,,,,
02/08/2019 14:00,2259.319,1%,,,,,,,,,,
02/08/2019 15:00,2436.8,1%,,,,,,,,,,
02/08/2019 16:00,3011.401,2%,,,,,,,,,,
02/08/2019 17:00,4090.5,2%,,,,,,,,,,
02/08/2019 18:00,5985.026,3%,,,,,,,,,,
02/08/2019 19:00,10093.993,5%,,,,,,,,,,
02/08/2019 20:00,17357.451,9%,,,,,,,,,,
02/08/2019 21:00,24127.363,12%,,,,,,,,,,
02/08/2019 22:00,28117.643,14%,,,,,,,,,,
02/08/2019 23:00,29300.103,15%,,,,,,,,,,
03/08/2019 00:00,28652.644,14%,,,,,,,,,,
03/08/2019 01:00,27219.792,14%,,,,,,,,,,
03/08/2019 02:00,25118.013,13%,,,,,,,,,,
03/08/2019 03:00,22463.356,11%,,,,,,,,,,
03/08/2019 04:00,20802.361,10%,,,,,,,,,,
03/08/2019 05:00,17813.08,9%,,,,,,,,,,
03/08/2019 06:00,14566.872,7%,,,,,,,,,,
03/08/2019 07:00,15101.744,8%,,,,,,,,,,
03/08/2019 08:00,15374.715,8%,,,,,,,,,,
03/08/2019 09:00,15331.291,8%,,,,,,,,,,
03/08/2019 10:00,15039.713,8%,,,,,,,,,,
03/08/2019 11:00,14817.489,7%,,,,,,,,,,
03/08/2019 12:00,15221.433,8%,,,,,,,,,,
03/08/2019 13:00,15628.766,8%,,,,,,,,,,
03/08/2019 14:00,16417.24,8%,,,,,,,,,,
03/08/2019 15:00,16612.624,8%,,,,,,,,,,
03/08/2019 16:00,16932.103,8%,,,,,,,,,,
03/08/2019 17:00,19209.45,10%,,,,,,,,,,
03/08/2019 18:00,21318.662,11%,,,,,,,,,,
03/08/2019 19:00,26804.964,13%,,,,,,,,,,
03/08/2019 20:00,35188.388,18%,,,,,,,,,,
03/08/2019 21:00,39545.364,20%,,,,,,,,,,
03/08/2019 22:00,41669.528,21%,,,,,,,,,,
03/08/2019 23:00,42450.83,21%,,,,,,,,,,
04/08/2019 00:00,42388.754,21%,,,,,,,,,,
04/08/2019 01:00,42693.177,21%,,,,,,,,,,
04/08/2019 02:00,42697.33,21%,,,,,,,,,,
04/08/2019 03:00,43404.139,22%,,,,,,,,,,
04/08/2019 04:00,44545.758,22%,,,,,,,,,,
04/08/2019 05:00,40174.255,20%,,,,,,,,,,
04/08/2019 06:00,35778.124,18%,,,,,,,,,,
04/08/2019 07:00,36007.822,18%,,,,,,,,,,
04/08/2019 08:00,38579.749,19%,,,,,,,,,,
04/08/2019 09:00,44278.343,22%,,,,,,,,,,
04/08/2019 10:00,49047.533,25%,,,,,,,,,,
04/08/2019 11:00,49439.648,25%,,,,,,,,,,
04/08/2019 12:00,45903.615,23%,,,,,,,,,,
04/08/2019 13:00,42719.601,21%,,,,,,,,,,
04/08/2019 14:00,40101.881,20%,,,,,,,,,,
04/08/2019 15:00,37127.602,19%,,,,,,,,,,
04/08/2019 16:00,35874.203,18%,,,,,,,,,,
04/08/2019 17:00,31063.328,16%,,,,,,,,,,
04/08/2019 18:00,25581.334,13%,,,,,,,,,,
04/08/2019 19:00,28264.629,14%,,,,,,,,,,
04/08/2019 20:00,35232.985,18%,,,,,,,,,,
04/08/2019 21:00,35577.452,18%,,,,,,,,,,
04/08/2019 22:00,34299.827,17%,,,,,,,,,,
04/08/2019 23:00,37018.379,19%,,,,,,,,,,
05/08/2019 00:00,38631.644,19%,,,,,,,,,,
05/08/2019 01:00,36933.655,18%,,,,,,,,,,
05/08/2019 02:00,34243.119,17%,,,,,,,,,,
05/08/2019 03:00,34537.813,17%,,,,,,,,,,
05/08/2019 04:00,40175.191,20%,,,,,,,,,,
05/08/2019 05:00,35831.606,18%,,,,,,,,,,
05/08/2019 06:00,27677.142,14%,,,,,,,,,,
05/08/2019 07:00,27098.356,14%,,,,,,,,,,
05/08/2019 08:00,37625.271,19%,,,,,,,,,,
05/08/2019 09:00,54875.662,27%,,,,,,,,,,
05/08/2019 10:00,66303.689,33%,,,,,,,,,,
05/08/2019 11:00,69546.973,35%,,,,,,,,,,
05/08/2019 12:00,68375.779,34%,,,,,,,,,,
05/08/2019 13:00,65032.099,33%,,,,,,,,,,
05/08/2019 14:00,62786.71,31%,,,,,,,,,,
05/08/2019 15:00,62241.96,31%,,,,,,,,,,
05/08/2019 16:00,60987.745,30%,,,,,,,,,,
05/08/2019 17:00,53598.275,27%,,,,,,,,,,
05/08/2019 18:00,37305.366,19%,,,,,,,,,,
05/08/2019 19:00,32152.473,16%,,,,,,,,,,
05/08/2019 20:00,38531.003,19%,,,,,,,,,,
05/08/2019 21:00,41532.371,21%,,,,,,,,,,
05/08/2019 22:00,40795.198,20%,,,,,,,,,,
05/08/2019 23:00,40670.62,20%,,,,,,,,,,
06/08/2019 00:00,40235.013,20%,,,,,,,,,,
06/08/2019 01:00,39016.426,20%,,,,,,,,,,
06/08/2019 02:00,40343.396,20%,,,,,,,,,,
06/08/2019 03:00,41106.685,21%,,,,,,,,,,
06/08/2019 04:00,41371.489,21%,,,,,,,,,,
06/08/2019 05:00,37278.94,19%,,,,,,,,,,
06/08/2019 06:00,28098.022,14%,,,,,,,,,,
06/08/2019 07:00,22926.315,11%,,,,,,,,,,
06/08/2019 08:00,22463.225,11%,,,,,,,,,,
06/08/2019 09:00,20489.331,10%,,,,,,,,,,
06/08/2019 10:00,18950.887,9%,,,,,,,,,,
06/08/2019 11:00,18554.901,9%,,,,,,,,,,
06/08/2019 12:00,17413.509,9%,,,,,,,,,,
06/08/2019 13:00,15872.628,8%,,,,,,,,,,
06/08/2019 14:00,12980.621,6%,,,,,,,,,,
06/08/2019 15:00,9936.033,5%,,,,,,,,,,
06/08/2019 16:00,7767.157,4%,,,,,,,,,,
06/08/2019 17:00,5990.863,3%,,,,,,,,,,
06/08/2019 18:00,4991.522,2%,,,,,,,,,,
06/08/2019 19:00,5944.296,3%,,,,,,,,,,
06/08/2019 20:00,9358.694,5%,,,,,,,,,,
06/08/2019 21:00,13635.631,7%,,,,,,,,,,
06/08/2019 22:00,18074.548,9%,,,,,,,,,,
06/08/2019 23:00,23541.835,12%,,,,,,,,,,
07/08/2019 00:00,28085.673,14%,,,,,,,,,,
07/08/2019 01:00,34866.495,17%,,,,,,,,,,
07/08/2019 02:00,41224.513,21%,,,,,,,,,,
07/08/2019 03:00,49050.345,25%,,,,,,,,,,
07/08/2019 04:00,57233.212,29%,,,,,,,,,,
07/08/2019 05:00,55691.339,28%,,,,,,,,,,
07/08/2019 06:00,50616.347,25%,,,,,,,,,,
07/08/2019 07:00,56435.537,28%,,,,,,,,,,
07/08/2019 08:00,56799.043,28%,,,,,,,,,,
07/08/2019 09:00,55050.356,28%,,,,,,,,,,
07/08/2019 10:00,53319.23,27%,,,,,,,,,,
07/08/2019 11:00,51811.14,26%,,,,,,,,,,
07/08/2019 12:00,50194.148,25%,,,,,,,,,,
07/08/2019 13:00,49946.072,25%,,,,,,,,,,
07/08/2019 14:00,50192.955,25%,,,,,,,,,,
07/08/2019 15:00,51051.373,26%,,,,,,,,,,
07/08/2019 16:00,48603.189,24%,,,,,,,,,,
07/08/2019 17:00,43358.79,22%,,,,,,,,,,
07/08/2019 18:00,45050.564,23%,,,,,,,,,,
07/08/2019 19:00,53060.247,27%,,,,,,,,,,
07/08/2019 20:00,61004.112,31%,,,,,,,,,,
07/08/2019 21:00,58755.438,29%,,,,,,,,,,
07/08/2019 22:00,53396.911,27%,,,,,,,,,,
07/08/2019 23:00,48153.575,24%,,,,,,,,,,
08/08/2019 00:00,43529.644,22%,,,,,,,,,,
08/08/2019 01:00,37670.249,19%,,,,,,,,,,
08/08/2019 02:00,31662.488,16%,,,,,,,,,,
08/08/2019 03:00,27182.165,14%,,,,,,,,,,
08/08/2019 04:00,24466.926,12%,,,,,,,,,,
08/08/2019 05:00,20745.521,10%,,,,,,,,,,
08/08/2019 06:00,13854.829,7%,,,,,,,,,,
08/08/2019 07:00,10038.658,5%,,,,,,,,,,
08/08/2019 08:00,6678.767,3%,,,,,,,,,,
08/08/2019 09:00,4321.57,2%,,,,,,,,,,
08/08/2019 10:00,2865.803,1%,,,,,,,,,,
08/08/2019 11:00,1587.963,1%,,,,,,,,,,
08/08/2019 12:00,1153.835,1%,,,,,,,,,,
08/08/2019 13:00,1703.696,1%,,,,,,,,,,
08/08/2019 14:00,2566.164,1%,,,,,,,,,,
08/08/2019 15:00,2912.326,1%,,,,,,,,,,
08/08/2019 16:00,7142.098,4%,,,,,,,,,,
08/08/2019 17:00,17203.65,9%,,,,,,,,,,
08/08/2019 18:00,31257.639,16%,,,,,,,,,,
08/08/2019 19:00,59390.338,30%,,,,,,,,,,
08/08/2019 20:00,85906.275,43%,,,,,,,,,,
08/08/2019 21:00,92103.079,46%,,,,,,,,,,
08/08/2019 22:00,105069.151,53%,,,,,,,,,,
08/08/2019 23:00,113190.631,57%,,,,,,,,,,
09/08/2019 00:00,124824.122,62%,,,,,,,,,,
09/08/2019 01:00,130785.799,65%,,,,,,,,,,
09/08/2019 02:00,138492.074,69%,,,,,,,,,,
09/08/2019 03:00,151569.282,76%,,,,,,,,,,
09/08/2019 04:00,163238.459,82%,,,,,,,,,,
09/08/2019 05:00,172909.465,86%,,,,,,,,,,
09/08/2019 06:00,178633.685,89%,,,,,,,,,,
09/08/2019 07:00,183578.888,92%,,,,,,,,,,
09/08/2019 08:00,187809.534,94%,,,,,,,,,,
09/08/2019 09:00,188691.492,94%,,,,,,,,,,
09/08/2019 10:00,185144.447,93%,,,,,,,,,,
09/08/2019 11:00,177044.277,89%,,,,,,,,,,
09/08/2019 12:00,158000.486,79%,,,,,,,,,,
09/08/2019 13:00,122902.377,61%,,,,,,,,,,
09/08/2019 14:00,87335.284,44%,,,,,,,,,,
09/08/2019 15:00,51963.664,26%,,,,,,,,,,
09/08/2019 16:00,39865.119,20%,,,,,,,,,,
09/08/2019 17:00,30850.286,15%,,,,,,,,,,
09/08/2019 18:00,30930.809,15%,,,,,,,,,,
09/08/2019 19:00,43940.007,22%,,,,,,,,,,
09/08/2019 20:00,56389.083,28%,,,,,,,,,,
09/08/2019 21:00,57779.706,29%,,,,,,,,,,
09/08/2019 22:00,51329.787,26%,,,,,,,,,,
09/08/2019 23:00,43761.797,22%,,,,,,,,,,
10/08/2019 00:00,35355.609,18%,,,,,,,,,,
10/08/2019 01:00,27822.078,14%,,,,,,,,,,
10/08/2019 02:00,20977.127,10%,,,,,,,,,,
10/08/2019 03:00,17442.879,9%,,,,,,,,,,
10/08/2019 04:00,18399.664,9%,,,,,,,,,,
10/08/2019 05:00,20535.978,10%,,,,,,,,,,
10/08/2019 06:00,18608.661,9%,,,,,,,,,,
10/08/2019 07:00,16649.458,8%,,,,,,,,,,
10/08/2019 08:00,16994.693,8%,,,,,,,,,,
10/08/2019 09:00,16336.979,8%,,,,,,,,,,
10/08/2019 10:00,13287.61,7%,,,,,,,,,,
10/08/2019 11:00,10934.437,5%,,,,,,,,,,
10/08/2019 12:00,10934.583,5%,,,,,,,,,,
10/08/2019 13:00,12975.981,6%,,,,,,,,,,
10/08/2019 14:00,17556.311,9%,,,,,,,,,,
10/08/2019 15:00,23754.455,12%,,,,,,,,,,
10/08/2019 16:00,29389.22,15%,,,,,,,,,,
10/08/2019 17:00,32392.274,16%,,,,,,,,,,
10/08/2019 18:00,34420.686,17%,,,,,,,,,,
10/08/2019 19:00,41456.336,21%,,,,,,,,,,
10/08/2019 20:00,45048.529,23%,,,,,,,,,,
10/08/2019 21:00,42653.809,21%,,,,,,,,,,
10/08/2019 22:00,40378.192,20%,,,,,,,,,,
10/08/2019 23:00,40226.754,20%,,,,,,,,,,
11/08/2019 00:00,42890.522,21%,,,,,,,,,,
11/08/2019 01:00,43403.864,22%,,,,,,,,,,
11/08/2019 02:00,46143.265,23%,,,,,,,,,,
11/08/2019 03:00,48403.586,24%,,,,,,,,,,
11/08/2019 04:00,52278.216,26%,,,,,,,,,,
11/08/2019 05:00,53929.093,27%,,,,,,,,,,
11/08/2019 06:00,50965.952,25%,,,,,,,,,,
11/08/2019 07:00,54880.268,27%,,,,,,,,,,
11/08/2019 08:00,55593.181,28%,,,,,,,,,,
11/08/2019 09:00,52275.117,26%,,,,,,,,,,
11/08/2019 10:00,44779.875,22%,,,,,,,,,,
11/08/2019 11:00,37670.031,19%,,,,,,,,,,
11/08/2019 12:00,33668.138,17%,,,,,,,,,,
11/08/2019 13:00,30936.453,15%,,,,,,,,,,
11/08/2019 14:00,27623.306,14%,,,,,,,,,,
11/08/2019 15:00,24345.735,12%,,,,,,,,,,
11/08/2019 16:00,20488.185,10%,,,,,,,,,,
11/08/2019 17:00,15557.203,8%,,,,,,,,,,
11/08/2019 18:00,12361.828,6%,,,,,,,,,,
11/08/2019 19:00,10807.481,5%,,,,,,,,,,
11/08/2019 20:00,9017.52,5%,,,,,,,,,,
11/08/2019 21:00,8229.818,4%,,,,,,,,,,
11/08/2019 22:00,7656.582,4%,,,,,,,,,,
11/08/2019 23:00,7172.553,4%,,,,,,,,,,
12/08/2019 00:00,7707.707,4%,,,,,,,,,,
12/08/2019 01:00,10097.241,5%,,,,,,,,,,
12/08/2019 02:00,14139.827,7%,,,,,,,,,,
12/08/2019 03:00,18335.638,9%,,,,,,,,,,
12/08/2019 04:00,21011.711,11%,,,,,,,,,,
12/08/2019 05:00,22271.461,11%,,,,,,,,,,
12/08/2019 06:00,18556.313,9%,,,,,,,,,,
12/08/2019 07:00,17138.246,9%,,,,,,,,,,
12/08/2019 08:00,16632.603,8%,,,,,,,,,,
12/08/2019 09:00,18492.086,9%,,,,,,,,,,
12/08/2019 10:00,22874.733,11%,,,,,,,,,,
12/08/2019 11:00,28198.546,14%,,,,,,,,,,
12/08/2019 12:00,33455.394,17%,,,,,,,,,,
12/08/2019 13:00,38590.459,19%,,,,,,,,,,
12/08/2019 14:00,42045.873,21%,,,,,,,,,,
12/08/2019 15:00,43905.96,22%,,,,,,,,,,
12/08/2019 16:00,44411.34,22%,,,,,,,,,,
12/08/2019 17:00,41873.743,21%,,,,,,,,,,
12/08/2019 18:00,35656.075,18%,,,,,,,,,,
12/08/2019 19:00,39922.402,20%,,,,,,,,,,
12/08/2019 20:00,45996.397,23%,,,,,,,,,,
12/08/2019 21:00,46918.741,23%,,,,,,,,,,
12/08/2019 22:00,44148.007,22%,,,,,,,,,,
12/08/2019 23:00,41754.952,21%,,,,,,,,,,
13/08/2019 00:00,40373.148,20%,,,,,,,,,,
13/08/2019 01:00,39061.659,20%,,,,,,,,,,
13/08/2019 02:00,39920.936,20%,,,,,,,,,,
13/08/2019 03:00,42813.761,21%,,,,,,,,,,
13/08/2019 04:00,44656.46,22%,,,,,,,,,,
13/08/2019 05:00,38395.114,19%,,,,,,,,,,
13/08/2019 06:00,32410.728,16%,,,,,,,,,,
13/08/2019 07:00,36404.155,18%,,,,,,,,,,
13/08/2019 08:00,41969.756,21%,,,,,,,,,,
13/08/2019 09:00,46613.309,23%,,,,,,,,,,
13/08/2019 10:00,48153.558,24%,,,,,,,,,,
13/08/2019 11:00,55227.41,28%,,,,,,,,,,
13/08/2019 12:00,71497.801,36%,,,,,,,,,,
13/08/2019 13:00,83910.66,42%,,,,,,,,,,
13/08/2019 14:00,84457.225,42%,,,,,,,,,,
13/08/2019 15:00,79558.137,40%,,,,,,,,,,
13/08/2019 16:00,73557.386,37%,,,,,,,,,,
13/08/2019 17:00,63544.019,32%,,,,,,,,,,
13/08/2019 18:00,45685.201,23%,,,,,,,,,,
13/08/2019 19:00,35087.173,18%,,,,,,,,,,
13/08/2019 20:00,28333.368,14%,,,,,,,,,,
13/08/2019 21:00,23614.37,12%,,,,,,,,,,
13/08/2019 22:00,21231.919,11%,,,,,,,,,,
13/08/2019 23:00,20331.227,10%,,,,,,,,,,
14/08/2019 00:00,19292.112,10%,,,,,,,,,,
14/08/2019 01:00,17796.411,9%,,,,,,,,,,
14/08/2019 02:00,16497.956,8%,,,,,,,,,,
14/08/2019 03:00,14300.426,7%,,,,,,,,,,
14/08/2019 04:00,14019.455,7%,,,,,,,,,,
14/08/2019 05:00,17451.034,9%,,,,,,,,,,
14/08/2019 06:00,20911.779,10%,,,,,,,,,,
14/08/2019 07:00,25191.446,13%,,,,,,,,,,
14/08/2019 08:00,38305.088,19%,,,,,,,,,,
14/08/2019 09:00,51416.549,26%,,,,,,,,,,
14/08/2019 10:00,62170.638,31%,,,,,,,,,,
14/08/2019 11:00,62245.064,31%,,,,,,,,,,
14/08/2019 12:00,54403.378,27%,,,,,,,,,,
14/08/2019 13:00,49063.291,25%,,,,,,,,,,
14/08/2019 14:00,47546.136,24%,,,,,,,,,,
14/08/2019 15:00,46140.529,23%,,,,,,,,,,
14/08/2019 16:00,41615.936,21%,,,,,,,,,,
14/08/2019 17:00,41107.142,21%,,,,,,,,,,
14/08/2019 18:00,47510.685,24%,,,,,,,,,,
14/08/2019 19:00,55686.834,28%,,,,,,,,,,
14/08/2019 20:00,64302.809,32%,,,,,,,,,,
14/08/2019 21:00,67275.104,34%,,,,,,,,,,
14/08/2019 22:00,73419.35,37%,,,,,,,,,,
14/08/2019 23:00,73379.239,37%,,,,,,,,,,
15/08/2019 00:00,62850.49,31%,,,,,,,,,,
15/08/2019 01:00,65030.504,33%,,,,,,,,,,
15/08/2019 02:00,64013.535,32%,,,,,,,,,,
15/08/2019 03:00,69955.474,35%,,,,,,,,,,
15/08/2019 04:00,86376.883,43%,,,,,,,,,,
15/08/2019 05:00,109945.322,55%,,,,,,,,,,
15/08/2019 06:00,137119.309,69%,,,,,,,,,,
15/08/2019 07:00,150321.143,75%,,,,,,,,,,
15/08/2019 08:00,153352.833,77%,,,,,,,,,,
15/08/2019 09:00,152310.391,76%,,,,,,,,,,
15/08/2019 10:00,143996.235,72%,,,,,,,,,,
15/08/2019 11:00,127090.883,64%,,,,,,,,,,
15/08/2019 12:00,107095.894,54%,,,,,,,,,,
15/08/2019 13:00,105809.295,53%,,,,,,,,,,
15/08/2019 14:00,110483.14,55%,,,,,,,,,,
15/08/2019 15:00,94909.581,47%,,,,,,,,,,
15/08/2019 16:00,74186.337,37%,,,,,,,,,,
15/08/2019 17:00,55943.313,28%,,,,,,,,,,
15/08/2019 18:00,35086.184,18%,,,,,,,,,,
15/08/2019 19:00,39200.574,20%,,,,,,,,,,
15/08/2019 20:00,66317.619,33%,,,,,,,,,,
15/08/2019 21:00,83996.275,42%,,,,,,,,,,
15/08/2019 22:00,94628.734,47%,,,,,,,,,,
15/08/2019 23:00,100595.562,50%,,,,,,,,,,
16/08/2019 00:00,89273.203,45%,,,,,,,,,,
16/08/2019 01:00,89524.491,45%,,,,,,,,,,
16/08/2019 02:00,85714.513,43%,,,,,,,,,,
16/08/2019 03:00,87320.211,44%,,,,,,,,,,
16/08/2019 04:00,93901.975,47%,,,,,,,,,,
16/08/2019 05:00,122553.873,61%,,,,,,,,,,
16/08/2019 06:00,137028.723,69%,,,,,,,,,,
16/08/2019 07:00,159765.589,80%,,,,,,,,,,
16/08/2019 08:00,176910.603,88%,,,,,,,,,,
16/08/2019 09:00,181337.985,91%,,,,,,,,,,
16/08/2019 10:00,171522.138,86%,,,,,,,,,,
16/08/2019 11:00,159750.634,80%,,,,,,,,,,
16/08/2019 12:00,151010.861,76%,,,,,,,,,,
16/08/2019 13:00,144560.767,72%,,,,,,,,,,
16/08/2019 14:00,132931.477,66%,,,,,,,,,,
16/08/2019 15:00,116598.244,58%,,,,,,,,,,
16/08/2019 16:00,96298.076,48%,,,,,,,,,,
16/08/2019 17:00,65279.584,33%,,,,,,,,,,
16/08/2019 18:00,53594.04,27%,,,,,,,,,,
16/08/2019 19:00,64162.02,32%,,,,,,,,,,
16/08/2019 20:00,75895.73,38%,,,,,,,,,,
16/08/2019 21:00,84456.779,42%,,,,,,,,,,
16/08/2019 22:00,90198.824,45%,,,,,,,,,,
16/08/2019 23:00,91864.342,46%,,,,,,,,,,
17/08/2019 00:00,85727.85,43%,,,,,,,,,,
17/08/2019 01:00,86758.333,43%,,,,,,,,,,
17/08/2019 02:00,82550.194,41%,,,,,,,,,,
17/08/2019 03:00,90378.939,45%,,,,,,,,,,
17/08/2019 04:00,103499.628,52%,,,,,,,,,,
17/08/2019 05:00,104368.393,52%,,,,,,,,,,
17/08/2019 06:00,99914.26,50%,,,,,,,,,,
17/08/2019 07:00,119125.041,60%,,,,,,,,,,
17/08/2019 08:00,139075.757,70%,,,,,,,,,,
17/08/2019 09:00,150970.748,75%,,,,,,,,,,
17/08/2019 10:00,156925.099,78%,,,,,,,,,,
17/08/2019 11:00,160807.494,80%,,,,,,,,,,
17/08/2019 12:00,163364.997,82%,,,,,,,,,,
17/08/2019 13:00,165796.442,83%,,,,,,,,,,
17/08/2019 14:00,167422.533,84%,,,,,,,,,,
17/08/2019 15:00,165600.917,83%,,,,,,,,,,
17/08/2019 16:00,155313.193,78%,,,,,,,,,,
17/08/2019 17:00,139996.369,70%,,,,,,,,,,
17/08/2019 18:00,140106.24,70%,,,,,,,,,,
17/08/2019 19:00,144855.361,72%,,,,,,,,,,
17/08/2019 20:00,148328.316,74%,,,,,,,,,,
17/08/2019 21:00,151028.36,76%,,,,,,,,,,
17/08/2019 22:00,156926.371,78%,,,,,,,,,,
17/08/2019 23:00,160100.003,80%,,,,,,,,,,
18/08/2019 00:00,160035.861,80%,,,,,,,,,,
18/08/2019 01:00,157639.202,79%,,,,,,,,,,
18/08/2019 02:00,154007.595,77%,,,,,,,,,,
18/08/2019 03:00,151252.56,76%,,,,,,,,,,
18/08/2019 04:00,152535.426,76%,,,,,,,,,,
18/08/2019 05:00,149229.134,75%,,,,,,,,,,
18/08/2019 06:00,144423.076,72%,,,,,,,,,,
18/08/2019 07:00,145843.581,73%,,,,,,,,,,
18/08/2019 08:00,152685.149,76%,,,,,,,,,,
18/08/2019 09:00,158250.835,79%,,,,,,,,,,
18/08/2019 10:00,163771.783,82%,,,,,,,,,,
18/08/2019 11:00,168248.225,84%,,,,,,,,,,
18/08/2019 12:00,171610.53,86%,,,,,,,,,,
18/08/2019 13:00,169810.081,85%,,,,,,,,,,
18/08/2019 14:00,167772.645,84%,,,,,,,,,,
18/08/2019 15:00,162590.652,81%,,,,,,,,,,
18/08/2019 16:00,156284.537,78%,,,,,,,,,,
18/08/2019 17:00,136439.288,68%,,,,,,,,,,
18/08/2019 18:00,114751.776,57%,,,,,,,,,,
18/08/2019 19:00,105793.276,53%,,,,,,,,,,
18/08/2019 20:00,98769.565,49%,,,,,,,,,,
18/08/2019 21:00,94322.468,47%,,,,,,,,,,
18/08/2019 22:00,90732.267,45%,,,,,,,,,,
18/08/2019 23:00,90782.167,45%,,,,,,,,,,
19/08/2019 00:00,95863.902,48%,,,,,,,,,,
19/08/2019 01:00,100424.817,50%,,,,,,,,,,
19/08/2019 02:00,108022.343,54%,,,,,,,,,,
19/08/2019 03:00,114425.815,57%,,,,,,,,,,
19/08/2019 04:00,117905.959,59%,,,,,,,,,,
19/08/2019 05:00,117906.29,59%,,,,,,,,,,
19/08/2019 06:00,116071.636,58%,,,,,,,,,,
19/08/2019 07:00,128817.173,64%,,,,,,,,,,
19/08/2019 08:00,140072.387,70%,,,,,,,,,,
19/08/2019 09:00,137819.909,69%,,,,,,,,,,
19/08/2019 10:00,137521.032,69%,,,,,,,,,,
19/08/2019 11:00,136281.646,68%,,,,,,,,,,
19/08/2019 12:00,134342.001,67%,,,,,,,,,,
19/08/2019 13:00,132689.478,66%,,,,,,,,,,
19/08/2019 14:00,130315.46,65%,,,,,,,,,,
19/08/2019 15:00,128079.279,64%,,,,,,,,,,
19/08/2019 16:00,120707.562,60%,,,,,,,,,,
19/08/2019 17:00,104462.988,52%,,,,,,,,,,
19/08/2019 18:00,87006.261,44%,,,,,,,,,,
19/08/2019 19:00,83515.592,42%,,,,,,,,,,
19/08/2019 20:00,70955.142,35%,,,,,,,,,,
19/08/2019 21:00,66833.272,33%,,,,,,,,,,
19/08/2019 22:00,60995.288,30%,,,,,,,,,,
19/08/2019 23:00,57031.689,29%,,,,,,,,,,
20/08/2019 00:00,51648.27,26%,,,,,,,,,,
20/08/2019 01:00,47812.686,24%,,,,,,,,,,
20/08/2019 02:00,43483.644,22%,,,,,,,,,,
20/08/2019 03:00,39979.717,20%,,,,,,,,,,
20/08/2019 04:00,37483.66,19%,,,,,,,,,,
20/08/2019 05:00,35186.233,18%,,,,,,,,,,
20/08/2019 06:00,29774.459,15%,,,,,,,,,,
20/08/2019 07:00,27609.307,14%,,,,,,,,,,
20/08/2019 08:00,28802.76,14%,,,,,,,,,,
20/08/2019 09:00,32421.523,16%,,,,,,,,,,
20/08/2019 10:00,39914.181,20%,,,,,,,,,,
20/08/2019 11:00,49146.289,25%,,,,,,,,,,
20/08/2019 12:00,56126.431,28%,,,,,,,,,,
20/08/2019 13:00,58272.593,29%,,,,,,,,,,
20/08/2019 14:00,56491.942,28%,,,,,,,,,,
20/08/2019 15:00,52278.369,26%,,,,,,,,,,
20/08/2019 16:00,46280.284,23%,,,,,,,,,,
20/08/2019 17:00,37251.89,19%,,,,,,,,,,
20/08/2019 18:00,31869.395,16%,,,,,,,,,,
20/08/2019 19:00,38084.638,19%,,,,,,,,,,
20/08/2019 20:00,46573.464,23%,,,,,,,,,,
20/08/2019 21:00,46583.278,23%,,,,,,,,,,
20/08/2019 22:00,50524.087,25%,,,,,,,,,,
20/08/2019 23:00,46137.247,23%,,,,,,,,,,
21/08/2019 00:00,39785.98,20%,,,,,,,,,,
21/08/2019 01:00,34414.308,17%,,,,,,,,,,
21/08/2019 02:00,31601.601,16%,,,,,,,,,,
21/08/2019 03:00,34242.379,17%,,,,,,,,,,
21/08/2019 04:00,39022.127,20%,,,,,,,,,,
21/08/2019 05:00,46137.765,23%,,,,,,,,,,
21/08/2019 06:00,45621.133,23%,,,,,,,,,,
21/08/2019 07:00,68649.736,34%,,,,,,,,,,
21/08/2019 08:00,99869.931,50%,,,,,,,,,,
21/08/2019 09:00,120245.537,60%,,,,,,,,,,
21/08/2019 10:00,135239.187,68%,,,,,,,,,,
21/08/2019 11:00,145119.711,73%,,,,,,,,,,
21/08/2019 12:00,148221.343,74%,,,,,,,,,,
21/08/2019 13:00,151129.526,76%,,,,,,,,,,
21/08/2019 14:00,161541.958,81%,,,,,,,,,,
21/08/2019 15:00,170891.194,85%,,,,,,,,,,
21/08/2019 16:00,172059.61,86%,,,,,,,,,,
21/08/2019 17:00,168743.079,84%,,,,,,,,,,
21/08/2019 18:00,155313.892,78%,,,,,,,,,,
21/08/2019 19:00,133074.446,67%,,,,,,,,,,
21/08/2019 20:00,106982.779,53%,,,,,,,,,,
21/08/2019 21:00,77589.805,39%,,,,,,,,,,
21/08/2019 22:00,58263.523,29%,,,,,,,,,,
21/08/2019 23:00,47708.216,24%,,,,,,,,,,
22/08/2019 00:00,44141.057,22%,,,,,,,,,,
22/08/2019 01:00,51810.315,26%,,,,,,,,,,
22/08/2019 02:00,66965.982,33%,,,,,,,,,,
22/08/2019 03:00,83080.454,42%,,,,,,,,,,
22/08/2019 04:00,88541.674,44%,,,,,,,,,,
22/08/2019 05:00,92683.613,46%,,,,,,,,,,
22/08/2019 06:00,90221.017,45%,,,,,,,,,,
22/08/2019 07:00,100132.411,50%,,,,,,,,,,
22/08/2019 08:00,124142.34,62%,,,,,,,,,,
22/08/2019 09:00,141134.262,71%,,,,,,,,,,
22/08/2019 10:00,151888.137,76%,,,,,,,,,,
22/08/2019 11:00,161833.364,81%,,,,,,,,,,
22/08/2019 12:00,169890.738,85%,,,,,,,,,,
22/08/2019 13:00,174476.782,87%,,,,,,,,,,
22/08/2019 14:00,178071.371,89%,,,,,,,,,,
22/08/2019 15:00,176176.153,88%,,,,,,,,,,
22/08/2019 16:00,168464.879,84%,,,,,,,,,,
22/08/2019 17:00,149179.258,75%,,,,,,,,,,
22/08/2019 18:00,141855.44,71%,,,,,,,,,,
22/08/2019 19:00,140783.313,70%,,,,,,,,,,
22/08/2019 20:00,137417.583,69%,,,,,,,,,,
22/08/2019 21:00,139683.874,70%,,,,,,,,,,
22/08/2019 22:00,142518.87,71%,,,,,,,,,,
22/08/2019 23:00,146203.721,73%,,,,,,,,,,
23/08/2019 00:00,146067.568,73%,,,,,,,,,,
23/08/2019 01:00,145830.367,73%,,,,,,,,,,
23/08/2019 02:00,136845.98,68%,,,,,,,,,,
23/08/2019 03:00,128955.608,64%,,,,,,,,,,
23/08/2019 04:00,120245.713,60%,,,,,,,,,,
23/08/2019 05:00,112344.235,56%,,,,,,,,,,
23/08/2019 06:00,103514.857,52%,,,,,,,,,,
23/08/2019 07:00,114358.438,57%,,,,,,,,,,
23/08/2019 08:00,130113.479,65%,,,,,,,,,,
23/08/2019 09:00,135238.23,68%,,,,,,,,,,
23/08/2019 10:00,134136.709,67%,,,,,,,,,,
23/08/2019 11:00,126968.989,63%,,,,,,,,,,
23/08/2019 12:00,118217.174,59%,,,,,,,,,,
23/08/2019 13:00,107514.617,54%,,,,,,,,,,
23/08/2019 14:00,98769.209,49%,,,,,,,,,,
23/08/2019 15:00,86648.444,43%,,,,,,,,,,
23/08/2019 16:00,68129.656,34%,,,,,,,,,,
23/08/2019 17:00,62754.863,31%,,,,,,,,,,
23/08/2019 18:00,68128.871,34%,,,,,,,,,,
23/08/2019 19:00,75786.88,38%,,,,,,,,,,
23/08/2019 20:00,74719.616,37%,,,,,,,,,,
23/08/2019 21:00,71261.282,36%,,,,,,,,,,
23/08/2019 22:00,64526.365,32%,,,,,,,,,,
23/08/2019 23:00,65540.239,33%,,,,,,,,,,
24/08/2019 00:00,67349.413,34%,,,,,,,,,,
24/08/2019 01:00,68645.209,34%,,,,,,,,,,
24/08/2019 02:00,68687.619,34%,,,,,,,,,,
24/08/2019 03:00,65032.662,33%,,,,,,,,,,
24/08/2019 04:00,62885.171,31%,,,,,,,,,,
24/08/2019 05:00,61813.56,31%,,,,,,,,,,
24/08/2019 06:00,51793.194,26%,,,,,,,,,,
24/08/2019 07:00,40988.851,20%,,,,,,,,,,
24/08/2019 08:00,46911.307,23%,,,,,,,,,,
24/08/2019 09:00,51816.591,26%,,,,,,,,,,
24/08/2019 10:00,54266.823,27%,,,,,,,,,,
24/08/2019 11:00,56378.729,28%,,,,,,,,,,
24/08/2019 12:00,56490.224,28%,,,,,,,,,,
24/08/2019 13:00,50929.536,25%,,,,,,,,,,
24/08/2019 14:00,40171.529,20%,,,,,,,,,,
24/08/2019 15:00,27874.185,14%,,,,,,,,,,
24/08/2019 16:00,21366.03,11%,,,,,,,,,,
24/08/2019 17:00,20422.695,10%,,,,,,,,,,
24/08/2019 18:00,18973.336,9%,,,,,,,,,,
24/08/2019 19:00,19234.951,10%,,,,,,,,,,
24/08/2019 20:00,20264.626,10%,,,,,,,,,,
24/08/2019 21:00,24639.364,12%,,,,,,,,,,
24/08/2019 22:00,29569.927,15%,,,,,,,,,,
24/08/2019 23:00,32150.15,16%,,,,,,,,,,
25/08/2019 00:00,33413.797,17%,,,,,,,,,,
25/08/2019 01:00,33558.869,17%,,,,,,,,,,
25/08/2019 02:00,34264.928,17%,,,,,,,,,,
25/08/2019 03:00,33765.55,17%,,,,,,,,,,
25/08/2019 04:00,35112.103,18%,,,,,,,,,,
25/08/2019 05:00,36856.514,18%,,,,,,,,,,
25/08/2019 06:00,33328.273,17%,,,,,,,,,,
25/08/2019 07:00,21158.745,11%,,,,,,,,,,
25/08/2019 08:00,15343.187,8%,,,,,,,,,,
25/08/2019 09:00,16696.647,8%,,,,,,,,,,
25/08/2019 10:00,24627.764,12%,,,,,,,,,,
25/08/2019 11:00,31808.541,16%,,,,,,,,,,
25/08/2019 12:00,34433.053,17%,,,,,,,,,,
25/08/2019 13:00,35019.104,18%,,,,,,,,,,
25/08/2019 14:00,39286.105,20%,,,,,,,,,,
25/08/2019 15:00,44613.475,22%,,,,,,,,,,
25/08/2019 16:00,44614.584,22%,,,,,,,,,,
25/08/2019 17:00,38038.288,19%,,,,,,,,,,
25/08/2019 18:00,36968.601,18%,,,,,,,,,,
25/08/2019 19:00,37093.531,19%,,,,,,,,,,
25/08/2019 20:00,33534.788,17%,,,,,,,,,,
25/08/2019 21:00,30053.883,15%,,,,,,,,,,
25/08/2019 22:00,29698.859,15%,,,,,,,,,,
25/08/2019 23:00,30906.856,15%,,,,,,,,,,
26/08/2019 00:00,30379.646,15%,,,,,,,,,,
26/08/2019 01:00,27984.939,14%,,,,,,,,,,
26/08/2019 02:00,25962.55,13%,,,,,,,,,,
26/08/2019 03:00,26111.524,13%,,,,,,,,,,
26/08/2019 04:00,26968.855,13%,,,,,,,,,,
26/08/2019 05:00,30485.25,15%,,,,,,,,,,
26/08/2019 06:00,28189.362,14%,,,,,,,,,,
26/08/2019 07:00,40837.562,20%,,,,,,,,,,
26/08/2019 08:00,60719.745,30%,,,,,,,,,,
26/08/2019 09:00,68131.352,34%,,,,,,,,,,
26/08/2019 10:00,69529.011,35%,,,,,,,,,,
26/08/2019 11:00,71213.087,36%,,,,,,,,,,
26/08/2019 12:00,69099.529,35%,,,,,,,,,,
26/08/2019 13:00,65028.719,33%,,,,,,,,,,
26/08/2019 14:00,62520.804,31%,,,,,,,,,,
26/08/2019 15:00,63408.438,32%,,,,,,,,,,
26/08/2019 16:00,62240.871,31%,,,,,,,,,,
26/08/2019 17:00,49964.117,25%,,,,,,,,,,
26/08/2019 18:00,35050.662,18%,,,,,,,,,,
26/08/2019 19:00,29212.046,15%,,,,,,,,,,
26/08/2019 20:00,31296.399,16%,,,,,,,,,,
26/08/2019 21:00,37449.54,19%,,,,,,,,,,
26/08/2019 22:00,40405.934,20%,,,,,,,,,,
26/08/2019 23:00,40520.536,20%,,,,,,,,,,
27/08/2019 00:00,39771.894,20%,,,,,,,,,,
27/08/2019 01:00,34625.225,17%,,,,,,,,,,
27/08/2019 02:00,31049.771,16%,,,,,,,,,,
27/08/2019 03:00,27180.058,14%,,,,,,,,,,
27/08/2019 04:00,23302.177,12%,,,,,,,,,,
27/08/2019 05:00,20174.746,10%,,,,,,,,,,
27/08/2019 06:00,17014.993,9%,,,,,,,,,,
27/08/2019 07:00,14835.576,7%,,,,,,,,,,
27/08/2019 08:00,20300.45,10%,,,,,,,,,,
27/08/2019 09:00,25286.125,13%,,,,,,,,,,
27/08/2019 10:00,29229.116,15%,,,,,,,,,,
27/08/2019 11:00,32339.297,16%,,,,,,,,,,
27/08/2019 12:00,33491.295,17%,,,,,,,,,,
27/08/2019 13:00,32109.11,16%,,,,,,,,,,
27/08/2019 14:00,30790.635,15%,,,,,,,,,,
27/08/2019 15:00,29005.175,15%,,,,,,,,,,
27/08/2019 16:00,28719.834,14%,,,,,,,,,,
27/08/2019 17:00,25838.018,13%,,,,,,,,,,
27/08/2019 18:00,22470.813,11%,,,,,,,,,,
27/08/2019 19:00,30331.478,15%,,,,,,,,,,
27/08/2019 20:00,40493.267,20%,,,,,,,,,,
27/08/2019 21:00,49020.414,25%,,,,,,,,,,
27/08/2019 22:00,50671.126,25%,,,,,,,,,,
27/08/2019 23:00,56156.394,28%,,,,,,,,,,
28/08/2019 00:00,63217.15,32%,,,,,,,,,,
28/08/2019 01:00,69621.643,35%,,,,,,,,,,
28/08/2019 02:00,79014.064,40%,,,,,,,,,,
28/08/2019 03:00,87207.123,44%,,,,,,,,,,
28/08/2019 04:00,85010.35,43%,,,,,,,,,,
28/08/2019 05:00,93260.71,47%,,,,,,,,,,
28/08/2019 06:00,96884.26,48%,,,,,,,,,,
28/08/2019 07:00,92708.081,46%,,,,,,,,,,
28/08/2019 08:00,93381.424,47%,,,,,,,,,,
28/08/2019 09:00,93261.11,47%,,,,,,,,,,
28/08/2019 10:00,90721.096,45%,,,,,,,,,,
28/08/2019 11:00,94418.691,47%,,,,,,,,,,
28/08/2019 12:00,101763.908,51%,,,,,,,,,,
28/08/2019 13:00,102063.191,51%,,,,,,,,,,
28/08/2019 14:00,98767.847,49%,,,,,,,,,,
28/08/2019 15:00,91328.969,46%,,,,,,,,,,
28/08/2019 16:00,82002.424,41%,,,,,,,,,,
28/08/2019 17:00,66837.08,33%,,,,,,,,,,
28/08/2019 18:00,49681.064,25%,,,,,,,,,,
28/08/2019 19:00,37706.108,19%,,,,,,,,,,
28/08/2019 20:00,34606.288,17%,,,,,,,,,,
28/08/2019 21:00,40019.451,20%,,,,,,,,,,
28/08/2019 22:00,50397.603,25%,,,,,,,,,,
28/08/2019 23:00,63510.845,32%,,,,,,,,,,
29/08/2019 00:00,67368.65,34%,,,,,,,,,,
29/08/2019 01:00,74879.073,37%,,,,,,,,,,
29/08/2019 02:00,79349.022,40%,,,,,,,,,,
29/08/2019 03:00,79060.507,40%,,,,,,,,,,
29/08/2019 04:00,82687.539,41%,,,,,,,,,,
29/08/2019 05:00,86685.963,43%,,,,,,,,,,
29/08/2019 06:00,84242.305,42%,,,,,,,,,,
29/08/2019 07:00,106429.579,53%,,,,,,,,,,
29/08/2019 08:00,134925.356,67%,,,,,,,,,,
29/08/2019 09:00,153641.657,77%,,,,,,,,,,
29/08/2019 10:00,161526.512,81%,,,,,,,,,,
29/08/2019 11:00,161864.909,81%,,,,,,,,,,
29/08/2019 12:00,165439.031,83%,,,,,,,,,,
29/08/2019 13:00,166869.671,83%,,,,,,,,,,
29/08/2019 14:00,166330.203,83%,,,,,,,,,,
29/08/2019 15:00,156579.095,78%,,,,,,,,,,
29/08/2019 16:00,148774.131,74%,,,,,,,,,,
29/08/2019 17:00,147352.695,74%,,,,,,,,,,
29/08/2019 18:00,156508.921,78%,,,,,,,,,,
29/08/2019 19:00,162069.249,81%,,,,,,,,,,
29/08/2019 20:00,163288.382,82%,,,,,,,,,,
29/08/2019 21:00,167792.653,84%,,,,,,,,,,
29/08/2019 22:00,168876.796,84%,,,,,,,,,,
29/08/2019 23:00,166641.511,83%,,,,,,,,,,
30/08/2019 00:00,161536.006,81%,,,,,,,,,,
30/08/2019 01:00,156070.913,78%,,,,,,,,,,
30/08/2019 02:00,153066.669,77%,,,,,,,,,,
30/08/2019 03:00,151871.222,76%,,,,,,,,,,
30/08/2019 04:00,155300.232,78%,,,,,,,,,,
30/08/2019 05:00,162221.001,81%,,,,,,,,,,
30/08/2019 06:00,167877.45,84%,,,,,,,,,,
30/08/2019 07:00,173198.013,87%,,,,,,,,,,
30/08/2019 08:00,180656.879,90%,,,,,,,,,,
30/08/2019 09:00,182233.006,91%,,,,,,,,,,
30/08/2019 10:00,181129.804,91%,,,,,,,,,,
30/08/2019 11:00,178476.287,89%,,,,,,,,,,
30/08/2019 12:00,173536.052,87%,,,,,,,,,,
30/08/2019 13:00,165741.892,83%,,,,,,,,,,
30/08/2019 14:00,156741.672,78%,,,,,,,,,,
30/08/2019 15:00,148777.879,74%,,,,,,,,,,
30/08/2019 16:00,140446.545,70%,,,,,,,,,,
30/08/2019 17:00,124863.729,62%,,,,,,,,,,
30/08/2019 18:00,97125.242,49%,,,,,,,,,,
30/08/2019 19:00,63141.726,32%,,,,,,,,,,
30/08/2019 20:00,46144.974,23%,,,,,,,,,,
30/08/2019 21:00,38772.41,19%,,,,,,,,,,
30/08/2019 22:00,49535.528,25%,,,,,,,,,,
30/08/2019 23:00,72324.853,36%,,,,,,,,,,
31/08/2019 00:00,117261.184,59%,,,,,,,,,,
31/08/2019 01:00,162339.558,81%,,,,,,,,,,
31/08/2019 02:00,162702.371,81%,,,,,,,,,,
31/08/2019 03:00,160389.758,80%,,,,,,,,,,
31/08/2019 04:00,155147.826,78%,,,,,,,,,,
31/08/2019 05:00,149972.42,75%,,,,,,,,,,
31/08/2019 06:00,150176.841,75%,,,,,,,,,,
31/08/2019 07:00,139598.287,70%,,,,,,,,,,
31/08/2019 08:00,106272.058,53%,,,,,,,,,,
31/08/2019 09:00,102925.932,51%,,,,,,,,,,
31/08/2019 10:00,134003.461,67%,,,,,,,,,,
31/08/2019 11:00,154421.34,77%,,,,,,,,,,
31/08/2019 12:00,162817.573,81%,,,,,,,,,,
31/08/2019 13:00,161923.571,81%,,,,,,,,,,
31/08/2019 14:00,158260.482,79%,,,,,,,,,,
31/08/2019 15:00,154392.792,77%,,,,,,,,,,
31/08/2019 16:00,149276.423,75%,,,,,,,,,,
31/08/2019 17:00,131102.342,66%,,,,,,,,,,
31/08/2019 18:00,116072.33,58%,,,,,,,,,,
31/08/2019 19:00,116070.295,58%,,,,,,,,,,
31/08/2019 20:00,120006.454,60%,,,,,,,,,,
31/08/2019 21:00,120246.66,60%,,,,,,,,,,
31/08/2019 22:00,120324.808,60%,,,,,,,,,,
31/08/2019 23:00,125201.031,63%,,,,,,,,,,
01/09/2019 00:00,123066.602,62%,,,,,,,,,,
01/09/2019 01:00,120962.312,60%,,,,,,,,,,
01/09/2019 02:00,117222.23,59%,,,,,,,,,,
01/09/2019 03:00,112680.7,56%,,,,,,,,,,
01/09/2019 04:00,104425.421,52%,,,,,,,,,,
01/09/2019 05:00,100304.928,50%,,,,,,,,,,
01/09/2019 06:00,90152.139,45%,,,,,,,,,,
01/09/2019 07:00,86375.71,43%,,,,,,,,,,
01/09/2019 08:00,95041.959,48%,,,,,,,,,,
01/09/2019 09:00,93258.325,47%,,,,,,,,,,
01/09/2019 10:00,92706.127,46%,,,,,,,,,,
01/09/2019 11:00,93261.883,47%,,,,,,,,,,
01/09/2019 12:00,95119.604,48%,,,,,,,,,,
01/09/2019 13:00,95190.513,48%,,,,,,,,,,
01/09/2019 14:00,94210.015,47%,,,,,,,,,,
01/09/2019 15:00,90028.225,45%,,,,,,,,,,
01/09/2019 16:00,80592.804,40%,,,,,,,,,,
01/09/2019 17:00,59992.828,30%,,,,,,,,,,
01/09/2019 18:00,46136.594,23%,,,,,,,,,,
01/09/2019 19:00,42779.701,21%,,,,,,,,,,
01/09/2019 20:00,40771.742,20%,,,,,,,,,,
01/09/2019 21:00,36626.416,18%,,,,,,,,,,
01/09/2019 22:00,33677.88,17%,,,,,,,,,,
01/09/2019 23:00,34321.009,17%,,,,,,,,,,
02/09/2019 00:00,41682.743,21%,,,,,,,,,,
02/09/2019 01:00,48593.732,24%,,,,,,,,,,
02/09/2019 02:00,48727.584,24%,,,,,,,,,,
02/09/2019 03:00,50195.644,25%,,,,,,,,,,
02/09/2019 04:00,55055.578,28%,,,,,,,,,,
02/09/2019 05:00,60194.194,30%,,,,,,,,,,
02/09/2019 06:00,56094.823,28%,,,,,,,,,,
02/09/2019 07:00,75797.061,38%,,,,,,,,,,
02/09/2019 08:00,112819.783,56%,,,,,,,,,,
02/09/2019 09:00,148468.563,74%,,,,,,,,,,
02/09/2019 10:00,165023.094,83%,,,,,,,,,,
02/09/2019 11:00,173866.351,87%,,,,,,,,,,
02/09/2019 12:00,176590.995,88%,,,,,,,,,,
02/09/2019 13:00,174007.333,87%,,,,,,,,,,
02/09/2019 14:00,171421.096,86%,,,,,,,,,,
02/09/2019 15:00,169716.12,85%,,,,,,,,,,
02/09/2019 16:00,168467.112,84%,,,,,,,,,,
02/09/2019 17:00,165888.693,83%,,,,,,,,,,
02/09/2019 18:00,161213.79,81%,,,,,,,,,,
02/09/2019 19:00,155310.01,78%,,,,,,,,,,
02/09/2019 20:00,148011.556,74%,,,,,,,,,,
02/09/2019 21:00,138043.497,69%,,,,,,,,,,
02/09/2019 22:00,126185.141,63%,,,,,,,,,,
02/09/2019 23:00,113412.077,57%,,,,,,,,,,
03/09/2019 00:00,108577.346,54%,,,,,,,,,,
03/09/2019 01:00,97074.15,49%,,,,,,,,,,
03/09/2019 02:00,82656.163,41%,,,,,,,,,,
03/09/2019 03:00,74713.366,37%,,,,,,,,,,
03/09/2019 04:00,70426.536,35%,,,,,,,,,,
03/09/2019 05:00,59942.142,30%,,,,,,,,,,
03/09/2019 06:00,50188.281,25%,,,,,,,,,,
03/09/2019 07:00,42830.604,21%,,,,,,,,,,
03/09/2019 08:00,40974.645,20%,,,,,,,,,,
03/09/2019 09:00,53694.456,27%,,,,,,,,,,
03/09/2019 10:00,62063.756,31%,,,,,,,,,,
03/09/2019 11:00,70001.071,35%,,,,,,,,,,
03/09/2019 12:00,84458.429,42%,,,,,,,,,,
03/09/2019 13:00,97650.152,49%,,,,,,,,,,
03/09/2019 14:00,110930.008,55%,,,,,,,,,,
03/09/2019 15:00,114967.963,57%,,,,,,,,,,
03/09/2019 16:00,97116.016,49%,,,,,,,,,,
03/09/2019 17:00,79561.33,40%,,,,,,,,,,
03/09/2019 18:00,80434.557,40%,,,,,,,,,,
03/09/2019 19:00,74459.136,37%,,,,,,,,,,
03/09/2019 20:00,68650.783,34%,,,,,,,,,,
03/09/2019 21:00,71030.424,36%,,,,,,,,,,
03/09/2019 22:00,79433.959,40%,,,,,,,,,,
03/09/2019 23:00,92437.592,46%,,,,,,,,,,
04/09/2019 00:00,97302.437,49%,,,,,,,,,,
04/09/2019 01:00,94035.087,47%,,,,,,,,,,
04/09/2019 02:00,91395.753,46%,,,,,,,,,,
04/09/2019 03:00,91330.301,46%,,,,,,,,,,
04/09/2019 04:00,94602.542,47%,,,,,,,,,,
04/09/2019 05:00,108044.433,54%,,,,,,,,,,
04/09/2019 06:00,111955.185,56%,,,,,,,,,,
04/09/2019 07:00,116059.466,58%,,,,,,,,,,
04/09/2019 08:00,120285.361,60%,,,,,,,,,,
04/09/2019 09:00,94001.838,47%,,,,,,,,,,
04/09/2019 10:00,43809.376,22%,,,,,,,,,,
04/09/2019 11:00,27658.016,14%,,,,,,,,,,
04/09/2019 12:00,79013.783,40%,,,,,,,,,,
04/09/2019 13:00,128817.626,64%,,,,,,,,,,
04/09/2019 14:00,150049.518,75%,,,,,,,,,,
04/09/2019 15:00,161208.717,81%,,,,,,,,,,
04/09/2019 16:00,167599.736,84%,,,,,,,,,,
04/09/2019 17:00,171420.895,86%,,,,,,,,,,
04/09/2019 18:00,160704.874,80%,,,,,,,,,,
04/09/2019 19:00,149575.673,75%,,,,,,,,,,
04/09/2019 20:00,144843.995,72%,,,,,,,,,,
04/09/2019 21:00,138943.265,69%,,,,,,,,,,
04/09/2019 22:00,133743.626,67%,,,,,,,,,,
04/09/2019 23:00,125476.03,63%,,,,,,,,,,
05/09/2019 00:00,111285.166,56%,,,,,,,,,,
05/09/2019 01:00,96320.455,48%,,,,,,,,,,
05/09/2019 02:00,83734.818,42%,,,,,,,,,,
05/09/2019 03:00,78861.482,39%,,,,,,,,,,
05/09/2019 04:00,78420.028,39%,,,,,,,,,,
05/09/2019 05:00,80099.274,40%,,,,,,,,,,
05/09/2019 06:00,79066.522,40%,,,,,,,,,,
05/09/2019 07:00,73864.377,37%,,,,,,,,,,
05/09/2019 08:00,108867.2,54%,,,,,,,,,,
05/09/2019 09:00,135802.952,68%,,,,,,,,,,
05/09/2019 10:00,143992.786,72%,,,,,,,,,,
05/09/2019 11:00,138218.523,69%,,,,,,,,,,
05/09/2019 12:00,136062.415,68%,,,,,,,,,,
05/09/2019 13:00,147356.855,74%,,,,,,,,,,
05/09/2019 14:00,156034.034,78%,,,,,,,,,,
05/09/2019 15:00,145536.786,73%,,,,,,,,,,
05/09/2019 16:00,122555.629,61%,,,,,,,,,,
05/09/2019 17:00,116596.027,58%,,,,,,,,,,
05/09/2019 18:00,125769.2,63%,,,,,,,,,,
05/09/2019 19:00,126092.425,63%,,,,,,,,,,
05/09/2019 20:00,138104.732,69%,,,,,,,,,,
05/09/2019 21:00,161171.487,81%,,,,,,,,,,
05/09/2019 22:00,164083.738,82%,,,,,,,,,,
05/09/2019 23:00,171143.9,86%,,,,,,,,,,
06/09/2019 00:00,178621.351,89%,,,,,,,,,,
06/09/2019 01:00,177675.586,89%,,,,,,,,,,
06/09/2019 02:00,168562.18,84%,,,,,,,,,,
06/09/2019 03:00,160404.648,80%,,,,,,,,,,
06/09/2019 04:00,152623.934,76%,,,,,,,,,,
06/09/2019 05:00,141679.924,71%,,,,,,,,,,
06/09/2019 06:00,126088.093,63%,,,,,,,,,,
06/09/2019 07:00,120887.475,60%,,,,,,,,,,
06/09/2019 08:00,134342.139,67%,,,,,,,,,,
06/09/2019 09:00,141950.368,71%,,,,,,,,,,
06/09/2019 10:00,147752.612,74%,,,,,,,,,,
06/09/2019 11:00,140330.039,70%,,,,,,,,,,
06/09/2019 12:00,140250.574,70%,,,,,,,,,,
06/09/2019 13:00,148850.379,74%,,,,,,,,,,
06/09/2019 14:00,143710.793,72%,,,,,,,,,,
06/09/2019 15:00,140266.008,70%,,,,,,,,,,
06/09/2019 16:00,126330.865,63%,,,,,,,,,,
06/09/2019 17:00,105519.905,53%,,,,,,,,,,
06/09/2019 18:00,101345.544,51%,,,,,,,,,,
06/09/2019 19:00,94290.376,47%,,,,,,,,,,
06/09/2019 20:00,82550.641,41%,,,,,,,,,,
06/09/2019 21:00,71002.858,36%,,,,,,,,,,
06/09/2019 22:00,61403.372,31%,,,,,,,,,,
06/09/2019 23:00,53932.291,27%,,,,,,,,,,
07/09/2019 00:00,47052.351,24%,,,,,,,,,,
07/09/2019 01:00,41908.597,21%,,,,,,,,,,
07/09/2019 02:00,38190.103,19%,,,,,,,,,,
07/09/2019 03:00,35118.686,18%,,,,,,,,,,
07/09/2019 04:00,30503.757,15%,,,,,,,,,,
07/09/2019 05:00,30134.872,15%,,,,,,,,,,
07/09/2019 06:00,28168.015,14%,,,,,,,,,,
07/09/2019 07:00,21227.224,11%,,,,,,,,,,
07/09/2019 08:00,19479.695,10%,,,,,,,,,,
07/09/2019 09:00,12668.704,6%,,,,,,,,,,
07/09/2019 10:00,6374.205,3%,,,,,,,,,,
07/09/2019 11:00,5029.912,3%,,,,,,,,,,
07/09/2019 12:00,6430.112,3%,,,,,,,,,,
07/09/2019 13:00,8260.26,4%,,,,,,,,,,
07/09/2019 14:00,9141.021,5%,,,,,,,,,,
07/09/2019 15:00,10076.315,5%,,,,,,,,,,
07/09/2019 16:00,12517.996,6%,,,,,,,,,,
07/09/2019 17:00,16815.293,8%,,,,,,,,,,
07/09/2019 18:00,22435.636,11%,,,,,,,,,,
07/09/2019 19:00,22975.112,11%,,,,,,,,,,
07/09/2019 20:00,19455.14,10%,,,,,,,,,,
07/09/2019 21:00,15919.064,8%,,,,,,,,,,
07/09/2019 22:00,13588.089,7%,,,,,,,,,,
07/09/2019 23:00,11318.895,6%,,,,,,,,,,
08/09/2019 00:00,8102.994,4%,,,,,,,,,,
08/09/2019 01:00,7144.413,4%,,,,,,,,,,
08/09/2019 02:00,9729.093,5%,,,,,,,,,,
08/09/2019 03:00,11559.412,6%,,,,,,,,,,
08/09/2019 04:00,11213.633,6%,,,,,,,,,,
08/09/2019 05:00,10809.076,5%,,,,,,,,,,
08/09/2019 06:00,10899.8,5%,,,,,,,,,,
08/09/2019 07:00,10144.843,5%,,,,,,,,,,
08/09/2019 08:00,10052.044,5%,,,,,,,,,,
08/09/2019 09:00,11461.487,6%,,,,,,,,,,
08/09/2019 10:00,15854.945,8%,,,,,,,,,,
08/09/2019 11:00,19203.876,10%,,,,,,,,,,
08/09/2019 12:00,20247.964,10%,,,,,,,,,,
08/09/2019 13:00,20328.194,10%,,,,,,,,,,
08/09/2019 14:00,19188.321,10%,,,,,,,,,,
08/09/2019 15:00,17278.678,9%,,,,,,,,,,
08/09/2019 16:00,16606.561,8%,,,,,,,,,,
08/09/2019 17:00,15591.137,8%,,,,,,,,,,
08/09/2019 18:00,17655.421,9%,,,,,,,,,,
08/09/2019 19:00,21919.841,11%,,,,,,,,,,
08/09/2019 20:00,25201.995,13%,,,,,,,,,,
08/09/2019 21:00,29227.928,15%,,,,,,,,,,
08/09/2019 22:00,35776.965,18%,,,,,,,,,,
08/09/2019 23:00,42712.309,21%,,,,,,,,,,
09/09/2019 00:00,47034.175,24%,,,,,,,,,,
09/09/2019 01:00,49637.14,25%,,,,,,,,,,
09/09/2019 02:00,48273.595,24%,,,,,,,,,,
09/09/2019 03:00,45564.199,23%,,,,,,,,,,
09/09/2019 04:00,38974.299,19%,,,,,,,,,,
09/09/2019 05:00,28802.834,14%,,,,,,,,,,
09/09/2019 06:00,20249.079,10%,,,,,,,,,,
09/09/2019 07:00,13229.926,7%,,,,,,,,,,
09/09/2019 08:00,7031.407,4%,,,,,,,,,,
09/09/2019 09:00,2708.845,1%,,,,,,,,,,
09/09/2019 10:00,1643.583,1%,,,,,,,,,,
09/09/2019 11:00,1779.848,1%,,,,,,,,,,
09/09/2019 12:00,2165.393,1%,,,,,,,,,,
09/09/2019 13:00,4393.06,2%,,,,,,,,,,
09/09/2019 14:00,9960.369,5%,,,,,,,,,,
09/09/2019 15:00,17031.993,9%,,,,,,,,,,
09/09/2019 16:00,23072.387,12%,,,,,,,,,,
09/09/2019 17:00,31152.34,16%,,,,,,,,,,
09/09/2019 18:00,43489.149,22%,,,,,,,,,,
09/09/2019 19:00,52211.168,26%,,,,,,,,,,
09/09/2019 20:00,52865.395,26%,,,,,,,,,,
09/09/2019 21:00,51698.596,26%,,,,,,,,,,
09/09/2019 22:00,49729.25,25%,,,,,,,,,,
09/09/2019 23:00,46146.139,23%,,,,,,,,,,
10/09/2019 00:00,43967.664,22%,,,,,,,,,,
10/09/2019 01:00,42085.247,21%,,,,,,,,,,
10/09/2019 02:00,42527.318,21%,,,,,,,,,,
10/09/2019 03:00,38014.237,19%,,,,,,,,,,
10/09/2019 04:00,30671.859,15%,,,,,,,,,,
10/09/2019 05:00,21897.36,11%,,,,,,,,,,
10/09/2019 06:00,13302.82,7%,,,,,,,,,,
10/09/2019 07:00,7455.324,4%,,,,,,,,,,
10/09/2019 08:00,7076.175,4%,,,,,,,,,,
10/09/2019 09:00,7805.499,4%,,,,,,,,,,
10/09/2019 10:00,14052.996,7%,,,,,,,,,,
10/09/2019 11:00,30727.891,15%,,,,,,,,,,
10/09/2019 12:00,56122.207,28%,,,,,,,,,,
10/09/2019 13:00,82907.059,41%,,,,,,,,,,
10/09/2019 14:00,95592.914,48%,,,,,,,,,,
10/09/2019 15:00,111178.891,56%,,,,,,,,,,
10/09/2019 16:00,112434.578,56%,,,,,,,,,,
10/09/2019 17:00,120244.095,60%,,,,,,,,,,
10/09/2019 18:00,145039.643,73%,,,,,,,,,,
10/09/2019 19:00,166975.103,83%,,,,,,,,,,
10/09/2019 20:00,177738.586,89%,,,,,,,,,,
10/09/2019 21:00,179944.272,90%,,,,,,,,,,
10/09/2019 22:00,180935.208,90%,,,,,,,,,,
10/09/2019 23:00,177582.119,89%,,,,,,,,,,
11/09/2019 00:00,173165.999,87%,,,,,,,,,,
11/09/2019 01:00,169713.257,85%,,,,,,,,,,
11/09/2019 02:00,169707.47,85%,,,,,,,,,,
11/09/2019 03:00,166607.13,83%,,,,,,,,,,
11/09/2019 04:00,162886.514,81%,,,,,,,,,,
11/09/2019 05:00,159705.472,80%,,,,,,,,,,
11/09/2019 06:00,158327.225,79%,,,,,,,,,,
11/09/2019 07:00,157349.812,79%,,,,,,,,,,
11/09/2019 08:00,161495.731,81%,,,,,,,,,,
11/09/2019 09:00,169717.562,85%,,,,,,,,,,
11/09/2019 10:00,177737.167,89%,,,,,,,,,,
11/09/2019 11:00,183191.322,92%,,,,,,,,,,
11/09/2019 12:00,184099.69,92%,,,,,,,,,,
11/09/2019 13:00,180980.377,90%,,,,,,,,,,
11/09/2019 14:00,175853.658,88%,,,,,,,,,,
11/09/2019 15:00,169240.406,85%,,,,,,,,,,
11/09/2019 16:00,155499.276,78%,,,,,,,,,,
11/09/2019 17:00,139247.749,70%,,,,,,,,,,
11/09/2019 18:00,128321.166,64%,,,,,,,,,,
11/09/2019 19:00,117122.837,59%,,,,,,,,,,
11/09/2019 20:00,113628.177,57%,,,,,,,,,,
11/09/2019 21:00,114889.292,57%,,,,,,,,,,
11/09/2019 22:00,111657.819,56%,,,,,,,,,,
11/09/2019 23:00,110533.137,55%,,,,,,,,,,
12/09/2019 00:00,106429.71,53%,,,,,,,,,,
12/09/2019 01:00,105069.481,53%,,,,,,,,,,
12/09/2019 02:00,94983.602,47%,,,,,,,,,,
12/09/2019 03:00,86379.257,43%,,,,,,,,,,
12/09/2019 04:00,82543.768,41%,,,,,,,,,,
12/09/2019 05:00,76921.428,38%,,,,,,,,,,
12/09/2019 06:00,70626.597,35%,,,,,,,,,,
12/09/2019 07:00,58271.234,29%,,,,,,,,,,
12/09/2019 08:00,58128.671,29%,,,,,,,,,,
12/09/2019 09:00,64747.35,32%,,,,,,,,,,
12/09/2019 10:00,55960.539,28%,,,,,,,,,,
12/09/2019 11:00,49739.074,25%,,,,,,,,,,
12/09/2019 12:00,51153.346,26%,,,,,,,,,,
12/09/2019 13:00,66320.378,33%,,,,,,,,,,
12/09/2019 14:00,88304.777,44%,,,,,,,,,,
12/09/2019 15:00,109091.361,55%,,,,,,,,,,
12/09/2019 16:00,117906.755,59%,,,,,,,,,,
12/09/2019 17:00,106429.407,53%,,,,,,,,,,
12/09/2019 18:00,93353.122,47%,,,,,,,,,,
12/09/2019 19:00,89484.898,45%,,,,,,,,,,
12/09/2019 20:00,93930.624,47%,,,,,,,,,,
12/09/2019 21:00,95190.327,48%,,,,,,,,,,
12/09/2019 22:00,93942.294,47%,,,,,,,,,,
12/09/2019 23:00,93179.359,47%,,,,,,,,,,
13/09/2019 00:00,91503.421,46%,,,,,,,,,,
13/09/2019 01:00,90780.562,45%,,,,,,,,,,
13/09/2019 02:00,87625.578,44%,,,,,,,,,,
13/09/2019 03:00,86966.623,43%,,,,,,,,,,
13/09/2019 04:00,88850.298,44%,,,,,,,,,,
13/09/2019 05:00,82548.52,41%,,,,,,,,,,
13/09/2019 06:00,72322.228,36%,,,,,,,,,,
13/09/2019 07:00,59403.941,30%,,,,,,,,,,
13/09/2019 08:00,82004.973,41%,,,,,,,,,,
13/09/2019 09:00,91915.053,46%,,,,,,,,,,
13/09/2019 10:00,95722.603,48%,,,,,,,,,,
13/09/2019 11:00,95997.137,48%,,,,,,,,,,
13/09/2019 12:00,95677.236,48%,,,,,,,,,,
13/09/2019 13:00,96515.086,48%,,,,,,,,,,
13/09/2019 14:00,99864.618,50%,,,,,,,,,,
13/09/2019 15:00,104497.382,52%,,,,,,,,,,
13/09/2019 16:00,86649.164,43%,,,,,,,,,,
13/09/2019 17:00,65523.965,33%,,,,,,,,,,
13/09/2019 18:00,55211.144,28%,,,,,,,,,,
13/09/2019 19:00,53070.327,27%,,,,,,,,,,
13/09/2019 20:00,51766.329,26%,,,,,,,,,,
13/09/2019 21:00,50734.076,25%,,,,,,,,,,
13/09/2019 22:00,50867.06,25%,,,,,,,,,,
13/09/2019 23:00,49947.155,25%,,,,,,,,,,
14/09/2019 00:00,52508.404,26%,,,,,,,,,,
14/09/2019 01:00,62597.023,31%,,,,,,,,,,
14/09/2019 02:00,72856.399,36%,,,,,,,,,,
14/09/2019 03:00,80911.628,40%,,,,,,,,,,
14/09/2019 04:00,87339.406,44%,,,,,,,,,,
14/09/2019 05:00,95189.574,48%,,,,,,,,,,
14/09/2019 06:00,118971.1,59%,,,,,,,,,,
14/09/2019 07:00,136999.141,68%,,,,,,,,,,
14/09/2019 08:00,155359.309,78%,,,,,,,,,,
14/09/2019 09:00,166710.552,83%,,,,,,,,,,
14/09/2019 10:00,177041.191,89%,,,,,,,,,,
14/09/2019 11:00,177676.798,89%,,,,,,,,,,
14/09/2019 12:00,178172.111,89%,,,,,,,,,,
14/09/2019 13:00,179864.596,90%,,,,,,,,,,
14/09/2019 14:00,180667.666,90%,,,,,,,,,,
14/09/2019 15:00,181977.594,91%,,,,,,,,,,
14/09/2019 16:00,185439.396,93%,,,,,,,,,,
14/09/2019 17:00,185771.622,93%,,,,,,,,,,
14/09/2019 18:00,182788.538,91%,,,,,,,,,,
14/09/2019 19:00,171940.103,86%,,,,,,,,,,
14/09/2019 20:00,152317.621,76%,,,,,,,,,,
14/09/2019 21:00,141527.067,71%,,,,,,,,,,
14/09/2019 22:00,149042.077,75%,,,,,,,,,,
14/09/2019 23:00,154388.823,77%,,,,,,,,,,
15/09/2019 00:00,150672.321,75%,,,,,,,,,,
15/09/2019 01:00,153796.927,77%,,,,,,,,,,
15/09/2019 02:00,150041.87,75%,,,,,,,,,,
15/09/2019 03:00,149404.609,75%,,,,,,,,,,
15/09/2019 04:00,144924.462,72%,,,,,,,,,,
15/09/2019 05:00,135025.845,68%,,,,,,,,,,
15/09/2019 06:00,128324.819,64%,,,,,,,,,,
15/09/2019 07:00,119335.952,60%,,,,,,,,,,
15/09/2019 08:00,117906.515,59%,,,,,,,,,,
15/09/2019 09:00,102610.549,51%,,,,,,,,,,
15/09/2019 10:00,98442.985,49%,,,,,,,,,,
15/09/2019 11:00,107561.042,54%,,,,,,,,,,
15/09/2019 12:00,111346.059,56%,,,,,,,,,,
15/09/2019 13:00,107514.747,54%,,,,,,,,,,
15/09/2019 14:00,96929.645,48%,,,,,,,,,,
15/09/2019 15:00,89828.118,45%,,,,,,,,,,
15/09/2019 16:00,72854.036,36%,,,,,,,,,,
15/09/2019 17:00,60989.588,30%,,,,,,,,,,
15/09/2019 18:00,52751.856,26%,,,,,,,,,,
15/09/2019 19:00,42748.02,21%,,,,,,,,,,
15/09/2019 20:00,37726.481,19%,,,,,,,,,,
15/09/2019 21:00,34589.529,17%,,,,,,,,,,
15/09/2019 22:00,31988.133,16%,,,,,,,,,,
15/09/2019 23:00,30300.651,15%,,,,,,,,,,
16/09/2019 00:00,29809.05,15%,,,,,,,,,,
16/09/2019 01:00,31709.88,16%,,,,,,,,,,
16/09/2019 02:00,37266.552,19%,,,,,,,,,,
16/09/2019 03:00,49101.776,25%,,,,,,,,,,
16/09/2019 04:00,61786.953,31%,,,,,,,,,,
16/09/2019 05:00,70474.217,35%,,,,,,,,,,
16/09/2019 06:00,73232.147,37%,,,,,,,,,,
16/09/2019 07:00,68792.001,34%,,,,,,,,,,
16/09/2019 08:00,85502.343,43%,,,,,,,,,,
16/09/2019 09:00,100823.679,50%,,,,,,,,,,
16/09/2019 10:00,109406.705,55%,,,,,,,,,,
16/09/2019 11:00,114945.875,57%,,,,,,,,,,
16/09/2019 12:00,121648.449,61%,,,,,,,,,,
16/09/2019 13:00,127294.555,64%,,,,,,,,,,
16/09/2019 14:00,131789.604,66%,,,,,,,,,,
16/09/2019 15:00,132687.697,66%,,,,,,,,,,
16/09/2019 16:00,119127.641,60%,,,,,,,,,,
16/09/2019 17:00,100489.763,50%,,,,,,,,,,
16/09/2019 18:00,102610.579,51%,,,,,,,,,,
16/09/2019 19:00,105389.409,53%,,,,,,,,,,
16/09/2019 20:00,105456.253,53%,,,,,,,,,,
16/09/2019 21:00,106417.003,53%,,,,,,,,,,
16/09/2019 22:00,105069.64,53%,,,,,,,,,,
16/09/2019 23:00,100275.493,50%,,,,,,,,,,
17/09/2019 00:00,95732.042,48%,,,,,,,,,,
17/09/2019 01:00,88129.862,44%,,,,,,,,,,
17/09/2019 02:00,85325.96,43%,,,,,,,,,,
17/09/2019 03:00,75944.521,38%,,,,,,,,,,
17/09/2019 04:00,69190.403,35%,,,,,,,,,,
17/09/2019 05:00,64205.898,32%,,,,,,,,,,
17/09/2019 06:00,57701.404,29%,,,,,,,,,,
17/09/2019 07:00,43768.399,22%,,,,,,,,,,
17/09/2019 08:00,57692.009,29%,,,,,,,,,,
17/09/2019 09:00,62509.989,31%,,,,,,,,,,
17/09/2019 10:00,51328.383,26%,,,,,,,,,,
17/09/2019 11:00,40816.437,20%,,,,,,,,,,
17/09/2019 12:00,35773.723,18%,,,,,,,,,,
17/09/2019 13:00,34908.149,17%,,,,,,,,,,
17/09/2019 14:00,33746.751,17%,,,,,,,,,,
17/09/2019 15:00,28858.188,14%,,,,,,,,,,
17/09/2019 16:00,21657.399,11%,,,,,,,,,,
17/09/2019 17:00,16817.623,8%,,,,,,,,,,
17/09/2019 18:00,13777.982,7%,,,,,,,,,,
17/09/2019 19:00,10943.864,5%,,,,,,,,,,
17/09/2019 20:00,8916.521,4%,,,,,,,,,,
17/09/2019 21:00,8588.077,4%,,,,,,,,,,
17/09/2019 22:00,9837.791,5%,,,,,,,,,,
17/09/2019 23:00,11136.032,6%,,,,,,,,,,
18/09/2019 00:00,11426.533,6%,,,,,,,,,,
18/09/2019 01:00,11558.742,6%,,,,,,,,,,
18/09/2019 02:00,13325.781,7%,,,,,,,,,,
18/09/2019 03:00,17215.351,9%,,,,,,,,,,
18/09/2019 04:00,22468.35,11%,,,,,,,,,,
18/09/2019 05:00,30344.314,15%,,,,,,,,,,
18/09/2019 06:00,41731.563,21%,,,,,,,,,,
18/09/2019 07:00,49731.133,25%,,,,,,,,,,
18/09/2019 08:00,51689.44,26%,,,,,,,,,,
18/09/2019 09:00,55599.703,28%,,,,,,,,,,
18/09/2019 10:00,60495.515,30%,,,,,,,,,,
18/09/2019 11:00,64803.101,32%,,,,,,,,,,
18/09/2019 12:00,68674.87,34%,,,,,,,,,,
18/09/2019 13:00,71532.387,36%,,,,,,,,,,
18/09/2019 14:00,70999.509,35%,,,,,,,,,,
18/09/2019 15:00,64619.127,32%,,,,,,,,,,
18/09/2019 16:00,53232.652,27%,,,,,,,,,,
18/09/2019 17:00,47377.148,24%,,,,,,,,,,
18/09/2019 18:00,48599.882,24%,,,,,,,,,,
18/09/2019 19:00,45476.449,23%,,,,,,,,,,
18/09/2019 20:00,39950.251,20%,,,,,,,,,,
18/09/2019 21:00,36590.977,18%,,,,,,,,,,
18/09/2019 22:00,33487.319,17%,,,,,,,,,,
18/09/2019 23:00,29344.577,15%,,,,,,,,,,
19/09/2019 00:00,26306.133,13%,,,,,,,,,,
19/09/2019 01:00,24639.728,12%,,,,,,,,,,
19/09/2019 02:00,25081.017,13%,,,,,,,,,,
19/09/2019 03:00,26610.335,13%,,,,,,,,,,
19/09/2019 04:00,27469.534,14%,,,,,,,,,,
19/09/2019 05:00,27991.081,14%,,,,,,,,,,
19/09/2019 06:00,28262,14%,,,,,,,,,,
19/09/2019 07:00,24227.142,12%,,,,,,,,,,
19/09/2019 08:00,24474.148,12%,,,,,,,,,,
19/09/2019 09:00,26293.34,13%,,,,,,,,,,
19/09/2019 10:00,26789.009,13%,,,,,,,,,,
19/09/2019 11:00,29397.331,15%,,,,,,,,,,
19/09/2019 12:00,32367.483,16%,,,,,,,,,,
19/09/2019 13:00,35490.161,18%,,,,,,,,,,
19/09/2019 14:00,37127.122,19%,,,,,,,,,,
19/09/2019 15:00,35077.038,18%,,,,,,,,,,
19/09/2019 16:00,27853.133,14%,,,,,,,,,,
19/09/2019 17:00,22818.192,11%,,,,,,,,,,
19/09/2019 18:00,20252.902,10%,,,,,,,,,,
19/09/2019 19:00,16010.757,8%,,,,,,,,,,
19/09/2019 20:00,13561.55,7%,,,,,,,,,,
19/09/2019 21:00,13155.62,7%,,,,,,,,,,
19/09/2019 22:00,13586.818,7%,,,,,,,,,,
19/09/2019 23:00,12926.975,6%,,,,,,,,,,
20/09/2019 00:00,11629.838,6%,,,,,,,,,,
20/09/2019 01:00,10633.986,5%,,,,,,,,,,
20/09/2019 02:00,9339.844,5%,,,,,,,,,,
20/09/2019 03:00,8449.792,4%,,,,,,,,,,
20/09/2019 04:00,8337.782,4%,,,,,,,,,,
20/09/2019 05:00,9110.28,5%,,,,,,,,,,
20/09/2019 06:00,10469.417,5%,,,,,,,,,,
20/09/2019 07:00,10654.552,5%,,,,,,,,,,
20/09/2019 08:00,7139.468,4%,,,,,,,,,,
20/09/2019 09:00,8239.067,4%,,,,,,,,,,
20/09/2019 10:00,13434.518,7%,,,,,,,,,,
20/09/2019 11:00,20287.035,10%,,,,,,,,,,
20/09/2019 12:00,27758.548,14%,,,,,,,,,,
20/09/2019 13:00,34735.772,17%,,,,,,,,,,
20/09/2019 14:00,38774.579,19%,,,,,,,,,,
20/09/2019 15:00,37260.302,19%,,,,,,,,,,
20/09/2019 16:00,31914.176,16%,,,,,,,,,,
20/09/2019 17:00,35242.757,18%,,,,,,,,,,
20/09/2019 18:00,52270.627,26%,,,,,,,,,,
20/09/2019 19:00,72327.089,36%,,,,,,,,,,
20/09/2019 20:00,86016.695,43%,,,,,,,,,,
20/09/2019 21:00,86538.691,43%,,,,,,,,,,
20/09/2019 22:00,80725.386,40%,,,,,,,,,,
20/09/2019 23:00,75783.711,38%,,,,,,,,,,
21/09/2019 00:00,72724.611,36%,,,,,,,,,,
21/09/2019 01:00,71736.511,36%,,,,,,,,,,
21/09/2019 02:00,74713.558,37%,,,,,,,,,,
21/09/2019 03:00,80219.308,40%,,,,,,,,,,
21/09/2019 04:00,85288.699,43%,,,,,,,,,,
21/09/2019 05:00,87074.137,44%,,,,,,,,,,
21/09/2019 06:00,87465.147,44%,,,,,,,,,,
21/09/2019 07:00,81456.259,41%,,,,,,,,,,
21/09/2019 08:00,74909.568,37%,,,,,,,,,,
21/09/2019 09:00,86848.223,43%,,,,,,,,,,
21/09/2019 10:00,100647.754,50%,,,,,,,,,,
21/09/2019 11:00,113690.398,57%,,,,,,,,,,
21/09/2019 12:00,117976.419,59%,,,,,,,,,,
21/09/2019 13:00,119543.461,60%,,,,,,,,,,
21/09/2019 14:00,116177.177,58%,,,,,,,,,,
21/09/2019 15:00,109945.147,55%,,,,,,,,,,
21/09/2019 16:00,104512.185,52%,,,,,,,,,,
21/09/2019 17:00,103157.81,52%,,,,,,,,,,
21/09/2019 18:00,106972.983,53%,,,,,,,,,,
21/09/2019 19:00,99519.592,50%,,,,,,,,,,
21/09/2019 20:00,89955.237,45%,,,,,,,,,,
21/09/2019 21:00,84457.501,42%,,,,,,,,,,
21/09/2019 22:00,80469.344,40%,,,,,,,,,,
21/09/2019 23:00,77127.199,39%,,,,,,,,,,
22/09/2019 00:00,72678.587,36%,,,,,,,,,,
22/09/2019 01:00,68127.629,34%,,,,,,,,,,
22/09/2019 02:00,64010.298,32%,,,,,,,,,,
22/09/2019 03:00,62257.578,31%,,,,,,,,,,
22/09/2019 04:00,65548.339,33%,,,,,,,,,,
22/09/2019 05:00,72322.033,36%,,,,,,,,,,
22/09/2019 06:00,79015.532,40%,,,,,,,,,,
22/09/2019 07:00,79014.034,40%,,,,,,,,,,
22/09/2019 08:00,78085.019,39%,,,,,,,,,,
22/09/2019 09:00,75861.2,38%,,,,,,,,,,
22/09/2019 10:00,76299.671,38%,,,,,,,,,,
22/09/2019 11:00,73632.95,37%,,,,,,,,,,
22/09/2019 12:00,72322.198,36%,,,,,,,,,,
22/09/2019 13:00,68651.492,34%,,,,,,,,,,
22/09/2019 14:00,62723.963,31%,,,,,,,,,,
22/09/2019 15:00,49617.896,25%,,,,,,,,,,
22/09/2019 16:00,34085.948,17%,,,,,,,,,,
22/09/2019 17:00,30920.865,15%,,,,,,,,,,
22/09/2019 18:00,31837.745,16%,,,,,,,,,,
22/09/2019 19:00,31155.067,16%,,,,,,,,,,
22/09/2019 20:00,29389.913,15%,,,,,,,,,,
22/09/2019 21:00,26084.255,13%,,,,,,,,,,
22/09/2019 22:00,21421.668,11%,,,,,,,,,,
22/09/2019 23:00,17232.774,9%,,,,,,,,,,
23/09/2019 00:00,15378.607,8%,,,,,,,,,,
23/09/2019 01:00,15641.281,8%,,,,,,,,,,
23/09/2019 02:00,18549.938,9%,,,,,,,,,,
23/09/2019 03:00,26970.259,13%,,,,,,,,,,
23/09/2019 04:00,40324.39,20%,,,,,,,,,,
23/09/2019 05:00,51382.187,26%,,,,,,,,,,
23/09/2019 06:00,53922.072,27%,,,,,,,,,,
23/09/2019 07:00,46951.373,23%,,,,,,,,,,
23/09/2019 08:00,46665.794,23%,,,,,,,,,,
23/09/2019 09:00,53729.281,27%,,,,,,,,,,
23/09/2019 10:00,62244.437,31%,,,,,,,,,,
23/09/2019 11:00,71528.081,36%,,,,,,,,,,
23/09/2019 12:00,77663.201,39%,,,,,,,,,,
23/09/2019 13:00,80825.389,40%,,,,,,,,,,
23/09/2019 14:00,80556.155,40%,,,,,,,,,,
23/09/2019 15:00,72108.584,36%,,,,,,,,,,
23/09/2019 16:00,63894.789,32%,,,,,,,,,,
23/09/2019 17:00,73314.259,37%,,,,,,,,,,
23/09/2019 18:00,89759.306,45%,,,,,,,,,,
23/09/2019 19:00,101612.125,51%,,,,,,,,,,
23/09/2019 20:00,113146.893,57%,,,,,,,,,,
23/09/2019 21:00,119726.111,60%,,,,,,,,,,
23/09/2019 22:00,117950.308,59%,,,,,,,,,,
23/09/2019 23:00,102063.623,51%,,,,,,,,,,
24/09/2019 00:00,77668.285,39%,,,,,,,,,,
24/09/2019 01:00,75780.576,38%,,,,,,,,,,
24/09/2019 02:00,64816.016,32%,,,,,,,,,,
24/09/2019 03:00,52023.902,26%,,,,,,,,,,
24/09/2019 04:00,48511.585,24%,,,,,,,,,,
24/09/2019 05:00,47822.707,24%,,,,,,,,,,
24/09/2019 06:00,47407.353,24%,,,,,,,,,,
24/09/2019 07:00,39164.332,20%,,,,,,,,,,
24/09/2019 08:00,28121.467,14%,,,,,,,,,,
24/09/2019 09:00,33397.248,17%,,,,,,,,,,
24/09/2019 10:00,36221.638,18%,,,,,,,,,,
24/09/2019 11:00,38507.402,19%,,,,,,,,,,
24/09/2019 12:00,41498.482,21%,,,,,,,,,,
24/09/2019 13:00,40565.311,20%,,,,,,,,,,
24/09/2019 14:00,38345.417,19%,,,,,,,,,,
24/09/2019 15:00,39103.389,20%,,,,,,,,,,
24/09/2019 16:00,39340.239,20%,,,,,,,,,,
24/09/2019 17:00,43758.629,22%,,,,,,,,,,
24/09/2019 18:00,49057.997,25%,,,,,,,,,,
24/09/2019 19:00,48921.447,24%,,,,,,,,,,
24/09/2019 20:00,47638.57,24%,,,,,,,,,,
24/09/2019 21:00,46579.257,23%,,,,,,,,,,
24/09/2019 22:00,42691.82,21%,,,,,,,,,,
24/09/2019 23:00,38339.539,19%,,,,,,,,,,
25/09/2019 00:00,34153.077,17%,,,,,,,,,,
25/09/2019 01:00,27754.092,14%,,,,,,,,,,
25/09/2019 02:00,24005.557,12%,,,,,,,,,,
25/09/2019 03:00,22788.313,11%,,,,,,,,,,
25/09/2019 04:00,20958.44,10%,,,,,,,,,,
25/09/2019 05:00,16820.701,8%,,,,,,,,,,
25/09/2019 06:00,12381.687,6%,,,,,,,,,,
25/09/2019 07:00,8117.345,4%,,,,,,,,,,
25/09/2019 08:00,4840.795,2%,,,,,,,,,,
25/09/2019 09:00,5188.157,3%,,,,,,,,,,
25/09/2019 10:00,7251.594,4%,,,,,,,,,,
25/09/2019 11:00,9839.736,5%,,,,,,,,,,
25/09/2019 12:00,13169.179,7%,,,,,,,,,,
25/09/2019 13:00,16750.409,8%,,,,,,,,,,
25/09/2019 14:00,20709.786,10%,,,,,,,,,,
25/09/2019 15:00,24168.027,12%,,,,,,,,,,
25/09/2019 16:00,24658.222,12%,,,,,,,,,,
25/09/2019 17:00,31715.475,16%,,,,,,,,,,
25/09/2019 18:00,48767.741,24%,,,,,,,,,,
25/09/2019 19:00,63198.864,32%,,,,,,,,,,
25/09/2019 20:00,72850.109,36%,,,,,,,,,,
25/09/2019 21:00,81459.869,41%,,,,,,,,,,
25/09/2019 22:00,87136.929,44%,,,,,,,,,,
25/09/2019 23:00,91065.005,46%,,,,,,,,,,
26/09/2019 00:00,94939.111,47%,,,,,,,,,,
26/09/2019 01:00,94046.48,47%,,,,,,,,,,
26/09/2019 02:00,93439.052,47%,,,,,,,,,,
26/09/2019 03:00,86669.542,43%,,,,,,,,,,
26/09/2019 04:00,83086.546,42%,,,,,,,,,,
26/09/2019 05:00,84460.598,42%,,,,,,,,,,
26/09/2019 06:00,82006.313,41%,,,,,,,,,,
26/09/2019 07:00,76415.557,38%,,,,,,,,,,
26/09/2019 08:00,79564.457,40%,,,,,,,,,,
26/09/2019 09:00,86377.387,43%,,,,,,,,,,
26/09/2019 10:00,94171.615,47%,,,,,,,,,,
26/09/2019 11:00,102062.944,51%,,,,,,,,,,
26/09/2019 12:00,110198.895,55%,,,,,,,,,,
26/09/2019 13:00,114616.327,57%,,,,,,,,,,
26/09/2019 14:00,113289.492,57%,,,,,,,,,,
26/09/2019 15:00,93582.558,47%,,,,,,,,,,
26/09/2019 16:00,77323.357,39%,,,,,,,,,,
26/09/2019 17:00,71105.646,36%,,,,,,,,,,
26/09/2019 18:00,73572.545,37%,,,,,,,,,,
26/09/2019 19:00,68650.041,34%,,,,,,,,,,
26/09/2019 20:00,69341.448,35%,,,,,,,,,,
26/09/2019 21:00,58758.707,29%,,,,,,,,,,
26/09/2019 22:00,50146.854,25%,,,,,,,,,,
26/09/2019 23:00,48596.59,24%,,,,,,,,,,
27/09/2019 00:00,50286.448,25%,,,,,,,,,,
27/09/2019 01:00,52051.025,26%,,,,,,,,,,
27/09/2019 02:00,52071.335,26%,,,,,,,,,,
27/09/2019 03:00,51806.527,26%,,,,,,,,,,
27/09/2019 04:00,51523.318,26%,,,,,,,,,,
27/09/2019 05:00,49595.493,25%,,,,,,,,,,
27/09/2019 06:00,42842.454,21%,,,,,,,,,,
27/09/2019 07:00,31937.615,16%,,,,,,,,,,
27/09/2019 08:00,20607.424,10%,,,,,,,,,,
27/09/2019 09:00,12223.503,6%,,,,,,,,,,
27/09/2019 10:00,6392.938,3%,,,,,,,,,,
27/09/2019 11:00,3552.662,2%,,,,,,,,,,
27/09/2019 12:00,3270.292,2%,,,,,,,,,,
27/09/2019 13:00,6078.793,3%,,,,,,,,,,
27/09/2019 14:00,12235.939,6%,,,,,,,,,,
27/09/2019 15:00,18861.024,9%,,,,,,,,,,
27/09/2019 16:00,25780.233,13%,,,,,,,,,,
27/09/2019 17:00,38227.234,19%,,,,,,,,,,
27/09/2019 18:00,48571.338,24%,,,,,,,,,,
27/09/2019 19:00,49736.691,25%,,,,,,,,,,
27/09/2019 20:00,45914.584,23%,,,,,,,,,,
27/09/2019 21:00,42728.99,21%,,,,,,,,,,
27/09/2019 22:00,37334.549,19%,,,,,,,,,,
27/09/2019 23:00,29607.883,15%,,,,,,,,,,
28/09/2019 00:00,17704.268,9%,,,,,,,,,,
28/09/2019 01:00,9637.883,5%,,,,,,,,,,
28/09/2019 02:00,4725.171,2%,,,,,,,,,,
28/09/2019 03:00,4619.611,2%,,,,,,,,,,
28/09/2019 04:00,12519.806,6%,,,,,,,,,,
28/09/2019 05:00,23541.328,12%,,,,,,,,,,
28/09/2019 06:00,32215.967,16%,,,,,,,,,,
28/09/2019 07:00,35724.875,18%,,,,,,,,,,
28/09/2019 08:00,37911.024,19%,,,,,,,,,,
28/09/2019 09:00,48904.851,24%,,,,,,,,,,
28/09/2019 10:00,54643.976,27%,,,,,,,,,,
28/09/2019 11:00,56965.601,28%,,,,,,,,,,
28/09/2019 12:00,55598.421,28%,,,,,,,,,,
28/09/2019 13:00,50097.009,25%,,,,,,,,,,
28/09/2019 14:00,43046.108,22%,,,,,,,,,,
28/09/2019 15:00,34807.254,17%,,,,,,,,,,
28/09/2019 16:00,22143.749,11%,,,,,,,,,,
28/09/2019 17:00,16894.735,8%,,,,,,,,,,
28/09/2019 18:00,8265.055,4%,,,,,,,,,,
28/09/2019 19:00,1589.21,1%,,,,,,,,,,
28/09/2019 20:00,1489.349,1%,,,,,,,,,,
28/09/2019 21:00,5893.427,3%,,,,,,,,,,
28/09/2019 22:00,15042.391,8%,,,,,,,,,,
28/09/2019 23:00,29016.396,15%,,,,,,,,,,
29/09/2019 00:00,47378.372,24%,,,,,,,,,,
29/09/2019 01:00,64017.19,32%,,,,,,,,,,
29/09/2019 02:00,68249.619,34%,,,,,,,,,,
29/09/2019 03:00,64454.675,32%,,,,,,,,,,
29/09/2019 04:00,61769.084,31%,,,,,,,,,,
29/09/2019 05:00,59994.542,30%,,,,,,,,,,
29/09/2019 06:00,62125.888,31%,,,,,,,,,,
29/09/2019 07:00,62496.646,31%,,,,,,,,,,
29/09/2019 08:00,65975.44,33%,,,,,,,,,,
29/09/2019 09:00,70482.786,35%,,,,,,,,,,
29/09/2019 10:00,58267.704,29%,,,,,,,,,,
29/09/2019 11:00,51897.478,26%,,,,,,,,,,
29/09/2019 12:00,46645.342,23%,,,,,,,,,,
29/09/2019 13:00,42718.031,21%,,,,,,,,,,
29/09/2019 14:00,38346.17,19%,,,,,,,,,,
29/09/2019 15:00,34955.717,17%,,,,,,,,,,
29/09/2019 16:00,27830.614,14%,,,,,,,,,,
29/09/2019 17:00,23798.672,12%,,,,,,,,,,
29/09/2019 18:00,22307.806,11%,,,,,,,,,,
29/09/2019 19:00,20516.652,10%,,,,,,,,,,
29/09/2019 20:00,18805.083,9%,,,,,,,,,,
29/09/2019 21:00,17678.794,9%,,,,,,,,,,
29/09/2019 22:00,19123.894,10%,,,,,,,,,,
29/09/2019 23:00,22246.119,11%,,,,,,,,,,
30/09/2019 00:00,26224.86,13%,,,,,,,,,,
30/09/2019 01:00,25454.732,13%,,,,,,,,,,
30/09/2019 02:00,21818.355,11%,,,,,,,,,,
30/09/2019 03:00,18444.671,9%,,,,,,,,,,
30/09/2019 04:00,17120.597,9%,,,,,,,,,,
30/09/2019 05:00,17240.533,9%,,,,,,,,,,
30/09/2019 06:00,16229.11,8%,,,,,,,,,,
30/09/2019 07:00,14618.516,7%,,,,,,,,,,
30/09/2019 08:00,12787.904,6%,,,,,,,,,,
30/09/2019 09:00,8989.789,4%,,,,,,,,,,
30/09/2019 10:00,5300.89,3%,,,,,,,,,,
30/09/2019 11:00,2232.629,1%,,,,,,,,,,
30/09/2019 12:00,1365.892,1%,,,,,,,,,,
30/09/2019 13:00,2390.074,1%,,,,,,,,,,
30/09/2019 14:00,7306.292,4%,,,,,,,,,,
30/09/2019 15:00,17013.682,9%,,,,,,,,,,
30/09/2019 16:00,33487.118,17%,,,,,,,,,,
30/09/2019 17:00,65032.958,33%,,,,,,,,,,
30/09/2019 18:00,93677.036,47%,,,,,,,,,,
30/09/2019 19:00,109406.62,55%,,,,,,,,,,
30/09/2019 20:00,117553.268,59%,,,,,,,,,,
30/09/2019 21:00,111064.994,56%,,,,,,,,,,
30/09/2019 22:00,107514.79,54%,,,,,,,,,,
30/09/2019 23:00,107889.904,54%,,,,,,,,,,
01/10/2019 00:00,113690.758,57%,,,,,,,,,,
01/10/2019 01:00,117907.458,59%,,,,,,,,,,
01/10/2019 02:00,119474.907,60%,,,,,,,,,,
01/10/2019 03:00,115544.677,58%,,,,,,,,,,
01/10/2019 04:00,108708.507,54%,,,,,,,,,,
01/10/2019 05:00,95268.352,48%,,,,,,,,,,
01/10/2019 06:00,83909.019,42%,,,,,,,,,,
01/10/2019 07:00,75249.794,38%,,,,,,,,,,
01/10/2019 08:00,75442.145,38%,,,,,,,,,,
01/10/2019 09:00,99535.334,50%,,,,,,,,,,
01/10/2019 10:00,88849.806,44%,,,,,,,,,,
01/10/2019 11:00,68917.234,34%,,,,,,,,,,
01/10/2019 12:00,51769.474,26%,,,,,,,,,,
01/10/2019 13:00,41974.06,21%,,,,,,,,,,
01/10/2019 14:00,39830.261,20%,,,,,,,,,,
01/10/2019 15:00,40437.695,20%,,,,,,,,,,
01/10/2019 16:00,38340.931,19%,,,,,,,,,,
01/10/2019 17:00,41799.61,21%,,,,,,,,,,
01/10/2019 18:00,50270.548,25%,,,,,,,,,,
01/10/2019 19:00,53098.176,27%,,,,,,,,,,
01/10/2019 20:00,55526.099,28%,,,,,,,,,,
01/10/2019 21:00,52303.189,26%,,,,,,,,,,
01/10/2019 22:00,46624.361,23%,,,,,,,,,,
01/10/2019 23:00,43959.447,22%,,,,,,,,,,
02/10/2019 00:00,43538.147,22%,,,,,,,,,,
02/10/2019 01:00,42834.645,21%,,,,,,,,,,
02/10/2019 02:00,44607.431,22%,,,,,,,,,,
02/10/2019 03:00,48688.035,24%,,,,,,,,,,
02/10/2019 04:00,57711.434,29%,,,,,,,,,,
02/10/2019 05:00,68129.987,34%,,,,,,,,,,
02/10/2019 06:00,71397.203,36%,,,,,,,,,,
02/10/2019 07:00,65654.878,33%,,,,,,,,,,
02/10/2019 08:00,47902.063,24%,,,,,,,,,,
02/10/2019 09:00,62693.526,31%,,,,,,,,,,
02/10/2019 10:00,67809.736,34%,,,,,,,,,,
02/10/2019 11:00,57016.674,29%,,,,,,,,,,
02/10/2019 12:00,44613.145,22%,,,,,,,,,,
02/10/2019 13:00,35773.61,18%,,,,,,,,,,
02/10/2019 14:00,31003.32,16%,,,,,,,,,,
02/10/2019 15:00,29372.206,15%,,,,,,,,,,
02/10/2019 16:00,29385.432,15%,,,,,,,,,,
02/10/2019 17:00,33370.067,17%,,,,,,,,,,
02/10/2019 18:00,32071.843,16%,,,,,,,,,,
02/10/2019 19:00,26120.236,13%,,,,,,,,,,
02/10/2019 20:00,18573.987,9%,,,,,,,,,,
02/10/2019 21:00,14177.226,7%,,,,,,,,,,
02/10/2019 22:00,11862.8,6%,,,,,,,,,,
02/10/2019 23:00,10244.015,5%,,,,,,,,,,
03/10/2019 00:00,10607.919,5%,,,,,,,,,,
03/10/2019 01:00,11935.214,6%,,,,,,,,,,
03/10/2019 02:00,15761.369,8%,,,,,,,,,,
03/10/2019 03:00,20252.14,10%,,,,,,,,,,
03/10/2019 04:00,26142.872,13%,,,,,,,,,,
03/10/2019 05:00,34950.725,17%,,,,,,,,,,
03/10/2019 06:00,40811.893,20%,,,,,,,,,,
03/10/2019 07:00,43959.859,22%,,,,,,,,,,
03/10/2019 08:00,47775.659,24%,,,,,,,,,,
03/10/2019 09:00,73726.224,37%,,,,,,,,,,
03/10/2019 10:00,98832.701,49%,,,,,,,,,,
03/10/2019 11:00,117223.08,59%,,,,,,,,,,
03/10/2019 12:00,127620.485,64%,,,,,,,,,,
03/10/2019 13:00,132202.823,66%,,,,,,,,,,
03/10/2019 14:00,132686.673,66%,,,,,,,,,,
03/10/2019 15:00,134808.289,67%,,,,,,,,,,
03/10/2019 16:00,139396.56,70%,,,,,,,,,,
03/10/2019 17:00,144430.22,72%,,,,,,,,,,
03/10/2019 18:00,148120.154,74%,,,,,,,,,,
03/10/2019 19:00,150450.534,75%,,,,,,,,,,
03/10/2019 20:00,150694.999,75%,,,,,,,,,,
03/10/2019 21:00,154388.661,77%,,,,,,,,,,
03/10/2019 22:00,151668.677,76%,,,,,,,,,,
03/10/2019 23:00,147062.119,74%,,,,,,,,,,
04/10/2019 00:00,133958.296,67%,,,,,,,,,,
04/10/2019 01:00,120469.547,60%,,,,,,,,,,
04/10/2019 02:00,116597.506,58%,,,,,,,,,,
04/10/2019 03:00,116596.704,58%,,,,,,,,,,
04/10/2019 04:00,120546.402,60%,,,,,,,,,,
04/10/2019 05:00,125140.494,63%,,,,,,,,,,
04/10/2019 06:00,126090.368,63%,,,,,,,,,,
04/10/2019 07:00,124114.519,62%,,,,,,,,,,
04/10/2019 08:00,129673.325,65%,,,,,,,,,,
04/10/2019 09:00,151253.135,76%,,,,,,,,,,
04/10/2019 10:00,154782.409,77%,,,,,,,,,,
04/10/2019 11:00,136362.741,68%,,,,,,,,,,
04/10/2019 12:00,124686.559,62%,,,,,,,,,,
04/10/2019 13:00,122045.634,61%,,,,,,,,,,
04/10/2019 14:00,108580.644,54%,,,,,,,,,,
04/10/2019 15:00,91879.932,46%,,,,,,,,,,
04/10/2019 16:00,67290.528,34%,,,,,,,,,,
04/10/2019 17:00,59999.641,30%,,,,,,,,,,
04/10/2019 18:00,64008.43,32%,,,,,,,,,,
04/10/2019 19:00,68712.758,34%,,,,,,,,,,
04/10/2019 20:00,66934.532,33%,,,,,,,,,,
04/10/2019 21:00,50190.535,25%,,,,,,,,,,
04/10/2019 22:00,43645.798,22%,,,,,,,,,,
04/10/2019 23:00,49618.909,25%,,,,,,,,,,
05/10/2019 00:00,58264.635,29%,,,,,,,,,,
05/10/2019 01:00,61242.086,31%,,,,,,,,,,
05/10/2019 02:00,63312.272,32%,,,,,,,,,,
05/10/2019 03:00,58269.539,29%,,,,,,,,,,
05/10/2019 04:00,60455.447,30%,,,,,,,,,,
05/10/2019 05:00,63328.765,32%,,,,,,,,,,
05/10/2019 06:00,63428.299,32%,,,,,,,,,,
05/10/2019 07:00,64013.641,32%,,,,,,,,,,
05/10/2019 08:00,62021.475,31%,,,,,,,,,,
05/10/2019 09:00,61880.644,31%,,,,,,,,,,
05/10/2019 10:00,69185.243,35%,,,,,,,,,,
05/10/2019 11:00,83487.855,42%,,,,,,,,,,
05/10/2019 12:00,94552.262,47%,,,,,,,,,,
05/10/2019 13:00,104274.084,52%,,,,,,,,,,
05/10/2019 14:00,103705.287,52%,,,,,,,,,,
05/10/2019 15:00,96802.208,48%,,,,,,,,,,
05/10/2019 16:00,103158.233,52%,,,,,,,,,,
05/10/2019 17:00,107670.516,54%,,,,,,,,,,
05/10/2019 18:00,111339.956,56%,,,,,,,,,,
05/10/2019 19:00,113251.312,57%,,,,,,,,,,
05/10/2019 20:00,124094.388,62%,,,,,,,,,,
05/10/2019 21:00,129091.594,65%,,,,,,,,,,
05/10/2019 22:00,130167.058,65%,,,,,,,,,,
05/10/2019 23:00,128323.204,64%,,,,,,,,,,
06/10/2019 00:00,123026.537,62%,,,,,,,,,,
06/10/2019 01:00,117242.694,59%,,,,,,,,,,
06/10/2019 02:00,119298.359,60%,,,,,,,,,,
06/10/2019 03:00,106972.89,53%,,,,,,,,,,
06/10/2019 04:00,83677.186,42%,,,,,,,,,,
06/10/2019 05:00,64890.105,32%,,,,,,,,,,
06/10/2019 06:00,53689.167,27%,,,,,,,,,,
06/10/2019 07:00,49732.089,25%,,,,,,,,,,
06/10/2019 08:00,51303.536,26%,,,,,,,,,,
06/10/2019 09:00,59121.477,30%,,,,,,,,,,
06/10/2019 10:00,77126.173,39%,,,,,,,,,,
06/10/2019 11:00,83636.634,42%,,,,,,,,,,
06/10/2019 12:00,87527.821,44%,,,,,,,,,,
06/10/2019 13:00,92156.54,46%,,,,,,,,,,
06/10/2019 14:00,78250.954,39%,,,,,,,,,,
06/10/2019 15:00,55410.227,28%,,,,,,,,,,
06/10/2019 16:00,43356.931,22%,,,,,,,,,,
06/10/2019 17:00,65765.256,33%,,,,,,,,,,
06/10/2019 18:00,78023.658,39%,,,,,,,,,,
06/10/2019 19:00,73386.426,37%,,,,,,,,,,
06/10/2019 20:00,75188.296,38%,,,,,,,,,,
06/10/2019 21:00,94511.891,47%,,,,,,,,,,
06/10/2019 22:00,113860.764,57%,,,,,,,,,,
06/10/2019 23:00,114752.48,57%,,,,,,,,,,
07/10/2019 00:00,113715.743,57%,,,,,,,,,,
07/10/2019 01:00,118093.655,59%,,,,,,,,,,
07/10/2019 02:00,122043.482,61%,,,,,,,,,,
07/10/2019 03:00,142348.675,71%,,,,,,,,,,
07/10/2019 04:00,155951.428,78%,,,,,,,,,,
07/10/2019 05:00,177339.873,89%,,,,,,,,,,
07/10/2019 06:00,184759.145,92%,,,,,,,,,,
07/10/2019 07:00,186735.235,93%,,,,,,,,,,
07/10/2019 08:00,185762.127,93%,,,,,,,,,,
07/10/2019 09:00,182258.52,91%,,,,,,,,,,
07/10/2019 10:00,172499.204,86%,,,,,,,,,,
07/10/2019 11:00,155549.486,78%,,,,,,,,,,
07/10/2019 12:00,146116.163,73%,,,,,,,,,,
07/10/2019 13:00,143659.203,72%,,,,,,,,,,
07/10/2019 14:00,144852.408,72%,,,,,,,,,,
07/10/2019 15:00,138947.422,69%,,,,,,,,,,
07/10/2019 16:00,134895.229,67%,,,,,,,,,,
07/10/2019 17:00,136438.352,68%,,,,,,,,,,
07/10/2019 18:00,138495.443,69%,,,,,,,,,,
07/10/2019 19:00,139981.755,70%,,,,,,,,,,
07/10/2019 20:00,137598.384,69%,,,,,,,,,,
07/10/2019 21:00,135739.762,68%,,,,,,,,,,
07/10/2019 22:00,133859.206,67%,,,,,,,,,,
07/10/2019 23:00,137235.451,69%,,,,,,,,,,
08/10/2019 00:00,139401.384,70%,,,,,,,,,,
08/10/2019 01:00,145228.09,73%,,,,,,,,,,
08/10/2019 02:00,148307.428,74%,,,,,,,,,,
08/10/2019 03:00,150824.407,75%,,,,,,,,,,
08/10/2019 04:00,154013.849,77%,,,,,,,,,,
08/10/2019 05:00,160046.735,80%,,,,,,,,,,
08/10/2019 06:00,161858.057,81%,,,,,,,,,,
08/10/2019 07:00,165444.497,83%,,,,,,,,,,
08/10/2019 08:00,168135.971,84%,,,,,,,,,,
08/10/2019 09:00,172663.089,86%,,,,,,,,,,
08/10/2019 10:00,180507.045,90%,,,,,,,,,,
08/10/2019 11:00,185808.71,93%,,,,,,,,,,
08/10/2019 12:00,185572.185,93%,,,,,,,,,,
08/10/2019 13:00,182590.559,91%,,,,,,,,,,
08/10/2019 14:00,178005.224,89%,,,,,,,,,,
08/10/2019 15:00,172914.836,86%,,,,,,,,,,
08/10/2019 16:00,167500.077,84%,,,,,,,,,,
08/10/2019 17:00,164308.776,82%,,,,,,,,,,
08/10/2019 18:00,162345.706,81%,,,,,,,,,,
08/10/2019 19:00,160639.924,80%,,,,,,,,,,
08/10/2019 20:00,158694.518,79%,,,,,,,,,,
08/10/2019 21:00,159699.9,80%,,,,,,,,,,
08/10/2019 22:00,161534.226,81%,,,,,,,,,,
08/10/2019 23:00,162751.38,81%,,,,,,,,,,
09/10/2019 00:00,164494.317,82%,,,,,,,,,,
09/10/2019 01:00,166712.549,83%,,,,,,,,,,
09/10/2019 02:00,167188.882,84%,,,,,,,,,,
09/10/2019 03:00,166181.973,83%,,,,,,,,,,
09/10/2019 04:00,163839.407,82%,,,,,,,,,,
09/10/2019 05:00,161203.1,81%,,,,,,,,,,
09/10/2019 06:00,158861.433,79%,,,,,,,,,,
09/10/2019 07:00,155301.429,78%,,,,,,,,,,
09/10/2019 08:00,154286.455,77%,,,,,,,,,,
09/10/2019 09:00,158335.005,79%,,,,,,,,,,
09/10/2019 10:00,167785.138,84%,,,,,,,,,,
09/10/2019 11:00,173564.603,87%,,,,,,,,,,
09/10/2019 12:00,173332.622,87%,,,,,,,,,,
09/10/2019 13:00,171343.991,86%,,,,,,,,,,
09/10/2019 14:00,169807.317,85%,,,,,,,,,,
09/10/2019 15:00,165635.1,83%,,,,,,,,,,
09/10/2019 16:00,167009.93,84%,,,,,,,,,,
09/10/2019 17:00,164800.113,82%,,,,,,,,,,
09/10/2019 18:00,165441.708,83%,,,,,,,,,,
09/10/2019 19:00,168579.883,84%,,,,,,,,,,
09/10/2019 20:00,171154.516,86%,,,,,,,,,,
09/10/2019 21:00,171019.176,86%,,,,,,,,,,
09/10/2019 22:00,171163.543,86%,,,,,,,,,,
09/10/2019 23:00,171090.996,86%,,,,,,,,,,
10/10/2019 00:00,169706.702,85%,,,,,,,,,,
10/10/2019 01:00,167515.992,84%,,,,,,,,,,
10/10/2019 02:00,164026.943,82%,,,,,,,,,,
10/10/2019 03:00,156072.168,78%,,,,,,,,,,
10/10/2019 04:00,149581.757,75%,,,,,,,,,,
10/10/2019 05:00,144080.276,72%,,,,,,,,,,
10/10/2019 06:00,136586.863,68%,,,,,,,,,,
10/10/2019 07:00,127284.732,64%,,,,,,,,,,
10/10/2019 08:00,117906.095,59%,,,,,,,,,,
10/10/2019 09:00,106887.882,53%,,,,,,,,,,
10/10/2019 10:00,104523.85,52%,,,,,,,,,,
10/10/2019 11:00,109406.67,55%,,,,,,,,,,
10/10/2019 12:00,111254.959,56%,,,,,,,,,,
10/10/2019 13:00,95417.857,48%,,,,,,,,,,
10/10/2019 14:00,86190.992,43%,,,,,,,,,,
10/10/2019 15:00,106429.808,53%,,,,,,,,,,
10/10/2019 16:00,135560.506,68%,,,,,,,,,,
10/10/2019 17:00,156623.561,78%,,,,,,,,,,
10/10/2019 18:00,170708.386,85%,,,,,,,,,,
10/10/2019 19:00,169031.591,85%,,,,,,,,,,
10/10/2019 20:00,165146.321,83%,,,,,,,,,,
10/10/2019 21:00,161373.398,81%,,,,,,,,,,
10/10/2019 22:00,158778.945,79%,,,,,,,,,,
10/10/2019 23:00,160808.759,80%,,,,,,,,,,
11/10/2019 00:00,161209.024,81%,,,,,,,,,,
11/10/2019 01:00,163257.283,82%,,,,,,,,,,
11/10/2019 02:00,164589.752,82%,,,,,,,,,,
11/10/2019 03:00,165453.771,83%,,,,,,,,,,
11/10/2019 04:00,163792.241,82%,,,,,,,,,,
11/10/2019 05:00,161965.189,81%,,,,,,,,,,
11/10/2019 06:00,158828.909,79%,,,,,,,,,,
11/10/2019 07:00,156972.941,78%,,,,,,,,,,
11/10/2019 08:00,155737.778,78%,,,,,,,,,,
11/10/2019 09:00,159756.961,80%,,,,,,,,,,
11/10/2019 10:00,164679.764,82%,,,,,,,,,,
11/10/2019 11:00,171416.083,86%,,,,,,,,,,
11/10/2019 12:00,175015.802,88%,,,,,,,,,,
11/10/2019 13:00,178367.043,89%,,,,,,,,,,
11/10/2019 14:00,177618.238,89%,,,,,,,,,,
11/10/2019 15:00,172056.023,86%,,,,,,,,,,
11/10/2019 16:00,168274.29,84%,,,,,,,,,,
11/10/2019 17:00,165555.995,83%,,,,,,,,,,
11/10/2019 18:00,161930.957,81%,,,,,,,,,,
11/10/2019 19:00,156928.372,78%,,,,,,,,,,
11/10/2019 20:00,148999.089,74%,,,,,,,,,,
11/10/2019 21:00,135846.87,68%,,,,,,,,,,
11/10/2019 22:00,117495.637,59%,,,,,,,,,,
11/10/2019 23:00,99703.244,50%,,,,,,,,,,
12/10/2019 00:00,87271.799,44%,,,,,,,,,,
12/10/2019 01:00,74712.099,37%,,,,,,,,,,
12/10/2019 02:00,67345.333,34%,,,,,,,,,,
12/10/2019 03:00,66672.402,33%,,,,,,,,,,
12/10/2019 04:00,71325.796,36%,,,,,,,,,,
12/10/2019 05:00,73532.253,37%,,,,,,,,,,
12/10/2019 06:00,72122.198,36%,,,,,,,,,,
12/10/2019 07:00,66613.45,33%,,,,,,,,,,
12/10/2019 08:00,58560.013,29%,,,,,,,,,,
12/10/2019 09:00,77535.875,39%,,,,,,,,,,
12/10/2019 10:00,88300.798,44%,,,,,,,,,,
12/10/2019 11:00,89428.784,45%,,,,,,,,,,
12/10/2019 12:00,86703.797,43%,,,,,,,,,,
12/10/2019 13:00,79014.618,40%,,,,,,,,,,
12/10/2019 14:00,70123.179,35%,,,,,,,,,,
12/10/2019 15:00,65541.341,33%,,,,,,,,,,
12/10/2019 16:00,55903.644,28%,,,,,,,,,,
12/10/2019 17:00,50338.464,25%,,,,,,,,,,
12/10/2019 18:00,43965.941,22%,,,,,,,,,,
12/10/2019 19:00,38952.403,19%,,,,,,,,,,
12/10/2019 20:00,34584.031,17%,,,,,,,,,,
12/10/2019 21:00,26844.208,13%,,,,,,,,,,
12/10/2019 22:00,21004.218,11%,,,,,,,,,,
12/10/2019 23:00,16262.33,8%,,,,,,,,,,
13/10/2019 00:00,13971.79,7%,,,,,,,,,,
13/10/2019 01:00,14100.296,7%,,,,,,,,,,
13/10/2019 02:00,13467.495,7%,,,,,,,,,,
13/10/2019 03:00,12413.055,6%,,,,,,,,,,
13/10/2019 04:00,14697.303,7%,,,,,,,,,,
13/10/2019 05:00,18574.677,9%,,,,,,,,,,
13/10/2019 06:00,22819.134,11%,,,,,,,,,,
13/10/2019 07:00,26958.427,13%,,,,,,,,,,
13/10/2019 08:00,27846.648,14%,,,,,,,,,,
13/10/2019 09:00,25435.992,13%,,,,,,,,,,
13/10/2019 10:00,28449.535,14%,,,,,,,,,,
13/10/2019 11:00,29403.932,15%,,,,,,,,,,
13/10/2019 12:00,26441.46,13%,,,,,,,,,,
13/10/2019 13:00,23436.499,12%,,,,,,,,,,
13/10/2019 14:00,19955.043,10%,,,,,,,,,,
13/10/2019 15:00,15662.154,8%,,,,,,,,,,
13/10/2019 16:00,11937.156,6%,,,,,,,,,,
13/10/2019 17:00,7014.201,4%,,,,,,,,,,
13/10/2019 18:00,2504.893,1%,,,,,,,,,,
13/10/2019 19:00,1637.924,1%,,,,,,,,,,
13/10/2019 20:00,4771.462,2%,,,,,,,,,,
13/10/2019 21:00,11764.977,6%,,,,,,,,,,
13/10/2019 22:00,16817.416,8%,,,,,,,,,,
13/10/2019 23:00,18814.989,9%,,,,,,,,,,
14/10/2019 00:00,22544.916,11%,,,,,,,,,,
14/10/2019 01:00,24527.901,12%,,,,,,,,,,
14/10/2019 02:00,24404.141,12%,,,,,,,,,,
14/10/2019 03:00,26439.139,13%,,,,,,,,,,
14/10/2019 04:00,21250.503,11%,,,,,,,,,,
14/10/2019 05:00,16191.62,8%,,,,,,,,,,
14/10/2019 06:00,14801.029,7%,,,,,,,,,,
14/10/2019 07:00,13294.209,7%,,,,,,,,,,
14/10/2019 08:00,10889.441,5%,,,,,,,,,,
14/10/2019 09:00,8999.008,4%,,,,,,,,,,
14/10/2019 10:00,9332.832,5%,,,,,,,,,,
14/10/2019 11:00,10264.764,5%,,,,,,,,,,
14/10/2019 12:00,11931.234,6%,,,,,,,,,,
14/10/2019 13:00,15976.787,8%,,,,,,,,,,
14/10/2019 14:00,23214.207,12%,,,,,,,,,,
14/10/2019 15:00,26807.716,13%,,,,,,,,,,
14/10/2019 16:00,31709.811,16%,,,,,,,,,,
14/10/2019 17:00,45510.865,23%,,,,,,,,,,
14/10/2019 18:00,56813.966,28%,,,,,,,,,,
14/10/2019 19:00,60278.606,30%,,,,,,,,,,
14/10/2019 20:00,57776.769,29%,,,,,,,,,,
14/10/2019 21:00,52465.457,26%,,,,,,,,,,
14/10/2019 22:00,45478.342,23%,,,,,,,,,,
14/10/2019 23:00,40057.009,20%,,,,,,,,,,
15/10/2019 00:00,35889.242,18%,,,,,,,,,,
15/10/2019 01:00,31446.93,16%,,,,,,,,,,
15/10/2019 02:00,25658.018,13%,,,,,,,,,,
15/10/2019 03:00,22404.585,11%,,,,,,,,,,
15/10/2019 04:00,19787.896,10%,,,,,,,,,,
15/10/2019 05:00,17135.584,9%,,,,,,,,,,
15/10/2019 06:00,15629.271,8%,,,,,,,,,,
15/10/2019 07:00,15224.506,8%,,,,,,,,,,
15/10/2019 08:00,14511.203,7%,,,,,,,,,,
15/10/2019 09:00,14472.378,7%,,,,,,,,,,
15/10/2019 10:00,16817.807,8%,,,,,,,,,,
15/10/2019 11:00,18941.879,9%,,,,,,,,,,
15/10/2019 12:00,21289.734,11%,,,,,,,,,,
15/10/2019 13:00,26392.71,13%,,,,,,,,,,
15/10/2019 14:00,31083.171,16%,,,,,,,,,,
15/10/2019 15:00,28272.001,14%,,,,,,,,,,
15/10/2019 16:00,23946.587,12%,,,,,,,,,,
15/10/2019 17:00,32346.037,16%,,,,,,,,,,
15/10/2019 18:00,48148.716,24%,,,,,,,,,,
15/10/2019 19:00,58854.262,29%,,,,,,,,,,
15/10/2019 20:00,60011.69,30%,,,,,,,,,,
15/10/2019 21:00,62730.608,31%,,,,,,,,,,
15/10/2019 22:00,68887.709,34%,,,,,,,,,,
15/10/2019 23:00,68649.36,34%,,,,,,,,,,
16/10/2019 00:00,76298.058,38%,,,,,,,,,,
16/10/2019 01:00,73727.467,37%,,,,,,,,,,
16/10/2019 02:00,82544.693,41%,,,,,,,,,,
16/10/2019 03:00,82002.829,41%,,,,,,,,,,
16/10/2019 04:00,78758.422,39%,,,,,,,,,,
16/10/2019 05:00,73387.419,37%,,,,,,,,,,
16/10/2019 06:00,66256.782,33%,,,,,,,,,,
16/10/2019 07:00,51293.521,26%,,,,,,,,,,
16/10/2019 08:00,26972.706,13%,,,,,,,,,,
16/10/2019 09:00,25747.291,13%,,,,,,,,,,
16/10/2019 10:00,60170.231,30%,,,,,,,,,,
16/10/2019 11:00,87787.825,44%,,,,,,,,,,
16/10/2019 12:00,91332.763,46%,,,,,,,,,,
16/10/2019 13:00,82271.34,41%,,,,,,,,,,
16/10/2019 14:00,67173.67,34%,,,,,,,,,,
16/10/2019 15:00,48181.74,24%,,,,,,,,,,
16/10/2019 16:00,38320.283,19%,,,,,,,,,,
16/10/2019 17:00,38683.288,19%,,,,,,,,,,
16/10/2019 18:00,36814.111,18%,,,,,,,,,,
16/10/2019 19:00,36417.591,18%,,,,,,,,,,
16/10/2019 20:00,36981.726,18%,,,,,,,,,,
16/10/2019 21:00,38526.561,19%,,,,,,,,,,
16/10/2019 22:00,39531.393,20%,,,,,,,,,,
16/10/2019 23:00,39225.301,20%,,,,,,,,,,
17/10/2019 00:00,40470.993,20%,,,,,,,,,,
17/10/2019 01:00,41975.795,21%,,,,,,,,,,
17/10/2019 02:00,42923.299,21%,,,,,,,,,,
17/10/2019 03:00,43314.993,22%,,,,,,,,,,
17/10/2019 04:00,42030.142,21%,,,,,,,,,,
17/10/2019 05:00,42710.709,21%,,,,,,,,,,
17/10/2019 06:00,46077.762,23%,,,,,,,,,,
17/10/2019 07:00,47072.463,24%,,,,,,,,,,
17/10/2019 08:00,47021.725,24%,,,,,,,,,,
17/10/2019 09:00,49936.626,25%,,,,,,,,,,
17/10/2019 10:00,58899.505,29%,,,,,,,,,,
17/10/2019 11:00,72856.151,36%,,,,,,,,,,
17/10/2019 12:00,82549.565,41%,,,,,,,,,,
17/10/2019 13:00,77325.93,39%,,,,,,,,,,
17/10/2019 14:00,77796.863,39%,,,,,,,,,,
17/10/2019 15:00,85942.768,43%,,,,,,,,,,
17/10/2019 16:00,93340.51,47%,,,,,,,,,,
17/10/2019 17:00,99991.925,50%,,,,,,,,,,
17/10/2019 18:00,101283.301,51%,,,,,,,,,,
17/10/2019 19:00,89117.952,45%,,,,,,,,,,
17/10/2019 20:00,82731.948,41%,,,,,,,,,,
17/10/2019 21:00,74711.748,37%,,,,,,,,,,
17/10/2019 22:00,61830.423,31%,,,,,,,,,,
17/10/2019 23:00,49735.933,25%,,,,,,,,,,
18/10/2019 00:00,43958.412,22%,,,,,,,,,,
18/10/2019 01:00,36676.992,18%,,,,,,,,,,
18/10/2019 02:00,33609.545,17%,,,,,,,,,,
18/10/2019 03:00,29034.562,15%,,,,,,,,,,
18/10/2019 04:00,23676.869,12%,,,,,,,,,,
18/10/2019 05:00,20482.026,10%,,,,,,,,,,
18/10/2019 06:00,15945.824,8%,,,,,,,,,,
18/10/2019 07:00,11616.659,6%,,,,,,,,,,
18/10/2019 08:00,8932.92,4%,,,,,,,,,,
18/10/2019 09:00,8334.152,4%,,,,,,,,,,
18/10/2019 10:00,9577.406,5%,,,,,,,,,,
18/10/2019 11:00,11726.819,6%,,,,,,,,,,
18/10/2019 12:00,14079.451,7%,,,,,,,,,,
18/10/2019 13:00,15629.001,8%,,,,,,,,,,
18/10/2019 14:00,15938.328,8%,,,,,,,,,,
18/10/2019 15:00,14122.672,7%,,,,,,,,,,
18/10/2019 16:00,14126.557,7%,,,,,,,,,,
18/10/2019 17:00,16811.818,8%,,,,,,,,,,
18/10/2019 18:00,21482.692,11%,,,,,,,,,,
18/10/2019 19:00,27685.86,14%,,,,,,,,,,
18/10/2019 20:00,33397.033,17%,,,,,,,,,,
18/10/2019 21:00,40016.412,20%,,,,,,,,,,
18/10/2019 22:00,50898.133,25%,,,,,,,,,,
18/10/2019 23:00,53933.266,27%,,,,,,,,,,
19/10/2019 00:00,58764.226,29%,,,,,,,,,,
19/10/2019 01:00,73479.059,37%,,,,,,,,,,
19/10/2019 02:00,75248.047,38%,,,,,,,,,,
19/10/2019 03:00,80433.018,40%,,,,,,,,,,
19/10/2019 04:00,81459.87,41%,,,,,,,,,,
19/10/2019 05:00,89830.889,45%,,,,,,,,,,
19/10/2019 06:00,111215.058,56%,,,,,,,,,,
19/10/2019 07:00,121602.313,61%,,,,,,,,,,
19/10/2019 08:00,120776.95,60%,,,,,,,,,,
19/10/2019 09:00,116143.981,58%,,,,,,,,,,
19/10/2019 10:00,108867.2,54%,,,,,,,,,,
19/10/2019 11:00,108792.099,54%,,,,,,,,,,
19/10/2019 12:00,109406.66,55%,,,,,,,,,,
19/10/2019 13:00,103157.735,52%,,,,,,,,,,
19/10/2019 14:00,91328.548,46%,,,,,,,,,,
19/10/2019 15:00,77129.287,39%,,,,,,,,,,
19/10/2019 16:00,72128.342,36%,,,,,,,,,,
19/10/2019 17:00,77999.674,39%,,,,,,,,,,
19/10/2019 18:00,80826.698,40%,,,,,,,,,,
19/10/2019 19:00,82546.266,41%,,,,,,,,,,
19/10/2019 20:00,81855.975,41%,,,,,,,,,,
19/10/2019 21:00,88062.723,44%,,,,,,,,,,
19/10/2019 22:00,94290.1,47%,,,,,,,,,,
19/10/2019 23:00,97996.101,49%,,,,,,,,,,
20/10/2019 00:00,98768.519,49%,,,,,,,,,,
20/10/2019 01:00,97400.369,49%,,,,,,,,,,
20/10/2019 02:00,97667.574,49%,,,,,,,,,,
20/10/2019 03:00,96820.674,48%,,,,,,,,,,
20/10/2019 04:00,95740.866,48%,,,,,,,,,,
20/10/2019 05:00,96744.982,48%,,,,,,,,,,
20/10/2019 06:00,99656.207,50%,,,,,,,,,,
20/10/2019 07:00,103214.128,52%,,,,,,,,,,
20/10/2019 08:00,93428.334,47%,,,,,,,,,,
20/10/2019 09:00,84740.554,42%,,,,,,,,,,
20/10/2019 10:00,88405.666,44%,,,,,,,,,,
20/10/2019 11:00,89679.069,45%,,,,,,,,,,
20/10/2019 12:00,84458.59,42%,,,,,,,,,,
20/10/2019 13:00,79019.511,40%,,,,,,,,,,
20/10/2019 14:00,70882.678,35%,,,,,,,,,,
20/10/2019 15:00,56382.027,28%,,,,,,,,,,
20/10/2019 16:00,50803.228,25%,,,,,,,,,,
20/10/2019 17:00,56445.084,28%,,,,,,,,,,
20/10/2019 18:00,54943.542,27%,,,,,,,,,,
20/10/2019 19:00,45679.907,23%,,,,,,,,,,
20/10/2019 20:00,40374.004,20%,,,,,,,,,,
20/10/2019 21:00,41364.729,21%,,,,,,,,,,
20/10/2019 22:00,43563.238,22%,,,,,,,,,,
20/10/2019 23:00,39967.53,20%,,,,,,,,,,
21/10/2019 00:00,35683.013,18%,,,,,,,,,,
21/10/2019 01:00,34028.238,17%,,,,,,,,,,
21/10/2019 02:00,28274.507,14%,,,,,,,,,,
21/10/2019 03:00,20542.089,10%,,,,,,,,,,
21/10/2019 04:00,15662.04,8%,,,,,,,,,,
21/10/2019 05:00,9932.454,5%,,,,,,,,,,
21/10/2019 06:00,5215.763,3%,,,,,,,,,,
21/10/2019 07:00,3256.518,2%,,,,,,,,,,
21/10/2019 08:00,1413.949,1%,,,,,,,,,,
21/10/2019 09:00,1566.275,1%,,,,,,,,,,
21/10/2019 10:00,4295.059,2%,,,,,,,,,,
21/10/2019 11:00,17561.962,9%,,,,,,,,,,
21/10/2019 12:00,29285.816,15%,,,,,,,,,,
21/10/2019 13:00,35774.424,18%,,,,,,,,,,
21/10/2019 14:00,38480.682,19%,,,,,,,,,,
21/10/2019 15:00,43187.308,22%,,,,,,,,,,
21/10/2019 16:00,55987.534,28%,,,,,,,,,,
21/10/2019 17:00,74715.3,37%,,,,,,,,,,
21/10/2019 18:00,82549.76,41%,,,,,,,,,,
21/10/2019 19:00,87317.974,44%,,,,,,,,,,
21/10/2019 20:00,91881.427,46%,,,,,,,,,,
21/10/2019 21:00,93258.564,47%,,,,,,,,,,
21/10/2019 22:00,93408.66,47%,,,,,,,,,,
21/10/2019 23:00,95001.352,48%,,,,,,,,,,
22/10/2019 00:00,108867.2,54%,,,,,,,,,,
22/10/2019 01:00,113690.89,57%,,,,,,,,,,
22/10/2019 02:00,111288.177,56%,,,,,,,,,,
22/10/2019 03:00,116598.657,58%,,,,,,,,,,
22/10/2019 04:00,109572.091,55%,,,,,,,,,,
22/10/2019 05:00,114750.763,57%,,,,,,,,,,
22/10/2019 06:00,115031.841,58%,,,,,,,,,,
22/10/2019 07:00,114841.484,57%,,,,,,,,,,
22/10/2019 08:00,107514.924,54%,,,,,,,,,,
22/10/2019 09:00,105208.688,53%,,,,,,,,,,
22/10/2019 10:00,109269.774,55%,,,,,,,,,,
22/10/2019 11:00,116071.734,58%,,,,,,,,,,
22/10/2019 12:00,120828.288,60%,,,,,,,,,,
22/10/2019 13:00,119915.786,60%,,,,,,,,,,
22/10/2019 14:00,116424.127,58%,,,,,,,,,,
22/10/2019 15:00,114221.413,57%,,,,,,,,,,
22/10/2019 16:00,114907.624,57%,,,,,,,,,,
22/10/2019 17:00,114221.596,57%,,,,,,,,,,
22/10/2019 18:00,114220.71,57%,,,,,,,,,,
22/10/2019 19:00,117305.834,59%,,,,,,,,,,
22/10/2019 20:00,120595.598,60%,,,,,,,,,,
22/10/2019 21:00,123192.597,62%,,,,,,,,,,
22/10/2019 22:00,126089.484,63%,,,,,,,,,,
22/10/2019 23:00,125418.746,63%,,,,,,,,,,
23/10/2019 00:00,125042.655,63%,,,,,,,,,,
23/10/2019 01:00,125146.861,63%,,,,,,,,,,
23/10/2019 02:00,124026.867,62%,,,,,,,,,,
23/10/2019 03:00,118670.488,59%,,,,,,,,,,
23/10/2019 04:00,111310.1,56%,,,,,,,,,,
23/10/2019 05:00,114751.496,57%,,,,,,,,,,
23/10/2019 06:00,125458.953,63%,,,,,,,,,,
23/10/2019 07:00,129298.55,65%,,,,,,,,,,
23/10/2019 08:00,135270.505,68%,,,,,,,,,,
23/10/2019 09:00,140976.455,70%,,,,,,,,,,
23/10/2019 10:00,146419.668,73%,,,,,,,,,,
23/10/2019 11:00,159893.389,80%,,,,,,,,,,
23/10/2019 12:00,165796.13,83%,,,,,,,,,,
23/10/2019 13:00,166098.251,83%,,,,,,,,,,
23/10/2019 14:00,161529.607,81%,,,,,,,,,,
23/10/2019 15:00,156935.909,78%,,,,,,,,,,
23/10/2019 16:00,157748.293,79%,,,,,,,,,,
23/10/2019 17:00,161539.607,81%,,,,,,,,,,
23/10/2019 18:00,163533.179,82%,,,,,,,,,,
23/10/2019 19:00,164075.099,82%,,,,,,,,,,
23/10/2019 20:00,161197.329,81%,,,,,,,,,,
23/10/2019 21:00,158534.754,79%,,,,,,,,,,
23/10/2019 22:00,154598.2,77%,,,,,,,,,,
23/10/2019 23:00,144948.931,72%,,,,,,,,,,
24/10/2019 00:00,132737.769,66%,,,,,,,,,,
24/10/2019 01:00,117274.277,59%,,,,,,,,,,
24/10/2019 02:00,105069.493,53%,,,,,,,,,,
24/10/2019 03:00,99026.135,50%,,,,,,,,,,
24/10/2019 04:00,96841.376,48%,,,,,,,,,,
24/10/2019 05:00,97669.915,49%,,,,,,,,,,
24/10/2019 06:00,104396.803,52%,,,,,,,,,,
24/10/2019 07:00,104823.208,52%,,,,,,,,,,
24/10/2019 08:00,103159.012,52%,,,,,,,,,,
24/10/2019 09:00,101513.042,51%,,,,,,,,,,
24/10/2019 10:00,98219.671,49%,,,,,,,,,,
24/10/2019 11:00,96554.367,48%,,,,,,,,,,
24/10/2019 12:00,93101.279,47%,,,,,,,,,,
24/10/2019 13:00,93108.36,47%,,,,,,,,,,
24/10/2019 14:00,101722.579,51%,,,,,,,,,,
24/10/2019 15:00,98219.51,49%,,,,,,,,,,
24/10/2019 16:00,87306.577,44%,,,,,,,,,,
24/10/2019 17:00,77666.127,39%,,,,,,,,,,
24/10/2019 18:00,68644.419,34%,,,,,,,,,,
24/10/2019 19:00,62107.751,31%,,,,,,,,,,
24/10/2019 20:00,53237.946,27%,,,,,,,,,,
24/10/2019 21:00,54802.815,27%,,,,,,,,,,
24/10/2019 22:00,67350.59,34%,,,,,,,,,,
24/10/2019 23:00,78005.133,39%,,,,,,,,,,
25/10/2019 00:00,85340.081,43%,,,,,,,,,,
25/10/2019 01:00,87824.877,44%,,,,,,,,,,
25/10/2019 02:00,87702.539,44%,,,,,,,,,,
25/10/2019 03:00,87034.683,44%,,,,,,,,,,
25/10/2019 04:00,86930.916,43%,,,,,,,,,,
25/10/2019 05:00,98592.019,49%,,,,,,,,,,
25/10/2019 06:00,116598.162,58%,,,,,,,,,,
25/10/2019 07:00,117908.398,59%,,,,,,,,,,
25/10/2019 08:00,109945.118,55%,,,,,,,,,,
25/10/2019 09:00,96268.249,48%,,,,,,,,,,
25/10/2019 10:00,89249.053,45%,,,,,,,,,,
25/10/2019 11:00,89131.778,45%,,,,,,,,,,
25/10/2019 12:00,72328.202,36%,,,,,,,,,,
25/10/2019 13:00,54876.643,27%,,,,,,,,,,
25/10/2019 14:00,40924.13,20%,,,,,,,,,,
25/10/2019 15:00,35651.972,18%,,,,,,,,,,
25/10/2019 16:00,30916.599,15%,,,,,,,,,,
25/10/2019 17:00,30277.124,15%,,,,,,,,,,
25/10/2019 18:00,31878.355,16%,,,,,,,,,,
25/10/2019 19:00,35776.442,18%,,,,,,,,,,
25/10/2019 20:00,44711.443,22%,,,,,,,,,,
25/10/2019 21:00,57774.222,29%,,,,,,,,,,
25/10/2019 22:00,70013.248,35%,,,,,,,,,,
25/10/2019 23:00,76514.018,38%,,,,,,,,,,
26/10/2019 00:00,75101.011,38%,,,,,,,,,,
26/10/2019 01:00,81307.633,41%,,,,,,,,,,
26/10/2019 02:00,86290.826,43%,,,,,,,,,,
26/10/2019 03:00,86244.573,43%,,,,,,,,,,
26/10/2019 04:00,89592.778,45%,,,,,,,,,,
26/10/2019 05:00,90782.198,45%,,,,,,,,,,
26/10/2019 06:00,95188.323,48%,,,,,,,,,,
26/10/2019 07:00,96171.099,48%,,,,,,,,,,
26/10/2019 08:00,93560.569,47%,,,,,,,,,,
26/10/2019 09:00,82013.275,41%,,,,,,,,,,
26/10/2019 10:00,87734.403,44%,,,,,,,,,,
26/10/2019 11:00,110483.124,55%,,,,,,,,,,
26/10/2019 12:00,120963.465,60%,,,,,,,,,,
26/10/2019 13:00,123293.448,62%,,,,,,,,,,
26/10/2019 14:00,125624.234,63%,,,,,,,,,,
26/10/2019 15:00,129321.383,65%,,,,,,,,,,
26/10/2019 16:00,133040.218,67%,,,,,,,,,,
26/10/2019 17:00,133162.952,67%,,,,,,,,,,
26/10/2019 18:00,134517.532,67%,,,,,,,,,,
26/10/2019 19:00,142551.961,71%,,,,,,,,,,
26/10/2019 20:00,143423.209,72%,,,,,,,,,,
26/10/2019 21:00,144909.309,72%,,,,,,,,,,
26/10/2019 22:00,146225.759,73%,,,,,,,,,,
26/10/2019 23:00,151116.992,76%,,,,,,,,,,
27/10/2019 00:00,157047.721,79%,,,,,,,,,,
27/10/2019 01:00,160221.137,80%,,,,,,,,,,
27/10/2019 02:00,165084.787,83%,,,,,,,,,,
27/10/2019 03:00,165743.34,83%,,,,,,,,,,
27/10/2019 04:00,165244.758,83%,,,,,,,,,,
27/10/2019 05:00,163919.144,82%,,,,,,,,,,
27/10/2019 06:00,161531.774,81%,,,,,,,,,,
27/10/2019 07:00,155907.842,78%,,,,,,,,,,
27/10/2019 08:00,145155.488,73%,,,,,,,,,,
27/10/2019 09:00,136439.615,68%,,,,,,,,,,
27/10/2019 10:00,132984.345,66%,,,,,,,,,,
27/10/2019 11:00,131209.232,66%,,,,,,,,,,
27/10/2019 12:00,126789.539,63%,,,,,,,,,,
27/10/2019 13:00,117906.461,59%,,,,,,,,,,
27/10/2019 14:00,104432.497,52%,,,,,,,,,,
27/10/2019 15:00,80159.998,40%,,,,,,,,,,
27/10/2019 16:00,71644.719,36%,,,,,,,,,,
27/10/2019 17:00,75789.715,38%,,,,,,,,,,
27/10/2019 18:00,72056.437,36%,,,,,,,,,,
27/10/2019 19:00,68644.817,34%,,,,,,,,,,
27/10/2019 20:00,65276.579,33%,,,,,,,,,,
27/10/2019 21:00,60770.868,30%,,,,,,,,,,
27/10/2019 22:00,53567.114,27%,,,,,,,,,,
27/10/2019 23:00,48599.651,24%,,,,,,,,,,
28/10/2019 00:00,45199.87,23%,,,,,,,,,,
28/10/2019 01:00,44564.895,22%,,,,,,,,,,
28/10/2019 02:00,41780.413,21%,,,,,,,,,,
28/10/2019 03:00,38041.7,19%,,,,,,,,,,
28/10/2019 04:00,37467.343,19%,,,,,,,,,,
28/10/2019 05:00,35190.795,18%,,,,,,,,,,
28/10/2019 06:00,30712.476,15%,,,,,,,,,,
28/10/2019 07:00,26612.892,13%,,,,,,,,,,
28/10/2019 08:00,23801.931,12%,,,,,,,,,,
28/10/2019 09:00,19840.201,10%,,,,,,,,,,
28/10/2019 10:00,16813.223,8%,,,,,,,,,,
28/10/2019 11:00,29139.804,15%,,,,,,,,,,
28/10/2019 12:00,33301.708,17%,,,,,,,,,,
28/10/2019 13:00,33001.824,17%,,,,,,,,,,
28/10/2019 14:00,30519.086,15%,,,,,,,,,,
28/10/2019 15:00,25706.367,13%,,,,,,,,,,
28/10/2019 16:00,25502.448,13%,,,,,,,,,,
28/10/2019 17:00,27090.79,14%,,,,,,,,,,
28/10/2019 18:00,30366.34,15%,,,,,,,,,,
28/10/2019 19:00,36037.305,18%,,,,,,,,,,
28/10/2019 20:00,39803.037,20%,,,,,,,,,,
28/10/2019 21:00,41651.18,21%,,,,,,,,,,
28/10/2019 22:00,41769.468,21%,,,,,,,,,,
28/10/2019 23:00,42130.784,21%,,,,,,,,,,
29/10/2019 00:00,43961.812,22%,,,,,,,,,,
29/10/2019 01:00,44577.246,22%,,,,,,,,,,
29/10/2019 02:00,45317.316,23%,,,,,,,,,,
29/10/2019 03:00,47966.034,24%,,,,,,,,,,
29/10/2019 04:00,50524.669,25%,,,,,,,,,,
29/10/2019 05:00,49647.509,25%,,,,,,,,,,
29/10/2019 06:00,46585.472,23%,,,,,,,,,,
29/10/2019 07:00,46146.674,23%,,,,,,,,,,
29/10/2019 08:00,42449.199,21%,,,,,,,,,,
29/10/2019 09:00,35394.735,18%,,,,,,,,,,
29/10/2019 10:00,37734.12,19%,,,,,,,,,,
29/10/2019 11:00,46705.776,23%,,,,,,,,,,
29/10/2019 12:00,48932.965,24%,,,,,,,,,,
29/10/2019 13:00,47204.008,24%,,,,,,,,,,
29/10/2019 14:00,40360.583,20%,,,,,,,,,,
29/10/2019 15:00,33320.722,17%,,,,,,,,,,
29/10/2019 16:00,38967.775,19%,,,,,,,,,,
29/10/2019 17:00,47299.635,24%,,,,,,,,,,
29/10/2019 18:00,53152.425,27%,,,,,,,,,,
29/10/2019 19:00,55372.348,28%,,,,,,,,,,
29/10/2019 20:00,55641.624,28%,,,,,,,,,,
29/10/2019 21:00,53338.231,27%,,,,,,,,,,
29/10/2019 22:00,52762.583,26%,,,,,,,,,,
29/10/2019 23:00,50552.133,25%,,,,,,,,,,
30/10/2019 00:00,43965.122,22%,,,,,,,,,,
30/10/2019 01:00,40757.12,20%,,,,,,,,,,
30/10/2019 02:00,40226.302,20%,,,,,,,,,,
30/10/2019 03:00,38990.445,19%,,,,,,,,,,
30/10/2019 04:00,37094.813,19%,,,,,,,,,,
30/10/2019 05:00,39232.544,20%,,,,,,,,,,
30/10/2019 06:00,42576.464,21%,,,,,,,,,,
30/10/2019 07:00,44612.091,22%,,,,,,,,,,
30/10/2019 08:00,45679.478,23%,,,,,,,,,,
30/10/2019 09:00,45478.927,23%,,,,,,,,,,
30/10/2019 10:00,52278.341,26%,,,,,,,,,,
30/10/2019 11:00,60489.321,30%,,,,,,,,,,
30/10/2019 12:00,56902.902,28%,,,,,,,,,,
30/10/2019 13:00,52499.601,26%,,,,,,,,,,
30/10/2019 14:00,48353.941,24%,,,,,,,,,,
30/10/2019 15:00,43484.921,22%,,,,,,,,,,
30/10/2019 16:00,54881.57,27%,,,,,,,,,,
30/10/2019 17:00,71535.199,36%,,,,,,,,,,
30/10/2019 18:00,80794.556,40%,,,,,,,,,,
30/10/2019 19:00,80794.893,40%,,,,,,,,,,
30/10/2019 20:00,81457.867,41%,,,,,,,,,,
30/10/2019 21:00,75250.87,38%,,,,,,,,,,
30/10/2019 22:00,66826.855,33%,,,,,,,,,,
30/10/2019 23:00,62030.095,31%,,,,,,,,,,
31/10/2019 00:00,59047.586,30%,,,,,,,,,,
31/10/2019 01:00,56399.84,28%,,,,,,,,,,
31/10/2019 02:00,52684.581,26%,,,,,,,,,,
31/10/2019 03:00,49738.841,25%,,,,,,,,,,
31/10/2019 04:00,46805.431,23%,,,,,,,,,,
31/10/2019 05:00,45487.883,23%,,,,,,,,,,
31/10/2019 06:00,45893.866,23%,,,,,,,,,,
31/10/2019 07:00,45509.296,23%,,,,,,,,,,
31/10/2019 08:00,48078.404,24%,,,,,,,,,,
31/10/2019 09:00,41672.079,21%,,,,,,,,,,
31/10/2019 10:00,36174.184,18%,,,,,,,,,,
31/10/2019 11:00,53961.797,27%,,,,,,,,,,
31/10/2019 12:00,69670.354,35%,,,,,,,,,,
31/10/2019 13:00,66239.151,33%,,,,,,,,,,
31/10/2019 14:00,54807.596,27%,,,,,,,,,,
31/10/2019 15:00,46706.623,23%,,,,,,,,,,
31/10/2019 16:00,56924.268,28%,,,,,,,,,,
31/10/2019 17:00,65547.99,33%,,,,,,,,,,
31/10/2019 18:00,65546.259,33%,,,,,,,,,,
31/10/2019 19:00,58273.399,29%,,,,,,,,,,
31/10/2019 20:00,56293.696,28%,,,,,,,,,,
31/10/2019 21:00,54256.79,27%,,,,,,,,,,
31/10/2019 22:00,53565.666,27%,,,,,,,,,,
31/10/2019 23:00,51394.122,26%,,,,,,,,,,
01/11/2019 00:00,51254.084,26%,,,,,,,,,,
01/11/2019 01:00,53190.713,27%,,,,,,,,,,
01/11/2019 02:00,56746.787,28%,,,,,,,,,,
01/11/2019 03:00,57660.493,29%,,,,,,,,,,
01/11/2019 04:00,56859.892,28%,,,,,,,,,,
01/11/2019 05:00,59233.248,30%,,,,,,,,,,
01/11/2019 06:00,57773.469,29%,,,,,,,,,,
01/11/2019 07:00,55931.189,28%,,,,,,,,,,
01/11/2019 08:00,58269.077,29%,,,,,,,,,,
01/11/2019 09:00,58084.809,29%,,,,,,,,,,
01/11/2019 10:00,60496.193,30%,,,,,,,,,,
01/11/2019 11:00,63715.35,32%,,,,,,,,,,
01/11/2019 12:00,63203.746,32%,,,,,,,,,,
01/11/2019 13:00,63205.47,32%,,,,,,,,,,
01/11/2019 14:00,61604.688,31%,,,,,,,,,,
01/11/2019 15:00,55352.458,28%,,,,,,,,,,
01/11/2019 16:00,48597.563,24%,,,,,,,,,,
01/11/2019 17:00,49512.853,25%,,,,,,,,,,
01/11/2019 18:00,51035.952,26%,,,,,,,,,,
01/11/2019 19:00,48872.834,24%,,,,,,,,,,
01/11/2019 20:00,46584.615,23%,,,,,,,,,,
01/11/2019 21:00,49051.076,25%,,,,,,,,,,
01/11/2019 22:00,57394.131,29%,,,,,,,,,,
01/11/2019 23:00,72857.55,36%,,,,,,,,,,
02/11/2019 00:00,89161.194,45%,,,,,,,,,,
02/11/2019 01:00,96047.354,48%,,,,,,,,,,
02/11/2019 02:00,97095.188,49%,,,,,,,,,,
02/11/2019 03:00,78227.111,39%,,,,,,,,,,
02/11/2019 04:00,65624.204,33%,,,,,,,,,,
02/11/2019 05:00,51808.007,26%,,,,,,,,,,
02/11/2019 06:00,43965.505,22%,,,,,,,,,,
02/11/2019 07:00,35224.821,18%,,,,,,,,,,
02/11/2019 08:00,24402.893,12%,,,,,,,,,,
02/11/2019 09:00,16690.45,8%,,,,,,,,,,
02/11/2019 10:00,11553.446,6%,,,,,,,,,,
02/11/2019 11:00,8510.518,4%,,,,,,,,,,
02/11/2019 12:00,6020.964,3%,,,,,,,,,,
02/11/2019 13:00,4532.862,2%,,,,,,,,,,
02/11/2019 14:00,4989.647,2%,,,,,,,,,,
02/11/2019 15:00,6939.825,3%,,,,,,,,,,
02/11/2019 16:00,9278.641,5%,,,,,,,,,,
02/11/2019 17:00,13072.109,7%,,,,,,,,,,
02/11/2019 18:00,20420.948,10%,,,,,,,,,,
02/11/2019 19:00,29049.728,15%,,,,,,,,,,
02/11/2019 20:00,36660.199,18%,,,,,,,,,,
02/11/2019 21:00,41024.295,21%,,,,,,,,,,
02/11/2019 22:00,40263.999,20%,,,,,,,,,,
02/11/2019 23:00,35122.723,18%,,,,,,,,,,
03/11/2019 00:00,35361.523,18%,,,,,,,,,,
03/11/2019 01:00,42546.422,21%,,,,,,,,,,
03/11/2019 02:00,51192.894,26%,,,,,,,,,,
03/11/2019 03:00,64523.057,32%,,,,,,,,,,
03/11/2019 04:00,73379.825,37%,,,,,,,,,,
03/11/2019 05:00,79795.061,40%,,,,,,,,,,
03/11/2019 06:00,91061.626,46%,,,,,,,,,,
03/11/2019 07:00,93292.154,47%,,,,,,,,,,
03/11/2019 08:00,92041.883,46%,,,,,,,,,,
03/11/2019 09:00,88398.903,44%,,,,,,,,,,
03/11/2019 10:00,80252.063,40%,,,,,,,,,,
03/11/2019 11:00,88491.821,44%,,,,,,,,,,
03/11/2019 12:00,82000.131,41%,,,,,,,,,,
03/11/2019 13:00,64018.536,32%,,,,,,,,,,
03/11/2019 14:00,58149.261,29%,,,,,,,,,,
03/11/2019 15:00,64740.928,32%,,,,,,,,,,
03/11/2019 16:00,72849.585,36%,,,,,,,,,,
03/11/2019 17:00,80883.944,40%,,,,,,,,,,
03/11/2019 18:00,84439.457,42%,,,,,,,,,,
03/11/2019 19:00,89403.779,45%,,,,,,,,,,
03/11/2019 20:00,91764.658,46%,,,,,,,,,,
03/11/2019 21:00,99308.787,50%,,,,,,,,,,
03/11/2019 22:00,107514.729,54%,,,,,,,,,,
03/11/2019 23:00,102611.649,51%,,,,,,,,,,
04/11/2019 00:00,100761.652,50%,,,,,,,,,,
04/11/2019 01:00,106547.309,53%,,,,,,,,,,
04/11/2019 02:00,105851.183,53%,,,,,,,,,,
04/11/2019 03:00,95187.535,48%,,,,,,,,,,
04/11/2019 04:00,87552.185,44%,,,,,,,,,,
04/11/2019 05:00,93742.489,47%,,,,,,,,,,
04/11/2019 06:00,93789.202,47%,,,,,,,,,,
04/11/2019 07:00,98943.19,49%,,,,,,,,,,
04/11/2019 08:00,103705.878,52%,,,,,,,,,,
04/11/2019 09:00,117898.403,59%,,,,,,,,,,
04/11/2019 10:00,126517.493,63%,,,,,,,,,,
04/11/2019 11:00,139398.48,70%,,,,,,,,,,
04/11/2019 12:00,146876.695,73%,,,,,,,,,,
04/11/2019 13:00,154877.903,77%,,,,,,,,,,
04/11/2019 14:00,159984.071,80%,,,,,,,,,,
04/11/2019 15:00,166151.074,83%,,,,,,,,,,
04/11/2019 16:00,167695.782,84%,,,,,,,,,,
04/11/2019 17:00,164445.133,82%,,,,,,,,,,
04/11/2019 18:00,157630.062,79%,,,,,,,,,,
04/11/2019 19:00,151569.061,76%,,,,,,,,,,
04/11/2019 20:00,149626.877,75%,,,,,,,,,,
04/11/2019 21:00,148801.034,74%,,,,,,,,,,
04/11/2019 22:00,147851.977,74%,,,,,,,,,,
04/11/2019 23:00,146400.008,73%,,,,,,,,,,
05/11/2019 00:00,144359.863,72%,,,,,,,,,,
05/11/2019 01:00,140272.037,70%,,,,,,,,,,
05/11/2019 02:00,133635.898,67%,,,,,,,,,,
05/11/2019 03:00,123163.6,62%,,,,,,,,,,
05/11/2019 04:00,112126.627,56%,,,,,,,,,,
05/11/2019 05:00,101883.158,51%,,,,,,,,,,
05/11/2019 06:00,95272.367,48%,,,,,,,,,,
05/11/2019 07:00,82811.038,41%,,,,,,,,,,
05/11/2019 08:00,67483.829,34%,,,,,,,,,,
05/11/2019 09:00,51012.501,26%,,,,,,,,,,
05/11/2019 10:00,42320.675,21%,,,,,,,,,,
05/11/2019 11:00,49731.339,25%,,,,,,,,,,
05/11/2019 12:00,41901.684,21%,,,,,,,,,,
05/11/2019 13:00,30809.036,15%,,,,,,,,,,
05/11/2019 14:00,22371.218,11%,,,,,,,,,,
05/11/2019 15:00,18270.987,9%,,,,,,,,,,
05/11/2019 16:00,17278.514,9%,,,,,,,,,,
05/11/2019 17:00,15957.244,8%,,,,,,,,,,
05/11/2019 18:00,14422.448,7%,,,,,,,,,,
05/11/2019 19:00,12329.986,6%,,,,,,,,,,
05/11/2019 20:00,10472.487,5%,,,,,,,,,,
05/11/2019 21:00,9907.645,5%,,,,,,,,,,
05/11/2019 22:00,9827.498,5%,,,,,,,,,,
05/11/2019 23:00,9266.536,5%,,,,,,,,,,
06/11/2019 00:00,9771.72,5%,,,,,,,,,,
06/11/2019 01:00,10413.07,5%,,,,,,,,,,
06/11/2019 02:00,8590.075,4%,,,,,,,,,,
06/11/2019 03:00,5839.867,3%,,,,,,,,,,
06/11/2019 04:00,6103.234,3%,,,,,,,,,,
06/11/2019 05:00,12208.007,6%,,,,,,,,,,
06/11/2019 06:00,16318.347,8%,,,,,,,,,,
06/11/2019 07:00,14306.753,7%,,,,,,,,,,
06/11/2019 08:00,13904.056,7%,,,,,,,,,,
06/11/2019 09:00,13652.072,7%,,,,,,,,,,
06/11/2019 10:00,14347.655,7%,,,,,,,,,,
06/11/2019 11:00,15929.517,8%,,,,,,,,,,
06/11/2019 12:00,17183.791,9%,,,,,,,,,,
06/11/2019 13:00,19152.92,10%,,,,,,,,,,
06/11/2019 14:00,23185.153,12%,,,,,,,,,,
06/11/2019 15:00,29541.75,15%,,,,,,,,,,
06/11/2019 16:00,35560.876,18%,,,,,,,,,,
06/11/2019 17:00,44538.732,22%,,,,,,,,,,
06/11/2019 18:00,51013.558,26%,,,,,,,,,,
06/11/2019 19:00,52277.647,26%,,,,,,,,,,
06/11/2019 20:00,50199.166,25%,,,,,,,,,,
06/11/2019 21:00,50522.462,25%,,,,,,,,,,
06/11/2019 22:00,53926.758,27%,,,,,,,,,,
06/11/2019 23:00,53403.882,27%,,,,,,,,,,
07/11/2019 00:00,56774.758,28%,,,,,,,,,,
07/11/2019 01:00,57755.175,29%,,,,,,,,,,
07/11/2019 02:00,57779.935,29%,,,,,,,,,,
07/11/2019 03:00,59311.799,30%,,,,,,,,,,
07/11/2019 04:00,64422.276,32%,,,,,,,,,,
07/11/2019 05:00,72283.305,36%,,,,,,,,,,
07/11/2019 06:00,77164.164,39%,,,,,,,,,,
07/11/2019 07:00,96291.544,48%,,,,,,,,,,
07/11/2019 08:00,101655.588,51%,,,,,,,,,,
07/11/2019 09:00,102770.63,51%,,,,,,,,,,
07/11/2019 10:00,109471.341,55%,,,,,,,,,,
07/11/2019 11:00,123572.89,62%,,,,,,,,,,
07/11/2019 12:00,133238.677,67%,,,,,,,,,,
07/11/2019 13:00,146944.535,73%,,,,,,,,,,
07/11/2019 14:00,153147.547,77%,,,,,,,,,,
07/11/2019 15:00,157125.409,79%,,,,,,,,,,
07/11/2019 16:00,156491.675,78%,,,,,,,,,,
07/11/2019 17:00,150623.392,75%,,,,,,,,,,
07/11/2019 18:00,142056.067,71%,,,,,,,,,,
07/11/2019 19:00,135859.327,68%,,,,,,,,,,
07/11/2019 20:00,126091.396,63%,,,,,,,,,,
07/11/2019 21:00,111154.72,56%,,,,,,,,,,
07/11/2019 22:00,105961.247,53%,,,,,,,,,,
07/11/2019 23:00,103705.458,52%,,,,,,,,,,
08/11/2019 00:00,99036.356,50%,,,,,,,,,,
08/11/2019 01:00,96531.049,48%,,,,,,,,,,
08/11/2019 02:00,92486.338,46%,,,,,,,,,,
08/11/2019 03:00,86012.312,43%,,,,,,,,,,
08/11/2019 04:00,77668.147,39%,,,,,,,,,,
08/11/2019 05:00,69310.972,35%,,,,,,,,,,
08/11/2019 06:00,62137.42,31%,,,,,,,,,,
08/11/2019 07:00,53933.276,27%,,,,,,,,,,
08/11/2019 08:00,47217.66,24%,,,,,,,,,,
08/11/2019 09:00,33794.075,17%,,,,,,,,,,
08/11/2019 10:00,23996.67,12%,,,,,,,,,,
08/11/2019 11:00,23539.669,12%,,,,,,,,,,
08/11/2019 12:00,20871.562,10%,,,,,,,,,,
08/11/2019 13:00,16587.549,8%,,,,,,,,,,
08/11/2019 14:00,15282.109,8%,,,,,,,,,,
08/11/2019 15:00,18565.055,9%,,,,,,,,,,
08/11/2019 16:00,21576.723,11%,,,,,,,,,,
08/11/2019 17:00,17479.19,9%,,,,,,,,,,
08/11/2019 18:00,14385.523,7%,,,,,,,,,,
08/11/2019 19:00,15276.41,8%,,,,,,,,,,
08/11/2019 20:00,19061.591,10%,,,,,,,,,,
08/11/2019 21:00,24936.108,12%,,,,,,,,,,
08/11/2019 22:00,31105.183,16%,,,,,,,,,,
08/11/2019 23:00,36232.819,18%,,,,,,,,,,
09/11/2019 00:00,40440.424,20%,,,,,,,,,,
09/11/2019 01:00,44609.449,22%,,,,,,,,,,
09/11/2019 02:00,51264.982,26%,,,,,,,,,,
09/11/2019 03:00,56822.33,28%,,,,,,,,,,
09/11/2019 04:00,65646.331,33%,,,,,,,,,,
09/11/2019 05:00,71399.836,36%,,,,,,,,,,
09/11/2019 06:00,75261.738,38%,,,,,,,,,,
09/11/2019 07:00,80480.426,40%,,,,,,,,,,
09/11/2019 08:00,84903.306,42%,,,,,,,,,,
09/11/2019 09:00,83068.061,42%,,,,,,,,,,
09/11/2019 10:00,76682.559,38%,,,,,,,,,,
09/11/2019 11:00,68123.751,34%,,,,,,,,,,
09/11/2019 12:00,58819.951,29%,,,,,,,,,,
09/11/2019 13:00,55972.652,28%,,,,,,,,,,
09/11/2019 14:00,57428.657,29%,,,,,,,,,,
09/11/2019 15:00,62239.403,31%,,,,,,,,,,
09/11/2019 16:00,68033.997,34%,,,,,,,,,,
09/11/2019 17:00,67932.21,34%,,,,,,,,,,
09/11/2019 18:00,66836.633,33%,,,,,,,,,,
09/11/2019 19:00,67197.071,34%,,,,,,,,,,
09/11/2019 20:00,65549.585,33%,,,,,,,,,,
09/11/2019 21:00,63326.905,32%,,,,,,,,,,
09/11/2019 22:00,61866.952,31%,,,,,,,,,,
09/11/2019 23:00,60497.57,30%,,,,,,,,,,
10/11/2019 00:00,58874.708,29%,,,,,,,,,,
10/11/2019 01:00,57112.449,29%,,,,,,,,,,
10/11/2019 02:00,52892.804,26%,,,,,,,,,,
10/11/2019 03:00,46112.685,23%,,,,,,,,,,
10/11/2019 04:00,40062.353,20%,,,,,,,,,,
10/11/2019 05:00,36666.046,18%,,,,,,,,,,
10/11/2019 06:00,35556.845,18%,,,,,,,,,,
10/11/2019 07:00,33869.239,17%,,,,,,,,,,
10/11/2019 08:00,35372.424,18%,,,,,,,,,,
10/11/2019 09:00,37351.668,19%,,,,,,,,,,
10/11/2019 10:00,22217.784,11%,,,,,,,,,,
10/11/2019 11:00,11573.724,6%,,,,,,,,,,
10/11/2019 12:00,13514.215,7%,,,,,,,,,,
10/11/2019 13:00,19611.962,10%,,,,,,,,,,
10/11/2019 14:00,30520.199,15%,,,,,,,,,,
10/11/2019 15:00,47490.295,24%,,,,,,,,,,
10/11/2019 16:00,53924.578,27%,,,,,,,,,,
10/11/2019 17:00,59565.663,30%,,,,,,,,,,
10/11/2019 18:00,66567.74,33%,,,,,,,,,,
10/11/2019 19:00,64521.297,32%,,,,,,,,,,
10/11/2019 20:00,69689.44,35%,,,,,,,,,,
10/11/2019 21:00,81747.684,41%,,,,,,,,,,
10/11/2019 22:00,81267.489,41%,,,,,,,,,,
10/11/2019 23:00,83624.691,42%,,,,,,,,,,
11/11/2019 00:00,77255.932,39%,,,,,,,,,,
11/11/2019 01:00,60497.797,30%,,,,,,,,,,
11/11/2019 02:00,44739.97,22%,,,,,,,,,,
11/11/2019 03:00,26387.903,13%,,,,,,,,,,
11/11/2019 04:00,23583.752,12%,,,,,,,,,,
11/11/2019 05:00,44604.331,22%,,,,,,,,,,
11/11/2019 06:00,82002.371,41%,,,,,,,,,,
11/11/2019 07:00,123574.391,62%,,,,,,,,,,
11/11/2019 08:00,137157.946,69%,,,,,,,,,,
11/11/2019 09:00,136437.586,68%,,,,,,,,,,
11/11/2019 10:00,133154.464,67%,,,,,,,,,,
11/11/2019 11:00,147525.2,74%,,,,,,,,,,
11/11/2019 12:00,150577.774,75%,,,,,,,,,,
11/11/2019 13:00,152690.111,76%,,,,,,,,,,
11/11/2019 14:00,154668.114,77%,,,,,,,,,,
11/11/2019 15:00,154912.981,77%,,,,,,,,,,
11/11/2019 16:00,153067.329,77%,,,,,,,,,,
11/11/2019 17:00,150952.226,75%,,,,,,,,,,
11/11/2019 18:00,150186.489,75%,,,,,,,,,,
11/11/2019 19:00,148083.509,74%,,,,,,,,,,
11/11/2019 20:00,140639.576,70%,,,,,,,,,,
11/11/2019 21:00,130778.68,65%,,,,,,,,,,
11/11/2019 22:00,120243.863,60%,,,,,,,,,,
11/11/2019 23:00,101694.211,51%,,,,,,,,,,
12/11/2019 00:00,84459.198,42%,,,,,,,,,,
12/11/2019 01:00,72868.142,36%,,,,,,,,,,
12/11/2019 02:00,73387.981,37%,,,,,,,,,,
12/11/2019 03:00,79557.376,40%,,,,,,,,,,
12/11/2019 04:00,93583.202,47%,,,,,,,,,,
12/11/2019 05:00,111571.305,56%,,,,,,,,,,
12/11/2019 06:00,128509.373,64%,,,,,,,,,,
12/11/2019 07:00,140070.489,70%,,,,,,,,,,
12/11/2019 08:00,142402.664,71%,,,,,,,,,,
12/11/2019 09:00,140507.002,70%,,,,,,,,,,
12/11/2019 10:00,131006.364,66%,,,,,,,,,,
12/11/2019 11:00,122759.994,61%,,,,,,,,,,
12/11/2019 12:00,117406.027,59%,,,,,,,,,,
12/11/2019 13:00,111910.15,56%,,,,,,,,,,
12/11/2019 14:00,103158.805,52%,,,,,,,,,,
12/11/2019 15:00,91330.636,46%,,,,,,,,,,
12/11/2019 16:00,83197.891,42%,,,,,,,,,,
12/11/2019 17:00,75030.623,38%,,,,,,,,,,
12/11/2019 18:00,69482.433,35%,,,,,,,,,,
12/11/2019 19:00,64423.249,32%,,,,,,,,,,
12/11/2019 20:00,59143.812,30%,,,,,,,,,,
12/11/2019 21:00,53391.414,27%,,,,,,,,,,
12/11/2019 22:00,43960.641,22%,,,,,,,,,,
12/11/2019 23:00,32846.032,16%,,,,,,,,,,
13/11/2019 00:00,23571.768,12%,,,,,,,,,,
13/11/2019 01:00,15442.051,8%,,,,,,,,,,
13/11/2019 02:00,9023.048,5%,,,,,,,,,,
13/11/2019 03:00,6021.939,3%,,,,,,,,,,
13/11/2019 04:00,4436.15,2%,,,,,,,,,,
13/11/2019 05:00,2380.739,1%,,,,,,,,,,
13/11/2019 06:00,808.602,0%,,,,,,,,,,
13/11/2019 07:00,1549.816,1%,,,,,,,,,,
13/11/2019 08:00,5237.485,3%,,,,,,,,,,
13/11/2019 09:00,9889.439,5%,,,,,,,,,,
13/11/2019 10:00,13068.407,7%,,,,,,,,,,
13/11/2019 11:00,16815.244,8%,,,,,,,,,,
13/11/2019 12:00,21628.496,11%,,,,,,,,,,
13/11/2019 13:00,27041.28,14%,,,,,,,,,,
13/11/2019 14:00,32432.686,16%,,,,,,,,,,
13/11/2019 15:00,40518.329,20%,,,,,,,,,,
13/11/2019 16:00,52749.302,26%,,,,,,,,,,
13/11/2019 17:00,62020.313,31%,,,,,,,,,,
13/11/2019 18:00,68988.574,34%,,,,,,,,,,
13/11/2019 19:00,78782.018,39%,,,,,,,,,,
13/11/2019 20:00,78550.605,39%,,,,,,,,,,
13/11/2019 21:00,79131.488,40%,,,,,,,,,,
13/11/2019 22:00,77441.358,39%,,,,,,,,,,
13/11/2019 23:00,74717.985,37%,,,,,,,,,,
14/11/2019 00:00,70810.066,35%,,,,,,,,,,
14/11/2019 01:00,70386.944,35%,,,,,,,,,,
14/11/2019 02:00,65036.015,33%,,,,,,,,,,
14/11/2019 03:00,61680.364,31%,,,,,,,,,,
14/11/2019 04:00,63542.293,32%,,,,,,,,,,
14/11/2019 05:00,66827.286,33%,,,,,,,,,,
14/11/2019 06:00,72326.439,36%,,,,,,,,,,
14/11/2019 07:00,79015.3,40%,,,,,,,,,,
14/11/2019 08:00,93261.547,47%,,,,,,,,,,
14/11/2019 09:00,87691.117,44%,,,,,,,,,,
14/11/2019 10:00,82223.065,41%,,,,,,,,,,
14/11/2019 11:00,78208.839,39%,,,,,,,,,,
14/11/2019 12:00,78508.766,39%,,,,,,,,,,
14/11/2019 13:00,86375.371,43%,,,,,,,,,,
14/11/2019 14:00,89203.139,45%,,,,,,,,,,
14/11/2019 15:00,95406.176,48%,,,,,,,,,,
14/11/2019 16:00,105068.883,53%,,,,,,,,,,
14/11/2019 17:00,108822.248,54%,,,,,,,,,,
14/11/2019 18:00,114296.541,57%,,,,,,,,,,
14/11/2019 19:00,111754.796,56%,,,,,,,,,,
14/11/2019 20:00,105489.455,53%,,,,,,,,,,
14/11/2019 21:00,107769.299,54%,,,,,,,,,,
14/11/2019 22:00,108266.832,54%,,,,,,,,,,
14/11/2019 23:00,106800.876,53%,,,,,,,,,,
15/11/2019 00:00,112017.051,56%,,,,,,,,,,
15/11/2019 01:00,103687.155,52%,,,,,,,,,,
15/11/2019 02:00,101347.556,51%,,,,,,,,,,
15/11/2019 03:00,101239.03,51%,,,,,,,,,,
15/11/2019 04:00,101095.415,51%,,,,,,,,,,
15/11/2019 05:00,98768.397,49%,,,,,,,,,,
15/11/2019 06:00,96923.893,48%,,,,,,,,,,
15/11/2019 07:00,93798.408,47%,,,,,,,,,,
15/11/2019 08:00,90122.343,45%,,,,,,,,,,
15/11/2019 09:00,81454.008,41%,,,,,,,,,,
15/11/2019 10:00,72061.118,36%,,,,,,,,,,
15/11/2019 11:00,71982.243,36%,,,,,,,,,,
15/11/2019 12:00,66835.914,33%,,,,,,,,,,
15/11/2019 13:00,70441.775,35%,,,,,,,,,,
15/11/2019 14:00,65543.812,33%,,,,,,,,,,
15/11/2019 15:00,72374.17,36%,,,,,,,,,,
15/11/2019 16:00,76994.217,38%,,,,,,,,,,
15/11/2019 17:00,77503.613,39%,,,,,,,,,,
15/11/2019 18:00,73856.893,37%,,,,,,,,,,
15/11/2019 19:00,71533.849,36%,,,,,,,,,,
15/11/2019 20:00,67250.282,34%,,,,,,,,,,
15/11/2019 21:00,62502.876,31%,,,,,,,,,,
15/11/2019 22:00,56226.956,28%,,,,,,,,,,
15/11/2019 23:00,51076.916,26%,,,,,,,,,,
16/11/2019 00:00,46141.678,23%,,,,,,,,,,
16/11/2019 01:00,42859.813,21%,,,,,,,,,,
16/11/2019 02:00,39283.163,20%,,,,,,,,,,
16/11/2019 03:00,34966.532,17%,,,,,,,,,,
16/11/2019 04:00,32341.927,16%,,,,,,,,,,
16/11/2019 05:00,32159.514,16%,,,,,,,,,,
16/11/2019 06:00,31689.09,16%,,,,,,,,,,
16/11/2019 07:00,30519.043,15%,,,,,,,,,,
16/11/2019 08:00,27606.866,14%,,,,,,,,,,
16/11/2019 09:00,21131.312,11%,,,,,,,,,,
16/11/2019 10:00,14255.559,7%,,,,,,,,,,
16/11/2019 11:00,10039.208,5%,,,,,,,,,,
16/11/2019 12:00,8209.695,4%,,,,,,,,,,
16/11/2019 13:00,7790.771,4%,,,,,,,,,,
16/11/2019 14:00,9012.667,5%,,,,,,,,,,
16/11/2019 15:00,9819.28,5%,,,,,,,,,,
16/11/2019 16:00,9940.765,5%,,,,,,,,,,
16/11/2019 17:00,9211.203,5%,,,,,,,,,,
16/11/2019 18:00,7781.793,4%,,,,,,,,,,
16/11/2019 19:00,6800.093,3%,,,,,,,,,,
16/11/2019 20:00,6328.88,3%,,,,,,,,,,
16/11/2019 21:00,6390.659,3%,,,,,,,,,,
16/11/2019 22:00,6235.945,3%,,,,,,,,,,
16/11/2019 23:00,5962.284,3%,,,,,,,,,,
17/11/2019 00:00,5549.277,3%,,,,,,,,,,
17/11/2019 01:00,5210.353,3%,,,,,,,,,,
17/11/2019 02:00,5148.056,3%,,,,,,,,,,
17/11/2019 03:00,5826.622,3%,,,,,,,,,,
17/11/2019 04:00,7855.798,4%,,,,,,,,,,
17/11/2019 05:00,10855.997,5%,,,,,,,,,,
17/11/2019 06:00,13658.532,7%,,,,,,,,,,
17/11/2019 07:00,15154.19,8%,,,,,,,,,,
17/11/2019 08:00,16527.005,8%,,,,,,,,,,
17/11/2019 09:00,18495.912,9%,,,,,,,,,,
17/11/2019 10:00,20247.899,10%,,,,,,,,,,
17/11/2019 11:00,21426.393,11%,,,,,,,,,,
17/11/2019 12:00,26271.2,13%,,,,,,,,,,
17/11/2019 13:00,29378.706,15%,,,,,,,,,,
17/11/2019 14:00,32264.591,16%,,,,,,,,,,
17/11/2019 15:00,35701.421,18%,,,,,,,,,,
17/11/2019 16:00,37932.327,19%,,,,,,,,,,
17/11/2019 17:00,34949.557,17%,,,,,,,,,,
17/11/2019 18:00,30719.067,15%,,,,,,,,,,
17/11/2019 19:00,25809.831,13%,,,,,,,,,,
17/11/2019 20:00,23744.022,12%,,,,,,,,,,
17/11/2019 21:00,25180.897,13%,,,,,,,,,,
17/11/2019 22:00,24332.874,12%,,,,,,,,,,
17/11/2019 23:00,20163.77,10%,,,,,,,,,,
18/11/2019 00:00,15783.262,8%,,,,,,,,,,
18/11/2019 01:00,13244.087,7%,,,,,,,,,,
18/11/2019 02:00,12391.366,6%,,,,,,,,,,
18/11/2019 03:00,11799.857,6%,,,,,,,,,,
18/11/2019 04:00,10340.19,5%,,,,,,,,,,
18/11/2019 05:00,9222.491,5%,,,,,,,,,,
18/11/2019 06:00,8547.327,4%,,,,,,,,,,
18/11/2019 07:00,7877.505,4%,,,,,,,,,,
18/11/2019 08:00,6808.101,3%,,,,,,,,,,
18/11/2019 09:00,4762.795,2%,,,,,,,,,,
18/11/2019 10:00,2035.152,1%,,,,,,,,,,
18/11/2019 11:00,758.882,0%,,,,,,,,,,
18/11/2019 12:00,452.312,0%,,,,,,,,,,
18/11/2019 13:00,504.976,0%,,,,,,,,,,
18/11/2019 14:00,747.721,0%,,,,,,,,,,
18/11/2019 15:00,1583.516,1%,,,,,,,,,,
18/11/2019 16:00,2847.051,1%,,,,,,,,,,
18/11/2019 17:00,4031.248,2%,,,,,,,,,,
18/11/2019 18:00,5825.778,3%,,,,,,,,,,
18/11/2019 19:00,8026.251,4%,,,,,,,,,,
18/11/2019 20:00,8938.272,4%,,,,,,,,,,
18/11/2019 21:00,10100.261,5%,,,,,,,,,,
18/11/2019 22:00,12005.827,6%,,,,,,,,,,
18/11/2019 23:00,13835.393,7%,,,,,,,,,,
19/11/2019 00:00,16812.38,8%,,,,,,,,,,
19/11/2019 01:00,20649.631,10%,,,,,,,,,,
19/11/2019 02:00,24539.721,12%,,,,,,,,,,
19/11/2019 03:00,26078.491,13%,,,,,,,,,,
19/11/2019 04:00,26914.868,13%,,,,,,,,,,
19/11/2019 05:00,28288.834,14%,,,,,,,,,,
19/11/2019 06:00,28799.824,14%,,,,,,,,,,
19/11/2019 07:00,28799.993,14%,,,,,,,,,,
19/11/2019 08:00,30915.955,15%,,,,,,,,,,
19/11/2019 09:00,32530.568,16%,,,,,,,,,,
19/11/2019 10:00,33842.152,17%,,,,,,,,,,
19/11/2019 11:00,37261.039,19%,,,,,,,,,,
19/11/2019 12:00,40579.694,20%,,,,,,,,,,
19/11/2019 13:00,45586.023,23%,,,,,,,,,,
19/11/2019 14:00,54876.909,27%,,,,,,,,,,
19/11/2019 15:00,67369.082,34%,,,,,,,,,,
19/11/2019 16:00,88424.451,44%,,,,,,,,,,
19/11/2019 17:00,95475.323,48%,,,,,,,,,,
19/11/2019 18:00,79554.122,40%,,,,,,,,,,
19/11/2019 19:00,72645.808,36%,,,,,,,,,,
19/11/2019 20:00,74718.994,37%,,,,,,,,,,
19/11/2019 21:00,79152.018,40%,,,,,,,,,,
19/11/2019 22:00,85010.243,43%,,,,,,,,,,
19/11/2019 23:00,86922.49,43%,,,,,,,,,,
20/11/2019 00:00,89403.218,45%,,,,,,,,,,
20/11/2019 01:00,94427.246,47%,,,,,,,,,,
20/11/2019 02:00,95190.123,48%,,,,,,,,,,
20/11/2019 03:00,88853.094,44%,,,,,,,,,,
20/11/2019 04:00,83111.374,42%,,,,,,,,,,
20/11/2019 05:00,82907.15,41%,,,,,,,,,,
20/11/2019 06:00,86217.331,43%,,,,,,,,,,
20/11/2019 07:00,89574.327,45%,,,,,,,,,,
20/11/2019 08:00,91879.898,46%,,,,,,,,,,
20/11/2019 09:00,90103.196,45%,,,,,,,,,,
20/11/2019 10:00,86627.939,43%,,,,,,,,,,
20/11/2019 11:00,81183.17,41%,,,,,,,,,,
20/11/2019 12:00,79018.501,40%,,,,,,,,,,
20/11/2019 13:00,90058.074,45%,,,,,,,,,,
20/11/2019 14:00,93429.373,47%,,,,,,,,,,
20/11/2019 15:00,93919.493,47%,,,,,,,,,,
20/11/2019 16:00,98770.183,49%,,,,,,,,,,
20/11/2019 17:00,95410.869,48%,,,,,,,,,,
20/11/2019 18:00,94212.486,47%,,,,,,,,,,
20/11/2019 19:00,95931.328,48%,,,,,,,,,,
20/11/2019 20:00,94131.034,47%,,,,,,,,,,
20/11/2019 21:00,92510.516,46%,,,,,,,,,,
20/11/2019 22:00,96288.117,48%,,,,,,,,,,
20/11/2019 23:00,104271.197,52%,,,,,,,,,,
21/11/2019 00:00,106592.622,53%,,,,,,,,,,
21/11/2019 01:00,106972.731,53%,,,,,,,,,,
21/11/2019 02:00,108134.723,54%,,,,,,,,,,
21/11/2019 03:00,111287.826,56%,,,,,,,,,,
21/11/2019 04:00,114750.665,57%,,,,,,,,,,
21/11/2019 05:00,116596.123,58%,,,,,,,,,,
21/11/2019 06:00,116790.213,58%,,,,,,,,,,
21/11/2019 07:00,114636.215,57%,,,,,,,,,,
21/11/2019 08:00,111662.693,56%,,,,,,,,,,
21/11/2019 09:00,107931.22,54%,,,,,,,,,,
21/11/2019 10:00,101933.491,51%,,,,,,,,,,
21/11/2019 11:00,102062.801,51%,,,,,,,,,,
21/11/2019 12:00,105069.183,53%,,,,,,,,,,
21/11/2019 13:00,113158.09,57%,,,,,,,,,,
21/11/2019 14:00,116592.224,58%,,,,,,,,,,
21/11/2019 15:00,122914.803,61%,,,,,,,,,,
21/11/2019 16:00,122042.957,61%,,,,,,,,,,
21/11/2019 17:00,124071.335,62%,,,,,,,,,,
21/11/2019 18:00,123982.641,62%,,,,,,,,,,
21/11/2019 19:00,117908.205,59%,,,,,,,,,,
21/11/2019 20:00,101173.006,51%,,,,,,,,,,
21/11/2019 21:00,99593.155,50%,,,,,,,,,,
21/11/2019 22:00,95739.327,48%,,,,,,,,,,
21/11/2019 23:00,91881.813,46%,,,,,,,,,,
22/11/2019 00:00,87329.789,44%,,,,,,,,,,
22/11/2019 01:00,85988.38,43%,,,,,,,,,,
22/11/2019 02:00,86272.561,43%,,,,,,,,,,
22/11/2019 03:00,86344.08,43%,,,,,,,,,,
22/11/2019 04:00,85116.644,43%,,,,,,,,,,
22/11/2019 05:00,87453.921,44%,,,,,,,,,,
22/11/2019 06:00,86363.366,43%,,,,,,,,,,
22/11/2019 07:00,88853.532,44%,,,,,,,,,,
22/11/2019 08:00,95187.749,48%,,,,,,,,,,
22/11/2019 09:00,93288.669,47%,,,,,,,,,,
22/11/2019 10:00,86746.779,43%,,,,,,,,,,
22/11/2019 11:00,84616.489,42%,,,,,,,,,,
22/11/2019 12:00,86125.374,43%,,,,,,,,,,
22/11/2019 13:00,77669.971,39%,,,,,,,,,,
22/11/2019 14:00,80429.824,40%,,,,,,,,,,
22/11/2019 15:00,86531.004,43%,,,,,,,,,,
22/11/2019 16:00,86440.957,43%,,,,,,,,,,
22/11/2019 17:00,89294.811,45%,,,,,,,,,,
22/11/2019 18:00,81814.519,41%,,,,,,,,,,
22/11/2019 19:00,81266.902,41%,,,,,,,,,,
22/11/2019 20:00,74823.633,37%,,,,,,,,,,
22/11/2019 21:00,74718.063,37%,,,,,,,,,,
22/11/2019 22:00,72659.004,36%,,,,,,,,,,
22/11/2019 23:00,80073.922,40%,,,,,,,,,,
23/11/2019 00:00,79896.075,40%,,,,,,,,,,
23/11/2019 01:00,82002.809,41%,,,,,,,,,,
23/11/2019 02:00,86839.417,43%,,,,,,,,,,
23/11/2019 03:00,87860.841,44%,,,,,,,,,,
23/11/2019 04:00,86033.508,43%,,,,,,,,,,
23/11/2019 05:00,89574.524,45%,,,,,,,,,,
23/11/2019 06:00,94617.484,47%,,,,,,,,,,
23/11/2019 07:00,101075.344,51%,,,,,,,,,,
23/11/2019 08:00,99128.737,50%,,,,,,,,,,
23/11/2019 09:00,99585.377,50%,,,,,,,,,,
23/11/2019 10:00,98768.565,49%,,,,,,,,,,
23/11/2019 11:00,103158.254,52%,,,,,,,,,,
23/11/2019 12:00,114932.057,57%,,,,,,,,,,
23/11/2019 13:00,115544.55,58%,,,,,,,,,,
23/11/2019 14:00,109406.648,55%,,,,,,,,,,
23/11/2019 15:00,105069.974,53%,,,,,,,,,,
23/11/2019 16:00,103158.119,52%,,,,,,,,,,
23/11/2019 17:00,105068.803,53%,,,,,,,,,,
23/11/2019 18:00,97139.373,49%,,,,,,,,,,
23/11/2019 19:00,75790.139,38%,,,,,,,,,,
23/11/2019 20:00,56751.745,28%,,,,,,,,,,
23/11/2019 21:00,43965.912,22%,,,,,,,,,,
23/11/2019 22:00,42727.207,21%,,,,,,,,,,
23/11/2019 23:00,45040.431,23%,,,,,,,,,,
24/11/2019 00:00,41205.611,21%,,,,,,,,,,
24/11/2019 01:00,35330.766,18%,,,,,,,,,,
24/11/2019 02:00,30209.282,15%,,,,,,,,,,
24/11/2019 03:00,27903.789,14%,,,,,,,,,,
24/11/2019 04:00,28843.173,14%,,,,,,,,,,
24/11/2019 05:00,30912.945,15%,,,,,,,,,,
24/11/2019 06:00,31120.977,16%,,,,,,,,,,
24/11/2019 07:00,31887.14,16%,,,,,,,,,,
24/11/2019 08:00,31361.089,16%,,,,,,,,,,
24/11/2019 09:00,29839.364,15%,,,,,,,,,,
24/11/2019 10:00,25519.321,13%,,,,,,,,,,
24/11/2019 11:00,21627.722,11%,,,,,,,,,,
24/11/2019 12:00,19079.626,10%,,,,,,,,,,
24/11/2019 13:00,18428.089,9%,,,,,,,,,,
24/11/2019 14:00,20713.036,10%,,,,,,,,,,
24/11/2019 15:00,24877.571,12%,,,,,,,,,,
24/11/2019 16:00,28335.201,14%,,,,,,,,,,
24/11/2019 17:00,30024.32,15%,,,,,,,,,,
24/11/2019 18:00,29706.606,15%,,,,,,,,,,
24/11/2019 19:00,28973.226,14%,,,,,,,,,,
24/11/2019 20:00,27474.25,14%,,,,,,,,,,
24/11/2019 21:00,27559.168,14%,,,,,,,,,,
24/11/2019 22:00,29524.008,15%,,,,,,,,,,
24/11/2019 23:00,32369.481,16%,,,,,,,,,,
25/11/2019 00:00,35504.858,18%,,,,,,,,,,
25/11/2019 01:00,38338.518,19%,,,,,,,,,,
25/11/2019 02:00,41433.72,21%,,,,,,,,,,
25/11/2019 03:00,42729.081,21%,,,,,,,,,,
25/11/2019 04:00,43284.609,22%,,,,,,,,,,
25/11/2019 05:00,43967.422,22%,,,,,,,,,,
25/11/2019 06:00,45317.255,23%,,,,,,,,,,
25/11/2019 07:00,48145.797,24%,,,,,,,,,,
25/11/2019 08:00,49057.69,25%,,,,,,,,,,
25/11/2019 09:00,49051.911,25%,,,,,,,,,,
25/11/2019 10:00,46141.887,23%,,,,,,,,,,
25/11/2019 11:00,43573.185,22%,,,,,,,,,,
25/11/2019 12:00,43780.148,22%,,,,,,,,,,
25/11/2019 13:00,48136.887,24%,,,,,,,,,,
25/11/2019 14:00,55534.087,28%,,,,,,,,,,
25/11/2019 15:00,64832.451,32%,,,,,,,,,,
25/11/2019 16:00,71004.671,36%,,,,,,,,,,
25/11/2019 17:00,73204.231,37%,,,,,,,,,,
25/11/2019 18:00,71004.915,36%,,,,,,,,,,
25/11/2019 19:00,67117.157,34%,,,,,,,,,,
25/11/2019 20:00,66363.175,33%,,,,,,,,,,
25/11/2019 21:00,68901.179,34%,,,,,,,,,,
25/11/2019 22:00,68643.381,34%,,,,,,,,,,
25/11/2019 23:00,68868.784,34%,,,,,,,,,,
26/11/2019 00:00,64520.431,32%,,,,,,,,,,
26/11/2019 01:00,64140.508,32%,,,,,,,,,,
26/11/2019 02:00,63276.885,32%,,,,,,,,,,
26/11/2019 03:00,64949.162,32%,,,,,,,,,,
26/11/2019 04:00,64018.519,32%,,,,,,,,,,
26/11/2019 05:00,68126.384,34%,,,,,,,,,,
26/11/2019 06:00,72857.947,36%,,,,,,,,,,
26/11/2019 07:00,73292.422,37%,,,,,,,,,,
26/11/2019 08:00,73387.541,37%,,,,,,,,,,
26/11/2019 09:00,72852.309,36%,,,,,,,,,,
26/11/2019 10:00,75789.921,38%,,,,,,,,,,
26/11/2019 11:00,83912.206,42%,,,,,,,,,,
26/11/2019 12:00,91883.12,46%,,,,,,,,,,
26/11/2019 13:00,103158.677,52%,,,,,,,,,,
26/11/2019 14:00,108188.928,54%,,,,,,,,,,
26/11/2019 15:00,106972.723,53%,,,,,,,,,,
26/11/2019 16:00,106045.708,53%,,,,,,,,,,
26/11/2019 17:00,100557.38,50%,,,,,,,,,,
26/11/2019 18:00,88854.76,44%,,,,,,,,,,
26/11/2019 19:00,75382.068,38%,,,,,,,,,,
26/11/2019 20:00,63064.794,32%,,,,,,,,,,
26/11/2019 21:00,54875.474,27%,,,,,,,,,,
26/11/2019 22:00,47020.75,24%,,,,,,,,,,
26/11/2019 23:00,42456.913,21%,,,,,,,,,,
27/11/2019 00:00,37791.175,19%,,,,,,,,,,
27/11/2019 01:00,35773.639,18%,,,,,,,,,,
27/11/2019 02:00,38243.521,19%,,,,,,,,,,
27/11/2019 03:00,41595.257,21%,,,,,,,,,,
27/11/2019 04:00,41905.597,21%,,,,,,,,,,
27/11/2019 05:00,43163.377,22%,,,,,,,,,,
27/11/2019 06:00,41540.629,21%,,,,,,,,,,
27/11/2019 07:00,40173.633,20%,,,,,,,,,,
27/11/2019 08:00,36160.456,18%,,,,,,,,,,
27/11/2019 09:00,30916.175,15%,,,,,,,,,,
27/11/2019 10:00,24932.495,12%,,,,,,,,,,
27/11/2019 11:00,24229.666,12%,,,,,,,,,,
27/11/2019 12:00,28797.35,14%,,,,,,,,,,
27/11/2019 13:00,27903.067,14%,,,,,,,,,,
27/11/2019 14:00,29199.096,15%,,,,,,,,,,
27/11/2019 15:00,36474.963,18%,,,,,,,,,,
27/11/2019 16:00,43393.476,22%,,,,,,,,,,
27/11/2019 17:00,46138.052,23%,,,,,,,,,,
27/11/2019 18:00,51494.428,26%,,,,,,,,,,
27/11/2019 19:00,54884.716,27%,,,,,,,,,,
27/11/2019 20:00,58267.188,29%,,,,,,,,,,
27/11/2019 21:00,62242.887,31%,,,,,,,,,,
27/11/2019 22:00,72323.887,36%,,,,,,,,,,
27/11/2019 23:00,79553.571,40%,,,,,,,,,,
28/11/2019 00:00,85782.686,43%,,,,,,,,,,
28/11/2019 01:00,93759.086,47%,,,,,,,,,,
28/11/2019 02:00,103120.735,52%,,,,,,,,,,
28/11/2019 03:00,105974.349,53%,,,,,,,,,,
28/11/2019 04:00,105670.981,53%,,,,,,,,,,
28/11/2019 05:00,103704.577,52%,,,,,,,,,,
28/11/2019 06:00,107224.04,54%,,,,,,,,,,
28/11/2019 07:00,112931.794,56%,,,,,,,,,,
28/11/2019 08:00,116070.456,58%,,,,,,,,,,
28/11/2019 09:00,108011.014,54%,,,,,,,,,,
28/11/2019 10:00,90776.633,45%,,,,,,,,,,
28/11/2019 11:00,79561.228,40%,,,,,,,,,,
28/11/2019 12:00,83169.833,42%,,,,,,,,,,
28/11/2019 13:00,69415.924,35%,,,,,,,,,,
28/11/2019 14:00,62684.802,31%,,,,,,,,,,
28/11/2019 15:00,63253.085,32%,,,,,,,,,,
28/11/2019 16:00,61727.445,31%,,,,,,,,,,
28/11/2019 17:00,58765.657,29%,,,,,,,,,,
28/11/2019 18:00,54922.521,27%,,,,,,,,,,
28/11/2019 19:00,51043.982,26%,,,,,,,,,,
28/11/2019 20:00,46586.877,23%,,,,,,,,,,
28/11/2019 21:00,46073.386,23%,,,,,,,,,,
28/11/2019 22:00,46584.391,23%,,,,,,,,,,
28/11/2019 23:00,47105.418,24%,,,,,,,,,,
29/11/2019 00:00,45051.223,23%,,,,,,,,,,
29/11/2019 01:00,41515.746,21%,,,,,,,,,,
29/11/2019 02:00,38356.7,19%,,,,,,,,,,
29/11/2019 03:00,35937.858,18%,,,,,,,,,,
29/11/2019 04:00,34201.774,17%,,,,,,,,,,
29/11/2019 05:00,31814.127,16%,,,,,,,,,,
29/11/2019 06:00,29307.048,15%,,,,,,,,,,
29/11/2019 07:00,26982.17,13%,,,,,,,,,,
29/11/2019 08:00,24973.522,12%,,,,,,,,,,
29/11/2019 09:00,21463.296,11%,,,,,,,,,,
29/11/2019 10:00,16443.99,8%,,,,,,,,,,
29/11/2019 11:00,11481.478,6%,,,,,,,,,,
29/11/2019 12:00,8268.766,4%,,,,,,,,,,
29/11/2019 13:00,6951.881,3%,,,,,,,,,,
29/11/2019 14:00,6873.736,3%,,,,,,,,,,
29/11/2019 15:00,6904.462,3%,,,,,,,,,,
29/11/2019 16:00,7439.812,4%,,,,,,,,,,
29/11/2019 17:00,7607.531,4%,,,,,,,,,,
29/11/2019 18:00,7112.174,4%,,,,,,,,,,
29/11/2019 19:00,7261.051,4%,,,,,,,,,,
29/11/2019 20:00,7975.578,4%,,,,,,,,,,
29/11/2019 21:00,8648.906,4%,,,,,,,,,,
29/11/2019 22:00,8849.445,4%,,,,,,,,,,
29/11/2019 23:00,8519.759,4%,,,,,,,,,,
30/11/2019 00:00,8578.74,4%,,,,,,,,,,
30/11/2019 01:00,9101.484,5%,,,,,,,,,,
30/11/2019 02:00,9880.735,5%,,,,,,,,,,
30/11/2019 03:00,10966.085,5%,,,,,,,,,,
30/11/2019 04:00,12526.796,6%,,,,,,,,,,
30/11/2019 05:00,14294.116,7%,,,,,,,,,,
30/11/2019 06:00,15869.292,8%,,,,,,,,,,
30/11/2019 07:00,17078.109,9%,,,,,,,,,,
30/11/2019 08:00,18489.872,9%,,,,,,,,,,
30/11/2019 09:00,18555.405,9%,,,,,,,,,,
30/11/2019 10:00,16544.671,8%,,,,,,,,,,
30/11/2019 11:00,12973.752,6%,,,,,,,,,,
30/11/2019 12:00,11154.921,6%,,,,,,,,,,
30/11/2019 13:00,11858.912,6%,,,,,,,,,,
30/11/2019 14:00,14872.607,7%,,,,,,,,,,
30/11/2019 15:00,17127.672,9%,,,,,,,,,,
30/11/2019 16:00,16774.098,8%,,,,,,,,,,
30/11/2019 17:00,14749.087,7%,,,,,,,,,,
30/11/2019 18:00,12218.504,6%,,,,,,,,,,
30/11/2019 19:00,8744.188,4%,,,,,,,,,,
30/11/2019 20:00,4901.748,2%,,,,,,,,,,
30/11/2019 21:00,2468.63,1%,,,,,,,,,,
30/11/2019 22:00,1493.091,1%,,,,,,,,,,
30/11/2019 23:00,884.929,0%,,,,,,,,,,
01/12/2019 00:00,1028.364,1%,,,,,,,,,,
01/12/2019 01:00,4037.361,2%,,,,,,,,,,
01/12/2019 02:00,9826.552,5%,,,,,,,,,,
01/12/2019 03:00,16289.051,8%,,,,,,,,,,
01/12/2019 04:00,23112.434,12%,,,,,,,,,,
01/12/2019 05:00,27168.875,14%,,,,,,,,,,
01/12/2019 06:00,31089.731,16%,,,,,,,,,,
01/12/2019 07:00,35767.8,18%,,,,,,,,,,
01/12/2019 08:00,33173.664,17%,,,,,,,,,,
01/12/2019 09:00,24524.364,12%,,,,,,,,,,
01/12/2019 10:00,23639.23,12%,,,,,,,,,,
01/12/2019 11:00,25185.428,13%,,,,,,,,,,
01/12/2019 12:00,22901.879,11%,,,,,,,,,,
01/12/2019 13:00,23862.665,12%,,,,,,,,,,
01/12/2019 14:00,33489.029,17%,,,,,,,,,,
01/12/2019 15:00,45478.808,23%,,,,,,,,,,
01/12/2019 16:00,57161.857,29%,,,,,,,,,,
01/12/2019 17:00,64411.58,32%,,,,,,,,,,
01/12/2019 18:00,62145.836,31%,,,,,,,,,,
01/12/2019 19:00,65031.085,33%,,,,,,,,,,
01/12/2019 20:00,71556.996,36%,,,,,,,,,,
01/12/2019 21:00,75788.969,38%,,,,,,,,,,
01/12/2019 22:00,79015.18,40%,,,,,,,,,,
01/12/2019 23:00,68648.023,34%,,,,,,,,,,
02/12/2019 00:00,64518.991,32%,,,,,,,,,,
02/12/2019 01:00,68446.185,34%,,,,,,,,,,
02/12/2019 02:00,70528.284,35%,,,,,,,,,,
02/12/2019 03:00,72852.831,36%,,,,,,,,,,
02/12/2019 04:00,74605.381,37%,,,,,,,,,,
02/12/2019 05:00,74502.545,37%,,,,,,,,,,
02/12/2019 06:00,75251.027,38%,,,,,,,,,,
02/12/2019 07:00,75784.508,38%,,,,,,,,,,
02/12/2019 08:00,77511.205,39%,,,,,,,,,,
02/12/2019 09:00,80673.856,40%,,,,,,,,,,
02/12/2019 10:00,83912.195,42%,,,,,,,,,,
02/12/2019 11:00,89716.285,45%,,,,,,,,,,
02/12/2019 12:00,100143.708,50%,,,,,,,,,,
02/12/2019 13:00,108680.728,54%,,,,,,,,,,
02/12/2019 14:00,116002.603,58%,,,,,,,,,,
02/12/2019 15:00,113690.453,57%,,,,,,,,,,
02/12/2019 16:00,114863.447,57%,,,,,,,,,,
02/12/2019 17:00,118810.262,59%,,,,,,,,,,
02/12/2019 18:00,119726.312,60%,,,,,,,,,,
02/12/2019 19:00,126093.777,63%,,,,,,,,,,
02/12/2019 20:00,125984.786,63%,,,,,,,,,,
02/12/2019 21:00,124899.768,62%,,,,,,,,,,
02/12/2019 22:00,124682.786,62%,,,,,,,,,,
02/12/2019 23:00,121401.979,61%,,,,,,,,,,
03/12/2019 00:00,116849.732,58%,,,,,,,,,,
03/12/2019 01:00,122044.247,61%,,,,,,,,,,
03/12/2019 02:00,126591.423,63%,,,,,,,,,,
03/12/2019 03:00,124571.17,62%,,,,,,,,,,
03/12/2019 04:00,122753.168,61%,,,,,,,,,,
03/12/2019 05:00,118873.516,59%,,,,,,,,,,
03/12/2019 06:00,113524.836,57%,,,,,,,,,,
03/12/2019 07:00,110483.351,55%,,,,,,,,,,
03/12/2019 08:00,113690.784,57%,,,,,,,,,,
03/12/2019 09:00,113157.96,57%,,,,,,,,,,
03/12/2019 10:00,107690.815,54%,,,,,,,,,,
03/12/2019 11:00,104349.479,52%,,,,,,,,,,
03/12/2019 12:00,100677.582,50%,,,,,,,,,,
03/12/2019 13:00,93721.671,47%,,,,,,,,,,
03/12/2019 14:00,88288.374,44%,,,,,,,,,,
03/12/2019 15:00,87209.085,44%,,,,,,,,,,
03/12/2019 16:00,86866.004,43%,,,,,,,,,,
03/12/2019 17:00,86027.542,43%,,,,,,,,,,
03/12/2019 18:00,90728.24,45%,,,,,,,,,,
03/12/2019 19:00,100144.133,50%,,,,,,,,,,
03/12/2019 20:00,107981.027,54%,,,,,,,,,,
03/12/2019 21:00,108867.2,54%,,,,,,,,,,
03/12/2019 22:00,108207.831,54%,,,,,,,,,,
03/12/2019 23:00,115612.246,58%,,,,,,,,,,
04/12/2019 00:00,120246.262,60%,,,,,,,,,,
04/12/2019 01:00,123067.792,62%,,,,,,,,,,
04/12/2019 02:00,126950.573,63%,,,,,,,,,,
04/12/2019 03:00,131864.004,66%,,,,,,,,,,
04/12/2019 04:00,146259.52,73%,,,,,,,,,,
04/12/2019 05:00,146663.597,73%,,,,,,,,,,
04/12/2019 06:00,151096.164,76%,,,,,,,,,,
04/12/2019 07:00,158861.367,79%,,,,,,,,,,
04/12/2019 08:00,161536.517,81%,,,,,,,,,,
04/12/2019 09:00,160249.743,80%,,,,,,,,,,
04/12/2019 10:00,152696.849,76%,,,,,,,,,,
04/12/2019 11:00,138381.76,69%,,,,,,,,,,
04/12/2019 12:00,131980.772,66%,,,,,,,,,,
04/12/2019 13:00,129842.057,65%,,,,,,,,,,
04/12/2019 14:00,132435.52,66%,,,,,,,,,,
04/12/2019 15:00,139407.202,70%,,,,,,,,,,
04/12/2019 16:00,140308.149,70%,,,,,,,,,,
04/12/2019 17:00,146151.67,73%,,,,,,,,,,
04/12/2019 18:00,152313.746,76%,,,,,,,,,,
04/12/2019 19:00,152304.387,76%,,,,,,,,,,
04/12/2019 20:00,155298.566,78%,,,,,,,,,,
04/12/2019 21:00,154507.036,77%,,,,,,,,,,
04/12/2019 22:00,157574.638,79%,,,,,,,,,,
04/12/2019 23:00,163563.856,82%,,,,,,,,,,
05/12/2019 00:00,165140.676,83%,,,,,,,,,,
05/12/2019 01:00,167197.534,84%,,,,,,,,,,
05/12/2019 02:00,167999.311,84%,,,,,,,,,,
05/12/2019 03:00,170280.216,85%,,,,,,,,,,
05/12/2019 04:00,172202.356,86%,,,,,,,,,,
05/12/2019 05:00,170479.53,85%,,,,,,,,,,
05/12/2019 06:00,167258.299,84%,,,,,,,,,,
05/12/2019 07:00,164952.426,82%,,,,,,,,,,
05/12/2019 08:00,166897.549,83%,,,,,,,,,,
05/12/2019 09:00,169136.107,85%,,,,,,,,,,
05/12/2019 10:00,175698.654,88%,,,,,,,,,,
05/12/2019 11:00,186223.501,93%,,,,,,,,,,
05/12/2019 12:00,190758.82,95%,,,,,,,,,,
05/12/2019 13:00,187735.504,94%,,,,,,,,,,
05/12/2019 14:00,188604.787,94%,,,,,,,,,,
05/12/2019 15:00,190862.188,95%,,,,,,,,,,
05/12/2019 16:00,193001.888,97%,,,,,,,,,,
05/12/2019 17:00,195018.023,98%,,,,,,,,,,
05/12/2019 18:00,195177.077,98%,,,,,,,,,,
05/12/2019 19:00,190606.6,95%,,,,,,,,,,
05/12/2019 20:00,182239.498,91%,,,,,,,,,,
05/12/2019 21:00,173159.934,87%,,,,,,,,,,
05/12/2019 22:00,165736.268,83%,,,,,,,,,,
05/12/2019 23:00,162349.119,81%,,,,,,,,,,
06/12/2019 00:00,157634.738,79%,,,,,,,,,,
06/12/2019 01:00,154381.414,77%,,,,,,,,,,
06/12/2019 02:00,147027.903,74%,,,,,,,,,,
06/12/2019 03:00,141446.374,71%,,,,,,,,,,
06/12/2019 04:00,140550.815,70%,,,,,,,,,,
06/12/2019 05:00,143576.13,72%,,,,,,,,,,
06/12/2019 06:00,145048.96,73%,,,,,,,,,,
06/12/2019 07:00,140980.978,70%,,,,,,,,,,
06/12/2019 08:00,124874.262,62%,,,,,,,,,,
06/12/2019 09:00,109945.297,55%,,,,,,,,,,
06/12/2019 10:00,99595.004,50%,,,,,,,,,,
06/12/2019 11:00,97870.27,49%,,,,,,,,,,
06/12/2019 12:00,105642.157,53%,,,,,,,,,,
06/12/2019 13:00,113158.879,57%,,,,,,,,,,
06/12/2019 14:00,121831.315,61%,,,,,,,,,,
06/12/2019 15:00,125759.816,63%,,,,,,,,,,
06/12/2019 16:00,135371.259,68%,,,,,,,,,,
06/12/2019 17:00,133634.67,67%,,,,,,,,,,
06/12/2019 18:00,128411.301,64%,,,,,,,,,,
06/12/2019 19:00,130122.077,65%,,,,,,,,,,
06/12/2019 20:00,131563.255,66%,,,,,,,,,,
06/12/2019 21:00,130607.073,65%,,,,,,,,,,
06/12/2019 22:00,120244.677,60%,,,,,,,,,,
06/12/2019 23:00,111077.63,56%,,,,,,,,,,
07/12/2019 00:00,104444.048,52%,,,,,,,,,,
07/12/2019 01:00,90030.878,45%,,,,,,,,,,
07/12/2019 02:00,78390.313,39%,,,,,,,,,,
07/12/2019 03:00,73687.817,37%,,,,,,,,,,
07/12/2019 04:00,70505.75,35%,,,,,,,,,,
07/12/2019 05:00,66115.177,33%,,,,,,,,,,
07/12/2019 06:00,68131.233,34%,,,,,,,,,,
07/12/2019 07:00,63241.934,32%,,,,,,,,,,
07/12/2019 08:00,68902.558,34%,,,,,,,,,,
07/12/2019 09:00,68859.861,34%,,,,,,,,,,
07/12/2019 10:00,78748.314,39%,,,,,,,,,,
07/12/2019 11:00,95191.309,48%,,,,,,,,,,
07/12/2019 12:00,107915.633,54%,,,,,,,,,,
07/12/2019 13:00,127086.357,64%,,,,,,,,,,
07/12/2019 14:00,138355.995,69%,,,,,,,,,,
07/12/2019 15:00,151433.192,76%,,,,,,,,,,
07/12/2019 16:00,164596.805,82%,,,,,,,,,,
07/12/2019 17:00,169609.374,85%,,,,,,,,,,
07/12/2019 18:00,175851.881,88%,,,,,,,,,,
07/12/2019 19:00,183155.539,92%,,,,,,,,,,
07/12/2019 20:00,187599.343,94%,,,,,,,,,,
07/12/2019 21:00,192156.525,96%,,,,,,,,,,
07/12/2019 22:00,193294.862,97%,,,,,,,,,,
07/12/2019 23:00,193787.287,97%,,,,,,,,,,
08/12/2019 00:00,193638.235,97%,,,,,,,,,,
08/12/2019 01:00,196402.744,98%,,,,,,,,,,
08/12/2019 02:00,195863.931,98%,,,,,,,,,,
08/12/2019 03:00,191615.675,96%,,,,,,,,,,
08/12/2019 04:00,185437.298,93%,,,,,,,,,,
08/12/2019 05:00,179893.306,90%,,,,,,,,,,
08/12/2019 06:00,184602.916,92%,,,,,,,,,,
08/12/2019 07:00,186667.644,93%,,,,,,,,,,
08/12/2019 08:00,186810.019,93%,,,,,,,,,,
08/12/2019 09:00,187674.878,94%,,,,,,,,,,
08/12/2019 10:00,187289.04,94%,,,,,,,,,,
08/12/2019 11:00,188204.333,94%,,,,,,,,,,
08/12/2019 12:00,190119.218,95%,,,,,,,,,,
08/12/2019 13:00,189834.372,95%,,,,,,,,,,
08/12/2019 14:00,185132.535,93%,,,,,,,,,,
08/12/2019 15:00,179124.02,90%,,,,,,,,,,
08/12/2019 16:00,172384.822,86%,,,,,,,,,,
08/12/2019 17:00,160303.703,80%,,,,,,,,,,
08/12/2019 18:00,136789.389,68%,,,,,,,,,,
08/12/2019 19:00,110315.339,55%,,,,,,,,,,
08/12/2019 20:00,93260.867,47%,,,,,,,,,,
08/12/2019 21:00,70476.419,35%,,,,,,,,,,
08/12/2019 22:00,61234.527,31%,,,,,,,,,,
08/12/2019 23:00,92709.894,46%,,,,,,,,,,
09/12/2019 00:00,152316.239,76%,,,,,,,,,,
09/12/2019 01:00,177849.279,89%,,,,,,,,,,
09/12/2019 02:00,180947.302,90%,,,,,,,,,,
09/12/2019 03:00,178212.552,89%,,,,,,,,,,
09/12/2019 04:00,168713.817,84%,,,,,,,,,,
09/12/2019 05:00,159047.471,80%,,,,,,,,,,
09/12/2019 06:00,143434.626,72%,,,,,,,,,,
09/12/2019 07:00,125597.243,63%,,,,,,,,,,
09/12/2019 08:00,108671.916,54%,,,,,,,,,,
09/12/2019 09:00,91922.145,46%,,,,,,,,,,
09/12/2019 10:00,72134.411,36%,,,,,,,,,,
09/12/2019 11:00,58363.466,29%,,,,,,,,,,
09/12/2019 12:00,47479.672,24%,,,,,,,,,,
09/12/2019 13:00,38340.695,19%,,,,,,,,,,
09/12/2019 14:00,35374.481,18%,,,,,,,,,,
09/12/2019 15:00,38107.97,19%,,,,,,,,,,
09/12/2019 16:00,37728.114,19%,,,,,,,,,,
09/12/2019 17:00,35363.047,18%,,,,,,,,,,
09/12/2019 18:00,45487.626,23%,,,,,,,,,,
09/12/2019 19:00,66830.986,33%,,,,,,,,,,
09/12/2019 20:00,88905.945,44%,,,,,,,,,,
09/12/2019 21:00,111288.752,56%,,,,,,,,,,
09/12/2019 22:00,113689.819,57%,,,,,,,,,,
09/12/2019 23:00,108867.2,54%,,,,,,,,,,
10/12/2019 00:00,114228.048,57%,,,,,,,,,,
10/12/2019 01:00,123064.971,62%,,,,,,,,,,
10/12/2019 02:00,130954.918,65%,,,,,,,,,,
10/12/2019 03:00,149588.434,75%,,,,,,,,,,
10/12/2019 04:00,173163.72,87%,,,,,,,,,,
10/12/2019 05:00,181602.175,91%,,,,,,,,,,
10/12/2019 06:00,189766.136,95%,,,,,,,,,,
10/12/2019 07:00,192533.207,96%,,,,,,,,,,
10/12/2019 08:00,192634.218,96%,,,,,,,,,,
10/12/2019 09:00,196138.591,98%,,,,,,,,,,
10/12/2019 10:00,198253.999,99%,,,,,,,,,,
10/12/2019 11:00,198197.8,99%,,,,,,,,,,
10/12/2019 12:00,198251.136,99%,,,,,,,,,,
10/12/2019 13:00,196102.141,98%,,,,,,,,,,
10/12/2019 14:00,191266.921,96%,,,,,,,,,,
10/12/2019 15:00,172326.727,86%,,,,,,,,,,
10/12/2019 16:00,161537.084,81%,,,,,,,,,,
10/12/2019 17:00,165802.295,83%,,,,,,,,,,
10/12/2019 18:00,175505.563,88%,,,,,,,,,,
10/12/2019 19:00,181291.135,91%,,,,,,,,,,
10/12/2019 20:00,184262.031,92%,,,,,,,,,,
10/12/2019 21:00,184986.387,92%,,,,,,,,,,
10/12/2019 22:00,184754.93,92%,,,,,,,,,,
10/12/2019 23:00,182051.211,91%,,,,,,,,,,
11/12/2019 00:00,175972.311,88%,,,,,,,,,,
11/12/2019 01:00,168813.697,84%,,,,,,,,,,
11/12/2019 02:00,161245.698,81%,,,,,,,,,,
11/12/2019 03:00,157776.628,79%,,,,,,,,,,
11/12/2019 04:00,164075.971,82%,,,,,,,,,,
11/12/2019 05:00,168753.092,84%,,,,,,,,,,
11/12/2019 06:00,164388.488,82%,,,,,,,,,,
11/12/2019 07:00,159302.368,80%,,,,,,,,,,
11/12/2019 08:00,155073.784,78%,,,,,,,,,,
11/12/2019 09:00,147348.931,74%,,,,,,,,,,
11/12/2019 10:00,143035.996,72%,,,,,,,,,,
11/12/2019 11:00,139337.949,70%,,,,,,,,,,
11/12/2019 12:00,136437.878,68%,,,,,,,,,,
11/12/2019 13:00,138045.793,69%,,,,,,,,,,
11/12/2019 14:00,142202,71%,,,,,,,,,,
11/12/2019 15:00,145741.511,73%,,,,,,,,,,
11/12/2019 16:00,146476.311,73%,,,,,,,,,,
11/12/2019 17:00,147349.775,74%,,,,,,,,,,
11/12/2019 18:00,146246.964,73%,,,,,,,,,,
11/12/2019 19:00,144326.618,72%,,,,,,,,,,
11/12/2019 20:00,138433.246,69%,,,,,,,,,,
11/12/2019 21:00,132527.674,66%,,,,,,,,,,
11/12/2019 22:00,123763.366,62%,,,,,,,,,,
11/12/2019 23:00,116598.211,58%,,,,,,,,,,
12/12/2019 00:00,108867.2,54%,,,,,,,,,,
12/12/2019 01:00,101325.241,51%,,,,,,,,,,
12/12/2019 02:00,94657.881,47%,,,,,,,,,,
12/12/2019 03:00,86893.613,43%,,,,,,,,,,
12/12/2019 04:00,79450.404,40%,,,,,,,,,,
12/12/2019 05:00,75597.048,38%,,,,,,,,,,
12/12/2019 06:00,63794.856,32%,,,,,,,,,,
12/12/2019 07:00,50936.101,25%,,,,,,,,,,
12/12/2019 08:00,46581.532,23%,,,,,,,,,,
12/12/2019 09:00,43503.285,22%,,,,,,,,,,
12/12/2019 10:00,39944.846,20%,,,,,,,,,,
12/12/2019 11:00,35833.329,18%,,,,,,,,,,
12/12/2019 12:00,35745.538,18%,,,,,,,,,,
12/12/2019 13:00,36003.968,18%,,,,,,,,,,
12/12/2019 14:00,40082.303,20%,,,,,,,,,,
12/12/2019 15:00,44606.847,22%,,,,,,,,,,
12/12/2019 16:00,45041.555,23%,,,,,,,,,,
12/12/2019 17:00,44074.531,22%,,,,,,,,,,
12/12/2019 18:00,41249.205,21%,,,,,,,,,,
12/12/2019 19:00,31842.56,16%,,,,,,,,,,
12/12/2019 20:00,25611.969,13%,,,,,,,,,,
12/12/2019 21:00,22502.503,11%,,,,,,,,,,
12/12/2019 22:00,19368.508,10%,,,,,,,,,,
12/12/2019 23:00,16414.14,8%,,,,,,,,,,
13/12/2019 00:00,14514.323,7%,,,,,,,,,,
13/12/2019 01:00,16574.829,8%,,,,,,,,,,
13/12/2019 02:00,21611.714,11%,,,,,,,,,,
13/12/2019 03:00,27509.175,14%,,,,,,,,,,
13/12/2019 04:00,34933.403,17%,,,,,,,,,,
13/12/2019 05:00,41341.381,21%,,,,,,,,,,
13/12/2019 06:00,49051.569,25%,,,,,,,,,,
13/12/2019 07:00,58162.192,29%,,,,,,,,,,
13/12/2019 08:00,65225.107,33%,,,,,,,,,,
13/12/2019 09:00,67352.569,34%,,,,,,,,,,
13/12/2019 10:00,64011.145,32%,,,,,,,,,,
13/12/2019 11:00,60492.521,30%,,,,,,,,,,
13/12/2019 12:00,59154.951,30%,,,,,,,,,,
13/12/2019 13:00,58159.465,29%,,,,,,,,,,
13/12/2019 14:00,53426.994,27%,,,,,,,,,,
13/12/2019 15:00,48146.314,24%,,,,,,,,,,
13/12/2019 16:00,42008.05,21%,,,,,,,,,,
13/12/2019 17:00,35777.291,18%,,,,,,,,,,
13/12/2019 18:00,28454.977,14%,,,,,,,,,,
13/12/2019 19:00,24551.495,12%,,,,,,,,,,
13/12/2019 20:00,24874.027,12%,,,,,,,,,,
13/12/2019 21:00,26602.64,13%,,,,,,,,,,
13/12/2019 22:00,29421.881,15%,,,,,,,,,,
13/12/2019 23:00,36223.362,18%,,,,,,,,,,
14/12/2019 00:00,49739.496,25%,,,,,,,,,,
14/12/2019 01:00,65099.005,33%,,,,,,,,,,
14/12/2019 02:00,79556.481,40%,,,,,,,,,,
14/12/2019 03:00,82909.637,41%,,,,,,,,,,
14/12/2019 04:00,86380.319,43%,,,,,,,,,,
14/12/2019 05:00,85402.594,43%,,,,,,,,,,
14/12/2019 06:00,84137.609,42%,,,,,,,,,,
14/12/2019 07:00,86450.778,43%,,,,,,,,,,
14/12/2019 08:00,93453.637,47%,,,,,,,,,,
14/12/2019 09:00,103704.483,52%,,,,,,,,,,
14/12/2019 10:00,109406.688,55%,,,,,,,,,,
14/12/2019 11:00,125443.717,63%,,,,,,,,,,
14/12/2019 12:00,135829.17,68%,,,,,,,,,,
14/12/2019 13:00,139387.209,70%,,,,,,,,,,
14/12/2019 14:00,140065.543,70%,,,,,,,,,,
14/12/2019 15:00,148043.725,74%,,,,,,,,,,
14/12/2019 16:00,161912.833,81%,,,,,,,,,,
14/12/2019 17:00,169037.621,85%,,,,,,,,,,
14/12/2019 18:00,173744.231,87%,,,,,,,,,,
14/12/2019 19:00,177859.664,89%,,,,,,,,,,
14/12/2019 20:00,179114.79,90%,,,,,,,,,,
14/12/2019 21:00,177860.182,89%,,,,,,,,,,
14/12/2019 22:00,168065.972,84%,,,,,,,,,,
14/12/2019 23:00,146087.58,73%,,,,,,,,,,
15/12/2019 00:00,118407.717,59%,,,,,,,,,,
15/12/2019 01:00,90077.313,45%,,,,,,,,,,
15/12/2019 02:00,82544.49,41%,,,,,,,,,,
15/12/2019 03:00,73966.195,37%,,,,,,,,,,
15/12/2019 04:00,68125.548,34%,,,,,,,,,,
15/12/2019 05:00,67562.362,34%,,,,,,,,,,
15/12/2019 06:00,72328.433,36%,,,,,,,,,,
15/12/2019 07:00,83360.232,42%,,,,,,,,,,
15/12/2019 08:00,82550.023,41%,,,,,,,,,,
15/12/2019 09:00,86177.79,43%,,,,,,,,,,
15/12/2019 10:00,86375.705,43%,,,,,,,,,,
15/12/2019 11:00,90778.54,45%,,,,,,,,,,
15/12/2019 12:00,104910.179,52%,,,,,,,,,,
15/12/2019 13:00,113690.127,57%,,,,,,,,,,
15/12/2019 14:00,116598.705,58%,,,,,,,,,,
15/12/2019 15:00,113511.804,57%,,,,,,,,,,
15/12/2019 16:00,96506.739,48%,,,,,,,,,,
15/12/2019 17:00,77635.79,39%,,,,,,,,,,
15/12/2019 18:00,58764.439,29%,,,,,,,,,,
15/12/2019 19:00,44358.153,22%,,,,,,,,,,
15/12/2019 20:00,40733.902,20%,,,,,,,,,,
15/12/2019 21:00,39345.618,20%,,,,,,,,,,
15/12/2019 22:00,39607.074,20%,,,,,,,,,,
15/12/2019 23:00,48598.481,24%,,,,,,,,,,
16/12/2019 00:00,54404.395,27%,,,,,,,,,,
16/12/2019 01:00,56873.681,28%,,,,,,,,,,
16/12/2019 02:00,57700.001,29%,,,,,,,,,,
16/12/2019 03:00,52746.013,26%,,,,,,,,,,
16/12/2019 04:00,48217.893,24%,,,,,,,,,,
16/12/2019 05:00,45045.729,23%,,,,,,,,,,
16/12/2019 06:00,46687.294,23%,,,,,,,,,,
16/12/2019 07:00,60487.412,30%,,,,,,,,,,
16/12/2019 08:00,75341.758,38%,,,,,,,,,,
16/12/2019 09:00,92707.367,46%,,,,,,,,,,
16/12/2019 10:00,103158.568,52%,,,,,,,,,,
16/12/2019 11:00,114221.496,57%,,,,,,,,,,
16/12/2019 12:00,120765.422,60%,,,,,,,,,,
16/12/2019 13:00,137022.001,69%,,,,,,,,,,
16/12/2019 14:00,143565.206,72%,,,,,,,,,,
16/12/2019 15:00,140637.483,70%,,,,,,,,,,
16/12/2019 16:00,135055.018,68%,,,,,,,,,,
16/12/2019 17:00,126593.114,63%,,,,,,,,,,
16/12/2019 18:00,118858.341,59%,,,,,,,,,,
16/12/2019 19:00,113690.061,57%,,,,,,,,,,
16/12/2019 20:00,105068.828,53%,,,,,,,,,,
16/12/2019 21:00,101790.818,51%,,,,,,,,,,
16/12/2019 22:00,98768.909,49%,,,,,,,,,,
16/12/2019 23:00,93698.196,47%,,,,,,,,,,
17/12/2019 00:00,89341.632,45%,,,,,,,,,,
17/12/2019 01:00,88301.91,44%,,,,,,,,,,
17/12/2019 02:00,89683.494,45%,,,,,,,,,,
17/12/2019 03:00,88849.411,44%,,,,,,,,,,
17/12/2019 04:00,87866.719,44%,,,,,,,,,,
17/12/2019 05:00,83190.19,42%,,,,,,,,,,
17/12/2019 06:00,76072.014,38%,,,,,,,,,,
17/12/2019 07:00,62897.816,31%,,,,,,,,,,
17/12/2019 08:00,53421.61,27%,,,,,,,,,,
17/12/2019 09:00,47318.994,24%,,,,,,,,,,
17/12/2019 10:00,45861.446,23%,,,,,,,,,,
17/12/2019 11:00,49729.049,25%,,,,,,,,,,
17/12/2019 12:00,57464.836,29%,,,,,,,,,,
17/12/2019 13:00,65385.222,33%,,,,,,,,,,
17/12/2019 14:00,67096.938,34%,,,,,,,,,,
17/12/2019 15:00,58507.545,29%,,,,,,,,,,
17/12/2019 16:00,46739.937,23%,,,,,,,,,,
17/12/2019 17:00,38337.103,19%,,,,,,,,,,
17/12/2019 18:00,35010.919,18%,,,,,,,,,,
17/12/2019 19:00,38340.606,19%,,,,,,,,,,
17/12/2019 20:00,45751.386,23%,,,,,,,,,,
17/12/2019 21:00,52743.674,26%,,,,,,,,,,
17/12/2019 22:00,54405.342,27%,,,,,,,,,,
17/12/2019 23:00,53440.306,27%,,,,,,,,,,
18/12/2019 00:00,53926.217,27%,,,,,,,,,,
18/12/2019 01:00,50974.367,25%,,,,,,,,,,
18/12/2019 02:00,43967.36,22%,,,,,,,,,,
18/12/2019 03:00,37204.957,19%,,,,,,,,,,
18/12/2019 04:00,33594.052,17%,,,,,,,,,,
18/12/2019 05:00,35774.316,18%,,,,,,,,,,
18/12/2019 06:00,36657.86,18%,,,,,,,,,,
18/12/2019 07:00,39941.805,20%,,,,,,,,,,
18/12/2019 08:00,49674.17,25%,,,,,,,,,,
18/12/2019 09:00,52278.051,26%,,,,,,,,,,
18/12/2019 10:00,52272.711,26%,,,,,,,,,,
18/12/2019 11:00,51960.679,26%,,,,,,,,,,
18/12/2019 12:00,65617.996,33%,,,,,,,,,,
18/12/2019 13:00,76426.095,38%,,,,,,,,,,
18/12/2019 14:00,99292.106,50%,,,,,,,,,,
18/12/2019 15:00,119171.956,60%,,,,,,,,,,
18/12/2019 16:00,133969.943,67%,,,,,,,,,,
18/12/2019 17:00,151646.249,76%,,,,,,,,,,
18/12/2019 18:00,167489.638,84%,,,,,,,,,,
18/12/2019 19:00,175847.416,88%,,,,,,,,,,
18/12/2019 20:00,178917.494,89%,,,,,,,,,,
18/12/2019 21:00,179508.124,90%,,,,,,,,,,
18/12/2019 22:00,177661.097,89%,,,,,,,,,,
18/12/2019 23:00,169708.827,85%,,,,,,,,,,
19/12/2019 00:00,175891.746,88%,,,,,,,,,,
19/12/2019 01:00,178160.707,89%,,,,,,,,,,
19/12/2019 02:00,186145.242,93%,,,,,,,,,,
19/12/2019 03:00,192724.748,96%,,,,,,,,,,
19/12/2019 04:00,190172.937,95%,,,,,,,,,,
19/12/2019 05:00,175027.68,88%,,,,,,,,,,
19/12/2019 06:00,142324.169,71%,,,,,,,,,,
19/12/2019 07:00,105715.358,53%,,,,,,,,,,
19/12/2019 08:00,94285.408,47%,,,,,,,,,,
19/12/2019 09:00,80412.702,40%,,,,,,,,,,
19/12/2019 10:00,60773.232,30%,,,,,,,,,,
19/12/2019 11:00,44604.743,22%,,,,,,,,,,
19/12/2019 12:00,37564.237,19%,,,,,,,,,,
19/12/2019 13:00,47042.344,24%,,,,,,,,,,
19/12/2019 14:00,66833.233,33%,,,,,,,,,,
19/12/2019 15:00,83960.743,42%,,,,,,,,,,
19/12/2019 16:00,84461.982,42%,,,,,,,,,,
19/12/2019 17:00,79131.107,40%,,,,,,,,,,
19/12/2019 18:00,79553.88,40%,,,,,,,,,,
19/12/2019 19:00,92341.531,46%,,,,,,,,,,
19/12/2019 20:00,96739.348,48%,,,,,,,,,,
19/12/2019 21:00,90125.77,45%,,,,,,,,,,
19/12/2019 22:00,86835.465,43%,,,,,,,,,,
19/12/2019 23:00,92706.778,46%,,,,,,,,,,
20/12/2019 00:00,103704.607,52%,,,,,,,,,,
20/12/2019 01:00,114222.38,57%,,,,,,,,,,
20/12/2019 02:00,121296.165,61%,,,,,,,,,,
20/12/2019 03:00,130764.187,65%,,,,,,,,,,
20/12/2019 04:00,125228.966,63%,,,,,,,,,,
20/12/2019 05:00,116053.856,58%,,,,,,,,,,
20/12/2019 06:00,99931.241,50%,,,,,,,,,,
20/12/2019 07:00,80104.098,40%,,,,,,,,,,
20/12/2019 08:00,61587.11,31%,,,,,,,,,,
20/12/2019 09:00,51009.78,26%,,,,,,,,,,
20/12/2019 10:00,35495.903,18%,,,,,,,,,,
20/12/2019 11:00,24095.831,12%,,,,,,,,,,
20/12/2019 12:00,20386.159,10%,,,,,,,,,,
20/12/2019 13:00,23382.791,12%,,,,,,,,,,
20/12/2019 14:00,31110.061,16%,,,,,,,,,,
20/12/2019 15:00,41604.283,21%,,,,,,,,,,
20/12/2019 16:00,53929.713,27%,,,,,,,,,,
20/12/2019 17:00,72140.227,36%,,,,,,,,,,
20/12/2019 18:00,83283.185,42%,,,,,,,,,,
20/12/2019 19:00,77661.98,39%,,,,,,,,,,
20/12/2019 20:00,97805.452,49%,,,,,,,,,,
20/12/2019 21:00,107514.619,54%,,,,,,,,,,
20/12/2019 22:00,104524.53,52%,,,,,,,,,,
20/12/2019 23:00,99301.645,50%,,,,,,,,,,
21/12/2019 00:00,102601.362,51%,,,,,,,,,,
21/12/2019 01:00,96730.792,48%,,,,,,,,,,
21/12/2019 02:00,86422.495,43%,,,,,,,,,,
21/12/2019 03:00,79553.287,40%,,,,,,,,,,
21/12/2019 04:00,71738.656,36%,,,,,,,,,,
21/12/2019 05:00,58978.086,29%,,,,,,,,,,
21/12/2019 06:00,48594.954,24%,,,,,,,,,,
21/12/2019 07:00,40727.509,20%,,,,,,,,,,
21/12/2019 08:00,33678.407,17%,,,,,,,,,,
21/12/2019 09:00,27731.553,14%,,,,,,,,,,
21/12/2019 10:00,24683.96,12%,,,,,,,,,,
21/12/2019 11:00,22463.213,11%,,,,,,,,,,
21/12/2019 12:00,22402.391,11%,,,,,,,,,,
21/12/2019 13:00,21298.775,11%,,,,,,,,,,
21/12/2019 14:00,23547.808,12%,,,,,,,,,,
21/12/2019 15:00,27674.457,14%,,,,,,,,,,
21/12/2019 16:00,29856.513,15%,,,,,,,,,,
21/12/2019 17:00,29592.585,15%,,,,,,,,,,
21/12/2019 18:00,27398.029,14%,,,,,,,,,,
21/12/2019 19:00,25907.234,13%,,,,,,,,,,
21/12/2019 20:00,25012.516,13%,,,,,,,,,,
21/12/2019 21:00,22469.827,11%,,,,,,,,,,
21/12/2019 22:00,18007.083,9%,,,,,,,,,,
21/12/2019 23:00,15286.813,8%,,,,,,,,,,
22/12/2019 00:00,15824.587,8%,,,,,,,,,,
22/12/2019 01:00,18530.859,9%,,,,,,,,,,
22/12/2019 02:00,19885.546,10%,,,,,,,,,,
22/12/2019 03:00,20581.654,10%,,,,,,,,,,
22/12/2019 04:00,20376.746,10%,,,,,,,,,,
22/12/2019 05:00,18976.405,9%,,,,,,,,,,
22/12/2019 06:00,18064.569,9%,,,,,,,,,,
22/12/2019 07:00,18557.891,9%,,,,,,,,,,
22/12/2019 08:00,20054.304,10%,,,,,,,,,,
22/12/2019 09:00,20710.453,10%,,,,,,,,,,
22/12/2019 10:00,20472.484,10%,,,,,,,,,,
22/12/2019 11:00,19312.232,10%,,,,,,,,,,
22/12/2019 12:00,17509.768,9%,,,,,,,,,,
22/12/2019 13:00,16317.627,8%,,,,,,,,,,
22/12/2019 14:00,16332.636,8%,,,,,,,,,,
22/12/2019 15:00,17198.948,9%,,,,,,,,,,
22/12/2019 16:00,17917.195,9%,,,,,,,,,,
22/12/2019 17:00,18557.546,9%,,,,,,,,,,
22/12/2019 18:00,18759.395,9%,,,,,,,,,,
22/12/2019 19:00,20491.181,10%,,,,,,,,,,
22/12/2019 20:00,22696.292,11%,,,,,,,,,,
22/12/2019 21:00,26322.128,13%,,,,,,,,,,
22/12/2019 22:00,31213.226,16%,,,,,,,,,,
22/12/2019 23:00,36290.838,18%,,,,,,,,,,
23/12/2019 00:00,42526.327,21%,,,,,,,,,,
23/12/2019 01:00,52002.878,26%,,,,,,,,,,
23/12/2019 02:00,63098.933,32%,,,,,,,,,,
23/12/2019 03:00,68648.298,34%,,,,,,,,,,
23/12/2019 04:00,73492.848,37%,,,,,,,,,,
23/12/2019 05:00,91735.375,46%,,,,,,,,,,
23/12/2019 06:00,120033.624,60%,,,,,,,,,,
23/12/2019 07:00,125577.922,63%,,,,,,,,,,
23/12/2019 08:00,126605.761,63%,,,,,,,,,,
23/12/2019 09:00,136924.453,68%,,,,,,,,,,
23/12/2019 10:00,140390.899,70%,,,,,,,,,,
23/12/2019 11:00,141213.44,71%,,,,,,,,,,
23/12/2019 12:00,140512.881,70%,,,,,,,,,,
23/12/2019 13:00,136436.267,68%,,,,,,,,,,
23/12/2019 14:00,128648.577,64%,,,,,,,,,,
23/12/2019 15:00,122458.333,61%,,,,,,,,,,
23/12/2019 16:00,111790.219,56%,,,,,,,,,,
23/12/2019 17:00,101511.16,51%,,,,,,,,,,
23/12/2019 18:00,93127.913,47%,,,,,,,,,,
23/12/2019 19:00,86137.87,43%,,,,,,,,,,
23/12/2019 20:00,85006.993,43%,,,,,,,,,,
23/12/2019 21:00,81484.38,41%,,,,,,,,,,
23/12/2019 22:00,71779.373,36%,,,,,,,,,,
23/12/2019 23:00,69041.585,35%,,,,,,,,,,
24/12/2019 00:00,63015.034,32%,,,,,,,,,,
24/12/2019 01:00,52275.541,26%,,,,,,,,,,
24/12/2019 02:00,44214.587,22%,,,,,,,,,,
24/12/2019 03:00,37155.541,19%,,,,,,,,,,
24/12/2019 04:00,31894.332,16%,,,,,,,,,,
24/12/2019 05:00,27141.734,14%,,,,,,,,,,
24/12/2019 06:00,20917.922,10%,,,,,,,,,,
24/12/2019 07:00,15564.822,8%,,,,,,,,,,
24/12/2019 08:00,10904.687,5%,,,,,,,,,,
24/12/2019 09:00,6516.213,3%,,,,,,,,,,
24/12/2019 10:00,3994.603,2%,,,,,,,,,,
24/12/2019 11:00,5431.749,3%,,,,,,,,,,
24/12/2019 12:00,10018.096,5%,,,,,,,,,,
24/12/2019 13:00,15984.466,8%,,,,,,,,,,
24/12/2019 14:00,23027.167,12%,,,,,,,,,,
24/12/2019 15:00,30573.974,15%,,,,,,,,,,
24/12/2019 16:00,37230.798,19%,,,,,,,,,,
24/12/2019 17:00,40517.127,20%,,,,,,,,,,
24/12/2019 18:00,43903.254,22%,,,,,,,,,,
24/12/2019 19:00,48602.391,24%,,,,,,,,,,
24/12/2019 20:00,55822.489,28%,,,,,,,,,,
24/12/2019 21:00,59315.417,30%,,,,,,,,,,
24/12/2019 22:00,62247.921,31%,,,,,,,,,,
24/12/2019 23:00,64518.861,32%,,,,,,,,,,
25/12/2019 00:00,59456.454,30%,,,,,,,,,,
25/12/2019 01:00,62232.495,31%,,,,,,,,,,
25/12/2019 02:00,62581.018,31%,,,,,,,,,,
25/12/2019 03:00,65925.203,33%,,,,,,,,,,
25/12/2019 04:00,67582.36,34%,,,,,,,,,,
25/12/2019 05:00,62019.869,31%,,,,,,,,,,
25/12/2019 06:00,52742.112,26%,,,,,,,,,,
25/12/2019 07:00,45039.232,23%,,,,,,,,,,
25/12/2019 08:00,35374.729,18%,,,,,,,,,,
25/12/2019 09:00,26488.894,13%,,,,,,,,,,
25/12/2019 10:00,20736.676,10%,,,,,,,,,,
25/12/2019 11:00,16678.977,8%,,,,,,,,,,
25/12/2019 12:00,12215.006,6%,,,,,,,,,,
25/12/2019 13:00,9744.54,5%,,,,,,,,,,
25/12/2019 14:00,6685.039,3%,,,,,,,,,,
25/12/2019 15:00,2669.102,1%,,,,,,,,,,
25/12/2019 16:00,548.59,0%,,,,,,,,,,
25/12/2019 17:00,1588.917,1%,,,,,,,,,,
25/12/2019 18:00,6532.579,3%,,,,,,,,,,
25/12/2019 19:00,15962.24,8%,,,,,,,,,,
25/12/2019 20:00,27549.629,14%,,,,,,,,,,
25/12/2019 21:00,37487.467,19%,,,,,,,,,,
25/12/2019 22:00,48603.341,24%,,,,,,,,,,
25/12/2019 23:00,60493.614,30%,,,,,,,,,,
26/12/2019 00:00,67351.948,34%,,,,,,,,,,
26/12/2019 01:00,79555.945,40%,,,,,,,,,,
26/12/2019 02:00,87576.759,44%,,,,,,,,,,
26/12/2019 03:00,96843.958,48%,,,,,,,,,,
26/12/2019 04:00,103705.334,52%,,,,,,,,,,
26/12/2019 05:00,105761.523,53%,,,,,,,,,,
26/12/2019 06:00,113157.788,57%,,,,,,,,,,
26/12/2019 07:00,120311.339,60%,,,,,,,,,,
26/12/2019 08:00,123064.155,62%,,,,,,,,,,
26/12/2019 09:00,121332.138,61%,,,,,,,,,,
26/12/2019 10:00,116071.961,58%,,,,,,,,,,
26/12/2019 11:00,106972.626,53%,,,,,,,,,,
26/12/2019 12:00,98604.738,49%,,,,,,,,,,
26/12/2019 13:00,92710.442,46%,,,,,,,,,,
26/12/2019 14:00,87994.031,44%,,,,,,,,,,
26/12/2019 15:00,88079.605,44%,,,,,,,,,,
26/12/2019 16:00,88306.27,44%,,,,,,,,,,
26/12/2019 17:00,89790.179,45%,,,,,,,,,,
26/12/2019 18:00,85157.667,43%,,,,,,,,,,
26/12/2019 19:00,82545.473,41%,,,,,,,,,,
26/12/2019 20:00,86348.463,43%,,,,,,,,,,
26/12/2019 21:00,84463.661,42%,,,,,,,,,,
26/12/2019 22:00,74256.133,37%,,,,,,,,,,
26/12/2019 23:00,71004.335,36%,,,,,,,,,,
27/12/2019 00:00,70539.012,35%,,,,,,,,,,
27/12/2019 01:00,64988.288,32%,,,,,,,,,,
27/12/2019 02:00,64015.643,32%,,,,,,,,,,
27/12/2019 03:00,72974.621,36%,,,,,,,,,,
27/12/2019 04:00,72211.514,36%,,,,,,,,,,
27/12/2019 05:00,73624.04,37%,,,,,,,,,,
27/12/2019 06:00,83909.413,42%,,,,,,,,,,
27/12/2019 07:00,85005.026,43%,,,,,,,,,,
27/12/2019 08:00,92870.97,46%,,,,,,,,,,
27/12/2019 09:00,117355.157,59%,,,,,,,,,,
27/12/2019 10:00,123067.44,62%,,,,,,,,,,
27/12/2019 11:00,131330.976,66%,,,,,,,,,,
27/12/2019 12:00,135290.62,68%,,,,,,,,,,
27/12/2019 13:00,131631.346,66%,,,,,,,,,,
27/12/2019 14:00,125270.473,63%,,,,,,,,,,
27/12/2019 15:00,114870.053,57%,,,,,,,,,,
27/12/2019 16:00,113128.946,57%,,,,,,,,,,
27/12/2019 17:00,113158.372,57%,,,,,,,,,,
27/12/2019 18:00,106972.434,53%,,,,,,,,,,
27/12/2019 19:00,92708.132,46%,,,,,,,,,,
27/12/2019 20:00,83143.66,42%,,,,,,,,,,
27/12/2019 21:00,76575.084,38%,,,,,,,,,,
27/12/2019 22:00,79581.797,40%,,,,,,,,,,
27/12/2019 23:00,87530.666,44%,,,,,,,,,,
28/12/2019 00:00,96972.114,48%,,,,,,,,,,
28/12/2019 01:00,108007.736,54%,,,,,,,,,,
28/12/2019 02:00,110175.164,55%,,,,,,,,,,
28/12/2019 03:00,112908.953,56%,,,,,,,,,,
28/12/2019 04:00,119939.921,60%,,,,,,,,,,
28/12/2019 05:00,125241.844,63%,,,,,,,,,,
28/12/2019 06:00,130954.273,65%,,,,,,,,,,
28/12/2019 07:00,145704.159,73%,,,,,,,,,,
28/12/2019 08:00,157761.707,79%,,,,,,,,,,
28/12/2019 09:00,163237.544,82%,,,,,,,,,,
28/12/2019 10:00,156340.745,78%,,,,,,,,,,
28/12/2019 11:00,140681.082,70%,,,,,,,,,,
28/12/2019 12:00,145208.934,73%,,,,,,,,,,
28/12/2019 13:00,150568.942,75%,,,,,,,,,,
28/12/2019 14:00,147643.444,74%,,,,,,,,,,
28/12/2019 15:00,142121.615,71%,,,,,,,,,,
28/12/2019 16:00,134812.556,67%,,,,,,,,,,
28/12/2019 17:00,120362.187,60%,,,,,,,,,,
28/12/2019 18:00,129580.787,65%,,,,,,,,,,
28/12/2019 19:00,141053.454,71%,,,,,,,,,,
28/12/2019 20:00,144424.9,72%,,,,,,,,,,
28/12/2019 21:00,142241.413,71%,,,,,,,,,,
28/12/2019 22:00,144852.615,72%,,,,,,,,,,
28/12/2019 23:00,146883.171,73%,,,,,,,,,,
29/12/2019 00:00,161727.973,81%,,,,,,,,,,
29/12/2019 01:00,168562.743,84%,,,,,,,,,,
29/12/2019 02:00,177415.173,89%,,,,,,,,,,
29/12/2019 03:00,181535.628,91%,,,,,,,,,,
29/12/2019 04:00,181365.392,91%,,,,,,,,,,
29/12/2019 05:00,182177.077,91%,,,,,,,,,,
29/12/2019 06:00,182546.818,91%,,,,,,,,,,
29/12/2019 07:00,182156.689,91%,,,,,,,,,,
29/12/2019 08:00,180657.609,90%,,,,,,,,,,
29/12/2019 09:00,177326.316,89%,,,,,,,,,,
29/12/2019 10:00,172405.332,86%,,,,,,,,,,
29/12/2019 11:00,167496.505,84%,,,,,,,,,,
29/12/2019 12:00,166505.043,83%,,,,,,,,,,
29/12/2019 13:00,168052.872,84%,,,,,,,,,,
29/12/2019 14:00,169027.22,85%,,,,,,,,,,
29/12/2019 15:00,170326.221,85%,,,,,,,,,,
29/12/2019 16:00,171887.199,86%,,,,,,,,,,
29/12/2019 17:00,170065.565,85%,,,,,,,,,,
29/12/2019 18:00,165205.124,83%,,,,,,,,,,
29/12/2019 19:00,159923.233,80%,,,,,,,,,,
29/12/2019 20:00,150825.752,75%,,,,,,,,,,
29/12/2019 21:00,147764.535,74%,,,,,,,,,,
29/12/2019 22:00,150376.212,75%,,,,,,,,,,
29/12/2019 23:00,149171.78,75%,,,,,,,,,,
30/12/2019 00:00,142414.336,71%,,,,,,,,,,
30/12/2019 01:00,134340.815,67%,,,,,,,,,,
30/12/2019 02:00,127088.188,64%,,,,,,,,,,
30/12/2019 03:00,118190.263,59%,,,,,,,,,,
30/12/2019 04:00,115698.981,58%,,,,,,,,,,
30/12/2019 05:00,107939.375,54%,,,,,,,,,,
30/12/2019 06:00,98220.561,49%,,,,,,,,,,
30/12/2019 07:00,92002.237,46%,,,,,,,,,,
30/12/2019 08:00,83571.837,42%,,,,,,,,,,
30/12/2019 09:00,76526.282,38%,,,,,,,,,,
30/12/2019 10:00,72319.757,36%,,,,,,,,,,
30/12/2019 11:00,80023.759,40%,,,,,,,,,,
30/12/2019 12:00,86599.46,43%,,,,,,,,,,
30/12/2019 13:00,92769.485,46%,,,,,,,,,,
30/12/2019 14:00,100874.88,50%,,,,,,,,,,
30/12/2019 15:00,101249.331,51%,,,,,,,,,,
30/12/2019 16:00,95191.695,48%,,,,,,,,,,
30/12/2019 17:00,87318.039,44%,,,,,,,,,,
30/12/2019 18:00,81458.788,41%,,,,,,,,,,
30/12/2019 19:00,74445.14,37%,,,,,,,,,,
30/12/2019 20:00,63348.976,32%,,,,,,,,,,
30/12/2019 21:00,52892.333,26%,,,,,,,,,,
30/12/2019 22:00,38483.944,19%,,,,,,,,,,
30/12/2019 23:00,24822.334,12%,,,,,,,,,,
31/12/2019 00:00,13955.17,7%,,,,,,,,,,
31/12/2019 01:00,5676.5,3%,,,,,,,,,,
31/12/2019 02:00,4732.669,2%,,,,,,,,,,
31/12/2019 03:00,6130.876,3%,,,,,,,,,,
31/12/2019 04:00,1685.696,1%,,,,,,,,,,
31/12/2019 05:00,763.967,0%,,,,,,,,,,
31/12/2019 06:00,1089.506,1%,,,,,,,,,,
31/12/2019 07:00,1852.014,1%,,,,,,,,,,
31/12/2019 08:00,3424.902,2%,,,,,,,,,,
31/12/2019 09:00,4530.972,2%,,,,,,,,,,
31/12/2019 10:00,6093.246,3%,,,,,,,,,,
31/12/2019 11:00,10438.264,5%,,,,,,,,,,
31/12/2019 12:00,14882.614,7%,,,,,,,,,,
31/12/2019 13:00,19021.826,10%,,,,,,,,,,
31/12/2019 14:00,23130.085,12%,,,,,,,,,,
31/12/2019 15:00,24812.427,12%,,,,,,,,,,
31/12/2019 16:00,26591.953,13%,,,,,,,,,,
31/12/2019 17:00,30956.972,15%,,,,,,,,,,
31/12/2019 18:00,35328.415,18%,,,,,,,,,,
31/12/2019 19:00,40094.156,20%,,,,,,,,,,
31/12/2019 20:00,34817.311,17%,,,,,,,,,,
31/12/2019 21:00,35297.291,18%,,,,,,,,,,
31/12/2019 22:00,40166.592,20%,,,,,,,,,,
31/12/2019 23:00,52285.461,26%,,,,,,,,,,
