# Renewables.ninja Wind power (Point API) - 57.289, -2.081 - Version: 1.4 - License: https://creativecommons.org/licenses/by-nc/4.0/ - Reference: https://doi.org/10.1016/j.energy.2016.08.068,,,,,,,,,,,
# Units: time in UTC, electricity in kW,,,,,,,,,,,
"# {""units"": {""time"": ""UTC"""," ""electricity"": ""kW""}"," ""params"": {""lat"": ""57.28945571835919"""," ""lon"": ""-2.080586243897983"""," ""date_from"": ""2019-01-01"""," ""date_to"": ""2019-12-31"""," ""dataset"": ""merra2"""," ""header"": ""true"""," ""local_time"": ""false"""," ""capacity"": ""200000"""," ""height"": ""80"""," ""turbine"": ""Vestas V90 2000"""," ""raw"": ""false""}}"
time,electricity,Capacity factor,,,,,,,,,,
01/01/2019 00:00,195898.541,98%,,,,,,,,,,
01/01/2019 01:00,193488.113,97%,,,,,,,,,,
01/01/2019 02:00,188970.993,94%,,,,,,,,,,
01/01/2019 03:00,182435.049,91%,,,,,,,,,,
01/01/2019 04:00,176199.272,88%,,,,,,,,,,
01/01/2019 05:00,173477.357,87%,,,,,,,,,,
01/01/2019 06:00,172917.576,86%,,,,,,,,,,
01/01/2019 07:00,175838.345,88%,,,,,,,,,,
01/01/2019 08:00,177395.528,89%,,,,,,,,,,
01/01/2019 09:00,180045.41,90%,,,,,,,,,,
01/01/2019 10:00,182175.47,91%,,,,,,,,,,
01/01/2019 11:00,183137.738,92%,,,,,,,,,,
01/01/2019 12:00,182042.816,91%,,,,,,,,,,
01/01/2019 13:00,180086.171,90%,,,,,,,,,,
01/01/2019 14:00,176374.8,88%,,,,,,,,,,
01/01/2019 15:00,170802.086,85%,,,,,,,,,,
01/01/2019 16:00,164162.753,82%,,,,,,,,,,
01/01/2019 17:00,157290.052,79%,,,,,,,,,,
01/01/2019 18:00,149308.529,75%,,,,,,,,,,
01/01/2019 19:00,142029.496,71%,,,,,,,,,,
01/01/2019 20:00,135218.086,68%,,,,,,,,,,
01/01/2019 21:00,128422.204,64%,,,,,,,,,,
01/01/2019 22:00,119729,60%,,,,,,,,,,
01/01/2019 23:00,107945.233,54%,,,,,,,,,,
02/01/2019 00:00,96844.283,48%,,,,,,,,,,
02/01/2019 01:00,85707.152,43%,,,,,,,,,,
02/01/2019 02:00,73932.964,37%,,,,,,,,,,
02/01/2019 03:00,64353.684,32%,,,,,,,,,,
02/01/2019 04:00,56150.788,28%,,,,,,,,,,
02/01/2019 05:00,48597.373,24%,,,,,,,,,,
02/01/2019 06:00,42214.031,21%,,,,,,,,,,
02/01/2019 07:00,38729.688,19%,,,,,,,,,,
02/01/2019 08:00,38887.011,19%,,,,,,,,,,
02/01/2019 09:00,40166.928,20%,,,,,,,,,,
02/01/2019 10:00,39729.004,20%,,,,,,,,,,
02/01/2019 11:00,35987.238,18%,,,,,,,,,,
02/01/2019 12:00,33243.011,17%,,,,,,,,,,
02/01/2019 13:00,30922.943,15%,,,,,,,,,,
02/01/2019 14:00,28352.941,14%,,,,,,,,,,
02/01/2019 15:00,23544.188,12%,,,,,,,,,,
02/01/2019 16:00,18772.931,9%,,,,,,,,,,
02/01/2019 17:00,16561.13,8%,,,,,,,,,,
02/01/2019 18:00,15287.65,8%,,,,,,,,,,
02/01/2019 19:00,13455.201,7%,,,,,,,,,,
02/01/2019 20:00,10675.536,5%,,,,,,,,,,
02/01/2019 21:00,8205.106,4%,,,,,,,,,,
02/01/2019 22:00,7063.412,4%,,,,,,,,,,
02/01/2019 23:00,8050.23,4%,,,,,,,,,,
03/01/2019 00:00,9774.023,5%,,,,,,,,,,
03/01/2019 01:00,10861.896,5%,,,,,,,,,,
03/01/2019 02:00,10986.783,5%,,,,,,,,,,
03/01/2019 03:00,11725.897,6%,,,,,,,,,,
03/01/2019 04:00,12761.145,6%,,,,,,,,,,
03/01/2019 05:00,13612.69,7%,,,,,,,,,,
03/01/2019 06:00,15515.294,8%,,,,,,,,,,
03/01/2019 07:00,19070.273,10%,,,,,,,,,,
03/01/2019 08:00,22435.13,11%,,,,,,,,,,
03/01/2019 09:00,22684.526,11%,,,,,,,,,,
03/01/2019 10:00,20516.77,10%,,,,,,,,,,
03/01/2019 11:00,17708.652,9%,,,,,,,,,,
03/01/2019 12:00,18135.65,9%,,,,,,,,,,
03/01/2019 13:00,23892.902,12%,,,,,,,,,,
03/01/2019 14:00,30919.912,15%,,,,,,,,,,
03/01/2019 15:00,36018.133,18%,,,,,,,,,,
03/01/2019 16:00,45046.514,23%,,,,,,,,,,
03/01/2019 17:00,54883.164,27%,,,,,,,,,,
03/01/2019 18:00,53455.511,27%,,,,,,,,,,
03/01/2019 19:00,42045.201,21%,,,,,,,,,,
03/01/2019 20:00,36338.236,18%,,,,,,,,,,
03/01/2019 21:00,38905.503,19%,,,,,,,,,,
03/01/2019 22:00,42169.409,21%,,,,,,,,,,
03/01/2019 23:00,46858.124,23%,,,,,,,,,,
04/01/2019 00:00,55261.252,28%,,,,,,,,,,
04/01/2019 01:00,61654.29,31%,,,,,,,,,,
04/01/2019 02:00,65921.897,33%,,,,,,,,,,
04/01/2019 03:00,66024.023,33%,,,,,,,,,,
04/01/2019 04:00,63194.777,32%,,,,,,,,,,
04/01/2019 05:00,63093.303,32%,,,,,,,,,,
04/01/2019 06:00,65950.285,33%,,,,,,,,,,
04/01/2019 07:00,71963.426,36%,,,,,,,,,,
04/01/2019 08:00,75250.586,38%,,,,,,,,,,
04/01/2019 09:00,79556.518,40%,,,,,,,,,,
04/01/2019 10:00,83743.601,42%,,,,,,,,,,
04/01/2019 11:00,87013.73,44%,,,,,,,,,,
04/01/2019 12:00,87008.764,44%,,,,,,,,,,
04/01/2019 13:00,83088.851,42%,,,,,,,,,,
04/01/2019 14:00,88734.532,44%,,,,,,,,,,
04/01/2019 15:00,94624.909,47%,,,,,,,,,,
04/01/2019 16:00,94292.873,47%,,,,,,,,,,
04/01/2019 17:00,91994.686,46%,,,,,,,,,,
04/01/2019 18:00,88298.647,44%,,,,,,,,,,
04/01/2019 19:00,86263.729,43%,,,,,,,,,,
04/01/2019 20:00,85007.948,43%,,,,,,,,,,
04/01/2019 21:00,83437.8,42%,,,,,,,,,,
04/01/2019 22:00,81168.7,41%,,,,,,,,,,
04/01/2019 23:00,77657.786,39%,,,,,,,,,,
05/01/2019 00:00,76497.751,38%,,,,,,,,,,
05/01/2019 01:00,75783.3,38%,,,,,,,,,,
05/01/2019 02:00,72713.173,36%,,,,,,,,,,
05/01/2019 03:00,69851.216,35%,,,,,,,,,,
05/01/2019 04:00,68567.735,34%,,,,,,,,,,
05/01/2019 05:00,66055.238,33%,,,,,,,,,,
05/01/2019 06:00,62432.221,31%,,,,,,,,,,
05/01/2019 07:00,59074.797,30%,,,,,,,,,,
05/01/2019 08:00,55637.611,28%,,,,,,,,,,
05/01/2019 09:00,52274.756,26%,,,,,,,,,,
05/01/2019 10:00,50190.875,25%,,,,,,,,,,
05/01/2019 11:00,48148.475,24%,,,,,,,,,,
05/01/2019 12:00,43836.862,22%,,,,,,,,,,
05/01/2019 13:00,38352.68,19%,,,,,,,,,,
05/01/2019 14:00,32154.815,16%,,,,,,,,,,
05/01/2019 15:00,27199.38,14%,,,,,,,,,,
05/01/2019 16:00,25190.945,13%,,,,,,,,,,
05/01/2019 17:00,26292.907,13%,,,,,,,,,,
05/01/2019 18:00,28508.489,14%,,,,,,,,,,
05/01/2019 19:00,32537.533,16%,,,,,,,,,,
05/01/2019 20:00,36557.367,18%,,,,,,,,,,
05/01/2019 21:00,40110.42,20%,,,,,,,,,,
05/01/2019 22:00,43827.02,22%,,,,,,,,,,
05/01/2019 23:00,49253.187,25%,,,,,,,,,,
06/01/2019 00:00,56850.822,28%,,,,,,,,,,
06/01/2019 01:00,64396.115,32%,,,,,,,,,,
06/01/2019 02:00,69580.329,35%,,,,,,,,,,
06/01/2019 03:00,77953.047,39%,,,,,,,,,,
06/01/2019 04:00,89730.954,45%,,,,,,,,,,
06/01/2019 05:00,103264.024,52%,,,,,,,,,,
06/01/2019 06:00,110483.106,55%,,,,,,,,,,
06/01/2019 07:00,113520.56,57%,,,,,,,,,,
06/01/2019 08:00,111288.206,56%,,,,,,,,,,
06/01/2019 09:00,104523.928,52%,,,,,,,,,,
06/01/2019 10:00,85004.55,43%,,,,,,,,,,
06/01/2019 11:00,64019.298,32%,,,,,,,,,,
06/01/2019 12:00,53921.597,27%,,,,,,,,,,
06/01/2019 13:00,46141.117,23%,,,,,,,,,,
06/01/2019 14:00,36099.103,18%,,,,,,,,,,
06/01/2019 15:00,23537.552,12%,,,,,,,,,,
06/01/2019 16:00,13499.45,7%,,,,,,,,,,
06/01/2019 17:00,6319.888,3%,,,,,,,,,,
06/01/2019 18:00,1367.183,1%,,,,,,,,,,
06/01/2019 19:00,1194.791,1%,,,,,,,,,,
06/01/2019 20:00,11560.516,6%,,,,,,,,,,
06/01/2019 21:00,33480.384,17%,,,,,,,,,,
06/01/2019 22:00,62242.781,31%,,,,,,,,,,
06/01/2019 23:00,87064.912,44%,,,,,,,,,,
07/01/2019 00:00,100256.193,50%,,,,,,,,,,
07/01/2019 01:00,110407.128,55%,,,,,,,,,,
07/01/2019 02:00,117908.501,59%,,,,,,,,,,
07/01/2019 03:00,128522.75,64%,,,,,,,,,,
07/01/2019 04:00,149689.324,75%,,,,,,,,,,
07/01/2019 05:00,161668.11,81%,,,,,,,,,,
07/01/2019 06:00,165733.565,83%,,,,,,,,,,
07/01/2019 07:00,175836.418,88%,,,,,,,,,,
07/01/2019 08:00,182792.855,91%,,,,,,,,,,
07/01/2019 09:00,191089.346,96%,,,,,,,,,,
07/01/2019 10:00,194449.299,97%,,,,,,,,,,
07/01/2019 11:00,196824.859,98%,,,,,,,,,,
07/01/2019 12:00,198247.812,99%,,,,,,,,,,
07/01/2019 13:00,195530.507,98%,,,,,,,,,,
07/01/2019 14:00,187925.136,94%,,,,,,,,,,
07/01/2019 15:00,175321.945,88%,,,,,,,,,,
07/01/2019 16:00,167390.828,84%,,,,,,,,,,
07/01/2019 17:00,166221.709,83%,,,,,,,,,,
07/01/2019 18:00,168889.242,84%,,,,,,,,,,
07/01/2019 19:00,176633.696,88%,,,,,,,,,,
07/01/2019 20:00,183511.673,92%,,,,,,,,,,
07/01/2019 21:00,190195.819,95%,,,,,,,,,,
07/01/2019 22:00,193240.812,97%,,,,,,,,,,
07/01/2019 23:00,196140.999,98%,,,,,,,,,,
08/01/2019 00:00,197515.032,99%,,,,,,,,,,
08/01/2019 01:00,198120.906,99%,,,,,,,,,,
08/01/2019 02:00,198197.999,99%,,,,,,,,,,
08/01/2019 03:00,197466.981,99%,,,,,,,,,,
08/01/2019 04:00,195775.799,98%,,,,,,,,,,
08/01/2019 05:00,192687.349,96%,,,,,,,,,,
08/01/2019 06:00,189381.503,95%,,,,,,,,,,
08/01/2019 07:00,186594.786,93%,,,,,,,,,,
08/01/2019 08:00,184990.269,92%,,,,,,,,,,
08/01/2019 09:00,185602.713,93%,,,,,,,,,,
08/01/2019 10:00,186804.38,93%,,,,,,,,,,
08/01/2019 11:00,187697.095,94%,,,,,,,,,,
08/01/2019 12:00,188617.004,94%,,,,,,,,,,
08/01/2019 13:00,187667.322,94%,,,,,,,,,,
08/01/2019 14:00,185448.97,93%,,,,,,,,,,
08/01/2019 15:00,181399.973,91%,,,,,,,,,,
08/01/2019 16:00,178470.96,89%,,,,,,,,,,
08/01/2019 17:00,176167.825,88%,,,,,,,,,,
08/01/2019 18:00,172294.286,86%,,,,,,,,,,
08/01/2019 19:00,169711.275,85%,,,,,,,,,,
08/01/2019 20:00,166714.504,83%,,,,,,,,,,
08/01/2019 21:00,165687.615,83%,,,,,,,,,,
08/01/2019 22:00,162094.858,81%,,,,,,,,,,
08/01/2019 23:00,150650.335,75%,,,,,,,,,,
09/01/2019 00:00,137439.927,69%,,,,,,,,,,
09/01/2019 01:00,130574.901,65%,,,,,,,,,,
09/01/2019 02:00,124900.944,62%,,,,,,,,,,
09/01/2019 03:00,119987.096,60%,,,,,,,,,,
09/01/2019 04:00,117336.567,59%,,,,,,,,,,
09/01/2019 05:00,97473.218,49%,,,,,,,,,,
09/01/2019 06:00,86606.989,43%,,,,,,,,,,
09/01/2019 07:00,79922.517,40%,,,,,,,,,,
09/01/2019 08:00,65039.767,33%,,,,,,,,,,
09/01/2019 09:00,50817.702,25%,,,,,,,,,,
09/01/2019 10:00,41530.384,21%,,,,,,,,,,
09/01/2019 11:00,29700.75,15%,,,,,,,,,,
09/01/2019 12:00,23228.322,12%,,,,,,,,,,
09/01/2019 13:00,20071.122,10%,,,,,,,,,,
09/01/2019 14:00,20954.37,10%,,,,,,,,,,
09/01/2019 15:00,30926.484,15%,,,,,,,,,,
09/01/2019 16:00,42873.75,21%,,,,,,,,,,
09/01/2019 17:00,41152.715,21%,,,,,,,,,,
09/01/2019 18:00,32000.907,16%,,,,,,,,,,
09/01/2019 19:00,28798.976,14%,,,,,,,,,,
09/01/2019 20:00,33643.288,17%,,,,,,,,,,
09/01/2019 21:00,41976.989,21%,,,,,,,,,,
09/01/2019 22:00,50504.329,25%,,,,,,,,,,
09/01/2019 23:00,66541.761,33%,,,,,,,,,,
10/01/2019 00:00,82284.036,41%,,,,,,,,,,
10/01/2019 01:00,96231.277,48%,,,,,,,,,,
10/01/2019 02:00,109945.006,55%,,,,,,,,,,
10/01/2019 03:00,118427.366,59%,,,,,,,,,,
10/01/2019 04:00,114634.642,57%,,,,,,,,,,
10/01/2019 05:00,102610.84,51%,,,,,,,,,,
10/01/2019 06:00,99364.668,50%,,,,,,,,,,
10/01/2019 07:00,96841.558,48%,,,,,,,,,,
10/01/2019 08:00,97509.721,49%,,,,,,,,,,
10/01/2019 09:00,97668.182,49%,,,,,,,,,,
10/01/2019 10:00,102063.539,51%,,,,,,,,,,
10/01/2019 11:00,98886.059,49%,,,,,,,,,,
10/01/2019 12:00,92079.1,46%,,,,,,,,,,
10/01/2019 13:00,96734.809,48%,,,,,,,,,,
10/01/2019 14:00,110679.412,55%,,,,,,,,,,
10/01/2019 15:00,113691.358,57%,,,,,,,,,,
10/01/2019 16:00,110109.674,55%,,,,,,,,,,
10/01/2019 17:00,111162.138,56%,,,,,,,,,,
10/01/2019 18:00,110210.554,55%,,,,,,,,,,
10/01/2019 19:00,113042.071,57%,,,,,,,,,,
10/01/2019 20:00,117128.707,59%,,,,,,,,,,
10/01/2019 21:00,126587.186,63%,,,,,,,,,,
10/01/2019 22:00,142707.677,71%,,,,,,,,,,
10/01/2019 23:00,146079.396,73%,,,,,,,,,,
11/01/2019 00:00,145239.46,73%,,,,,,,,,,
11/01/2019 01:00,144992.476,72%,,,,,,,,,,
11/01/2019 02:00,152689.608,76%,,,,,,,,,,
11/01/2019 03:00,149133.495,75%,,,,,,,,,,
11/01/2019 04:00,141219.671,71%,,,,,,,,,,
11/01/2019 05:00,131379.965,66%,,,,,,,,,,
11/01/2019 06:00,126088.049,63%,,,,,,,,,,
11/01/2019 07:00,122043.152,61%,,,,,,,,,,
11/01/2019 08:00,125291.777,63%,,,,,,,,,,
11/01/2019 09:00,123751.791,62%,,,,,,,,,,
11/01/2019 10:00,114083.25,57%,,,,,,,,,,
11/01/2019 11:00,90230.223,45%,,,,,,,,,,
11/01/2019 12:00,75246.543,38%,,,,,,,,,,
11/01/2019 13:00,66836.162,33%,,,,,,,,,,
11/01/2019 14:00,69652.666,35%,,,,,,,,,,
11/01/2019 15:00,77262.137,39%,,,,,,,,,,
11/01/2019 16:00,82853.192,41%,,,,,,,,,,
11/01/2019 17:00,85773.572,43%,,,,,,,,,,
11/01/2019 18:00,85705.361,43%,,,,,,,,,,
11/01/2019 19:00,91082.034,46%,,,,,,,,,,
11/01/2019 20:00,100762.175,50%,,,,,,,,,,
11/01/2019 21:00,112992.311,56%,,,,,,,,,,
11/01/2019 22:00,142077.187,71%,,,,,,,,,,
11/01/2019 23:00,168097.395,84%,,,,,,,,,,
12/01/2019 00:00,176283.309,88%,,,,,,,,,,
12/01/2019 01:00,184854.746,92%,,,,,,,,,,
12/01/2019 02:00,188559.972,94%,,,,,,,,,,
12/01/2019 03:00,188553.628,94%,,,,,,,,,,
12/01/2019 04:00,187258.643,94%,,,,,,,,,,
12/01/2019 05:00,185952.529,93%,,,,,,,,,,
12/01/2019 06:00,184799.712,92%,,,,,,,,,,
12/01/2019 07:00,185956.372,93%,,,,,,,,,,
12/01/2019 08:00,186270.876,93%,,,,,,,,,,
12/01/2019 09:00,188234.74,94%,,,,,,,,,,
12/01/2019 10:00,190603.482,95%,,,,,,,,,,
12/01/2019 11:00,190745.29,95%,,,,,,,,,,
12/01/2019 12:00,188843.393,94%,,,,,,,,,,
12/01/2019 13:00,184588.926,92%,,,,,,,,,,
12/01/2019 14:00,177993.595,89%,,,,,,,,,,
12/01/2019 15:00,167618.073,84%,,,,,,,,,,
12/01/2019 16:00,154515.355,77%,,,,,,,,,,
12/01/2019 17:00,146464.907,73%,,,,,,,,,,
12/01/2019 18:00,150180.471,75%,,,,,,,,,,
12/01/2019 19:00,164429.362,82%,,,,,,,,,,
12/01/2019 20:00,172917.103,86%,,,,,,,,,,
12/01/2019 21:00,178515.945,89%,,,,,,,,,,
12/01/2019 22:00,187421.692,94%,,,,,,,,,,
12/01/2019 23:00,192177.144,96%,,,,,,,,,,
13/01/2019 00:00,194148.308,97%,,,,,,,,,,
13/01/2019 01:00,194972.691,97%,,,,,,,,,,
13/01/2019 02:00,194870.486,97%,,,,,,,,,,
13/01/2019 03:00,193640.459,97%,,,,,,,,,,
13/01/2019 04:00,193683.898,97%,,,,,,,,,,
13/01/2019 05:00,195353.744,98%,,,,,,,,,,
13/01/2019 06:00,196825.748,98%,,,,,,,,,,
13/01/2019 07:00,197595.018,99%,,,,,,,,,,
13/01/2019 08:00,197900.454,99%,,,,,,,,,,
13/01/2019 09:00,197776.655,99%,,,,,,,,,,
13/01/2019 10:00,197118.911,99%,,,,,,,,,,
13/01/2019 11:00,196355.559,98%,,,,,,,,,,
13/01/2019 12:00,195965.278,98%,,,,,,,,,,
13/01/2019 13:00,195724.052,98%,,,,,,,,,,
13/01/2019 14:00,194684.939,97%,,,,,,,,,,
13/01/2019 15:00,192243.222,96%,,,,,,,,,,
13/01/2019 16:00,186808.577,93%,,,,,,,,,,
13/01/2019 17:00,175443.534,88%,,,,,,,,,,
13/01/2019 18:00,153631.982,77%,,,,,,,,,,
13/01/2019 19:00,123814.429,62%,,,,,,,,,,
13/01/2019 20:00,98973.616,49%,,,,,,,,,,
13/01/2019 21:00,91330.065,46%,,,,,,,,,,
13/01/2019 22:00,91957.247,46%,,,,,,,,,,
13/01/2019 23:00,97685.618,49%,,,,,,,,,,
14/01/2019 00:00,101662.771,51%,,,,,,,,,,
14/01/2019 01:00,108269.076,54%,,,,,,,,,,
14/01/2019 02:00,113975.336,57%,,,,,,,,,,
14/01/2019 03:00,118591.939,59%,,,,,,,,,,
14/01/2019 04:00,117581.883,59%,,,,,,,,,,
14/01/2019 05:00,111764.52,56%,,,,,,,,,,
14/01/2019 06:00,100817.037,50%,,,,,,,,,,
14/01/2019 07:00,84100.688,42%,,,,,,,,,,
14/01/2019 08:00,67585.623,34%,,,,,,,,,,
14/01/2019 09:00,54402.288,27%,,,,,,,,,,
14/01/2019 10:00,52852.777,26%,,,,,,,,,,
14/01/2019 11:00,57295.944,29%,,,,,,,,,,
14/01/2019 12:00,76483.146,38%,,,,,,,,,,
14/01/2019 13:00,98799.838,49%,,,,,,,,,,
14/01/2019 14:00,111485.453,56%,,,,,,,,,,
14/01/2019 15:00,118284.701,59%,,,,,,,,,,
14/01/2019 16:00,115543.185,58%,,,,,,,,,,
14/01/2019 17:00,104302.468,52%,,,,,,,,,,
14/01/2019 18:00,103159.378,52%,,,,,,,,,,
14/01/2019 19:00,106221.05,53%,,,,,,,,,,
14/01/2019 20:00,105069.55,53%,,,,,,,,,,
14/01/2019 21:00,116513.926,58%,,,,,,,,,,
14/01/2019 22:00,128319.804,64%,,,,,,,,,,
14/01/2019 23:00,143430.778,72%,,,,,,,,,,
15/01/2019 00:00,154008.957,77%,,,,,,,,,,
15/01/2019 01:00,159427.718,80%,,,,,,,,,,
15/01/2019 02:00,162689.071,81%,,,,,,,,,,
15/01/2019 03:00,162350.22,81%,,,,,,,,,,
15/01/2019 04:00,158548.976,79%,,,,,,,,,,
15/01/2019 05:00,154382.192,77%,,,,,,,,,,
15/01/2019 06:00,147975.609,74%,,,,,,,,,,
15/01/2019 07:00,132687.585,66%,,,,,,,,,,
15/01/2019 08:00,110552.421,55%,,,,,,,,,,
15/01/2019 09:00,83449.1,42%,,,,,,,,,,
15/01/2019 10:00,62615.396,31%,,,,,,,,,,
15/01/2019 11:00,55707.812,28%,,,,,,,,,,
15/01/2019 12:00,70998.676,35%,,,,,,,,,,
15/01/2019 13:00,97668.693,49%,,,,,,,,,,
15/01/2019 14:00,120544.829,60%,,,,,,,,,,
15/01/2019 15:00,136779.014,68%,,,,,,,,,,
15/01/2019 16:00,146894.765,73%,,,,,,,,,,
15/01/2019 17:00,158307.555,79%,,,,,,,,,,
15/01/2019 18:00,159706.229,80%,,,,,,,,,,
15/01/2019 19:00,161867.301,81%,,,,,,,,,,
15/01/2019 20:00,172824.238,86%,,,,,,,,,,
15/01/2019 21:00,178954.762,89%,,,,,,,,,,
15/01/2019 22:00,180948.573,90%,,,,,,,,,,
15/01/2019 23:00,181179.904,91%,,,,,,,,,,
16/01/2019 00:00,178922.475,89%,,,,,,,,,,
16/01/2019 01:00,174336.277,87%,,,,,,,,,,
16/01/2019 02:00,165745.679,83%,,,,,,,,,,
16/01/2019 03:00,150527.653,75%,,,,,,,,,,
16/01/2019 04:00,136292.115,68%,,,,,,,,,,
16/01/2019 05:00,112730.052,56%,,,,,,,,,,
16/01/2019 06:00,82668.391,41%,,,,,,,,,,
16/01/2019 07:00,73354.955,37%,,,,,,,,,,
16/01/2019 08:00,78763.554,39%,,,,,,,,,,
16/01/2019 09:00,87581.138,44%,,,,,,,,,,
16/01/2019 10:00,102063.441,51%,,,,,,,,,,
16/01/2019 11:00,116568.513,58%,,,,,,,,,,
16/01/2019 12:00,123571.466,62%,,,,,,,,,,
16/01/2019 13:00,126195.223,63%,,,,,,,,,,
16/01/2019 14:00,126089.902,63%,,,,,,,,,,
16/01/2019 15:00,128816.677,64%,,,,,,,,,,
16/01/2019 16:00,127819.033,64%,,,,,,,,,,
16/01/2019 17:00,124227.83,62%,,,,,,,,,,
16/01/2019 18:00,141223.49,71%,,,,,,,,,,
16/01/2019 19:00,169159.029,85%,,,,,,,,,,
16/01/2019 20:00,187070.466,94%,,,,,,,,,,
16/01/2019 21:00,189571.839,95%,,,,,,,,,,
16/01/2019 22:00,190864.534,95%,,,,,,,,,,
16/01/2019 23:00,192065.861,96%,,,,,,,,,,
17/01/2019 00:00,191837.731,96%,,,,,,,,,,
17/01/2019 01:00,191824.367,96%,,,,,,,,,,
17/01/2019 02:00,193133.995,97%,,,,,,,,,,
17/01/2019 03:00,194291.308,97%,,,,,,,,,,
17/01/2019 04:00,194725.936,97%,,,,,,,,,,
17/01/2019 05:00,194631.102,97%,,,,,,,,,,
17/01/2019 06:00,193056.4,97%,,,,,,,,,,
17/01/2019 07:00,188961.888,94%,,,,,,,,,,
17/01/2019 08:00,184119.046,92%,,,,,,,,,,
17/01/2019 09:00,177558.126,89%,,,,,,,,,,
17/01/2019 10:00,170281.06,85%,,,,,,,,,,
17/01/2019 11:00,166815.008,83%,,,,,,,,,,
17/01/2019 12:00,161455.469,81%,,,,,,,,,,
17/01/2019 13:00,150804.763,75%,,,,,,,,,,
17/01/2019 14:00,135185.477,68%,,,,,,,,,,
17/01/2019 15:00,123064.53,62%,,,,,,,,,,
17/01/2019 16:00,105440.963,53%,,,,,,,,,,
17/01/2019 17:00,82550.874,41%,,,,,,,,,,
17/01/2019 18:00,64270.387,32%,,,,,,,,,,
17/01/2019 19:00,48153.418,24%,,,,,,,,,,
17/01/2019 20:00,35891.501,18%,,,,,,,,,,
17/01/2019 21:00,28344.676,14%,,,,,,,,,,
17/01/2019 22:00,21355.43,11%,,,,,,,,,,
17/01/2019 23:00,14797.855,7%,,,,,,,,,,
18/01/2019 00:00,10754.328,5%,,,,,,,,,,
18/01/2019 01:00,10687.336,5%,,,,,,,,,,
18/01/2019 02:00,13980.566,7%,,,,,,,,,,
18/01/2019 03:00,17653.467,9%,,,,,,,,,,
18/01/2019 04:00,19130.463,10%,,,,,,,,,,
18/01/2019 05:00,19805,10%,,,,,,,,,,
18/01/2019 06:00,22016.046,11%,,,,,,,,,,
18/01/2019 07:00,28803.115,14%,,,,,,,,,,
18/01/2019 08:00,41600.918,21%,,,,,,,,,,
18/01/2019 09:00,54408.584,27%,,,,,,,,,,
18/01/2019 10:00,62896.285,31%,,,,,,,,,,
18/01/2019 11:00,71003.089,36%,,,,,,,,,,
18/01/2019 12:00,78568.12,39%,,,,,,,,,,
18/01/2019 13:00,89275.304,45%,,,,,,,,,,
18/01/2019 14:00,102610.773,51%,,,,,,,,,,
18/01/2019 15:00,117963.525,59%,,,,,,,,,,
18/01/2019 16:00,129808.325,65%,,,,,,,,,,
18/01/2019 17:00,136401.596,68%,,,,,,,,,,
18/01/2019 18:00,139455.567,70%,,,,,,,,,,
18/01/2019 19:00,140677.637,70%,,,,,,,,,,
18/01/2019 20:00,139910.61,70%,,,,,,,,,,
18/01/2019 21:00,138492.574,69%,,,,,,,,,,
18/01/2019 22:00,135972.249,68%,,,,,,,,,,
18/01/2019 23:00,128320.739,64%,,,,,,,,,,
19/01/2019 00:00,119552.785,60%,,,,,,,,,,
19/01/2019 01:00,107514.745,54%,,,,,,,,,,
19/01/2019 02:00,92192.169,46%,,,,,,,,,,
19/01/2019 03:00,77663.1,39%,,,,,,,,,,
19/01/2019 04:00,62669.794,31%,,,,,,,,,,
19/01/2019 05:00,49600.961,25%,,,,,,,,,,
19/01/2019 06:00,38927.187,19%,,,,,,,,,,
19/01/2019 07:00,31811.825,16%,,,,,,,,,,
19/01/2019 08:00,27843.843,14%,,,,,,,,,,
19/01/2019 09:00,27082.746,14%,,,,,,,,,,
19/01/2019 10:00,27668.06,14%,,,,,,,,,,
19/01/2019 11:00,27267.729,14%,,,,,,,,,,
19/01/2019 12:00,25869.146,13%,,,,,,,,,,
19/01/2019 13:00,22850.349,11%,,,,,,,,,,
19/01/2019 14:00,20103.485,10%,,,,,,,,,,
19/01/2019 15:00,17289.402,9%,,,,,,,,,,
19/01/2019 16:00,14903.559,7%,,,,,,,,,,
19/01/2019 17:00,13462.462,7%,,,,,,,,,,
19/01/2019 18:00,13012.898,7%,,,,,,,,,,
19/01/2019 19:00,14113.109,7%,,,,,,,,,,
19/01/2019 20:00,16574.488,8%,,,,,,,,,,
19/01/2019 21:00,19940.159,10%,,,,,,,,,,
19/01/2019 22:00,23827.504,12%,,,,,,,,,,
19/01/2019 23:00,27945.479,14%,,,,,,,,,,
20/01/2019 00:00,31623.898,16%,,,,,,,,,,
20/01/2019 01:00,34320.701,17%,,,,,,,,,,
20/01/2019 02:00,36370.927,18%,,,,,,,,,,
20/01/2019 03:00,36620.578,18%,,,,,,,,,,
20/01/2019 04:00,35576.832,18%,,,,,,,,,,
20/01/2019 05:00,34897.736,17%,,,,,,,,,,
20/01/2019 06:00,35575.797,18%,,,,,,,,,,
20/01/2019 07:00,38277.933,19%,,,,,,,,,,
20/01/2019 08:00,44423.35,22%,,,,,,,,,,
20/01/2019 09:00,53463.231,27%,,,,,,,,,,
20/01/2019 10:00,63597.331,32%,,,,,,,,,,
20/01/2019 11:00,84453.161,42%,,,,,,,,,,
20/01/2019 12:00,115618.211,58%,,,,,,,,,,
20/01/2019 13:00,140547.603,70%,,,,,,,,,,
20/01/2019 14:00,146250.713,73%,,,,,,,,,,
20/01/2019 15:00,139401.478,70%,,,,,,,,,,
20/01/2019 16:00,133093.178,67%,,,,,,,,,,
20/01/2019 17:00,131175.505,66%,,,,,,,,,,
20/01/2019 18:00,126590.572,63%,,,,,,,,,,
20/01/2019 19:00,117612.204,59%,,,,,,,,,,
20/01/2019 20:00,111242.886,56%,,,,,,,,,,
20/01/2019 21:00,104366.91,52%,,,,,,,,,,
20/01/2019 22:00,98220.638,49%,,,,,,,,,,
20/01/2019 23:00,94080.386,47%,,,,,,,,,,
21/01/2019 00:00,90777.566,45%,,,,,,,,,,
21/01/2019 01:00,84461.5,42%,,,,,,,,,,
21/01/2019 02:00,77107.859,39%,,,,,,,,,,
21/01/2019 03:00,71309.871,36%,,,,,,,,,,
21/01/2019 04:00,69458.482,35%,,,,,,,,,,
21/01/2019 05:00,74711.065,37%,,,,,,,,,,
21/01/2019 06:00,83910.102,42%,,,,,,,,,,
21/01/2019 07:00,92429.576,46%,,,,,,,,,,
21/01/2019 08:00,101981.587,51%,,,,,,,,,,
21/01/2019 09:00,109406.764,55%,,,,,,,,,,
21/01/2019 10:00,117444.983,59%,,,,,,,,,,
21/01/2019 11:00,125325.6,63%,,,,,,,,,,
21/01/2019 12:00,134951.644,67%,,,,,,,,,,
21/01/2019 13:00,145933.954,73%,,,,,,,,,,
21/01/2019 14:00,154391.587,77%,,,,,,,,,,
21/01/2019 15:00,164084.387,82%,,,,,,,,,,
21/01/2019 16:00,172925.386,86%,,,,,,,,,,
21/01/2019 17:00,178716.654,89%,,,,,,,,,,
21/01/2019 18:00,181937.852,91%,,,,,,,,,,
21/01/2019 19:00,182047.922,91%,,,,,,,,,,
21/01/2019 20:00,179574.466,90%,,,,,,,,,,
21/01/2019 21:00,173259.921,87%,,,,,,,,,,
21/01/2019 22:00,156931.979,78%,,,,,,,,,,
21/01/2019 23:00,116368.784,58%,,,,,,,,,,
22/01/2019 00:00,71380.12,36%,,,,,,,,,,
22/01/2019 01:00,61491.705,31%,,,,,,,,,,
22/01/2019 02:00,71881.376,36%,,,,,,,,,,
22/01/2019 03:00,78841.509,39%,,,,,,,,,,
22/01/2019 04:00,79017.396,40%,,,,,,,,,,
22/01/2019 05:00,80550.944,40%,,,,,,,,,,
22/01/2019 06:00,87623.559,44%,,,,,,,,,,
22/01/2019 07:00,96291.903,48%,,,,,,,,,,
22/01/2019 08:00,101869.26,51%,,,,,,,,,,
22/01/2019 09:00,102730.557,51%,,,,,,,,,,
22/01/2019 10:00,96512.791,48%,,,,,,,,,,
22/01/2019 11:00,87403.376,44%,,,,,,,,,,
22/01/2019 12:00,80862.534,40%,,,,,,,,,,
22/01/2019 13:00,76448.936,38%,,,,,,,,,,
22/01/2019 14:00,75428.892,38%,,,,,,,,,,
22/01/2019 15:00,78684.042,39%,,,,,,,,,,
22/01/2019 16:00,80284.714,40%,,,,,,,,,,
22/01/2019 17:00,77129.388,39%,,,,,,,,,,
22/01/2019 18:00,72852.859,36%,,,,,,,,,,
22/01/2019 19:00,69475.073,35%,,,,,,,,,,
22/01/2019 20:00,65549.471,33%,,,,,,,,,,
22/01/2019 21:00,61509.498,31%,,,,,,,,,,
22/01/2019 22:00,59220.817,30%,,,,,,,,,,
22/01/2019 23:00,58810.497,29%,,,,,,,,,,
23/01/2019 00:00,58269.161,29%,,,,,,,,,,
23/01/2019 01:00,57618.45,29%,,,,,,,,,,
23/01/2019 02:00,55302.982,28%,,,,,,,,,,
23/01/2019 03:00,58157.419,29%,,,,,,,,,,
23/01/2019 04:00,57790.348,29%,,,,,,,,,,
23/01/2019 05:00,54324.172,27%,,,,,,,,,,
23/01/2019 06:00,49056.99,25%,,,,,,,,,,
23/01/2019 07:00,42959.984,21%,,,,,,,,,,
23/01/2019 08:00,40877.06,20%,,,,,,,,,,
23/01/2019 09:00,38912.339,19%,,,,,,,,,,
23/01/2019 10:00,28799.018,14%,,,,,,,,,,
23/01/2019 11:00,23335.832,12%,,,,,,,,,,
23/01/2019 12:00,20663.312,10%,,,,,,,,,,
23/01/2019 13:00,20729.844,10%,,,,,,,,,,
23/01/2019 14:00,22525.742,11%,,,,,,,,,,
23/01/2019 15:00,26772.482,13%,,,,,,,,,,
23/01/2019 16:00,30916.122,15%,,,,,,,,,,
23/01/2019 17:00,36639.663,18%,,,,,,,,,,
23/01/2019 18:00,41687.665,21%,,,,,,,,,,
23/01/2019 19:00,46551.228,23%,,,,,,,,,,
23/01/2019 20:00,47538.659,24%,,,,,,,,,,
23/01/2019 21:00,45483.424,23%,,,,,,,,,,
23/01/2019 22:00,38699.541,19%,,,,,,,,,,
23/01/2019 23:00,34156.536,17%,,,,,,,,,,
24/01/2019 00:00,32766.405,16%,,,,,,,,,,
24/01/2019 01:00,38223.558,19%,,,,,,,,,,
24/01/2019 02:00,42196.303,21%,,,,,,,,,,
24/01/2019 03:00,44664.984,22%,,,,,,,,,,
24/01/2019 04:00,46584.152,23%,,,,,,,,,,
24/01/2019 05:00,47127.42,24%,,,,,,,,,,
24/01/2019 06:00,43368.81,22%,,,,,,,,,,
24/01/2019 07:00,38335.377,19%,,,,,,,,,,
24/01/2019 08:00,35530.387,18%,,,,,,,,,,
24/01/2019 09:00,33487.3,17%,,,,,,,,,,
24/01/2019 10:00,23524.871,12%,,,,,,,,,,
24/01/2019 11:00,15626.309,8%,,,,,,,,,,
24/01/2019 12:00,13381.248,7%,,,,,,,,,,
24/01/2019 13:00,13686.901,7%,,,,,,,,,,
24/01/2019 14:00,10863.115,5%,,,,,,,,,,
24/01/2019 15:00,8478.092,4%,,,,,,,,,,
24/01/2019 16:00,9733.887,5%,,,,,,,,,,
24/01/2019 17:00,15420.488,8%,,,,,,,,,,
24/01/2019 18:00,25497.6,13%,,,,,,,,,,
24/01/2019 19:00,40276.506,20%,,,,,,,,,,
24/01/2019 20:00,58270.295,29%,,,,,,,,,,
24/01/2019 21:00,68249.012,34%,,,,,,,,,,
24/01/2019 22:00,77123.479,39%,,,,,,,,,,
24/01/2019 23:00,98452.942,49%,,,,,,,,,,
25/01/2019 00:00,121401.734,61%,,,,,,,,,,
25/01/2019 01:00,129622.662,65%,,,,,,,,,,
25/01/2019 02:00,121217.899,61%,,,,,,,,,,
25/01/2019 03:00,111287.992,56%,,,,,,,,,,
25/01/2019 04:00,109406.787,55%,,,,,,,,,,
25/01/2019 05:00,107681.957,54%,,,,,,,,,,
25/01/2019 06:00,118306.365,59%,,,,,,,,,,
25/01/2019 07:00,138711.708,69%,,,,,,,,,,
25/01/2019 08:00,147352.07,74%,,,,,,,,,,
25/01/2019 09:00,131352.384,66%,,,,,,,,,,
25/01/2019 10:00,120901.481,60%,,,,,,,,,,
25/01/2019 11:00,125457.231,63%,,,,,,,,,,
25/01/2019 12:00,129393.798,65%,,,,,,,,,,
25/01/2019 13:00,133634.615,67%,,,,,,,,,,
25/01/2019 14:00,135903.732,68%,,,,,,,,,,
25/01/2019 15:00,139394.666,70%,,,,,,,,,,
25/01/2019 16:00,139199.633,70%,,,,,,,,,,
25/01/2019 17:00,134806.254,67%,,,,,,,,,,
25/01/2019 18:00,136297.034,68%,,,,,,,,,,
25/01/2019 19:00,121188.612,61%,,,,,,,,,,
25/01/2019 20:00,105817.538,53%,,,,,,,,,,
25/01/2019 21:00,95190.839,48%,,,,,,,,,,
25/01/2019 22:00,89403.692,45%,,,,,,,,,,
25/01/2019 23:00,84486.221,42%,,,,,,,,,,
26/01/2019 00:00,77841.545,39%,,,,,,,,,,
26/01/2019 01:00,65742.101,33%,,,,,,,,,,
26/01/2019 02:00,47124.318,24%,,,,,,,,,,
26/01/2019 03:00,27395.444,14%,,,,,,,,,,
26/01/2019 04:00,9651.743,5%,,,,,,,,,,
26/01/2019 05:00,5546.754,3%,,,,,,,,,,
26/01/2019 06:00,9636.156,5%,,,,,,,,,,
26/01/2019 07:00,30157.614,15%,,,,,,,,,,
26/01/2019 08:00,61273.185,31%,,,,,,,,,,
26/01/2019 09:00,84210.474,42%,,,,,,,,,,
26/01/2019 10:00,93307.593,47%,,,,,,,,,,
26/01/2019 11:00,95506.767,48%,,,,,,,,,,
26/01/2019 12:00,91329.394,46%,,,,,,,,,,
26/01/2019 13:00,76561.298,38%,,,,,,,,,,
26/01/2019 14:00,64536.737,32%,,,,,,,,,,
26/01/2019 15:00,52571.563,26%,,,,,,,,,,
26/01/2019 16:00,46354.561,23%,,,,,,,,,,
26/01/2019 17:00,72599.215,36%,,,,,,,,,,
26/01/2019 18:00,136348.074,68%,,,,,,,,,,
26/01/2019 19:00,179291.229,90%,,,,,,,,,,
26/01/2019 20:00,193698.098,97%,,,,,,,,,,
26/01/2019 21:00,196480.915,98%,,,,,,,,,,
26/01/2019 22:00,196567.138,98%,,,,,,,,,,
26/01/2019 23:00,196006.522,98%,,,,,,,,,,
27/01/2019 00:00,194145.257,97%,,,,,,,,,,
27/01/2019 01:00,192284.918,96%,,,,,,,,,,
27/01/2019 02:00,192079.226,96%,,,,,,,,,,
27/01/2019 03:00,192806.666,96%,,,,,,,,,,
27/01/2019 04:00,194136.257,97%,,,,,,,,,,
27/01/2019 05:00,196110.237,98%,,,,,,,,,,
27/01/2019 06:00,198001.857,99%,,,,,,,,,,
27/01/2019 07:00,197679.974,99%,,,,,,,,,,
27/01/2019 08:00,196313.955,98%,,,,,,,,,,
27/01/2019 09:00,197595.879,99%,,,,,,,,,,
27/01/2019 10:00,198217.393,99%,,,,,,,,,,
27/01/2019 11:00,196455.149,98%,,,,,,,,,,
27/01/2019 12:00,192755.419,96%,,,,,,,,,,
27/01/2019 13:00,189161.967,95%,,,,,,,,,,
27/01/2019 14:00,184880.461,92%,,,,,,,,,,
27/01/2019 15:00,182657.538,91%,,,,,,,,,,
27/01/2019 16:00,182718.838,91%,,,,,,,,,,
27/01/2019 17:00,182727.026,91%,,,,,,,,,,
27/01/2019 18:00,181422.457,91%,,,,,,,,,,
27/01/2019 19:00,179252.409,90%,,,,,,,,,,
27/01/2019 20:00,175287.342,88%,,,,,,,,,,
27/01/2019 21:00,173619.295,87%,,,,,,,,,,
27/01/2019 22:00,171268.738,86%,,,,,,,,,,
27/01/2019 23:00,171807.572,86%,,,,,,,,,,
28/01/2019 00:00,169706.31,85%,,,,,,,,,,
28/01/2019 01:00,169389.278,85%,,,,,,,,,,
28/01/2019 02:00,167493.874,84%,,,,,,,,,,
28/01/2019 03:00,162443.584,81%,,,,,,,,,,
28/01/2019 04:00,156039.224,78%,,,,,,,,,,
28/01/2019 05:00,149172.143,75%,,,,,,,,,,
28/01/2019 06:00,146331.467,73%,,,,,,,,,,
28/01/2019 07:00,144801.982,72%,,,,,,,,,,
28/01/2019 08:00,140433.365,70%,,,,,,,,,,
28/01/2019 09:00,130898.906,65%,,,,,,,,,,
28/01/2019 10:00,118554.838,59%,,,,,,,,,,
28/01/2019 11:00,107194.651,54%,,,,,,,,,,
28/01/2019 12:00,95946.137,48%,,,,,,,,,,
28/01/2019 13:00,86381.354,43%,,,,,,,,,,
28/01/2019 14:00,80599.8,40%,,,,,,,,,,
28/01/2019 15:00,81960.841,41%,,,,,,,,,,
28/01/2019 16:00,85797.539,43%,,,,,,,,,,
28/01/2019 17:00,94196.532,47%,,,,,,,,,,
28/01/2019 18:00,100144.901,50%,,,,,,,,,,
28/01/2019 19:00,107514.665,54%,,,,,,,,,,
28/01/2019 20:00,109588.232,55%,,,,,,,,,,
28/01/2019 21:00,110483.493,55%,,,,,,,,,,
28/01/2019 22:00,103159.365,52%,,,,,,,,,,
28/01/2019 23:00,104523.857,52%,,,,,,,,,,
29/01/2019 00:00,109079.319,55%,,,,,,,,,,
29/01/2019 01:00,111899.771,56%,,,,,,,,,,
29/01/2019 02:00,116969.121,58%,,,,,,,,,,
29/01/2019 03:00,104524.378,52%,,,,,,,,,,
29/01/2019 04:00,90664.542,45%,,,,,,,,,,
29/01/2019 05:00,75410.929,38%,,,,,,,,,,
29/01/2019 06:00,60990.784,30%,,,,,,,,,,
29/01/2019 07:00,51030.477,26%,,,,,,,,,,
29/01/2019 08:00,42485.569,21%,,,,,,,,,,
29/01/2019 09:00,36089.322,18%,,,,,,,,,,
29/01/2019 10:00,28275.16,14%,,,,,,,,,,
29/01/2019 11:00,22502.3,11%,,,,,,,,,,
29/01/2019 12:00,19266.019,10%,,,,,,,,,,
29/01/2019 13:00,17025.222,9%,,,,,,,,,,
29/01/2019 14:00,20428.418,10%,,,,,,,,,,
29/01/2019 15:00,26168.215,13%,,,,,,,,,,
29/01/2019 16:00,34092.234,17%,,,,,,,,,,
29/01/2019 17:00,52728.246,26%,,,,,,,,,,
29/01/2019 18:00,70168.871,35%,,,,,,,,,,
29/01/2019 19:00,77127.919,39%,,,,,,,,,,
29/01/2019 20:00,79016.253,40%,,,,,,,,,,
29/01/2019 21:00,76410.442,38%,,,,,,,,,,
29/01/2019 22:00,70862.843,35%,,,,,,,,,,
29/01/2019 23:00,65453.484,33%,,,,,,,,,,
30/01/2019 00:00,61138.951,31%,,,,,,,,,,
30/01/2019 01:00,57311.97,29%,,,,,,,,,,
30/01/2019 02:00,55734.338,28%,,,,,,,,,,
30/01/2019 03:00,54685.943,27%,,,,,,,,,,
30/01/2019 04:00,53533.54,27%,,,,,,,,,,
30/01/2019 05:00,51815.107,26%,,,,,,,,,,
30/01/2019 06:00,49120.386,25%,,,,,,,,,,
30/01/2019 07:00,46577.947,23%,,,,,,,,,,
30/01/2019 08:00,44058.884,22%,,,,,,,,,,
30/01/2019 09:00,40986.772,20%,,,,,,,,,,
30/01/2019 10:00,38548.976,19%,,,,,,,,,,
30/01/2019 11:00,36050.337,18%,,,,,,,,,,
30/01/2019 12:00,33305.199,17%,,,,,,,,,,
30/01/2019 13:00,30460.548,15%,,,,,,,,,,
30/01/2019 14:00,30105.195,15%,,,,,,,,,,
30/01/2019 15:00,37446.528,19%,,,,,,,,,,
30/01/2019 16:00,50508.719,25%,,,,,,,,,,
30/01/2019 17:00,62845.488,31%,,,,,,,,,,
30/01/2019 18:00,69831.494,35%,,,,,,,,,,
30/01/2019 19:00,72416.704,36%,,,,,,,,,,
30/01/2019 20:00,73337.361,37%,,,,,,,,,,
30/01/2019 21:00,69424.399,35%,,,,,,,,,,
30/01/2019 22:00,64138.041,32%,,,,,,,,,,
30/01/2019 23:00,59199.798,30%,,,,,,,,,,
31/01/2019 00:00,54873.181,27%,,,,,,,,,,
31/01/2019 01:00,51693.9,26%,,,,,,,,,,
31/01/2019 02:00,49287.837,25%,,,,,,,,,,
31/01/2019 03:00,46742.763,23%,,,,,,,,,,
31/01/2019 04:00,40593.427,20%,,,,,,,,,,
31/01/2019 05:00,31274.62,16%,,,,,,,,,,
31/01/2019 06:00,22097.294,11%,,,,,,,,,,
31/01/2019 07:00,14455.631,7%,,,,,,,,,,
31/01/2019 08:00,7825.348,4%,,,,,,,,,,
31/01/2019 09:00,5187.866,3%,,,,,,,,,,
31/01/2019 10:00,4659.513,2%,,,,,,,,,,
31/01/2019 11:00,4506.532,2%,,,,,,,,,,
31/01/2019 12:00,4453.466,2%,,,,,,,,,,
31/01/2019 13:00,4987.605,2%,,,,,,,,,,
31/01/2019 14:00,5791.515,3%,,,,,,,,,,
31/01/2019 15:00,6285.696,3%,,,,,,,,,,
31/01/2019 16:00,6898.462,3%,,,,,,,,,,
31/01/2019 17:00,7738.393,4%,,,,,,,,,,
31/01/2019 18:00,9200.475,5%,,,,,,,,,,
31/01/2019 19:00,11557.621,6%,,,,,,,,,,
31/01/2019 20:00,14766.958,7%,,,,,,,,,,
31/01/2019 21:00,17972.116,9%,,,,,,,,,,
31/01/2019 22:00,21995.111,11%,,,,,,,,,,
31/01/2019 23:00,27906.399,14%,,,,,,,,,,
01/02/2019 00:00,34292.48,17%,,,,,,,,,,
01/02/2019 01:00,38584.541,19%,,,,,,,,,,
01/02/2019 02:00,38759.278,19%,,,,,,,,,,
01/02/2019 03:00,35774.811,18%,,,,,,,,,,
01/02/2019 04:00,30913.655,15%,,,,,,,,,,
01/02/2019 05:00,25963.911,13%,,,,,,,,,,
01/02/2019 06:00,22471.412,11%,,,,,,,,,,
01/02/2019 07:00,20917.902,10%,,,,,,,,,,
01/02/2019 08:00,21650.166,11%,,,,,,,,,,
01/02/2019 09:00,18885.667,9%,,,,,,,,,,
01/02/2019 10:00,13362.411,7%,,,,,,,,,,
01/02/2019 11:00,9153.402,5%,,,,,,,,,,
01/02/2019 12:00,7271.668,4%,,,,,,,,,,
01/02/2019 13:00,6114.026,3%,,,,,,,,,,
01/02/2019 14:00,4006.433,2%,,,,,,,,,,
01/02/2019 15:00,3874.762,2%,,,,,,,,,,
01/02/2019 16:00,4026.305,2%,,,,,,,,,,
01/02/2019 17:00,4076.305,2%,,,,,,,,,,
01/02/2019 18:00,4763.677,2%,,,,,,,,,,
01/02/2019 19:00,9385.704,5%,,,,,,,,,,
01/02/2019 20:00,16400.035,8%,,,,,,,,,,
01/02/2019 21:00,25444.556,13%,,,,,,,,,,
01/02/2019 22:00,36493.991,18%,,,,,,,,,,
01/02/2019 23:00,50193.714,25%,,,,,,,,,,
02/02/2019 00:00,65792.306,33%,,,,,,,,,,
02/02/2019 01:00,76418.307,38%,,,,,,,,,,
02/02/2019 02:00,98768.148,49%,,,,,,,,,,
02/02/2019 03:00,121497.368,61%,,,,,,,,,,
02/02/2019 04:00,137221.028,69%,,,,,,,,,,
02/02/2019 05:00,147755.382,74%,,,,,,,,,,
02/02/2019 06:00,153639.029,77%,,,,,,,,,,
02/02/2019 07:00,154011.473,77%,,,,,,,,,,
02/02/2019 08:00,152068.945,76%,,,,,,,,,,
02/02/2019 09:00,149968.677,75%,,,,,,,,,,
02/02/2019 10:00,142734.944,71%,,,,,,,,,,
02/02/2019 11:00,140083.971,70%,,,,,,,,,,
02/02/2019 12:00,137569.865,69%,,,,,,,,,,
02/02/2019 13:00,133159.566,67%,,,,,,,,,,
02/02/2019 14:00,126592.232,63%,,,,,,,,,,
02/02/2019 15:00,118965.752,59%,,,,,,,,,,
02/02/2019 16:00,113158.495,57%,,,,,,,,,,
02/02/2019 17:00,109473.14,55%,,,,,,,,,,
02/02/2019 18:00,105466.403,53%,,,,,,,,,,
02/02/2019 19:00,100307.128,50%,,,,,,,,,,
02/02/2019 20:00,93258.193,47%,,,,,,,,,,
02/02/2019 21:00,83234.132,42%,,,,,,,,,,
02/02/2019 22:00,71061.562,36%,,,,,,,,,,
02/02/2019 23:00,59994.851,30%,,,,,,,,,,
03/02/2019 00:00,52739.7,26%,,,,,,,,,,
03/02/2019 01:00,48594.688,24%,,,,,,,,,,
03/02/2019 02:00,50819.266,25%,,,,,,,,,,
03/02/2019 03:00,63018.71,32%,,,,,,,,,,
03/02/2019 04:00,79382.215,40%,,,,,,,,,,
03/02/2019 05:00,92986.958,46%,,,,,,,,,,
03/02/2019 06:00,102626.19,51%,,,,,,,,,,
03/02/2019 07:00,111958.883,56%,,,,,,,,,,
03/02/2019 08:00,121321.517,61%,,,,,,,,,,
03/02/2019 09:00,131159.113,66%,,,,,,,,,,
03/02/2019 10:00,140724.743,70%,,,,,,,,,,
03/02/2019 11:00,155298.033,78%,,,,,,,,,,
03/02/2019 12:00,159709.625,80%,,,,,,,,,,
03/02/2019 13:00,147758.216,74%,,,,,,,,,,
03/02/2019 14:00,128815.702,64%,,,,,,,,,,
03/02/2019 15:00,109945.207,55%,,,,,,,,,,
03/02/2019 16:00,101714.927,51%,,,,,,,,,,
03/02/2019 17:00,103090.849,52%,,,,,,,,,,
03/02/2019 18:00,110996.068,55%,,,,,,,,,,
03/02/2019 19:00,111288.348,56%,,,,,,,,,,
03/02/2019 20:00,108649.549,54%,,,,,,,,,,
03/02/2019 21:00,101447.192,51%,,,,,,,,,,
03/02/2019 22:00,92116.434,46%,,,,,,,,,,
03/02/2019 23:00,79359.198,40%,,,,,,,,,,
04/02/2019 00:00,63977.204,32%,,,,,,,,,,
04/02/2019 01:00,61367.203,31%,,,,,,,,,,
04/02/2019 02:00,90244.736,45%,,,,,,,,,,
04/02/2019 03:00,115918.8,58%,,,,,,,,,,
04/02/2019 04:00,120246.865,60%,,,,,,,,,,
04/02/2019 05:00,98221.042,49%,,,,,,,,,,
04/02/2019 06:00,85957.436,43%,,,,,,,,,,
04/02/2019 07:00,101163.428,51%,,,,,,,,,,
04/02/2019 08:00,134160.827,67%,,,,,,,,,,
04/02/2019 09:00,160229.477,80%,,,,,,,,,,
04/02/2019 10:00,166606.643,83%,,,,,,,,,,
04/02/2019 11:00,167158.437,84%,,,,,,,,,,
04/02/2019 12:00,170295.736,85%,,,,,,,,,,
04/02/2019 13:00,169712.872,85%,,,,,,,,,,
04/02/2019 14:00,171424.085,86%,,,,,,,,,,
04/02/2019 15:00,169976.213,85%,,,,,,,,,,
04/02/2019 16:00,163871.978,82%,,,,,,,,,,
04/02/2019 17:00,153317.975,77%,,,,,,,,,,
04/02/2019 18:00,135804.5,68%,,,,,,,,,,
04/02/2019 19:00,131803.478,66%,,,,,,,,,,
04/02/2019 20:00,125204.981,63%,,,,,,,,,,
04/02/2019 21:00,118416.323,59%,,,,,,,,,,
04/02/2019 22:00,114221.458,57%,,,,,,,,,,
04/02/2019 23:00,109502.029,55%,,,,,,,,,,
05/02/2019 00:00,102063.09,51%,,,,,,,,,,
05/02/2019 01:00,94164.387,47%,,,,,,,,,,
05/02/2019 02:00,86378.025,43%,,,,,,,,,,
05/02/2019 03:00,79559.463,40%,,,,,,,,,,
05/02/2019 04:00,67259.127,34%,,,,,,,,,,
05/02/2019 05:00,50169.293,25%,,,,,,,,,,
05/02/2019 06:00,33349.402,17%,,,,,,,,,,
05/02/2019 07:00,17699.449,9%,,,,,,,,,,
05/02/2019 08:00,6573.262,3%,,,,,,,,,,
05/02/2019 09:00,4728.917,2%,,,,,,,,,,
05/02/2019 10:00,13623.35,7%,,,,,,,,,,
05/02/2019 11:00,30197.345,15%,,,,,,,,,,
05/02/2019 12:00,57281.482,29%,,,,,,,,,,
05/02/2019 13:00,88849.07,44%,,,,,,,,,,
05/02/2019 14:00,112468.368,56%,,,,,,,,,,
05/02/2019 15:00,135987.954,68%,,,,,,,,,,
05/02/2019 16:00,159111.681,80%,,,,,,,,,,
05/02/2019 17:00,169714.917,85%,,,,,,,,,,
05/02/2019 18:00,174236.721,87%,,,,,,,,,,
05/02/2019 19:00,175911.332,88%,,,,,,,,,,
05/02/2019 20:00,173704.322,87%,,,,,,,,,,
05/02/2019 21:00,158921.677,79%,,,,,,,,,,
05/02/2019 22:00,127753.542,64%,,,,,,,,,,
05/02/2019 23:00,106972.988,53%,,,,,,,,,,
06/02/2019 00:00,113157.646,57%,,,,,,,,,,
06/02/2019 01:00,116229.846,58%,,,,,,,,,,
06/02/2019 02:00,113614.585,57%,,,,,,,,,,
06/02/2019 03:00,111288.311,56%,,,,,,,,,,
06/02/2019 04:00,108867.2,54%,,,,,,,,,,
06/02/2019 05:00,110059.798,55%,,,,,,,,,,
06/02/2019 06:00,108867.2,54%,,,,,,,,,,
06/02/2019 07:00,105215.13,53%,,,,,,,,,,
06/02/2019 08:00,105942.657,53%,,,,,,,,,,
06/02/2019 09:00,100736.156,50%,,,,,,,,,,
06/02/2019 10:00,101909.34,51%,,,,,,,,,,
06/02/2019 11:00,108381.662,54%,,,,,,,,,,
06/02/2019 12:00,114752.536,57%,,,,,,,,,,
06/02/2019 13:00,113403.015,57%,,,,,,,,,,
06/02/2019 14:00,117906.495,59%,,,,,,,,,,
06/02/2019 15:00,124936.216,62%,,,,,,,,,,
06/02/2019 16:00,132393.738,66%,,,,,,,,,,
06/02/2019 17:00,138317.015,69%,,,,,,,,,,
06/02/2019 18:00,143680.555,72%,,,,,,,,,,
06/02/2019 19:00,130164.324,65%,,,,,,,,,,
06/02/2019 20:00,116425.64,58%,,,,,,,,,,
06/02/2019 21:00,111263.885,56%,,,,,,,,,,
06/02/2019 22:00,98087.827,49%,,,,,,,,,,
06/02/2019 23:00,81456.996,41%,,,,,,,,,,
07/02/2019 00:00,62225.781,31%,,,,,,,,,,
07/02/2019 01:00,49455.139,25%,,,,,,,,,,
07/02/2019 02:00,44976.025,22%,,,,,,,,,,
07/02/2019 03:00,39287.833,20%,,,,,,,,,,
07/02/2019 04:00,32711.864,16%,,,,,,,,,,
07/02/2019 05:00,28265.47,14%,,,,,,,,,,
07/02/2019 06:00,23541.998,12%,,,,,,,,,,
07/02/2019 07:00,16381.212,8%,,,,,,,,,,
07/02/2019 08:00,6990.743,3%,,,,,,,,,,
07/02/2019 09:00,1891.81,1%,,,,,,,,,,
07/02/2019 10:00,2951.783,1%,,,,,,,,,,
07/02/2019 11:00,8738.756,4%,,,,,,,,,,
07/02/2019 12:00,19247.435,10%,,,,,,,,,,
07/02/2019 13:00,35511.567,18%,,,,,,,,,,
07/02/2019 14:00,55775.043,28%,,,,,,,,,,
07/02/2019 15:00,78206.097,39%,,,,,,,,,,
07/02/2019 16:00,94514.415,47%,,,,,,,,,,
07/02/2019 17:00,94748.297,47%,,,,,,,,,,
07/02/2019 18:00,89739.188,45%,,,,,,,,,,
07/02/2019 19:00,89759.122,45%,,,,,,,,,,
07/02/2019 20:00,94491.745,47%,,,,,,,,,,
07/02/2019 21:00,98611.306,49%,,,,,,,,,,
07/02/2019 22:00,100142.886,50%,,,,,,,,,,
07/02/2019 23:00,99593.313,50%,,,,,,,,,,
08/02/2019 00:00,98904.692,49%,,,,,,,,,,
08/02/2019 01:00,97574.435,49%,,,,,,,,,,
08/02/2019 02:00,105154.861,53%,,,,,,,,,,
08/02/2019 03:00,112422.356,56%,,,,,,,,,,
08/02/2019 04:00,128814.921,64%,,,,,,,,,,
08/02/2019 05:00,155718.658,78%,,,,,,,,,,
08/02/2019 06:00,168978.701,84%,,,,,,,,,,
08/02/2019 07:00,173836.103,87%,,,,,,,,,,
08/02/2019 08:00,178906.669,89%,,,,,,,,,,
08/02/2019 09:00,185293.707,93%,,,,,,,,,,
08/02/2019 10:00,189828.063,95%,,,,,,,,,,
08/02/2019 11:00,192908.586,96%,,,,,,,,,,
08/02/2019 12:00,190120.691,95%,,,,,,,,,,
08/02/2019 13:00,189397.086,95%,,,,,,,,,,
08/02/2019 14:00,194390.558,97%,,,,,,,,,,
08/02/2019 15:00,196687.522,98%,,,,,,,,,,
08/02/2019 16:00,197899.196,99%,,,,,,,,,,
08/02/2019 17:00,198247.205,99%,,,,,,,,,,
08/02/2019 18:00,198198.382,99%,,,,,,,,,,
08/02/2019 19:00,198209.035,99%,,,,,,,,,,
08/02/2019 20:00,198143.234,99%,,,,,,,,,,
08/02/2019 21:00,197741.564,99%,,,,,,,,,,
08/02/2019 22:00,196940.847,98%,,,,,,,,,,
08/02/2019 23:00,196000.664,98%,,,,,,,,,,
09/02/2019 00:00,194761.697,97%,,,,,,,,,,
09/02/2019 01:00,192181.367,96%,,,,,,,,,,
09/02/2019 02:00,185440.298,93%,,,,,,,,,,
09/02/2019 03:00,167184.158,84%,,,,,,,,,,
09/02/2019 04:00,130834.738,65%,,,,,,,,,,
09/02/2019 05:00,106429.784,53%,,,,,,,,,,
09/02/2019 06:00,117525.155,59%,,,,,,,,,,
09/02/2019 07:00,140875.014,70%,,,,,,,,,,
09/02/2019 08:00,160483.134,80%,,,,,,,,,,
09/02/2019 09:00,176534.103,88%,,,,,,,,,,
09/02/2019 10:00,192722.025,96%,,,,,,,,,,
09/02/2019 11:00,197808.386,99%,,,,,,,,,,
09/02/2019 12:00,198231.834,99%,,,,,,,,,,
09/02/2019 13:00,197980.43,99%,,,,,,,,,,
09/02/2019 14:00,198156.601,99%,,,,,,,,,,
09/02/2019 15:00,198230.459,99%,,,,,,,,,,
09/02/2019 16:00,197663.074,99%,,,,,,,,,,
09/02/2019 17:00,196716.578,98%,,,,,,,,,,
09/02/2019 18:00,195293.833,98%,,,,,,,,,,
09/02/2019 19:00,193749.644,97%,,,,,,,,,,
09/02/2019 20:00,191740.823,96%,,,,,,,,,,
09/02/2019 21:00,188728.764,94%,,,,,,,,,,
09/02/2019 22:00,184518.309,92%,,,,,,,,,,
09/02/2019 23:00,178417.875,89%,,,,,,,,,,
10/02/2019 00:00,168347.198,84%,,,,,,,,,,
10/02/2019 01:00,157276.985,79%,,,,,,,,,,
10/02/2019 02:00,145166.998,73%,,,,,,,,,,
10/02/2019 03:00,119980.776,60%,,,,,,,,,,
10/02/2019 04:00,103158.387,52%,,,,,,,,,,
10/02/2019 05:00,91880.375,46%,,,,,,,,,,
10/02/2019 06:00,82637.587,41%,,,,,,,,,,
10/02/2019 07:00,76495.5,38%,,,,,,,,,,
10/02/2019 08:00,71531.287,36%,,,,,,,,,,
10/02/2019 09:00,64029.508,32%,,,,,,,,,,
10/02/2019 10:00,55600.411,28%,,,,,,,,,,
10/02/2019 11:00,59342.198,30%,,,,,,,,,,
10/02/2019 12:00,69929.653,35%,,,,,,,,,,
10/02/2019 13:00,75933.48,38%,,,,,,,,,,
10/02/2019 14:00,79553.481,40%,,,,,,,,,,
10/02/2019 15:00,84040.267,42%,,,,,,,,,,
10/02/2019 16:00,92300.072,46%,,,,,,,,,,
10/02/2019 17:00,94365.967,47%,,,,,,,,,,
10/02/2019 18:00,100061.882,50%,,,,,,,,,,
10/02/2019 19:00,103498.952,52%,,,,,,,,,,
10/02/2019 20:00,116139.037,58%,,,,,,,,,,
10/02/2019 21:00,132684.363,66%,,,,,,,,,,
10/02/2019 22:00,138551.312,69%,,,,,,,,,,
10/02/2019 23:00,138396.128,69%,,,,,,,,,,
11/02/2019 00:00,132203.322,66%,,,,,,,,,,
11/02/2019 01:00,126587.877,63%,,,,,,,,,,
11/02/2019 02:00,124897.009,62%,,,,,,,,,,
11/02/2019 03:00,122046.639,61%,,,,,,,,,,
11/02/2019 04:00,113159.093,57%,,,,,,,,,,
11/02/2019 05:00,98770.692,49%,,,,,,,,,,
11/02/2019 06:00,86829.277,43%,,,,,,,,,,
11/02/2019 07:00,75249.117,38%,,,,,,,,,,
11/02/2019 08:00,64008.975,32%,,,,,,,,,,
11/02/2019 09:00,59994.213,30%,,,,,,,,,,
11/02/2019 10:00,58652.88,29%,,,,,,,,,,
11/02/2019 11:00,50109.322,25%,,,,,,,,,,
11/02/2019 12:00,37616.038,19%,,,,,,,,,,
11/02/2019 13:00,33750.14,17%,,,,,,,,,,
11/02/2019 14:00,27157.043,14%,,,,,,,,,,
11/02/2019 15:00,21466.862,11%,,,,,,,,,,
11/02/2019 16:00,17495.982,9%,,,,,,,,,,
11/02/2019 17:00,18740.231,9%,,,,,,,,,,
11/02/2019 18:00,25601.894,13%,,,,,,,,,,
11/02/2019 19:00,40207.433,20%,,,,,,,,,,
11/02/2019 20:00,62619.746,31%,,,,,,,,,,
11/02/2019 21:00,79560.64,40%,,,,,,,,,,
11/02/2019 22:00,88302.004,44%,,,,,,,,,,
11/02/2019 23:00,95190.272,48%,,,,,,,,,,
12/02/2019 00:00,102519.597,51%,,,,,,,,,,
12/02/2019 01:00,119001.18,60%,,,,,,,,,,
12/02/2019 02:00,125879.387,63%,,,,,,,,,,
12/02/2019 03:00,128858.494,64%,,,,,,,,,,
12/02/2019 04:00,133688.754,67%,,,,,,,,,,
12/02/2019 05:00,137695.964,69%,,,,,,,,,,
12/02/2019 06:00,145527.831,73%,,,,,,,,,,
12/02/2019 07:00,154690.532,77%,,,,,,,,,,
12/02/2019 08:00,156848.488,78%,,,,,,,,,,
12/02/2019 09:00,158835.487,79%,,,,,,,,,,
12/02/2019 10:00,159868.926,80%,,,,,,,,,,
12/02/2019 11:00,168029.546,84%,,,,,,,,,,
12/02/2019 12:00,176823.14,88%,,,,,,,,,,
12/02/2019 13:00,176833.928,88%,,,,,,,,,,
12/02/2019 14:00,176313.085,88%,,,,,,,,,,
12/02/2019 15:00,175600.616,88%,,,,,,,,,,
12/02/2019 16:00,173173.536,87%,,,,,,,,,,
12/02/2019 17:00,166533.158,83%,,,,,,,,,,
12/02/2019 18:00,159701.524,80%,,,,,,,,,,
12/02/2019 19:00,149222.53,75%,,,,,,,,,,
12/02/2019 20:00,126401.821,63%,,,,,,,,,,
12/02/2019 21:00,103159.146,52%,,,,,,,,,,
12/02/2019 22:00,97670.419,49%,,,,,,,,,,
12/02/2019 23:00,104435.671,52%,,,,,,,,,,
13/02/2019 00:00,103157.699,52%,,,,,,,,,,
13/02/2019 01:00,91936.932,46%,,,,,,,,,,
13/02/2019 02:00,89402.343,45%,,,,,,,,,,
13/02/2019 03:00,91449.431,46%,,,,,,,,,,
13/02/2019 04:00,95189.032,48%,,,,,,,,,,
13/02/2019 05:00,118475.32,59%,,,,,,,,,,
13/02/2019 06:00,127315.006,64%,,,,,,,,,,
13/02/2019 07:00,142325.475,71%,,,,,,,,,,
13/02/2019 08:00,152688.51,76%,,,,,,,,,,
13/02/2019 09:00,161035.929,81%,,,,,,,,,,
13/02/2019 10:00,154394.052,77%,,,,,,,,,,
13/02/2019 11:00,158156.326,79%,,,,,,,,,,
13/02/2019 12:00,162639.556,81%,,,,,,,,,,
13/02/2019 13:00,165451.83,83%,,,,,,,,,,
13/02/2019 14:00,163767.899,82%,,,,,,,,,,
13/02/2019 15:00,165440.15,83%,,,,,,,,,,
13/02/2019 16:00,165867.017,83%,,,,,,,,,,
13/02/2019 17:00,164380.69,82%,,,,,,,,,,
13/02/2019 18:00,166206.564,83%,,,,,,,,,,
13/02/2019 19:00,168507.772,84%,,,,,,,,,,
13/02/2019 20:00,171086.804,86%,,,,,,,,,,
13/02/2019 21:00,173915.755,87%,,,,,,,,,,
13/02/2019 22:00,174239.906,87%,,,,,,,,,,
13/02/2019 23:00,170464.924,85%,,,,,,,,,,
14/02/2019 00:00,166287.243,83%,,,,,,,,,,
14/02/2019 01:00,163757.992,82%,,,,,,,,,,
14/02/2019 02:00,157635.951,79%,,,,,,,,,,
14/02/2019 03:00,149262.426,75%,,,,,,,,,,
14/02/2019 04:00,145639.889,73%,,,,,,,,,,
14/02/2019 05:00,141654.164,71%,,,,,,,,,,
14/02/2019 06:00,135868.199,68%,,,,,,,,,,
14/02/2019 07:00,130786.283,65%,,,,,,,,,,
14/02/2019 08:00,126094.552,63%,,,,,,,,,,
14/02/2019 09:00,116168.449,58%,,,,,,,,,,
14/02/2019 10:00,106732.338,53%,,,,,,,,,,
14/02/2019 11:00,98218.947,49%,,,,,,,,,,
14/02/2019 12:00,96261.47,48%,,,,,,,,,,
14/02/2019 13:00,102334.898,51%,,,,,,,,,,
14/02/2019 14:00,112214.704,56%,,,,,,,,,,
14/02/2019 15:00,124652.168,62%,,,,,,,,,,
14/02/2019 16:00,129560.722,65%,,,,,,,,,,
14/02/2019 17:00,128233.243,64%,,,,,,,,,,
14/02/2019 18:00,128324.067,64%,,,,,,,,,,
14/02/2019 19:00,130333.445,65%,,,,,,,,,,
14/02/2019 20:00,130780.131,65%,,,,,,,,,,
14/02/2019 21:00,133138.784,67%,,,,,,,,,,
14/02/2019 22:00,136236.473,68%,,,,,,,,,,
14/02/2019 23:00,138874.976,69%,,,,,,,,,,
15/02/2019 00:00,140602.212,70%,,,,,,,,,,
15/02/2019 01:00,141044.534,71%,,,,,,,,,,
15/02/2019 02:00,139935.244,70%,,,,,,,,,,
15/02/2019 03:00,136789.499,68%,,,,,,,,,,
15/02/2019 04:00,134345.763,67%,,,,,,,,,,
15/02/2019 05:00,132680.669,66%,,,,,,,,,,
15/02/2019 06:00,132907.518,66%,,,,,,,,,,
15/02/2019 07:00,134873.739,67%,,,,,,,,,,
15/02/2019 08:00,134587.819,67%,,,,,,,,,,
15/02/2019 09:00,132684.237,66%,,,,,,,,,,
15/02/2019 10:00,134513.465,67%,,,,,,,,,,
15/02/2019 11:00,141270.13,71%,,,,,,,,,,
15/02/2019 12:00,144003.368,72%,,,,,,,,,,
15/02/2019 13:00,149143.944,75%,,,,,,,,,,
15/02/2019 14:00,155613.445,78%,,,,,,,,,,
15/02/2019 15:00,160689.111,80%,,,,,,,,,,
15/02/2019 16:00,163035.985,82%,,,,,,,,,,
15/02/2019 17:00,163044.147,82%,,,,,,,,,,
15/02/2019 18:00,160011.884,80%,,,,,,,,,,
15/02/2019 19:00,154573.086,77%,,,,,,,,,,
15/02/2019 20:00,148874.455,74%,,,,,,,,,,
15/02/2019 21:00,143917.069,72%,,,,,,,,,,
15/02/2019 22:00,141553.056,71%,,,,,,,,,,
15/02/2019 23:00,145021.492,73%,,,,,,,,,,
16/02/2019 00:00,160566.294,80%,,,,,,,,,,
16/02/2019 01:00,155535.286,78%,,,,,,,,,,
16/02/2019 02:00,151033.01,76%,,,,,,,,,,
16/02/2019 03:00,151679.153,76%,,,,,,,,,,
16/02/2019 04:00,139399.747,70%,,,,,,,,,,
16/02/2019 05:00,130077.976,65%,,,,,,,,,,
16/02/2019 06:00,125471.462,63%,,,,,,,,,,
16/02/2019 07:00,127084.09,64%,,,,,,,,,,
16/02/2019 08:00,124801.627,62%,,,,,,,,,,
16/02/2019 09:00,120465.78,60%,,,,,,,,,,
16/02/2019 10:00,111288.05,56%,,,,,,,,,,
16/02/2019 11:00,113659.282,57%,,,,,,,,,,
16/02/2019 12:00,111288.279,56%,,,,,,,,,,
16/02/2019 13:00,102384.934,51%,,,,,,,,,,
16/02/2019 14:00,90129.802,45%,,,,,,,,,,
16/02/2019 15:00,86360.095,43%,,,,,,,,,,
16/02/2019 16:00,97042.213,49%,,,,,,,,,,
16/02/2019 17:00,113567.445,57%,,,,,,,,,,
16/02/2019 18:00,125524.847,63%,,,,,,,,,,
16/02/2019 19:00,132613.235,66%,,,,,,,,,,
16/02/2019 20:00,133635.762,67%,,,,,,,,,,
16/02/2019 21:00,128617.822,64%,,,,,,,,,,
16/02/2019 22:00,121835.608,61%,,,,,,,,,,
16/02/2019 23:00,131510.135,66%,,,,,,,,,,
17/02/2019 00:00,152044.454,76%,,,,,,,,,,
17/02/2019 01:00,160041.541,80%,,,,,,,,,,
17/02/2019 02:00,164794.945,82%,,,,,,,,,,
17/02/2019 03:00,169725.548,85%,,,,,,,,,,
17/02/2019 04:00,169379.603,85%,,,,,,,,,,
17/02/2019 05:00,168067.416,84%,,,,,,,,,,
17/02/2019 06:00,164611.741,82%,,,,,,,,,,
17/02/2019 07:00,161090.099,81%,,,,,,,,,,
17/02/2019 08:00,160863.737,80%,,,,,,,,,,
17/02/2019 09:00,161205.851,81%,,,,,,,,,,
17/02/2019 10:00,165984.488,83%,,,,,,,,,,
17/02/2019 11:00,171522.125,86%,,,,,,,,,,
17/02/2019 12:00,173754.691,87%,,,,,,,,,,
17/02/2019 13:00,172491.6,86%,,,,,,,,,,
17/02/2019 14:00,175480.282,88%,,,,,,,,,,
17/02/2019 15:00,175234.71,88%,,,,,,,,,,
17/02/2019 16:00,173252.373,87%,,,,,,,,,,
17/02/2019 17:00,171157.908,86%,,,,,,,,,,
17/02/2019 18:00,161211.7,81%,,,,,,,,,,
17/02/2019 19:00,156921.373,78%,,,,,,,,,,
17/02/2019 20:00,158418.997,79%,,,,,,,,,,
17/02/2019 21:00,163947.237,82%,,,,,,,,,,
17/02/2019 22:00,172715.031,86%,,,,,,,,,,
17/02/2019 23:00,176127.981,88%,,,,,,,,,,
18/02/2019 00:00,178403.577,89%,,,,,,,,,,
18/02/2019 01:00,178713.404,89%,,,,,,,,,,
18/02/2019 02:00,178555.168,89%,,,,,,,,,,
18/02/2019 03:00,179114.104,90%,,,,,,,,,,
18/02/2019 04:00,178092.188,89%,,,,,,,,,,
18/02/2019 05:00,181124.377,91%,,,,,,,,,,
18/02/2019 06:00,183743.621,92%,,,,,,,,,,
18/02/2019 07:00,182108.509,91%,,,,,,,,,,
18/02/2019 08:00,181946.545,91%,,,,,,,,,,
18/02/2019 09:00,183140.953,92%,,,,,,,,,,
18/02/2019 10:00,185951.314,93%,,,,,,,,,,
18/02/2019 11:00,187395.707,94%,,,,,,,,,,
18/02/2019 12:00,188764.4,94%,,,,,,,,,,
18/02/2019 13:00,188250.995,94%,,,,,,,,,,
18/02/2019 14:00,185807.871,93%,,,,,,,,,,
18/02/2019 15:00,181581.971,91%,,,,,,,,,,
18/02/2019 16:00,176505.006,88%,,,,,,,,,,
18/02/2019 17:00,167769.195,84%,,,,,,,,,,
18/02/2019 18:00,158324.577,79%,,,,,,,,,,
18/02/2019 19:00,154390.35,77%,,,,,,,,,,
18/02/2019 20:00,148793.287,74%,,,,,,,,,,
18/02/2019 21:00,145146.212,73%,,,,,,,,,,
18/02/2019 22:00,147769.841,74%,,,,,,,,,,
18/02/2019 23:00,145666.235,73%,,,,,,,,,,
19/02/2019 00:00,142688.774,71%,,,,,,,,,,
19/02/2019 01:00,135638.72,68%,,,,,,,,,,
19/02/2019 02:00,135441.365,68%,,,,,,,,,,
19/02/2019 03:00,133798.86,67%,,,,,,,,,,
19/02/2019 04:00,130837.457,65%,,,,,,,,,,
19/02/2019 05:00,126091.055,63%,,,,,,,,,,
19/02/2019 06:00,120927.653,60%,,,,,,,,,,
19/02/2019 07:00,111288.77,56%,,,,,,,,,,
19/02/2019 08:00,94511.208,47%,,,,,,,,,,
19/02/2019 09:00,72326.612,36%,,,,,,,,,,
19/02/2019 10:00,56440.714,28%,,,,,,,,,,
19/02/2019 11:00,51263.457,26%,,,,,,,,,,
19/02/2019 12:00,38512.966,19%,,,,,,,,,,
19/02/2019 13:00,24707.498,12%,,,,,,,,,,
19/02/2019 14:00,20250.438,10%,,,,,,,,,,
19/02/2019 15:00,26600.983,13%,,,,,,,,,,
19/02/2019 16:00,41359.173,21%,,,,,,,,,,
19/02/2019 17:00,57217.114,29%,,,,,,,,,,
19/02/2019 18:00,65034.571,33%,,,,,,,,,,
19/02/2019 19:00,66626.524,33%,,,,,,,,,,
19/02/2019 20:00,74745.496,37%,,,,,,,,,,
19/02/2019 21:00,91480.119,46%,,,,,,,,,,
19/02/2019 22:00,111287.903,56%,,,,,,,,,,
19/02/2019 23:00,132206.295,66%,,,,,,,,,,
20/02/2019 00:00,144850.37,72%,,,,,,,,,,
20/02/2019 01:00,149300.977,75%,,,,,,,,,,
20/02/2019 02:00,148575.75,74%,,,,,,,,,,
20/02/2019 03:00,146301.752,73%,,,,,,,,,,
20/02/2019 04:00,140281.696,70%,,,,,,,,,,
20/02/2019 05:00,139892.145,70%,,,,,,,,,,
20/02/2019 06:00,138495.688,69%,,,,,,,,,,
20/02/2019 07:00,135760.737,68%,,,,,,,,,,
20/02/2019 08:00,141609.623,71%,,,,,,,,,,
20/02/2019 09:00,144425.08,72%,,,,,,,,,,
20/02/2019 10:00,145347.886,73%,,,,,,,,,,
20/02/2019 11:00,157867.812,79%,,,,,,,,,,
20/02/2019 12:00,163516.69,82%,,,,,,,,,,
20/02/2019 13:00,160930.833,80%,,,,,,,,,,
20/02/2019 14:00,161200.748,81%,,,,,,,,,,
20/02/2019 15:00,162548.506,81%,,,,,,,,,,
20/02/2019 16:00,162452.888,81%,,,,,,,,,,
20/02/2019 17:00,159702.044,80%,,,,,,,,,,
20/02/2019 18:00,157859.22,79%,,,,,,,,,,
20/02/2019 19:00,146764.832,73%,,,,,,,,,,
20/02/2019 20:00,134811.751,67%,,,,,,,,,,
20/02/2019 21:00,123571.927,62%,,,,,,,,,,
20/02/2019 22:00,110560.73,55%,,,,,,,,,,
20/02/2019 23:00,106282.052,53%,,,,,,,,,,
21/02/2019 00:00,101346.485,51%,,,,,,,,,,
21/02/2019 01:00,91880.591,46%,,,,,,,,,,
21/02/2019 02:00,80906.547,40%,,,,,,,,,,
21/02/2019 03:00,77306.835,39%,,,,,,,,,,
21/02/2019 04:00,86875.046,43%,,,,,,,,,,
21/02/2019 05:00,101571.265,51%,,,,,,,,,,
21/02/2019 06:00,110483.467,55%,,,,,,,,,,
21/02/2019 07:00,109945.564,55%,,,,,,,,,,
21/02/2019 08:00,98768.47,49%,,,,,,,,,,
21/02/2019 09:00,85534.631,43%,,,,,,,,,,
21/02/2019 10:00,66665.481,33%,,,,,,,,,,
21/02/2019 11:00,65033.204,33%,,,,,,,,,,
21/02/2019 12:00,69175.308,35%,,,,,,,,,,
21/02/2019 13:00,71005.843,36%,,,,,,,,,,
21/02/2019 14:00,72849.18,36%,,,,,,,,,,
21/02/2019 15:00,74581.631,37%,,,,,,,,,,
21/02/2019 16:00,80360.046,40%,,,,,,,,,,
21/02/2019 17:00,97165.708,49%,,,,,,,,,,
21/02/2019 18:00,113092.289,57%,,,,,,,,,,
21/02/2019 19:00,120411.189,60%,,,,,,,,,,
21/02/2019 20:00,124251.047,62%,,,,,,,,,,
21/02/2019 21:00,128172.803,64%,,,,,,,,,,
21/02/2019 22:00,130050.469,65%,,,,,,,,,,
21/02/2019 23:00,131038.848,66%,,,,,,,,,,
22/02/2019 00:00,130985.586,65%,,,,,,,,,,
22/02/2019 01:00,129403.548,65%,,,,,,,,,,
22/02/2019 02:00,130584.363,65%,,,,,,,,,,
22/02/2019 03:00,130927.73,65%,,,,,,,,,,
22/02/2019 04:00,131158.423,66%,,,,,,,,,,
22/02/2019 05:00,133842.537,67%,,,,,,,,,,
22/02/2019 06:00,140225.078,70%,,,,,,,,,,
22/02/2019 07:00,144466.158,72%,,,,,,,,,,
22/02/2019 08:00,145722.735,73%,,,,,,,,,,
22/02/2019 09:00,133635.164,67%,,,,,,,,,,
22/02/2019 10:00,133639.125,67%,,,,,,,,,,
22/02/2019 11:00,134135.746,67%,,,,,,,,,,
22/02/2019 12:00,137926.174,69%,,,,,,,,,,
22/02/2019 13:00,148777.162,74%,,,,,,,,,,
22/02/2019 14:00,148679.824,74%,,,,,,,,,,
22/02/2019 15:00,147270.784,74%,,,,,,,,,,
22/02/2019 16:00,143954.34,72%,,,,,,,,,,
22/02/2019 17:00,147348.786,74%,,,,,,,,,,
22/02/2019 18:00,151153.272,76%,,,,,,,,,,
22/02/2019 19:00,153267.055,77%,,,,,,,,,,
22/02/2019 20:00,156860.709,78%,,,,,,,,,,
22/02/2019 21:00,156126.095,78%,,,,,,,,,,
22/02/2019 22:00,153121.799,77%,,,,,,,,,,
22/02/2019 23:00,147932.48,74%,,,,,,,,,,
23/02/2019 00:00,142934.667,71%,,,,,,,,,,
23/02/2019 01:00,142884.064,71%,,,,,,,,,,
23/02/2019 02:00,144002.735,72%,,,,,,,,,,
23/02/2019 03:00,144424.519,72%,,,,,,,,,,
23/02/2019 04:00,148722.819,74%,,,,,,,,,,
23/02/2019 05:00,150733.581,75%,,,,,,,,,,
23/02/2019 06:00,150793.877,75%,,,,,,,,,,
23/02/2019 07:00,151388.807,76%,,,,,,,,,,
23/02/2019 08:00,151305.842,76%,,,,,,,,,,
23/02/2019 09:00,151694.609,76%,,,,,,,,,,
23/02/2019 10:00,150206.574,75%,,,,,,,,,,
23/02/2019 11:00,151118.926,76%,,,,,,,,,,
23/02/2019 12:00,152306.2,76%,,,,,,,,,,
23/02/2019 13:00,152860.622,76%,,,,,,,,,,
23/02/2019 14:00,150931.478,75%,,,,,,,,,,
23/02/2019 15:00,154599.874,77%,,,,,,,,,,
23/02/2019 16:00,162972.86,81%,,,,,,,,,,
23/02/2019 17:00,160037.072,80%,,,,,,,,,,
23/02/2019 18:00,144844.716,72%,,,,,,,,,,
23/02/2019 19:00,135382.48,68%,,,,,,,,,,
23/02/2019 20:00,127573.089,64%,,,,,,,,,,
23/02/2019 21:00,120532.979,60%,,,,,,,,,,
23/02/2019 22:00,115338.163,58%,,,,,,,,,,
23/02/2019 23:00,104400.393,52%,,,,,,,,,,
24/02/2019 00:00,91330.986,46%,,,,,,,,,,
24/02/2019 01:00,70474.845,35%,,,,,,,,,,
24/02/2019 02:00,51814.017,26%,,,,,,,,,,
24/02/2019 03:00,37666.321,19%,,,,,,,,,,
24/02/2019 04:00,25436.447,13%,,,,,,,,,,
24/02/2019 05:00,12856.392,6%,,,,,,,,,,
24/02/2019 06:00,3067.131,2%,,,,,,,,,,
24/02/2019 07:00,2663.778,1%,,,,,,,,,,
24/02/2019 08:00,11179.987,6%,,,,,,,,,,
24/02/2019 09:00,22114.722,11%,,,,,,,,,,
24/02/2019 10:00,40457.486,20%,,,,,,,,,,
24/02/2019 11:00,64009.006,32%,,,,,,,,,,
24/02/2019 12:00,81461.364,41%,,,,,,,,,,
24/02/2019 13:00,88192.625,44%,,,,,,,,,,
24/02/2019 14:00,91881.135,46%,,,,,,,,,,
24/02/2019 15:00,97001.11,49%,,,,,,,,,,
24/02/2019 16:00,99593.562,50%,,,,,,,,,,
24/02/2019 17:00,98220.704,49%,,,,,,,,,,
24/02/2019 18:00,98219.302,49%,,,,,,,,,,
24/02/2019 19:00,100143.285,50%,,,,,,,,,,
24/02/2019 20:00,105325.018,53%,,,,,,,,,,
24/02/2019 21:00,107756.722,54%,,,,,,,,,,
24/02/2019 22:00,107364.996,54%,,,,,,,,,,
24/02/2019 23:00,102993.084,51%,,,,,,,,,,
25/02/2019 00:00,97293.52,49%,,,,,,,,,,
25/02/2019 01:00,91007.37,46%,,,,,,,,,,
25/02/2019 02:00,85122.339,43%,,,,,,,,,,
25/02/2019 03:00,79561.704,40%,,,,,,,,,,
25/02/2019 04:00,71007.211,36%,,,,,,,,,,
25/02/2019 05:00,60497.999,30%,,,,,,,,,,
25/02/2019 06:00,56417.77,28%,,,,,,,,,,
25/02/2019 07:00,57027.27,29%,,,,,,,,,,
25/02/2019 08:00,55026.602,28%,,,,,,,,,,
25/02/2019 09:00,44504.482,22%,,,,,,,,,,
25/02/2019 10:00,33647.894,17%,,,,,,,,,,
25/02/2019 11:00,28344.095,14%,,,,,,,,,,
25/02/2019 12:00,28049.619,14%,,,,,,,,,,
25/02/2019 13:00,26226.649,13%,,,,,,,,,,
25/02/2019 14:00,24727.141,12%,,,,,,,,,,
25/02/2019 15:00,29509.254,15%,,,,,,,,,,
25/02/2019 16:00,47108.871,24%,,,,,,,,,,
25/02/2019 17:00,72473.646,36%,,,,,,,,,,
25/02/2019 18:00,94392.881,47%,,,,,,,,,,
25/02/2019 19:00,106429.653,53%,,,,,,,,,,
25/02/2019 20:00,112338.124,56%,,,,,,,,,,
25/02/2019 21:00,116597.543,58%,,,,,,,,,,
25/02/2019 22:00,118275.076,59%,,,,,,,,,,
25/02/2019 23:00,120112.399,60%,,,,,,,,,,
26/02/2019 00:00,124489.25,62%,,,,,,,,,,
26/02/2019 01:00,127603.559,64%,,,,,,,,,,
26/02/2019 02:00,125564.91,63%,,,,,,,,,,
26/02/2019 03:00,122308.973,61%,,,,,,,,,,
26/02/2019 04:00,117195.82,59%,,,,,,,,,,
26/02/2019 05:00,107323.159,54%,,,,,,,,,,
26/02/2019 06:00,94163.204,47%,,,,,,,,,,
26/02/2019 07:00,79561.352,40%,,,,,,,,,,
26/02/2019 08:00,62241.401,31%,,,,,,,,,,
26/02/2019 09:00,40876.109,20%,,,,,,,,,,
26/02/2019 10:00,23819.733,12%,,,,,,,,,,
26/02/2019 11:00,13865.207,7%,,,,,,,,,,
26/02/2019 12:00,7460.167,4%,,,,,,,,,,
26/02/2019 13:00,3058.048,2%,,,,,,,,,,
26/02/2019 14:00,1834.302,1%,,,,,,,,,,
26/02/2019 15:00,5364.166,3%,,,,,,,,,,
26/02/2019 16:00,14807.235,7%,,,,,,,,,,
26/02/2019 17:00,24607.723,12%,,,,,,,,,,
26/02/2019 18:00,32267.045,16%,,,,,,,,,,
26/02/2019 19:00,39440.479,20%,,,,,,,,,,
26/02/2019 20:00,46581.49,23%,,,,,,,,,,
26/02/2019 21:00,55961.355,28%,,,,,,,,,,
26/02/2019 22:00,67350.19,34%,,,,,,,,,,
26/02/2019 23:00,72855.527,36%,,,,,,,,,,
27/02/2019 00:00,73902.999,37%,,,,,,,,,,
27/02/2019 01:00,73386.367,37%,,,,,,,,,,
27/02/2019 02:00,73711.054,37%,,,,,,,,,,
27/02/2019 03:00,71352.085,36%,,,,,,,,,,
27/02/2019 04:00,72305.549,36%,,,,,,,,,,
27/02/2019 05:00,75339.378,38%,,,,,,,,,,
27/02/2019 06:00,76016.328,38%,,,,,,,,,,
27/02/2019 07:00,74698.687,37%,,,,,,,,,,
27/02/2019 08:00,70038.09,35%,,,,,,,,,,
27/02/2019 09:00,58883.634,29%,,,,,,,,,,
27/02/2019 10:00,42216.707,21%,,,,,,,,,,
27/02/2019 11:00,32537.814,16%,,,,,,,,,,
27/02/2019 12:00,36230.163,18%,,,,,,,,,,
27/02/2019 13:00,39329.016,20%,,,,,,,,,,
27/02/2019 14:00,40504.655,20%,,,,,,,,,,
27/02/2019 15:00,43144.552,22%,,,,,,,,,,
27/02/2019 16:00,54878.415,27%,,,,,,,,,,
27/02/2019 17:00,67346.384,34%,,,,,,,,,,
27/02/2019 18:00,73504.445,37%,,,,,,,,,,
27/02/2019 19:00,72857.57,36%,,,,,,,,,,
27/02/2019 20:00,68127.565,34%,,,,,,,,,,
27/02/2019 21:00,57096.572,29%,,,,,,,,,,
27/02/2019 22:00,41688.495,21%,,,,,,,,,,
27/02/2019 23:00,27578.936,14%,,,,,,,,,,
28/02/2019 00:00,18636.206,9%,,,,,,,,,,
28/02/2019 01:00,15283.119,8%,,,,,,,,,,
28/02/2019 02:00,16813.854,8%,,,,,,,,,,
28/02/2019 03:00,20975.536,10%,,,,,,,,,,
28/02/2019 04:00,24557.317,12%,,,,,,,,,,
28/02/2019 05:00,25067.409,13%,,,,,,,,,,
28/02/2019 06:00,22585.746,11%,,,,,,,,,,
28/02/2019 07:00,20229.867,10%,,,,,,,,,,
28/02/2019 08:00,17665.438,9%,,,,,,,,,,
28/02/2019 09:00,17627.274,9%,,,,,,,,,,
28/02/2019 10:00,17849.221,9%,,,,,,,,,,
28/02/2019 11:00,16386.964,8%,,,,,,,,,,
28/02/2019 12:00,14168.755,7%,,,,,,,,,,
28/02/2019 13:00,11990.869,6%,,,,,,,,,,
28/02/2019 14:00,11556.454,6%,,,,,,,,,,
28/02/2019 15:00,12825.86,6%,,,,,,,,,,
28/02/2019 16:00,15280.521,8%,,,,,,,,,,
28/02/2019 17:00,16368.688,8%,,,,,,,,,,
28/02/2019 18:00,12888.674,6%,,,,,,,,,,
28/02/2019 19:00,7912.359,4%,,,,,,,,,,
28/02/2019 20:00,4792.095,2%,,,,,,,,,,
28/02/2019 21:00,3655.462,2%,,,,,,,,,,
28/02/2019 22:00,3785.279,2%,,,,,,,,,,
28/02/2019 23:00,4227.297,2%,,,,,,,,,,
01/03/2019 00:00,5034.757,3%,,,,,,,,,,
01/03/2019 01:00,7034.276,4%,,,,,,,,,,
01/03/2019 02:00,10064.543,5%,,,,,,,,,,
01/03/2019 03:00,11961.622,6%,,,,,,,,,,
01/03/2019 04:00,11816.941,6%,,,,,,,,,,
01/03/2019 05:00,11386.366,6%,,,,,,,,,,
01/03/2019 06:00,11045.083,6%,,,,,,,,,,
01/03/2019 07:00,12230.66,6%,,,,,,,,,,
01/03/2019 08:00,15591.204,8%,,,,,,,,,,
01/03/2019 09:00,22724.415,11%,,,,,,,,,,
01/03/2019 10:00,37093.635,19%,,,,,,,,,,
01/03/2019 11:00,53200.613,27%,,,,,,,,,,
01/03/2019 12:00,67353.904,34%,,,,,,,,,,
01/03/2019 13:00,79333.846,40%,,,,,,,,,,
01/03/2019 14:00,85008.664,43%,,,,,,,,,,
01/03/2019 15:00,82547.823,41%,,,,,,,,,,
01/03/2019 16:00,77407.355,39%,,,,,,,,,,
01/03/2019 17:00,90776.667,45%,,,,,,,,,,
01/03/2019 18:00,97667.493,49%,,,,,,,,,,
01/03/2019 19:00,94335.281,47%,,,,,,,,,,
01/03/2019 20:00,92038.377,46%,,,,,,,,,,
01/03/2019 21:00,83911.315,42%,,,,,,,,,,
01/03/2019 22:00,74966.609,37%,,,,,,,,,,
01/03/2019 23:00,68133.528,34%,,,,,,,,,,
02/03/2019 00:00,68949.903,34%,,,,,,,,,,
02/03/2019 01:00,73180.061,37%,,,,,,,,,,
02/03/2019 02:00,70472.863,35%,,,,,,,,,,
02/03/2019 03:00,74037.458,37%,,,,,,,,,,
02/03/2019 04:00,79299.612,40%,,,,,,,,,,
02/03/2019 05:00,82577.945,41%,,,,,,,,,,
02/03/2019 06:00,80764.721,40%,,,,,,,,,,
02/03/2019 07:00,68321.19,34%,,,,,,,,,,
02/03/2019 08:00,57744.443,29%,,,,,,,,,,
02/03/2019 09:00,45511.65,23%,,,,,,,,,,
02/03/2019 10:00,49218.369,25%,,,,,,,,,,
02/03/2019 11:00,75241.688,38%,,,,,,,,,,
02/03/2019 12:00,115282.864,58%,,,,,,,,,,
02/03/2019 13:00,150085.546,75%,,,,,,,,,,
02/03/2019 14:00,174993.166,87%,,,,,,,,,,
02/03/2019 15:00,187654.609,94%,,,,,,,,,,
02/03/2019 16:00,192634.787,96%,,,,,,,,,,
02/03/2019 17:00,191019.464,96%,,,,,,,,,,
02/03/2019 18:00,183889.077,92%,,,,,,,,,,
02/03/2019 19:00,180469.205,90%,,,,,,,,,,
02/03/2019 20:00,182319.157,91%,,,,,,,,,,
02/03/2019 21:00,182139.498,91%,,,,,,,,,,
02/03/2019 22:00,188767.194,94%,,,,,,,,,,
02/03/2019 23:00,194854.716,97%,,,,,,,,,,
03/03/2019 00:00,197372.093,99%,,,,,,,,,,
03/03/2019 01:00,198153.712,99%,,,,,,,,,,
03/03/2019 02:00,198268.533,99%,,,,,,,,,,
03/03/2019 03:00,198254.874,99%,,,,,,,,,,
03/03/2019 04:00,198225.836,99%,,,,,,,,,,
03/03/2019 05:00,198238.022,99%,,,,,,,,,,
03/03/2019 06:00,198267.851,99%,,,,,,,,,,
03/03/2019 07:00,198087.495,99%,,,,,,,,,,
03/03/2019 08:00,197548.149,99%,,,,,,,,,,
03/03/2019 09:00,196672.365,98%,,,,,,,,,,
03/03/2019 10:00,194974.497,97%,,,,,,,,,,
03/03/2019 11:00,192549.859,96%,,,,,,,,,,
03/03/2019 12:00,187834.611,94%,,,,,,,,,,
03/03/2019 13:00,177227.626,89%,,,,,,,,,,
03/03/2019 14:00,157875.18,79%,,,,,,,,,,
03/03/2019 15:00,129480.245,65%,,,,,,,,,,
03/03/2019 16:00,107409.364,54%,,,,,,,,,,
03/03/2019 17:00,96292.733,48%,,,,,,,,,,
03/03/2019 18:00,84778.108,42%,,,,,,,,,,
03/03/2019 19:00,65402.657,33%,,,,,,,,,,
03/03/2019 20:00,38280.452,19%,,,,,,,,,,
03/03/2019 21:00,16791.498,8%,,,,,,,,,,
03/03/2019 22:00,17406.548,9%,,,,,,,,,,
03/03/2019 23:00,44783.715,22%,,,,,,,,,,
04/03/2019 00:00,75334.091,38%,,,,,,,,,,
04/03/2019 01:00,102063.148,51%,,,,,,,,,,
04/03/2019 02:00,122558.46,61%,,,,,,,,,,
04/03/2019 03:00,130195.632,65%,,,,,,,,,,
04/03/2019 04:00,131169.864,66%,,,,,,,,,,
04/03/2019 05:00,130870.198,65%,,,,,,,,,,
04/03/2019 06:00,136438.71,68%,,,,,,,,,,
04/03/2019 07:00,138039.535,69%,,,,,,,,,,
04/03/2019 08:00,131822.521,66%,,,,,,,,,,
04/03/2019 09:00,129651.585,65%,,,,,,,,,,
04/03/2019 10:00,137148.978,69%,,,,,,,,,,
04/03/2019 11:00,152433.186,76%,,,,,,,,,,
04/03/2019 12:00,162344.581,81%,,,,,,,,,,
04/03/2019 13:00,167659.107,84%,,,,,,,,,,
04/03/2019 14:00,169102.917,85%,,,,,,,,,,
04/03/2019 15:00,166743.082,83%,,,,,,,,,,
04/03/2019 16:00,158457.038,79%,,,,,,,,,,
04/03/2019 17:00,144850.396,72%,,,,,,,,,,
04/03/2019 18:00,124962.754,62%,,,,,,,,,,
04/03/2019 19:00,102610.468,51%,,,,,,,,,,
04/03/2019 20:00,92710.124,46%,,,,,,,,,,
04/03/2019 21:00,91656.315,46%,,,,,,,,,,
04/03/2019 22:00,94719.21,47%,,,,,,,,,,
04/03/2019 23:00,96291.048,48%,,,,,,,,,,
05/03/2019 00:00,94393.485,47%,,,,,,,,,,
05/03/2019 01:00,91327.962,46%,,,,,,,,,,
05/03/2019 02:00,84109.276,42%,,,,,,,,,,
05/03/2019 03:00,73400.554,37%,,,,,,,,,,
05/03/2019 04:00,65092.446,33%,,,,,,,,,,
05/03/2019 05:00,57776.626,29%,,,,,,,,,,
05/03/2019 06:00,48816.815,24%,,,,,,,,,,
05/03/2019 07:00,39964.129,20%,,,,,,,,,,
05/03/2019 08:00,28428.032,14%,,,,,,,,,,
05/03/2019 09:00,22135.526,11%,,,,,,,,,,
05/03/2019 10:00,15758.433,8%,,,,,,,,,,
05/03/2019 11:00,10807.804,5%,,,,,,,,,,
05/03/2019 12:00,11732.375,6%,,,,,,,,,,
05/03/2019 13:00,14052.024,7%,,,,,,,,,,
05/03/2019 14:00,16817.527,8%,,,,,,,,,,
05/03/2019 15:00,19419.603,10%,,,,,,,,,,
05/03/2019 16:00,22510.566,11%,,,,,,,,,,
05/03/2019 17:00,22783.046,11%,,,,,,,,,,
05/03/2019 18:00,16973.427,8%,,,,,,,,,,
05/03/2019 19:00,12693.678,6%,,,,,,,,,,
05/03/2019 20:00,9013.41,5%,,,,,,,,,,
05/03/2019 21:00,8043.756,4%,,,,,,,,,,
05/03/2019 22:00,10195.058,5%,,,,,,,,,,
05/03/2019 23:00,16442.917,8%,,,,,,,,,,
06/03/2019 00:00,23539.393,12%,,,,,,,,,,
06/03/2019 01:00,33006.353,17%,,,,,,,,,,
06/03/2019 02:00,45041.958,23%,,,,,,,,,,
06/03/2019 03:00,64533.121,32%,,,,,,,,,,
06/03/2019 04:00,85916.521,43%,,,,,,,,,,
06/03/2019 05:00,98771.284,49%,,,,,,,,,,
06/03/2019 06:00,108518.749,54%,,,,,,,,,,
06/03/2019 07:00,120327.862,60%,,,,,,,,,,
06/03/2019 08:00,132208.729,66%,,,,,,,,,,
06/03/2019 09:00,138042.191,69%,,,,,,,,,,
06/03/2019 10:00,138706.628,69%,,,,,,,,,,
06/03/2019 11:00,137552.758,69%,,,,,,,,,,
06/03/2019 12:00,133631.914,67%,,,,,,,,,,
06/03/2019 13:00,118345.637,59%,,,,,,,,,,
06/03/2019 14:00,96290.053,48%,,,,,,,,,,
06/03/2019 15:00,69838.929,35%,,,,,,,,,,
06/03/2019 16:00,51815.666,26%,,,,,,,,,,
06/03/2019 17:00,41277.391,21%,,,,,,,,,,
06/03/2019 18:00,35449.53,18%,,,,,,,,,,
06/03/2019 19:00,30873.066,15%,,,,,,,,,,
06/03/2019 20:00,29232.613,15%,,,,,,,,,,
06/03/2019 21:00,31085.321,16%,,,,,,,,,,
06/03/2019 22:00,38495.592,19%,,,,,,,,,,
06/03/2019 23:00,48499.032,24%,,,,,,,,,,
07/03/2019 00:00,53237.45,27%,,,,,,,,,,
07/03/2019 01:00,56100.659,28%,,,,,,,,,,
07/03/2019 02:00,58754.747,29%,,,,,,,,,,
07/03/2019 03:00,69878.247,35%,,,,,,,,,,
07/03/2019 04:00,85909.56,43%,,,,,,,,,,
07/03/2019 05:00,100805.871,50%,,,,,,,,,,
07/03/2019 06:00,117123.417,59%,,,,,,,,,,
07/03/2019 07:00,139746.224,70%,,,,,,,,,,
07/03/2019 08:00,163612.757,82%,,,,,,,,,,
07/03/2019 09:00,179872.203,90%,,,,,,,,,,
07/03/2019 10:00,188847.096,94%,,,,,,,,,,
07/03/2019 11:00,192829.307,96%,,,,,,,,,,
07/03/2019 12:00,195394.078,98%,,,,,,,,,,
07/03/2019 13:00,196185.112,98%,,,,,,,,,,
07/03/2019 14:00,196555.74,98%,,,,,,,,,,
07/03/2019 15:00,195518.183,98%,,,,,,,,,,
07/03/2019 16:00,195003.75,98%,,,,,,,,,,
07/03/2019 17:00,194521.376,97%,,,,,,,,,,
07/03/2019 18:00,193803.907,97%,,,,,,,,,,
07/03/2019 19:00,192155.131,96%,,,,,,,,,,
07/03/2019 20:00,188724.288,94%,,,,,,,,,,
07/03/2019 21:00,181291.979,91%,,,,,,,,,,
07/03/2019 22:00,170074.229,85%,,,,,,,,,,
07/03/2019 23:00,155745.71,78%,,,,,,,,,,
08/03/2019 00:00,139399.615,70%,,,,,,,,,,
08/03/2019 01:00,126093.84,63%,,,,,,,,,,
08/03/2019 02:00,116349.058,58%,,,,,,,,,,
08/03/2019 03:00,96571.008,48%,,,,,,,,,,
08/03/2019 04:00,82473.272,41%,,,,,,,,,,
08/03/2019 05:00,73381.909,37%,,,,,,,,,,
08/03/2019 06:00,58024.335,29%,,,,,,,,,,
08/03/2019 07:00,40174.291,20%,,,,,,,,,,
08/03/2019 08:00,33799.283,17%,,,,,,,,,,
08/03/2019 09:00,48144.254,24%,,,,,,,,,,
08/03/2019 10:00,81460.079,41%,,,,,,,,,,
08/03/2019 11:00,103201.03,52%,,,,,,,,,,
08/03/2019 12:00,116597.739,58%,,,,,,,,,,
08/03/2019 13:00,134807.643,67%,,,,,,,,,,
08/03/2019 14:00,147349.901,74%,,,,,,,,,,
08/03/2019 15:00,151623.987,76%,,,,,,,,,,
08/03/2019 16:00,152639.223,76%,,,,,,,,,,
08/03/2019 17:00,153639.546,77%,,,,,,,,,,
08/03/2019 18:00,150168.077,75%,,,,,,,,,,
08/03/2019 19:00,139399.736,70%,,,,,,,,,,
08/03/2019 20:00,141227.749,71%,,,,,,,,,,
08/03/2019 21:00,170866.2,85%,,,,,,,,,,
08/03/2019 22:00,187492.849,94%,,,,,,,,,,
08/03/2019 23:00,193947.141,97%,,,,,,,,,,
09/03/2019 00:00,195438.169,98%,,,,,,,,,,
09/03/2019 01:00,196307.07,98%,,,,,,,,,,
09/03/2019 02:00,196956.928,98%,,,,,,,,,,
09/03/2019 03:00,197232.189,99%,,,,,,,,,,
09/03/2019 04:00,196500.229,98%,,,,,,,,,,
09/03/2019 05:00,195237.659,98%,,,,,,,,,,
09/03/2019 06:00,194216.906,97%,,,,,,,,,,
09/03/2019 07:00,192876.276,96%,,,,,,,,,,
09/03/2019 08:00,191634.809,96%,,,,,,,,,,
09/03/2019 09:00,191262.698,96%,,,,,,,,,,
09/03/2019 10:00,191841.59,96%,,,,,,,,,,
09/03/2019 11:00,190810.271,95%,,,,,,,,,,
09/03/2019 12:00,188791.179,94%,,,,,,,,,,
09/03/2019 13:00,186770.833,93%,,,,,,,,,,
09/03/2019 14:00,185349.53,93%,,,,,,,,,,
09/03/2019 15:00,185140.499,93%,,,,,,,,,,
09/03/2019 16:00,182187.377,91%,,,,,,,,,,
09/03/2019 17:00,177636.063,89%,,,,,,,,,,
09/03/2019 18:00,170500.104,85%,,,,,,,,,,
09/03/2019 19:00,163901.355,82%,,,,,,,,,,
09/03/2019 20:00,158825.792,79%,,,,,,,,,,
09/03/2019 21:00,147355.576,74%,,,,,,,,,,
09/03/2019 22:00,133822.669,67%,,,,,,,,,,
09/03/2019 23:00,124360.67,62%,,,,,,,,,,
10/03/2019 00:00,116071.364,58%,,,,,,,,,,
10/03/2019 01:00,100263.054,50%,,,,,,,,,,
10/03/2019 02:00,83911.246,42%,,,,,,,,,,
10/03/2019 03:00,68757.282,34%,,,,,,,,,,
10/03/2019 04:00,49186.039,25%,,,,,,,,,,
10/03/2019 05:00,32755.434,16%,,,,,,,,,,
10/03/2019 06:00,24756.128,12%,,,,,,,,,,
10/03/2019 07:00,21485.77,11%,,,,,,,,,,
10/03/2019 08:00,20594.546,10%,,,,,,,,,,
10/03/2019 09:00,31856.814,16%,,,,,,,,,,
10/03/2019 10:00,71004.367,36%,,,,,,,,,,
10/03/2019 11:00,123831.093,62%,,,,,,,,,,
10/03/2019 12:00,159094.708,80%,,,,,,,,,,
10/03/2019 13:00,160046.079,80%,,,,,,,,,,
10/03/2019 14:00,144843.003,72%,,,,,,,,,,
10/03/2019 15:00,131590.675,66%,,,,,,,,,,
10/03/2019 16:00,124167.004,62%,,,,,,,,,,
10/03/2019 17:00,126088.463,63%,,,,,,,,,,
10/03/2019 18:00,138952.184,69%,,,,,,,,,,
10/03/2019 19:00,154972.1,77%,,,,,,,,,,
10/03/2019 20:00,167035.475,84%,,,,,,,,,,
10/03/2019 21:00,176062.138,88%,,,,,,,,,,
10/03/2019 22:00,186163.08,93%,,,,,,,,,,
10/03/2019 23:00,192204.185,96%,,,,,,,,,,
11/03/2019 00:00,194224.462,97%,,,,,,,,,,
11/03/2019 01:00,193490.496,97%,,,,,,,,,,
11/03/2019 02:00,190203.066,95%,,,,,,,,,,
11/03/2019 03:00,179131.961,90%,,,,,,,,,,
11/03/2019 04:00,161174.004,81%,,,,,,,,,,
11/03/2019 05:00,152698.255,76%,,,,,,,,,,
11/03/2019 06:00,152754.042,76%,,,,,,,,,,
11/03/2019 07:00,155313.179,78%,,,,,,,,,,
11/03/2019 08:00,153739.748,77%,,,,,,,,,,
11/03/2019 09:00,149169.491,75%,,,,,,,,,,
11/03/2019 10:00,148332.107,74%,,,,,,,,,,
11/03/2019 11:00,143940.737,72%,,,,,,,,,,
11/03/2019 12:00,131974.254,66%,,,,,,,,,,
11/03/2019 13:00,110482.943,55%,,,,,,,,,,
11/03/2019 14:00,87369.696,44%,,,,,,,,,,
11/03/2019 15:00,85696.993,43%,,,,,,,,,,
11/03/2019 16:00,95190.736,48%,,,,,,,,,,
11/03/2019 17:00,106429.546,53%,,,,,,,,,,
11/03/2019 18:00,122558.337,61%,,,,,,,,,,
11/03/2019 19:00,148121.86,74%,,,,,,,,,,
11/03/2019 20:00,169849.535,85%,,,,,,,,,,
11/03/2019 21:00,182723.596,91%,,,,,,,,,,
11/03/2019 22:00,192209.022,96%,,,,,,,,,,
11/03/2019 23:00,197753.864,99%,,,,,,,,,,
12/03/2019 00:00,198265.841,99%,,,,,,,,,,
12/03/2019 01:00,198147.351,99%,,,,,,,,,,
12/03/2019 02:00,194253.684,97%,,,,,,,,,,
12/03/2019 03:00,176836.625,88%,,,,,,,,,,
12/03/2019 04:00,153064.35,77%,,,,,,,,,,
12/03/2019 05:00,147913.375,74%,,,,,,,,,,
12/03/2019 06:00,142001.16,71%,,,,,,,,,,
12/03/2019 07:00,134676.797,67%,,,,,,,,,,
12/03/2019 08:00,133158.997,67%,,,,,,,,,,
12/03/2019 09:00,145122.91,73%,,,,,,,,,,
12/03/2019 10:00,164077.849,82%,,,,,,,,,,
12/03/2019 11:00,169027.227,85%,,,,,,,,,,
12/03/2019 12:00,174465.67,87%,,,,,,,,,,
12/03/2019 13:00,183332.37,92%,,,,,,,,,,
12/03/2019 14:00,189794.493,95%,,,,,,,,,,
12/03/2019 15:00,193213.657,97%,,,,,,,,,,
12/03/2019 16:00,195865.255,98%,,,,,,,,,,
12/03/2019 17:00,197645.587,99%,,,,,,,,,,
12/03/2019 18:00,198062.703,99%,,,,,,,,,,
12/03/2019 19:00,196714.329,98%,,,,,,,,,,
12/03/2019 20:00,189502.629,95%,,,,,,,,,,
12/03/2019 21:00,178656.973,89%,,,,,,,,,,
12/03/2019 22:00,169718.475,85%,,,,,,,,,,
12/03/2019 23:00,158471.689,79%,,,,,,,,,,
13/03/2019 00:00,160551.618,80%,,,,,,,,,,
13/03/2019 01:00,172245.82,86%,,,,,,,,,,
13/03/2019 02:00,179112.218,90%,,,,,,,,,,
13/03/2019 03:00,185090.257,93%,,,,,,,,,,
13/03/2019 04:00,191252.853,96%,,,,,,,,,,
13/03/2019 05:00,196181.401,98%,,,,,,,,,,
13/03/2019 06:00,198109.038,99%,,,,,,,,,,
13/03/2019 07:00,198266.449,99%,,,,,,,,,,
13/03/2019 08:00,198142.754,99%,,,,,,,,,,
13/03/2019 09:00,197459.668,99%,,,,,,,,,,
13/03/2019 10:00,196183.175,98%,,,,,,,,,,
13/03/2019 11:00,193639.483,97%,,,,,,,,,,
13/03/2019 12:00,189843.719,95%,,,,,,,,,,
13/03/2019 13:00,183693.427,92%,,,,,,,,,,
13/03/2019 14:00,180634.255,90%,,,,,,,,,,
13/03/2019 15:00,172917.28,86%,,,,,,,,,,
13/03/2019 16:00,168068.769,84%,,,,,,,,,,
13/03/2019 17:00,163829.948,82%,,,,,,,,,,
13/03/2019 18:00,154973.416,77%,,,,,,,,,,
13/03/2019 19:00,141277.725,71%,,,,,,,,,,
13/03/2019 20:00,120684.132,60%,,,,,,,,,,
13/03/2019 21:00,108262.964,54%,,,,,,,,,,
13/03/2019 22:00,125166.729,63%,,,,,,,,,,
13/03/2019 23:00,139675.079,70%,,,,,,,,,,
14/03/2019 00:00,151708.276,76%,,,,,,,,,,
14/03/2019 01:00,162344.912,81%,,,,,,,,,,
14/03/2019 02:00,165442.804,83%,,,,,,,,,,
14/03/2019 03:00,163761.803,82%,,,,,,,,,,
14/03/2019 04:00,155992.51,78%,,,,,,,,,,
14/03/2019 05:00,159649.676,80%,,,,,,,,,,
14/03/2019 06:00,169453.951,85%,,,,,,,,,,
14/03/2019 07:00,174813.32,87%,,,,,,,,,,
14/03/2019 08:00,178378.772,89%,,,,,,,,,,
14/03/2019 09:00,187584.598,94%,,,,,,,,,,
14/03/2019 10:00,189434.165,95%,,,,,,,,,,
14/03/2019 11:00,188562.448,94%,,,,,,,,,,
14/03/2019 12:00,186579.909,93%,,,,,,,,,,
14/03/2019 13:00,181936.215,91%,,,,,,,,,,
14/03/2019 14:00,172056.813,86%,,,,,,,,,,
14/03/2019 15:00,158379.421,79%,,,,,,,,,,
14/03/2019 16:00,147860.995,74%,,,,,,,,,,
14/03/2019 17:00,141516.784,71%,,,,,,,,,,
14/03/2019 18:00,134811.858,67%,,,,,,,,,,
14/03/2019 19:00,125821.15,63%,,,,,,,,,,
14/03/2019 20:00,113689.853,57%,,,,,,,,,,
14/03/2019 21:00,108867.2,54%,,,,,,,,,,
14/03/2019 22:00,104692.052,52%,,,,,,,,,,
14/03/2019 23:00,103705.267,52%,,,,,,,,,,
15/03/2019 00:00,109307.082,55%,,,,,,,,,,
15/03/2019 01:00,113543.926,57%,,,,,,,,,,
15/03/2019 02:00,122042.915,61%,,,,,,,,,,
15/03/2019 03:00,128813.19,64%,,,,,,,,,,
15/03/2019 04:00,134917.724,67%,,,,,,,,,,
15/03/2019 05:00,152685.227,76%,,,,,,,,,,
15/03/2019 06:00,177919.585,89%,,,,,,,,,,
15/03/2019 07:00,190188.547,95%,,,,,,,,,,
15/03/2019 08:00,195366.258,98%,,,,,,,,,,
15/03/2019 09:00,196862.653,98%,,,,,,,,,,
15/03/2019 10:00,196879.779,98%,,,,,,,,,,
15/03/2019 11:00,196772.402,98%,,,,,,,,,,
15/03/2019 12:00,196466.007,98%,,,,,,,,,,
15/03/2019 13:00,196647.687,98%,,,,,,,,,,
15/03/2019 14:00,196288.296,98%,,,,,,,,,,
15/03/2019 15:00,195918.143,98%,,,,,,,,,,
15/03/2019 16:00,195056.907,98%,,,,,,,,,,
15/03/2019 17:00,194088.554,97%,,,,,,,,,,
15/03/2019 18:00,192489.903,96%,,,,,,,,,,
15/03/2019 19:00,188255.43,94%,,,,,,,,,,
15/03/2019 20:00,183890.672,92%,,,,,,,,,,
15/03/2019 21:00,177877.585,89%,,,,,,,,,,
15/03/2019 22:00,170467.866,85%,,,,,,,,,,
15/03/2019 23:00,156961.559,78%,,,,,,,,,,
16/03/2019 00:00,138942.879,69%,,,,,,,,,,
16/03/2019 01:00,121202.618,61%,,,,,,,,,,
16/03/2019 02:00,108867.2,54%,,,,,,,,,,
16/03/2019 03:00,87266.787,44%,,,,,,,,,,
16/03/2019 04:00,77664.66,39%,,,,,,,,,,
16/03/2019 05:00,57938.181,29%,,,,,,,,,,
16/03/2019 06:00,43961.177,22%,,,,,,,,,,
16/03/2019 07:00,31174.302,16%,,,,,,,,,,
16/03/2019 08:00,21321.781,11%,,,,,,,,,,
16/03/2019 09:00,21449.893,11%,,,,,,,,,,
16/03/2019 10:00,31557.836,16%,,,,,,,,,,
16/03/2019 11:00,45862.362,23%,,,,,,,,,,
16/03/2019 12:00,57107.401,29%,,,,,,,,,,
16/03/2019 13:00,61688.179,31%,,,,,,,,,,
16/03/2019 14:00,67868.892,34%,,,,,,,,,,
16/03/2019 15:00,72856.131,36%,,,,,,,,,,
16/03/2019 16:00,82548.962,41%,,,,,,,,,,
16/03/2019 17:00,113315.302,57%,,,,,,,,,,
16/03/2019 18:00,142113.437,71%,,,,,,,,,,
16/03/2019 19:00,156397.473,78%,,,,,,,,,,
16/03/2019 20:00,166678.742,83%,,,,,,,,,,
16/03/2019 21:00,173265.85,87%,,,,,,,,,,
16/03/2019 22:00,176732.348,88%,,,,,,,,,,
16/03/2019 23:00,180782.468,90%,,,,,,,,,,
17/03/2019 00:00,181985.73,91%,,,,,,,,,,
17/03/2019 01:00,184173.082,92%,,,,,,,,,,
17/03/2019 02:00,187220.9,94%,,,,,,,,,,
17/03/2019 03:00,188699.987,94%,,,,,,,,,,
17/03/2019 04:00,187133.651,94%,,,,,,,,,,
17/03/2019 05:00,183674.798,92%,,,,,,,,,,
17/03/2019 06:00,178505.427,89%,,,,,,,,,,
17/03/2019 07:00,171660.179,86%,,,,,,,,,,
17/03/2019 08:00,166043.151,83%,,,,,,,,,,
17/03/2019 09:00,166732.045,83%,,,,,,,,,,
17/03/2019 10:00,174012.418,87%,,,,,,,,,,
17/03/2019 11:00,182061.885,91%,,,,,,,,,,
17/03/2019 12:00,187758.154,94%,,,,,,,,,,
17/03/2019 13:00,191407.099,96%,,,,,,,,,,
17/03/2019 14:00,192721.785,96%,,,,,,,,,,
17/03/2019 15:00,191907.178,96%,,,,,,,,,,
17/03/2019 16:00,189482.95,95%,,,,,,,,,,
17/03/2019 17:00,187542.347,94%,,,,,,,,,,
17/03/2019 18:00,184417.528,92%,,,,,,,,,,
17/03/2019 19:00,180172.78,90%,,,,,,,,,,
17/03/2019 20:00,171161.471,86%,,,,,,,,,,
17/03/2019 21:00,163669.76,82%,,,,,,,,,,
17/03/2019 22:00,157887.089,79%,,,,,,,,,,
17/03/2019 23:00,152832.478,76%,,,,,,,,,,
18/03/2019 00:00,147873.862,74%,,,,,,,,,,
18/03/2019 01:00,139666.284,70%,,,,,,,,,,
18/03/2019 02:00,128325.484,64%,,,,,,,,,,
18/03/2019 03:00,116916.602,58%,,,,,,,,,,
18/03/2019 04:00,100143.178,50%,,,,,,,,,,
18/03/2019 05:00,80293.152,40%,,,,,,,,,,
18/03/2019 06:00,60488.627,30%,,,,,,,,,,
18/03/2019 07:00,41128.557,21%,,,,,,,,,,
18/03/2019 08:00,23546.596,12%,,,,,,,,,,
18/03/2019 09:00,13940.566,7%,,,,,,,,,,
18/03/2019 10:00,7747.101,4%,,,,,,,,,,
18/03/2019 11:00,4509.197,2%,,,,,,,,,,
18/03/2019 12:00,4247.384,2%,,,,,,,,,,
18/03/2019 13:00,5343.553,3%,,,,,,,,,,
18/03/2019 14:00,8599.701,4%,,,,,,,,,,
18/03/2019 15:00,15344.781,8%,,,,,,,,,,
18/03/2019 16:00,24226.14,12%,,,,,,,,,,
18/03/2019 17:00,39391.326,20%,,,,,,,,,,
18/03/2019 18:00,55462.126,28%,,,,,,,,,,
18/03/2019 19:00,66320.064,33%,,,,,,,,,,
18/03/2019 20:00,72321.789,36%,,,,,,,,,,
18/03/2019 21:00,73513.14,37%,,,,,,,,,,
18/03/2019 22:00,69245.259,35%,,,,,,,,,,
18/03/2019 23:00,63317.947,32%,,,,,,,,,,
19/03/2019 00:00,59993.288,30%,,,,,,,,,,
19/03/2019 01:00,58255.232,29%,,,,,,,,,,
19/03/2019 02:00,56527.004,28%,,,,,,,,,,
19/03/2019 03:00,57513.038,29%,,,,,,,,,,
19/03/2019 04:00,65031.704,33%,,,,,,,,,,
19/03/2019 05:00,72852.34,36%,,,,,,,,,,
19/03/2019 06:00,75786.666,38%,,,,,,,,,,
19/03/2019 07:00,75244.916,38%,,,,,,,,,,
19/03/2019 08:00,76702.759,38%,,,,,,,,,,
19/03/2019 09:00,82551.167,41%,,,,,,,,,,
19/03/2019 10:00,109945.166,55%,,,,,,,,,,
19/03/2019 11:00,130859,65%,,,,,,,,,,
19/03/2019 12:00,144001.993,72%,,,,,,,,,,
19/03/2019 13:00,148869.648,74%,,,,,,,,,,
19/03/2019 14:00,144848.117,72%,,,,,,,,,,
19/03/2019 15:00,134807.311,67%,,,,,,,,,,
19/03/2019 16:00,131614.289,66%,,,,,,,,,,
19/03/2019 17:00,136337.965,68%,,,,,,,,,,
19/03/2019 18:00,136543.766,68%,,,,,,,,,,
19/03/2019 19:00,133760.926,67%,,,,,,,,,,
19/03/2019 20:00,128818.434,64%,,,,,,,,,,
19/03/2019 21:00,137189.498,69%,,,,,,,,,,
19/03/2019 22:00,132069.885,66%,,,,,,,,,,
19/03/2019 23:00,134343.643,67%,,,,,,,,,,
20/03/2019 00:00,129200.577,65%,,,,,,,,,,
20/03/2019 01:00,119149.303,60%,,,,,,,,,,
20/03/2019 02:00,107514.997,54%,,,,,,,,,,
20/03/2019 03:00,96655.413,48%,,,,,,,,,,
20/03/2019 04:00,89967.371,45%,,,,,,,,,,
20/03/2019 05:00,83484.748,42%,,,,,,,,,,
20/03/2019 06:00,72850.915,36%,,,,,,,,,,
20/03/2019 07:00,55762.056,28%,,,,,,,,,,
20/03/2019 08:00,42799.947,21%,,,,,,,,,,
20/03/2019 09:00,42590.184,21%,,,,,,,,,,
20/03/2019 10:00,52614.358,26%,,,,,,,,,,
20/03/2019 11:00,72852.314,36%,,,,,,,,,,
20/03/2019 12:00,98768.372,49%,,,,,,,,,,
20/03/2019 13:00,120440.245,60%,,,,,,,,,,
20/03/2019 14:00,137617.58,69%,,,,,,,,,,
20/03/2019 15:00,150480.019,75%,,,,,,,,,,
20/03/2019 16:00,164594.59,82%,,,,,,,,,,
20/03/2019 17:00,172047.184,86%,,,,,,,,,,
20/03/2019 18:00,175301.252,88%,,,,,,,,,,
20/03/2019 19:00,177048.058,89%,,,,,,,,,,
20/03/2019 20:00,177794.758,89%,,,,,,,,,,
20/03/2019 21:00,180068.703,90%,,,,,,,,,,
20/03/2019 22:00,183698.997,92%,,,,,,,,,,
20/03/2019 23:00,182342.845,91%,,,,,,,,,,
21/03/2019 00:00,178330.509,89%,,,,,,,,,,
21/03/2019 01:00,172914.849,86%,,,,,,,,,,
21/03/2019 02:00,162555.066,81%,,,,,,,,,,
21/03/2019 03:00,159163.544,80%,,,,,,,,,,
21/03/2019 04:00,155319.666,78%,,,,,,,,,,
21/03/2019 05:00,141563.339,71%,,,,,,,,,,
21/03/2019 06:00,129694.39,65%,,,,,,,,,,
21/03/2019 07:00,105658.202,53%,,,,,,,,,,
21/03/2019 08:00,82651.805,41%,,,,,,,,,,
21/03/2019 09:00,61106.573,31%,,,,,,,,,,
21/03/2019 10:00,45476.34,23%,,,,,,,,,,
21/03/2019 11:00,29707.589,15%,,,,,,,,,,
21/03/2019 12:00,14805.537,7%,,,,,,,,,,
21/03/2019 13:00,4494.068,2%,,,,,,,,,,
21/03/2019 14:00,3738.724,2%,,,,,,,,,,
21/03/2019 15:00,34885.022,17%,,,,,,,,,,
21/03/2019 16:00,94155.753,47%,,,,,,,,,,
21/03/2019 17:00,104032.424,52%,,,,,,,,,,
21/03/2019 18:00,86379.119,43%,,,,,,,,,,
21/03/2019 19:00,92760.086,46%,,,,,,,,,,
21/03/2019 20:00,109521.819,55%,,,,,,,,,,
21/03/2019 21:00,124216.572,62%,,,,,,,,,,
21/03/2019 22:00,141558.878,71%,,,,,,,,,,
21/03/2019 23:00,149816.931,75%,,,,,,,,,,
22/03/2019 00:00,157282.869,79%,,,,,,,,,,
22/03/2019 01:00,169039.081,85%,,,,,,,,,,
22/03/2019 02:00,176305.196,88%,,,,,,,,,,
22/03/2019 03:00,181939.756,91%,,,,,,,,,,
22/03/2019 04:00,185295.554,93%,,,,,,,,,,
22/03/2019 05:00,187174.615,94%,,,,,,,,,,
22/03/2019 06:00,188820.084,94%,,,,,,,,,,
22/03/2019 07:00,190057.009,95%,,,,,,,,,,
22/03/2019 08:00,191502.382,96%,,,,,,,,,,
22/03/2019 09:00,192250.662,96%,,,,,,,,,,
22/03/2019 10:00,191681.652,96%,,,,,,,,,,
22/03/2019 11:00,189734.299,95%,,,,,,,,,,
22/03/2019 12:00,187311.261,94%,,,,,,,,,,
22/03/2019 13:00,183701.751,92%,,,,,,,,,,
22/03/2019 14:00,179366.249,90%,,,,,,,,,,
22/03/2019 15:00,176465.359,88%,,,,,,,,,,
22/03/2019 16:00,177597.46,89%,,,,,,,,,,
22/03/2019 17:00,176826.108,88%,,,,,,,,,,
22/03/2019 18:00,171164.09,86%,,,,,,,,,,
22/03/2019 19:00,169959.298,85%,,,,,,,,,,
22/03/2019 20:00,171954.653,86%,,,,,,,,,,
22/03/2019 21:00,172887.981,86%,,,,,,,,,,
22/03/2019 22:00,172347.688,86%,,,,,,,,,,
22/03/2019 23:00,172438.861,86%,,,,,,,,,,
23/03/2019 00:00,171159.1,86%,,,,,,,,,,
23/03/2019 01:00,169960.051,85%,,,,,,,,,,
23/03/2019 02:00,170937.858,85%,,,,,,,,,,
23/03/2019 03:00,172088.24,86%,,,,,,,,,,
23/03/2019 04:00,172918.79,86%,,,,,,,,,,
23/03/2019 05:00,171786.061,86%,,,,,,,,,,
23/03/2019 06:00,167778.396,84%,,,,,,,,,,
23/03/2019 07:00,160040.901,80%,,,,,,,,,,
23/03/2019 08:00,154390.847,77%,,,,,,,,,,
23/03/2019 09:00,154452.337,77%,,,,,,,,,,
23/03/2019 10:00,155182.305,78%,,,,,,,,,,
23/03/2019 11:00,152686.603,76%,,,,,,,,,,
23/03/2019 12:00,146093.335,73%,,,,,,,,,,
23/03/2019 13:00,136438.151,68%,,,,,,,,,,
23/03/2019 14:00,123571.753,62%,,,,,,,,,,
23/03/2019 15:00,111580.952,56%,,,,,,,,,,
23/03/2019 16:00,104523.757,52%,,,,,,,,,,
23/03/2019 17:00,103157.986,52%,,,,,,,,,,
23/03/2019 18:00,105261.163,53%,,,,,,,,,,
23/03/2019 19:00,105069.438,53%,,,,,,,,,,
23/03/2019 20:00,104674.367,52%,,,,,,,,,,
23/03/2019 21:00,105326.083,53%,,,,,,,,,,
23/03/2019 22:00,111690.587,56%,,,,,,,,,,
23/03/2019 23:00,118243.912,59%,,,,,,,,,,
24/03/2019 00:00,123245.251,62%,,,,,,,,,,
24/03/2019 01:00,125045.774,63%,,,,,,,,,,
24/03/2019 02:00,127688.145,64%,,,,,,,,,,
24/03/2019 03:00,133416.321,67%,,,,,,,,,,
24/03/2019 04:00,137212.212,69%,,,,,,,,,,
24/03/2019 05:00,143997.964,72%,,,,,,,,,,
24/03/2019 06:00,150377.732,75%,,,,,,,,,,
24/03/2019 07:00,160391.667,80%,,,,,,,,,,
24/03/2019 08:00,174963.861,87%,,,,,,,,,,
24/03/2019 09:00,185436.409,93%,,,,,,,,,,
24/03/2019 10:00,186454.901,93%,,,,,,,,,,
24/03/2019 11:00,186581.719,93%,,,,,,,,,,
24/03/2019 12:00,184774.356,92%,,,,,,,,,,
24/03/2019 13:00,184899.211,92%,,,,,,,,,,
24/03/2019 14:00,186497.767,93%,,,,,,,,,,
24/03/2019 15:00,189095.734,95%,,,,,,,,,,
24/03/2019 16:00,189561.794,95%,,,,,,,,,,
24/03/2019 17:00,190748.516,95%,,,,,,,,,,
24/03/2019 18:00,193312.556,97%,,,,,,,,,,
24/03/2019 19:00,194743.598,97%,,,,,,,,,,
24/03/2019 20:00,195533.404,98%,,,,,,,,,,
24/03/2019 21:00,196027.899,98%,,,,,,,,,,
24/03/2019 22:00,196260.037,98%,,,,,,,,,,
24/03/2019 23:00,195917.612,98%,,,,,,,,,,
25/03/2019 00:00,193879.756,97%,,,,,,,,,,
25/03/2019 01:00,188948.559,94%,,,,,,,,,,
25/03/2019 02:00,182543.536,91%,,,,,,,,,,
25/03/2019 03:00,179695.325,90%,,,,,,,,,,
25/03/2019 04:00,175103.676,88%,,,,,,,,,,
25/03/2019 05:00,172649.5,86%,,,,,,,,,,
25/03/2019 06:00,171410.325,86%,,,,,,,,,,
25/03/2019 07:00,167733.755,84%,,,,,,,,,,
25/03/2019 08:00,166508.853,83%,,,,,,,,,,
25/03/2019 09:00,158362.441,79%,,,,,,,,,,
25/03/2019 10:00,138947.738,69%,,,,,,,,,,
25/03/2019 11:00,115545.3,58%,,,,,,,,,,
25/03/2019 12:00,105069.342,53%,,,,,,,,,,
25/03/2019 13:00,102064.432,51%,,,,,,,,,,
25/03/2019 14:00,99595.634,50%,,,,,,,,,,
25/03/2019 15:00,97280.535,49%,,,,,,,,,,
25/03/2019 16:00,87611.836,44%,,,,,,,,,,
25/03/2019 17:00,72108.483,36%,,,,,,,,,,
25/03/2019 18:00,56903.307,28%,,,,,,,,,,
25/03/2019 19:00,56016.125,28%,,,,,,,,,,
25/03/2019 20:00,59822.226,30%,,,,,,,,,,
25/03/2019 21:00,66838.906,33%,,,,,,,,,,
25/03/2019 22:00,78763.786,39%,,,,,,,,,,
25/03/2019 23:00,89399.321,45%,,,,,,,,,,
26/03/2019 00:00,88942.157,44%,,,,,,,,,,
26/03/2019 01:00,84456.364,42%,,,,,,,,,,
26/03/2019 02:00,86380.433,43%,,,,,,,,,,
26/03/2019 03:00,87024.632,44%,,,,,,,,,,
26/03/2019 04:00,91327.624,46%,,,,,,,,,,
26/03/2019 05:00,95188.031,48%,,,,,,,,,,
26/03/2019 06:00,93246.842,47%,,,,,,,,,,
26/03/2019 07:00,83125.371,42%,,,,,,,,,,
26/03/2019 08:00,90546.29,45%,,,,,,,,,,
26/03/2019 09:00,110482.949,55%,,,,,,,,,,
26/03/2019 10:00,128812.206,64%,,,,,,,,,,
26/03/2019 11:00,139397.411,70%,,,,,,,,,,
26/03/2019 12:00,144430.051,72%,,,,,,,,,,
26/03/2019 13:00,144850.911,72%,,,,,,,,,,
26/03/2019 14:00,140738.612,70%,,,,,,,,,,
26/03/2019 15:00,138951.356,69%,,,,,,,,,,
26/03/2019 16:00,136990.449,68%,,,,,,,,,,
26/03/2019 17:00,135579.323,68%,,,,,,,,,,
26/03/2019 18:00,135430.41,68%,,,,,,,,,,
26/03/2019 19:00,132685.868,66%,,,,,,,,,,
26/03/2019 20:00,126786.028,63%,,,,,,,,,,
26/03/2019 21:00,127508.366,64%,,,,,,,,,,
26/03/2019 22:00,124243.477,62%,,,,,,,,,,
26/03/2019 23:00,133156.405,67%,,,,,,,,,,
27/03/2019 00:00,139399.059,70%,,,,,,,,,,
27/03/2019 01:00,139469.122,70%,,,,,,,,,,
27/03/2019 02:00,133630.96,67%,,,,,,,,,,
27/03/2019 03:00,125556.515,63%,,,,,,,,,,
27/03/2019 04:00,113157.617,57%,,,,,,,,,,
27/03/2019 05:00,112616.181,56%,,,,,,,,,,
27/03/2019 06:00,105499.501,53%,,,,,,,,,,
27/03/2019 07:00,96290.229,48%,,,,,,,,,,
27/03/2019 08:00,89131.207,45%,,,,,,,,,,
27/03/2019 09:00,89589.665,45%,,,,,,,,,,
27/03/2019 10:00,98412.334,49%,,,,,,,,,,
27/03/2019 11:00,106972.915,53%,,,,,,,,,,
27/03/2019 12:00,113691.12,57%,,,,,,,,,,
27/03/2019 13:00,115370.117,58%,,,,,,,,,,
27/03/2019 14:00,117328.347,59%,,,,,,,,,,
27/03/2019 15:00,117156.242,59%,,,,,,,,,,
27/03/2019 16:00,112741.727,56%,,,,,,,,,,
27/03/2019 17:00,107400.067,54%,,,,,,,,,,
27/03/2019 18:00,106682.007,53%,,,,,,,,,,
27/03/2019 19:00,96858.679,48%,,,,,,,,,,
27/03/2019 20:00,96877.616,48%,,,,,,,,,,
27/03/2019 21:00,107444.693,54%,,,,,,,,,,
27/03/2019 22:00,111229.56,56%,,,,,,,,,,
27/03/2019 23:00,108272.84,54%,,,,,,,,,,
28/03/2019 00:00,106071.497,53%,,,,,,,,,,
28/03/2019 01:00,106218.616,53%,,,,,,,,,,
28/03/2019 02:00,109943.632,55%,,,,,,,,,,
28/03/2019 03:00,111432.127,56%,,,,,,,,,,
28/03/2019 04:00,112527.773,56%,,,,,,,,,,
28/03/2019 05:00,111288.733,56%,,,,,,,,,,
28/03/2019 06:00,107249.711,54%,,,,,,,,,,
28/03/2019 07:00,102132.409,51%,,,,,,,,,,
28/03/2019 08:00,104523.894,52%,,,,,,,,,,
28/03/2019 09:00,119726.5,60%,,,,,,,,,,
28/03/2019 10:00,128815.134,64%,,,,,,,,,,
28/03/2019 11:00,133638.48,67%,,,,,,,,,,
28/03/2019 12:00,139370.657,70%,,,,,,,,,,
28/03/2019 13:00,144848.446,72%,,,,,,,,,,
28/03/2019 14:00,146086.166,73%,,,,,,,,,,
28/03/2019 15:00,140363.987,70%,,,,,,,,,,
28/03/2019 16:00,134070.91,67%,,,,,,,,,,
28/03/2019 17:00,133630.116,67%,,,,,,,,,,
28/03/2019 18:00,136441.447,68%,,,,,,,,,,
28/03/2019 19:00,134809.51,67%,,,,,,,,,,
28/03/2019 20:00,134656.049,67%,,,,,,,,,,
28/03/2019 21:00,137062.925,69%,,,,,,,,,,
28/03/2019 22:00,136613.012,68%,,,,,,,,,,
28/03/2019 23:00,136065.393,68%,,,,,,,,,,
29/03/2019 00:00,136249.921,68%,,,,,,,,,,
29/03/2019 01:00,133638.276,67%,,,,,,,,,,
29/03/2019 02:00,128326.733,64%,,,,,,,,,,
29/03/2019 03:00,123582.821,62%,,,,,,,,,,
29/03/2019 04:00,122375.284,61%,,,,,,,,,,
29/03/2019 05:00,120804.005,60%,,,,,,,,,,
29/03/2019 06:00,121556.474,61%,,,,,,,,,,
29/03/2019 07:00,115831.054,58%,,,,,,,,,,
29/03/2019 08:00,117907.126,59%,,,,,,,,,,
29/03/2019 09:00,127212.585,64%,,,,,,,,,,
29/03/2019 10:00,134341.838,67%,,,,,,,,,,
29/03/2019 11:00,139839.727,70%,,,,,,,,,,
29/03/2019 12:00,138942.725,69%,,,,,,,,,,
29/03/2019 13:00,134806.38,67%,,,,,,,,,,
29/03/2019 14:00,126456.667,63%,,,,,,,,,,
29/03/2019 15:00,110684.746,55%,,,,,,,,,,
29/03/2019 16:00,95076.546,48%,,,,,,,,,,
29/03/2019 17:00,86750.953,43%,,,,,,,,,,
29/03/2019 18:00,88815.22,44%,,,,,,,,,,
29/03/2019 19:00,92610.819,46%,,,,,,,,,,
29/03/2019 20:00,87210.407,44%,,,,,,,,,,
29/03/2019 21:00,83315.927,42%,,,,,,,,,,
29/03/2019 22:00,74711.059,37%,,,,,,,,,,
29/03/2019 23:00,69495.867,35%,,,,,,,,,,
30/03/2019 00:00,60891.699,30%,,,,,,,,,,
30/03/2019 01:00,50815.212,25%,,,,,,,,,,
30/03/2019 02:00,48039.09,24%,,,,,,,,,,
30/03/2019 03:00,45051.475,23%,,,,,,,,,,
30/03/2019 04:00,44273.659,22%,,,,,,,,,,
30/03/2019 05:00,50472.112,25%,,,,,,,,,,
30/03/2019 06:00,58801.101,29%,,,,,,,,,,
30/03/2019 07:00,71531.413,36%,,,,,,,,,,
30/03/2019 08:00,86284.611,43%,,,,,,,,,,
30/03/2019 09:00,102826.763,51%,,,,,,,,,,
30/03/2019 10:00,117121.263,59%,,,,,,,,,,
30/03/2019 11:00,130166.966,65%,,,,,,,,,,
30/03/2019 12:00,140072.304,70%,,,,,,,,,,
30/03/2019 13:00,144581.049,72%,,,,,,,,,,
30/03/2019 14:00,147760.244,74%,,,,,,,,,,
30/03/2019 15:00,151192.542,76%,,,,,,,,,,
30/03/2019 16:00,152022.71,76%,,,,,,,,,,
30/03/2019 17:00,146084.096,73%,,,,,,,,,,
30/03/2019 18:00,132207.24,66%,,,,,,,,,,
30/03/2019 19:00,117232,59%,,,,,,,,,,
30/03/2019 20:00,100143.792,50%,,,,,,,,,,
30/03/2019 21:00,85240.873,43%,,,,,,,,,,
30/03/2019 22:00,72322.125,36%,,,,,,,,,,
30/03/2019 23:00,57910.819,29%,,,,,,,,,,
31/03/2019 00:00,47458.45,24%,,,,,,,,,,
31/03/2019 01:00,41208.691,21%,,,,,,,,,,
31/03/2019 02:00,36511.515,18%,,,,,,,,,,
31/03/2019 03:00,31828.115,16%,,,,,,,,,,
31/03/2019 04:00,28108.776,14%,,,,,,,,,,
31/03/2019 05:00,24792.833,12%,,,,,,,,,,
31/03/2019 06:00,19555.548,10%,,,,,,,,,,
31/03/2019 07:00,11717.7,6%,,,,,,,,,,
31/03/2019 08:00,4951.378,2%,,,,,,,,,,
31/03/2019 09:00,1115.641,1%,,,,,,,,,,
31/03/2019 10:00,818.721,0%,,,,,,,,,,
31/03/2019 11:00,2445.484,1%,,,,,,,,,,
31/03/2019 12:00,7537.658,4%,,,,,,,,,,
31/03/2019 13:00,16705.378,8%,,,,,,,,,,
31/03/2019 14:00,27476.826,14%,,,,,,,,,,
31/03/2019 15:00,40233.302,20%,,,,,,,,,,
31/03/2019 16:00,56146.61,28%,,,,,,,,,,
31/03/2019 17:00,72365.778,36%,,,,,,,,,,
31/03/2019 18:00,86475.25,43%,,,,,,,,,,
31/03/2019 19:00,94232.776,47%,,,,,,,,,,
31/03/2019 20:00,96843.291,48%,,,,,,,,,,
31/03/2019 21:00,98613.287,49%,,,,,,,,,,
31/03/2019 22:00,100285.34,50%,,,,,,,,,,
31/03/2019 23:00,102611.939,51%,,,,,,,,,,
01/04/2019 00:00,106099.253,53%,,,,,,,,,,
01/04/2019 01:00,109945.115,55%,,,,,,,,,,
01/04/2019 02:00,116706.726,58%,,,,,,,,,,
01/04/2019 03:00,117457.584,59%,,,,,,,,,,
01/04/2019 04:00,122669.477,61%,,,,,,,,,,
01/04/2019 05:00,128324.946,64%,,,,,,,,,,
01/04/2019 06:00,133639.376,67%,,,,,,,,,,
01/04/2019 07:00,137209.136,69%,,,,,,,,,,
01/04/2019 08:00,142625.738,71%,,,,,,,,,,
01/04/2019 09:00,147763.514,74%,,,,,,,,,,
01/04/2019 10:00,149964.507,75%,,,,,,,,,,
01/04/2019 11:00,152308.927,76%,,,,,,,,,,
01/04/2019 12:00,154378.325,77%,,,,,,,,,,
01/04/2019 13:00,155516.024,78%,,,,,,,,,,
01/04/2019 14:00,156935.566,78%,,,,,,,,,,
01/04/2019 15:00,159157.338,80%,,,,,,,,,,
01/04/2019 16:00,159698.829,80%,,,,,,,,,,
01/04/2019 17:00,158520.153,79%,,,,,,,,,,
01/04/2019 18:00,156425.447,78%,,,,,,,,,,
01/04/2019 19:00,157041.8,79%,,,,,,,,,,
01/04/2019 20:00,151438.631,76%,,,,,,,,,,
01/04/2019 21:00,139735.591,70%,,,,,,,,,,
01/04/2019 22:00,129198.058,65%,,,,,,,,,,
01/04/2019 23:00,114220.907,57%,,,,,,,,,,
02/04/2019 00:00,100391.27,50%,,,,,,,,,,
02/04/2019 01:00,84548.021,42%,,,,,,,,,,
02/04/2019 02:00,58907.505,29%,,,,,,,,,,
02/04/2019 03:00,40311.136,20%,,,,,,,,,,
02/04/2019 04:00,30345.967,15%,,,,,,,,,,
02/04/2019 05:00,32135.325,16%,,,,,,,,,,
02/04/2019 06:00,41212.517,21%,,,,,,,,,,
02/04/2019 07:00,47441.655,24%,,,,,,,,,,
02/04/2019 08:00,54775.877,27%,,,,,,,,,,
02/04/2019 09:00,61496.568,31%,,,,,,,,,,
02/04/2019 10:00,67422.921,34%,,,,,,,,,,
02/04/2019 11:00,72913.875,36%,,,,,,,,,,
02/04/2019 12:00,80853.474,40%,,,,,,,,,,
02/04/2019 13:00,93701.352,47%,,,,,,,,,,
02/04/2019 14:00,110605.095,55%,,,,,,,,,,
02/04/2019 15:00,125551.875,63%,,,,,,,,,,
02/04/2019 16:00,137101.573,69%,,,,,,,,,,
02/04/2019 17:00,142056.819,71%,,,,,,,,,,
02/04/2019 18:00,149999.762,75%,,,,,,,,,,
02/04/2019 19:00,156415.609,78%,,,,,,,,,,
02/04/2019 20:00,162502.86,81%,,,,,,,,,,
02/04/2019 21:00,167409.539,84%,,,,,,,,,,
02/04/2019 22:00,171321.986,86%,,,,,,,,,,
02/04/2019 23:00,174818.815,87%,,,,,,,,,,
03/04/2019 00:00,178003.999,89%,,,,,,,,,,
03/04/2019 01:00,183703.67,92%,,,,,,,,,,
03/04/2019 02:00,188555.214,94%,,,,,,,,,,
03/04/2019 03:00,188477.527,94%,,,,,,,,,,
03/04/2019 04:00,182151.941,91%,,,,,,,,,,
03/04/2019 05:00,160764.153,80%,,,,,,,,,,
03/04/2019 06:00,122393.351,61%,,,,,,,,,,
03/04/2019 07:00,102611.636,51%,,,,,,,,,,
03/04/2019 08:00,108351.049,54%,,,,,,,,,,
03/04/2019 09:00,105832.079,53%,,,,,,,,,,
03/04/2019 10:00,100143.906,50%,,,,,,,,,,
03/04/2019 11:00,103158.164,52%,,,,,,,,,,
03/04/2019 12:00,111835.253,56%,,,,,,,,,,
03/04/2019 13:00,117917.776,59%,,,,,,,,,,
03/04/2019 14:00,113690.843,57%,,,,,,,,,,
03/04/2019 15:00,104442.045,52%,,,,,,,,,,
03/04/2019 16:00,96115.145,48%,,,,,,,,,,
03/04/2019 17:00,86026.142,43%,,,,,,,,,,
03/04/2019 18:00,82547.128,41%,,,,,,,,,,
03/04/2019 19:00,83913.984,42%,,,,,,,,,,
03/04/2019 20:00,86373.86,43%,,,,,,,,,,
03/04/2019 21:00,99593.2,50%,,,,,,,,,,
03/04/2019 22:00,111288.533,56%,,,,,,,,,,
03/04/2019 23:00,110483.575,55%,,,,,,,,,,
04/04/2019 00:00,102929.362,51%,,,,,,,,,,
04/04/2019 01:00,95742.314,48%,,,,,,,,,,
04/04/2019 02:00,89932.728,45%,,,,,,,,,,
04/04/2019 03:00,78041.854,39%,,,,,,,,,,
04/04/2019 04:00,64615.844,32%,,,,,,,,,,
04/04/2019 05:00,56618.984,28%,,,,,,,,,,
04/04/2019 06:00,48731.759,24%,,,,,,,,,,
04/04/2019 07:00,45341.011,23%,,,,,,,,,,
04/04/2019 08:00,45463.996,23%,,,,,,,,,,
04/04/2019 09:00,55167.325,28%,,,,,,,,,,
04/04/2019 10:00,65546.255,33%,,,,,,,,,,
04/04/2019 11:00,80101.182,40%,,,,,,,,,,
04/04/2019 12:00,95191.338,48%,,,,,,,,,,
04/04/2019 13:00,104372.27,52%,,,,,,,,,,
04/04/2019 14:00,106628.262,53%,,,,,,,,,,
04/04/2019 15:00,104524.496,52%,,,,,,,,,,
04/04/2019 16:00,108591.106,54%,,,,,,,,,,
04/04/2019 17:00,103705.602,52%,,,,,,,,,,
04/04/2019 18:00,105069.948,53%,,,,,,,,,,
04/04/2019 19:00,106877.174,53%,,,,,,,,,,
04/04/2019 20:00,101327.671,51%,,,,,,,,,,
04/04/2019 21:00,107572.224,54%,,,,,,,,,,
04/04/2019 22:00,110761.781,55%,,,,,,,,,,
04/04/2019 23:00,114315.465,57%,,,,,,,,,,
05/04/2019 00:00,116598.566,58%,,,,,,,,,,
05/04/2019 01:00,117907.218,59%,,,,,,,,,,
05/04/2019 02:00,122554.311,61%,,,,,,,,,,
05/04/2019 03:00,116598.992,58%,,,,,,,,,,
05/04/2019 04:00,108599.094,54%,,,,,,,,,,
05/04/2019 05:00,105232.094,53%,,,,,,,,,,
05/04/2019 06:00,102400.955,51%,,,,,,,,,,
05/04/2019 07:00,97670.361,49%,,,,,,,,,,
05/04/2019 08:00,111288.786,56%,,,,,,,,,,
05/04/2019 09:00,111285.55,56%,,,,,,,,,,
05/04/2019 10:00,106085.789,53%,,,,,,,,,,
05/04/2019 11:00,96368.239,48%,,,,,,,,,,
05/04/2019 12:00,83301.969,42%,,,,,,,,,,
05/04/2019 13:00,68997.036,34%,,,,,,,,,,
05/04/2019 14:00,55387.534,28%,,,,,,,,,,
05/04/2019 15:00,45039.912,23%,,,,,,,,,,
05/04/2019 16:00,37012.434,19%,,,,,,,,,,
05/04/2019 17:00,31138.413,16%,,,,,,,,,,
05/04/2019 18:00,28880.571,14%,,,,,,,,,,
05/04/2019 19:00,22715.789,11%,,,,,,,,,,
05/04/2019 20:00,15727.911,8%,,,,,,,,,,
05/04/2019 21:00,16426.066,8%,,,,,,,,,,
05/04/2019 22:00,25520.653,13%,,,,,,,,,,
05/04/2019 23:00,40423.854,20%,,,,,,,,,,
06/04/2019 00:00,56857.867,28%,,,,,,,,,,
06/04/2019 01:00,68388.686,34%,,,,,,,,,,
06/04/2019 02:00,77129.299,39%,,,,,,,,,,
06/04/2019 03:00,85011.391,43%,,,,,,,,,,
06/04/2019 04:00,94146.37,47%,,,,,,,,,,
06/04/2019 05:00,100142.69,50%,,,,,,,,,,
06/04/2019 06:00,100725.931,50%,,,,,,,,,,
06/04/2019 07:00,102611.127,51%,,,,,,,,,,
06/04/2019 08:00,109406.723,55%,,,,,,,,,,
06/04/2019 09:00,117909.195,59%,,,,,,,,,,
06/04/2019 10:00,117960.961,59%,,,,,,,,,,
06/04/2019 11:00,111671.37,56%,,,,,,,,,,
06/04/2019 12:00,106429.964,53%,,,,,,,,,,
06/04/2019 13:00,98456.643,49%,,,,,,,,,,
06/04/2019 14:00,92455.289,46%,,,,,,,,,,
06/04/2019 15:00,94116.42,47%,,,,,,,,,,
06/04/2019 16:00,99952.494,50%,,,,,,,,,,
06/04/2019 17:00,98677.248,49%,,,,,,,,,,
06/04/2019 18:00,99775.545,50%,,,,,,,,,,
06/04/2019 19:00,98831.47,49%,,,,,,,,,,
06/04/2019 20:00,93510.91,47%,,,,,,,,,,
06/04/2019 21:00,86674.867,43%,,,,,,,,,,
06/04/2019 22:00,86296.675,43%,,,,,,,,,,
06/04/2019 23:00,90406.865,45%,,,,,,,,,,
07/04/2019 00:00,99781.9,50%,,,,,,,,,,
07/04/2019 01:00,106972.614,53%,,,,,,,,,,
07/04/2019 02:00,100777.263,50%,,,,,,,,,,
07/04/2019 03:00,110248.975,55%,,,,,,,,,,
07/04/2019 04:00,110483.523,55%,,,,,,,,,,
07/04/2019 05:00,111288.668,56%,,,,,,,,,,
07/04/2019 06:00,105600.092,53%,,,,,,,,,,
07/04/2019 07:00,114220.98,57%,,,,,,,,,,
07/04/2019 08:00,114808.2,57%,,,,,,,,,,
07/04/2019 09:00,108867.2,54%,,,,,,,,,,
07/04/2019 10:00,102064.227,51%,,,,,,,,,,
07/04/2019 11:00,96292.124,48%,,,,,,,,,,
07/04/2019 12:00,94148.157,47%,,,,,,,,,,
07/04/2019 13:00,95741.002,48%,,,,,,,,,,
07/04/2019 14:00,98769.319,49%,,,,,,,,,,
07/04/2019 15:00,102063.787,51%,,,,,,,,,,
07/04/2019 16:00,103767.071,52%,,,,,,,,,,
07/04/2019 17:00,101827.306,51%,,,,,,,,,,
07/04/2019 18:00,100467.529,50%,,,,,,,,,,
07/04/2019 19:00,101051.164,51%,,,,,,,,,,
07/04/2019 20:00,100280.469,50%,,,,,,,,,,
07/04/2019 21:00,95350.379,48%,,,,,,,,,,
07/04/2019 22:00,88241.717,44%,,,,,,,,,,
07/04/2019 23:00,86379.441,43%,,,,,,,,,,
08/04/2019 00:00,84999.933,42%,,,,,,,,,,
08/04/2019 01:00,81755.045,41%,,,,,,,,,,
08/04/2019 02:00,77670.999,39%,,,,,,,,,,
08/04/2019 03:00,73666.115,37%,,,,,,,,,,
08/04/2019 04:00,68642.165,34%,,,,,,,,,,
08/04/2019 05:00,62777.031,31%,,,,,,,,,,
08/04/2019 06:00,56684.244,28%,,,,,,,,,,
08/04/2019 07:00,50034.172,25%,,,,,,,,,,
08/04/2019 08:00,43723.005,22%,,,,,,,,,,
08/04/2019 09:00,36808.803,18%,,,,,,,,,,
08/04/2019 10:00,30916.975,15%,,,,,,,,,,
08/04/2019 11:00,27577.35,14%,,,,,,,,,,
08/04/2019 12:00,27427.018,14%,,,,,,,,,,
08/04/2019 13:00,29339.278,15%,,,,,,,,,,
08/04/2019 14:00,32665.639,16%,,,,,,,,,,
08/04/2019 15:00,38328.498,19%,,,,,,,,,,
08/04/2019 16:00,46579.854,23%,,,,,,,,,,
08/04/2019 17:00,55507.308,28%,,,,,,,,,,
08/04/2019 18:00,64503.818,32%,,,,,,,,,,
08/04/2019 19:00,75247.116,38%,,,,,,,,,,
08/04/2019 20:00,79973.748,40%,,,,,,,,,,
08/04/2019 21:00,80154.433,40%,,,,,,,,,,
08/04/2019 22:00,81458.355,41%,,,,,,,,,,
08/04/2019 23:00,82183.774,41%,,,,,,,,,,
09/04/2019 00:00,84711.983,42%,,,,,,,,,,
09/04/2019 01:00,87161.642,44%,,,,,,,,,,
09/04/2019 02:00,88301.666,44%,,,,,,,,,,
09/04/2019 03:00,82925.31,41%,,,,,,,,,,
09/04/2019 04:00,75781.968,38%,,,,,,,,,,
09/04/2019 05:00,67531.364,34%,,,,,,,,,,
09/04/2019 06:00,56400.486,28%,,,,,,,,,,
09/04/2019 07:00,48143.804,24%,,,,,,,,,,
09/04/2019 08:00,45488.309,23%,,,,,,,,,,
09/04/2019 09:00,41874.847,21%,,,,,,,,,,
09/04/2019 10:00,37035.678,19%,,,,,,,,,,
09/04/2019 11:00,33029.772,17%,,,,,,,,,,
09/04/2019 12:00,29595.423,15%,,,,,,,,,,
09/04/2019 13:00,26481.061,13%,,,,,,,,,,
09/04/2019 14:00,23264.021,12%,,,,,,,,,,
09/04/2019 15:00,20673.268,10%,,,,,,,,,,
09/04/2019 16:00,18989.368,9%,,,,,,,,,,
09/04/2019 17:00,17443.825,9%,,,,,,,,,,
09/04/2019 18:00,16905.465,8%,,,,,,,,,,
09/04/2019 19:00,15213.514,8%,,,,,,,,,,
09/04/2019 20:00,11062.723,6%,,,,,,,,,,
09/04/2019 21:00,7029.955,4%,,,,,,,,,,
09/04/2019 22:00,4039.736,2%,,,,,,,,,,
09/04/2019 23:00,3271.147,2%,,,,,,,,,,
10/04/2019 00:00,4291.437,2%,,,,,,,,,,
10/04/2019 01:00,6327.649,3%,,,,,,,,,,
10/04/2019 02:00,8892.4,4%,,,,,,,,,,
10/04/2019 03:00,10738.104,5%,,,,,,,,,,
10/04/2019 04:00,11285.981,6%,,,,,,,,,,
10/04/2019 05:00,10943.944,5%,,,,,,,,,,
10/04/2019 06:00,9269.511,5%,,,,,,,,,,
10/04/2019 07:00,5236.027,3%,,,,,,,,,,
10/04/2019 08:00,1330.488,1%,,,,,,,,,,
10/04/2019 09:00,1062.001,1%,,,,,,,,,,
10/04/2019 10:00,884.973,0%,,,,,,,,,,
10/04/2019 11:00,1065.782,1%,,,,,,,,,,
10/04/2019 12:00,2155.349,1%,,,,,,,,,,
10/04/2019 13:00,4169.413,2%,,,,,,,,,,
10/04/2019 14:00,5708.233,3%,,,,,,,,,,
10/04/2019 15:00,8259.807,4%,,,,,,,,,,
10/04/2019 16:00,10812.834,5%,,,,,,,,,,
10/04/2019 17:00,15024.818,8%,,,,,,,,,,
10/04/2019 18:00,20316.196,10%,,,,,,,,,,
10/04/2019 19:00,23145.634,12%,,,,,,,,,,
10/04/2019 20:00,25407.454,13%,,,,,,,,,,
10/04/2019 21:00,28738.29,14%,,,,,,,,,,
10/04/2019 22:00,31500.961,16%,,,,,,,,,,
10/04/2019 23:00,33148.993,17%,,,,,,,,,,
11/04/2019 00:00,32497.455,16%,,,,,,,,,,
11/04/2019 01:00,30312.851,15%,,,,,,,,,,
11/04/2019 02:00,26754.452,13%,,,,,,,,,,
11/04/2019 03:00,22308.058,11%,,,,,,,,,,
11/04/2019 04:00,17403.182,9%,,,,,,,,,,
11/04/2019 05:00,13765.785,7%,,,,,,,,,,
11/04/2019 06:00,11599.194,6%,,,,,,,,,,
11/04/2019 07:00,10109.796,5%,,,,,,,,,,
11/04/2019 08:00,9007.204,5%,,,,,,,,,,
11/04/2019 09:00,8258.464,4%,,,,,,,,,,
11/04/2019 10:00,7803.215,4%,,,,,,,,,,
11/04/2019 11:00,8260.848,4%,,,,,,,,,,
11/04/2019 12:00,10132.429,5%,,,,,,,,,,
11/04/2019 13:00,11121.992,6%,,,,,,,,,,
11/04/2019 14:00,10931.814,5%,,,,,,,,,,
11/04/2019 15:00,11293.275,6%,,,,,,,,,,
11/04/2019 16:00,14549.687,7%,,,,,,,,,,
11/04/2019 17:00,19047.58,10%,,,,,,,,,,
11/04/2019 18:00,25094.694,13%,,,,,,,,,,
11/04/2019 19:00,32711.917,16%,,,,,,,,,,
11/04/2019 20:00,41087.297,21%,,,,,,,,,,
11/04/2019 21:00,50000.418,25%,,,,,,,,,,
11/04/2019 22:00,57782.051,29%,,,,,,,,,,
11/04/2019 23:00,63719.842,32%,,,,,,,,,,
12/04/2019 00:00,70210.006,35%,,,,,,,,,,
12/04/2019 01:00,77665.718,39%,,,,,,,,,,
12/04/2019 02:00,83323.536,42%,,,,,,,,,,
12/04/2019 03:00,86980.067,43%,,,,,,,,,,
12/04/2019 04:00,93851.091,47%,,,,,,,,,,
12/04/2019 05:00,100719.472,50%,,,,,,,,,,
12/04/2019 06:00,106972.858,53%,,,,,,,,,,
12/04/2019 07:00,117908.229,59%,,,,,,,,,,
12/04/2019 08:00,128051.446,64%,,,,,,,,,,
12/04/2019 09:00,133181.674,67%,,,,,,,,,,
12/04/2019 10:00,134566.523,67%,,,,,,,,,,
12/04/2019 11:00,133161.404,67%,,,,,,,,,,
12/04/2019 12:00,129726.173,65%,,,,,,,,,,
12/04/2019 13:00,126589.952,63%,,,,,,,,,,
12/04/2019 14:00,124646.977,62%,,,,,,,,,,
12/04/2019 15:00,124087.806,62%,,,,,,,,,,
12/04/2019 16:00,123515.086,62%,,,,,,,,,,
12/04/2019 17:00,120405.205,60%,,,,,,,,,,
12/04/2019 18:00,114577.514,57%,,,,,,,,,,
12/04/2019 19:00,115784.25,58%,,,,,,,,,,
12/04/2019 20:00,117963.351,59%,,,,,,,,,,
12/04/2019 21:00,119137.841,60%,,,,,,,,,,
12/04/2019 22:00,118817.874,59%,,,,,,,,,,
12/04/2019 23:00,114386.951,57%,,,,,,,,,,
13/04/2019 00:00,105690.577,53%,,,,,,,,,,
13/04/2019 01:00,95083.088,48%,,,,,,,,,,
13/04/2019 02:00,84295.886,42%,,,,,,,,,,
13/04/2019 03:00,76966.789,38%,,,,,,,,,,
13/04/2019 04:00,75785.03,38%,,,,,,,,,,
13/04/2019 05:00,81454.622,41%,,,,,,,,,,
13/04/2019 06:00,86636.725,43%,,,,,,,,,,
13/04/2019 07:00,98535.929,49%,,,,,,,,,,
13/04/2019 08:00,116072.447,58%,,,,,,,,,,
13/04/2019 09:00,120246.68,60%,,,,,,,,,,
13/04/2019 10:00,118107.892,59%,,,,,,,,,,
13/04/2019 11:00,117906.418,59%,,,,,,,,,,
13/04/2019 12:00,118424.133,59%,,,,,,,,,,
13/04/2019 13:00,120250.198,60%,,,,,,,,,,
13/04/2019 14:00,122183.736,61%,,,,,,,,,,
13/04/2019 15:00,123065.212,62%,,,,,,,,,,
13/04/2019 16:00,121158.54,61%,,,,,,,,,,
13/04/2019 17:00,115740.63,58%,,,,,,,,,,
13/04/2019 18:00,106709.733,53%,,,,,,,,,,
13/04/2019 19:00,102611.41,51%,,,,,,,,,,
13/04/2019 20:00,102435.804,51%,,,,,,,,,,
13/04/2019 21:00,103158.788,52%,,,,,,,,,,
13/04/2019 22:00,108233.515,54%,,,,,,,,,,
13/04/2019 23:00,115544.985,58%,,,,,,,,,,
14/04/2019 00:00,117907.646,59%,,,,,,,,,,
14/04/2019 01:00,114390.807,57%,,,,,,,,,,
14/04/2019 02:00,110483.454,55%,,,,,,,,,,
14/04/2019 03:00,108867.2,54%,,,,,,,,,,
14/04/2019 04:00,111288.388,56%,,,,,,,,,,
14/04/2019 05:00,111653.276,56%,,,,,,,,,,
14/04/2019 06:00,103996.445,52%,,,,,,,,,,
14/04/2019 07:00,107650.785,54%,,,,,,,,,,
14/04/2019 08:00,120244.298,60%,,,,,,,,,,
14/04/2019 09:00,125266.092,63%,,,,,,,,,,
14/04/2019 10:00,123571.67,62%,,,,,,,,,,
14/04/2019 11:00,119975.302,60%,,,,,,,,,,
14/04/2019 12:00,116158.309,58%,,,,,,,,,,
14/04/2019 13:00,111943.455,56%,,,,,,,,,,
14/04/2019 14:00,111103.642,56%,,,,,,,,,,
14/04/2019 15:00,113159.04,57%,,,,,,,,,,
14/04/2019 16:00,114792.441,57%,,,,,,,,,,
14/04/2019 17:00,113158.077,57%,,,,,,,,,,
14/04/2019 18:00,110200.744,55%,,,,,,,,,,
14/04/2019 19:00,111931.418,56%,,,,,,,,,,
14/04/2019 20:00,118629.165,59%,,,,,,,,,,
14/04/2019 21:00,123065.933,62%,,,,,,,,,,
14/04/2019 22:00,131709.433,66%,,,,,,,,,,
14/04/2019 23:00,133638.659,67%,,,,,,,,,,
15/04/2019 00:00,134111.627,67%,,,,,,,,,,
15/04/2019 01:00,135089.119,68%,,,,,,,,,,
15/04/2019 02:00,136466.068,68%,,,,,,,,,,
15/04/2019 03:00,134420.877,67%,,,,,,,,,,
15/04/2019 04:00,133164.578,67%,,,,,,,,,,
15/04/2019 05:00,132593.968,66%,,,,,,,,,,
15/04/2019 06:00,130739.892,65%,,,,,,,,,,
15/04/2019 07:00,141190.214,71%,,,,,,,,,,
15/04/2019 08:00,151914.605,76%,,,,,,,,,,
15/04/2019 09:00,159217.31,80%,,,,,,,,,,
15/04/2019 10:00,167119.957,84%,,,,,,,,,,
15/04/2019 11:00,173260.764,87%,,,,,,,,,,
15/04/2019 12:00,177677.949,89%,,,,,,,,,,
15/04/2019 13:00,180654.71,90%,,,,,,,,,,
15/04/2019 14:00,181944.226,91%,,,,,,,,,,
15/04/2019 15:00,182554.54,91%,,,,,,,,,,
15/04/2019 16:00,182722.783,91%,,,,,,,,,,
15/04/2019 17:00,182332.897,91%,,,,,,,,,,
15/04/2019 18:00,180723.568,90%,,,,,,,,,,
15/04/2019 19:00,182635.264,91%,,,,,,,,,,
15/04/2019 20:00,183931.135,92%,,,,,,,,,,
15/04/2019 21:00,182827.922,91%,,,,,,,,,,
15/04/2019 22:00,178711.038,89%,,,,,,,,,,
15/04/2019 23:00,172689.11,86%,,,,,,,,,,
16/04/2019 00:00,165742.396,83%,,,,,,,,,,
16/04/2019 01:00,161212.18,81%,,,,,,,,,,
16/04/2019 02:00,156422.709,78%,,,,,,,,,,
16/04/2019 03:00,151160.361,76%,,,,,,,,,,
16/04/2019 04:00,147765.58,74%,,,,,,,,,,
16/04/2019 05:00,145024.632,73%,,,,,,,,,,
16/04/2019 06:00,143100.842,72%,,,,,,,,,,
16/04/2019 07:00,150876.094,75%,,,,,,,,,,
16/04/2019 08:00,151824.858,76%,,,,,,,,,,
16/04/2019 09:00,150504.362,75%,,,,,,,,,,
16/04/2019 10:00,148258.322,74%,,,,,,,,,,
16/04/2019 11:00,147351.883,74%,,,,,,,,,,
16/04/2019 12:00,149020.9,75%,,,,,,,,,,
16/04/2019 13:00,151750.111,76%,,,,,,,,,,
16/04/2019 14:00,154901.505,77%,,,,,,,,,,
16/04/2019 15:00,156031.027,78%,,,,,,,,,,
16/04/2019 16:00,155301.494,78%,,,,,,,,,,
16/04/2019 17:00,152181.745,76%,,,,,,,,,,
16/04/2019 18:00,148154.144,74%,,,,,,,,,,
16/04/2019 19:00,144399.02,72%,,,,,,,,,,
16/04/2019 20:00,139913.979,70%,,,,,,,,,,
16/04/2019 21:00,134338.204,67%,,,,,,,,,,
16/04/2019 22:00,127775.537,64%,,,,,,,,,,
16/04/2019 23:00,121423.734,61%,,,,,,,,,,
17/04/2019 00:00,114247.327,57%,,,,,,,,,,
17/04/2019 01:00,107810.678,54%,,,,,,,,,,
17/04/2019 02:00,102064.841,51%,,,,,,,,,,
17/04/2019 03:00,95146.476,48%,,,,,,,,,,
17/04/2019 04:00,89399.021,45%,,,,,,,,,,
17/04/2019 05:00,84457.719,42%,,,,,,,,,,
17/04/2019 06:00,72718.967,36%,,,,,,,,,,
17/04/2019 07:00,66318.065,33%,,,,,,,,,,
17/04/2019 08:00,61678.094,31%,,,,,,,,,,
17/04/2019 09:00,62191.748,31%,,,,,,,,,,
17/04/2019 10:00,65481.343,33%,,,,,,,,,,
17/04/2019 11:00,67260.838,34%,,,,,,,,,,
17/04/2019 12:00,67589.553,34%,,,,,,,,,,
17/04/2019 13:00,68642.933,34%,,,,,,,,,,
17/04/2019 14:00,68132.225,34%,,,,,,,,,,
17/04/2019 15:00,64517.746,32%,,,,,,,,,,
17/04/2019 16:00,56589.221,28%,,,,,,,,,,
17/04/2019 17:00,48434.559,24%,,,,,,,,,,
17/04/2019 18:00,44752.876,22%,,,,,,,,,,
17/04/2019 19:00,49735.435,25%,,,,,,,,,,
17/04/2019 20:00,52278.639,26%,,,,,,,,,,
17/04/2019 21:00,52276.552,26%,,,,,,,,,,
17/04/2019 22:00,52599.014,26%,,,,,,,,,,
17/04/2019 23:00,52741.988,26%,,,,,,,,,,
18/04/2019 00:00,51613.09,26%,,,,,,,,,,
18/04/2019 01:00,48600.643,24%,,,,,,,,,,
18/04/2019 02:00,45569.577,23%,,,,,,,,,,
18/04/2019 03:00,41228.217,21%,,,,,,,,,,
18/04/2019 04:00,36719.148,18%,,,,,,,,,,
18/04/2019 05:00,34254.908,17%,,,,,,,,,,
18/04/2019 06:00,33415.805,17%,,,,,,,,,,
18/04/2019 07:00,33983.129,17%,,,,,,,,,,
18/04/2019 08:00,49050.254,25%,,,,,,,,,,
18/04/2019 09:00,61567.094,31%,,,,,,,,,,
18/04/2019 10:00,71102.791,36%,,,,,,,,,,
18/04/2019 11:00,77323.13,39%,,,,,,,,,,
18/04/2019 12:00,82543.965,41%,,,,,,,,,,
18/04/2019 13:00,86433.507,43%,,,,,,,,,,
18/04/2019 14:00,86738.392,43%,,,,,,,,,,
18/04/2019 15:00,86376.929,43%,,,,,,,,,,
18/04/2019 16:00,83986.711,42%,,,,,,,,,,
18/04/2019 17:00,77663.634,39%,,,,,,,,,,
18/04/2019 18:00,75978.041,38%,,,,,,,,,,
18/04/2019 19:00,86144.045,43%,,,,,,,,,,
18/04/2019 20:00,99593.31,50%,,,,,,,,,,
18/04/2019 21:00,102611.192,51%,,,,,,,,,,
18/04/2019 22:00,86181.886,43%,,,,,,,,,,
18/04/2019 23:00,79178.334,40%,,,,,,,,,,
19/04/2019 00:00,79013.933,40%,,,,,,,,,,
19/04/2019 01:00,80634.044,40%,,,,,,,,,,
19/04/2019 02:00,82001.261,41%,,,,,,,,,,
19/04/2019 03:00,77985.421,39%,,,,,,,,,,
19/04/2019 04:00,71005.975,36%,,,,,,,,,,
19/04/2019 05:00,66310.956,33%,,,,,,,,,,
19/04/2019 06:00,61246.18,31%,,,,,,,,,,
19/04/2019 07:00,59471.836,30%,,,,,,,,,,
19/04/2019 08:00,66331.043,33%,,,,,,,,,,
19/04/2019 09:00,73804.864,37%,,,,,,,,,,
19/04/2019 10:00,89401.946,45%,,,,,,,,,,
19/04/2019 11:00,101263.206,51%,,,,,,,,,,
19/04/2019 12:00,108294.786,54%,,,,,,,,,,
19/04/2019 13:00,112337.538,56%,,,,,,,,,,
19/04/2019 14:00,112891.568,56%,,,,,,,,,,
19/04/2019 15:00,110253.033,55%,,,,,,,,,,
19/04/2019 16:00,100342.691,50%,,,,,,,,,,
19/04/2019 17:00,95738.647,48%,,,,,,,,,,
19/04/2019 18:00,100142.715,50%,,,,,,,,,,
19/04/2019 19:00,105675.958,53%,,,,,,,,,,
19/04/2019 20:00,104524.924,52%,,,,,,,,,,
19/04/2019 21:00,102695.473,51%,,,,,,,,,,
19/04/2019 22:00,104662.076,52%,,,,,,,,,,
19/04/2019 23:00,108255.254,54%,,,,,,,,,,
20/04/2019 00:00,109945.202,55%,,,,,,,,,,
20/04/2019 01:00,107977.233,54%,,,,,,,,,,
20/04/2019 02:00,106392.56,53%,,,,,,,,,,
20/04/2019 03:00,103152.336,52%,,,,,,,,,,
20/04/2019 04:00,96665.376,48%,,,,,,,,,,
20/04/2019 05:00,86555.961,43%,,,,,,,,,,
20/04/2019 06:00,71826.675,36%,,,,,,,,,,
20/04/2019 07:00,53161.652,27%,,,,,,,,,,
20/04/2019 08:00,39145.293,20%,,,,,,,,,,
20/04/2019 09:00,36810.269,18%,,,,,,,,,,
20/04/2019 10:00,29788.692,15%,,,,,,,,,,
20/04/2019 11:00,22909.754,11%,,,,,,,,,,
20/04/2019 12:00,16978.648,8%,,,,,,,,,,
20/04/2019 13:00,13747.788,7%,,,,,,,,,,
20/04/2019 14:00,15278.082,8%,,,,,,,,,,
20/04/2019 15:00,18792.571,9%,,,,,,,,,,
20/04/2019 16:00,20871.925,10%,,,,,,,,,,
20/04/2019 17:00,21807.794,11%,,,,,,,,,,
20/04/2019 18:00,21536.761,11%,,,,,,,,,,
20/04/2019 19:00,20701.712,10%,,,,,,,,,,
20/04/2019 20:00,18556.263,9%,,,,,,,,,,
20/04/2019 21:00,20250.18,10%,,,,,,,,,,
20/04/2019 22:00,29354.457,15%,,,,,,,,,,
20/04/2019 23:00,44609.938,22%,,,,,,,,,,
21/04/2019 00:00,61697.022,31%,,,,,,,,,,
21/04/2019 01:00,75873.507,38%,,,,,,,,,,
21/04/2019 02:00,87728.424,44%,,,,,,,,,,
21/04/2019 03:00,94389.477,47%,,,,,,,,,,
21/04/2019 04:00,94650.401,47%,,,,,,,,,,
21/04/2019 05:00,89225.914,45%,,,,,,,,,,
21/04/2019 06:00,76078.004,38%,,,,,,,,,,
21/04/2019 07:00,58604.793,29%,,,,,,,,,,
21/04/2019 08:00,47187.828,24%,,,,,,,,,,
21/04/2019 09:00,57281.506,29%,,,,,,,,,,
21/04/2019 10:00,72270.979,36%,,,,,,,,,,
21/04/2019 11:00,87199.315,44%,,,,,,,,,,
21/04/2019 12:00,101772.756,51%,,,,,,,,,,
21/04/2019 13:00,114751.39,57%,,,,,,,,,,
21/04/2019 14:00,126089.591,63%,,,,,,,,,,
21/04/2019 15:00,135902.56,68%,,,,,,,,,,
21/04/2019 16:00,141809.586,71%,,,,,,,,,,
21/04/2019 17:00,144005.434,72%,,,,,,,,,,
21/04/2019 18:00,143568.858,72%,,,,,,,,,,
21/04/2019 19:00,141561.182,71%,,,,,,,,,,
21/04/2019 20:00,142582.423,71%,,,,,,,,,,
21/04/2019 21:00,141334.814,71%,,,,,,,,,,
21/04/2019 22:00,138949.152,69%,,,,,,,,,,
21/04/2019 23:00,136885.945,68%,,,,,,,,,,
22/04/2019 00:00,134054.678,67%,,,,,,,,,,
22/04/2019 01:00,128979.273,64%,,,,,,,,,,
22/04/2019 02:00,122728.709,61%,,,,,,,,,,
22/04/2019 03:00,115466.688,58%,,,,,,,,,,
22/04/2019 04:00,107569.951,54%,,,,,,,,,,
22/04/2019 05:00,101014.763,51%,,,,,,,,,,
22/04/2019 06:00,89134.865,45%,,,,,,,,,,
22/04/2019 07:00,81614.882,41%,,,,,,,,,,
22/04/2019 08:00,91328.274,46%,,,,,,,,,,
22/04/2019 09:00,104524.425,52%,,,,,,,,,,
22/04/2019 10:00,117983.861,59%,,,,,,,,,,
22/04/2019 11:00,127673.01,64%,,,,,,,,,,
22/04/2019 12:00,132203.701,66%,,,,,,,,,,
22/04/2019 13:00,129873.164,65%,,,,,,,,,,
22/04/2019 14:00,123702.637,62%,,,,,,,,,,
22/04/2019 15:00,118623.875,59%,,,,,,,,,,
22/04/2019 16:00,113159.094,57%,,,,,,,,,,
22/04/2019 17:00,101732.885,51%,,,,,,,,,,
22/04/2019 18:00,100145.601,50%,,,,,,,,,,
22/04/2019 19:00,111275.191,56%,,,,,,,,,,
22/04/2019 20:00,114521.908,57%,,,,,,,,,,
22/04/2019 21:00,108867.2,54%,,,,,,,,,,
22/04/2019 22:00,99222.724,50%,,,,,,,,,,
22/04/2019 23:00,89403.292,45%,,,,,,,,,,
23/04/2019 00:00,84064.898,42%,,,,,,,,,,
23/04/2019 01:00,79263.627,40%,,,,,,,,,,
23/04/2019 02:00,75101.636,38%,,,,,,,,,,
23/04/2019 03:00,72149.249,36%,,,,,,,,,,
23/04/2019 04:00,73856.272,37%,,,,,,,,,,
23/04/2019 05:00,76560.428,38%,,,,,,,,,,
23/04/2019 06:00,84098.708,42%,,,,,,,,,,
23/04/2019 07:00,100270.334,50%,,,,,,,,,,
23/04/2019 08:00,120244.498,60%,,,,,,,,,,
23/04/2019 09:00,141191.515,71%,,,,,,,,,,
23/04/2019 10:00,154465.866,77%,,,,,,,,,,
23/04/2019 11:00,156262.829,78%,,,,,,,,,,
23/04/2019 12:00,154724.44,77%,,,,,,,,,,
23/04/2019 13:00,152054.678,76%,,,,,,,,,,
23/04/2019 14:00,152697.662,76%,,,,,,,,,,
23/04/2019 15:00,155603.476,78%,,,,,,,,,,
23/04/2019 16:00,156935.982,78%,,,,,,,,,,
23/04/2019 17:00,156484.284,78%,,,,,,,,,,
23/04/2019 18:00,149817.128,75%,,,,,,,,,,
23/04/2019 19:00,144061.242,72%,,,,,,,,,,
23/04/2019 20:00,135961.169,68%,,,,,,,,,,
23/04/2019 21:00,132587.608,66%,,,,,,,,,,
23/04/2019 22:00,128326.596,64%,,,,,,,,,,
23/04/2019 23:00,121166.88,61%,,,,,,,,,,
24/04/2019 00:00,113407.342,57%,,,,,,,,,,
24/04/2019 01:00,113689.757,57%,,,,,,,,,,
24/04/2019 02:00,128906.525,64%,,,,,,,,,,
24/04/2019 03:00,143455.938,72%,,,,,,,,,,
24/04/2019 04:00,152899.444,76%,,,,,,,,,,
24/04/2019 05:00,154852.95,77%,,,,,,,,,,
24/04/2019 06:00,152685.933,76%,,,,,,,,,,
24/04/2019 07:00,152759.362,76%,,,,,,,,,,
24/04/2019 08:00,152697.039,76%,,,,,,,,,,
24/04/2019 09:00,149977.982,75%,,,,,,,,,,
24/04/2019 10:00,149279.863,75%,,,,,,,,,,
24/04/2019 11:00,151871.093,76%,,,,,,,,,,
24/04/2019 12:00,154379.575,77%,,,,,,,,,,
24/04/2019 13:00,153346.505,77%,,,,,,,,,,
24/04/2019 14:00,151384.811,76%,,,,,,,,,,
24/04/2019 15:00,143159.387,72%,,,,,,,,,,
24/04/2019 16:00,128813.939,64%,,,,,,,,,,
24/04/2019 17:00,113690.093,57%,,,,,,,,,,
24/04/2019 18:00,100147.827,50%,,,,,,,,,,
24/04/2019 19:00,80496.475,40%,,,,,,,,,,
24/04/2019 20:00,72327.31,36%,,,,,,,,,,
24/04/2019 21:00,74013.335,37%,,,,,,,,,,
24/04/2019 22:00,71623.929,36%,,,,,,,,,,
24/04/2019 23:00,72321.595,36%,,,,,,,,,,
25/04/2019 00:00,78028.914,39%,,,,,,,,,,
25/04/2019 01:00,87980.464,44%,,,,,,,,,,
25/04/2019 02:00,79367.877,40%,,,,,,,,,,
25/04/2019 03:00,80544.801,40%,,,,,,,,,,
25/04/2019 04:00,88706.107,44%,,,,,,,,,,
25/04/2019 05:00,82080.876,41%,,,,,,,,,,
25/04/2019 06:00,94302.611,47%,,,,,,,,,,
25/04/2019 07:00,98342.743,49%,,,,,,,,,,
25/04/2019 08:00,87004.191,44%,,,,,,,,,,
25/04/2019 09:00,89913.647,45%,,,,,,,,,,
25/04/2019 10:00,104383.379,52%,,,,,,,,,,
25/04/2019 11:00,115001.197,58%,,,,,,,,,,
25/04/2019 12:00,125129.219,63%,,,,,,,,,,
25/04/2019 13:00,131120.575,66%,,,,,,,,,,
25/04/2019 14:00,133508.116,67%,,,,,,,,,,
25/04/2019 15:00,137225.479,69%,,,,,,,,,,
25/04/2019 16:00,134344.265,67%,,,,,,,,,,
25/04/2019 17:00,120376.42,60%,,,,,,,,,,
25/04/2019 18:00,116071.491,58%,,,,,,,,,,
25/04/2019 19:00,116071.134,58%,,,,,,,,,,
25/04/2019 20:00,110483.125,55%,,,,,,,,,,
25/04/2019 21:00,104993,52%,,,,,,,,,,
25/04/2019 22:00,107514.803,54%,,,,,,,,,,
25/04/2019 23:00,103214.648,52%,,,,,,,,,,
26/04/2019 00:00,95742.168,48%,,,,,,,,,,
26/04/2019 01:00,80696.653,40%,,,,,,,,,,
26/04/2019 02:00,73320.413,37%,,,,,,,,,,
26/04/2019 03:00,68821.414,34%,,,,,,,,,,
26/04/2019 04:00,69987.67,35%,,,,,,,,,,
26/04/2019 05:00,81998.445,41%,,,,,,,,,,
26/04/2019 06:00,99593.335,50%,,,,,,,,,,
26/04/2019 07:00,117918.224,59%,,,,,,,,,,
26/04/2019 08:00,133632.494,67%,,,,,,,,,,
26/04/2019 09:00,149299.118,75%,,,,,,,,,,
26/04/2019 10:00,162365.545,81%,,,,,,,,,,
26/04/2019 11:00,166880.526,83%,,,,,,,,,,
26/04/2019 12:00,165138.548,83%,,,,,,,,,,
26/04/2019 13:00,164080.561,82%,,,,,,,,,,
26/04/2019 14:00,164411.924,82%,,,,,,,,,,
26/04/2019 15:00,165415.96,83%,,,,,,,,,,
26/04/2019 16:00,169687.704,85%,,,,,,,,,,
26/04/2019 17:00,173726.506,87%,,,,,,,,,,
26/04/2019 18:00,171741.573,86%,,,,,,,,,,
26/04/2019 19:00,167110.083,84%,,,,,,,,,,
26/04/2019 20:00,158672.849,79%,,,,,,,,,,
26/04/2019 21:00,138333.246,69%,,,,,,,,,,
26/04/2019 22:00,114654.48,57%,,,,,,,,,,
26/04/2019 23:00,96844.126,48%,,,,,,,,,,
27/04/2019 00:00,81379.702,41%,,,,,,,,,,
27/04/2019 01:00,71140.869,36%,,,,,,,,,,
27/04/2019 02:00,67344.108,34%,,,,,,,,,,
27/04/2019 03:00,64018.297,32%,,,,,,,,,,
27/04/2019 04:00,58844.08,29%,,,,,,,,,,
27/04/2019 05:00,49731.696,25%,,,,,,,,,,
27/04/2019 06:00,43908.195,22%,,,,,,,,,,
27/04/2019 07:00,48214.572,24%,,,,,,,,,,
27/04/2019 08:00,52342.68,26%,,,,,,,,,,
27/04/2019 09:00,52984.5,26%,,,,,,,,,,
27/04/2019 10:00,47625.689,24%,,,,,,,,,,
27/04/2019 11:00,39070.003,20%,,,,,,,,,,
27/04/2019 12:00,31079.72,16%,,,,,,,,,,
27/04/2019 13:00,27699.325,14%,,,,,,,,,,
27/04/2019 14:00,28330.341,14%,,,,,,,,,,
27/04/2019 15:00,31470.991,16%,,,,,,,,,,
27/04/2019 16:00,35442.673,18%,,,,,,,,,,
27/04/2019 17:00,33487.347,17%,,,,,,,,,,
27/04/2019 18:00,26913.182,13%,,,,,,,,,,
27/04/2019 19:00,22133.882,11%,,,,,,,,,,
27/04/2019 20:00,17518.725,9%,,,,,,,,,,
27/04/2019 21:00,13289.805,7%,,,,,,,,,,
27/04/2019 22:00,12230.99,6%,,,,,,,,,,
27/04/2019 23:00,11969.423,6%,,,,,,,,,,
28/04/2019 00:00,11887.541,6%,,,,,,,,,,
28/04/2019 01:00,11952.952,6%,,,,,,,,,,
28/04/2019 02:00,13307.302,7%,,,,,,,,,,
28/04/2019 03:00,12562.524,6%,,,,,,,,,,
28/04/2019 04:00,11461.502,6%,,,,,,,,,,
28/04/2019 05:00,9187.606,5%,,,,,,,,,,
28/04/2019 06:00,6393.623,3%,,,,,,,,,,
28/04/2019 07:00,5432.612,3%,,,,,,,,,,
28/04/2019 08:00,5840.196,3%,,,,,,,,,,
28/04/2019 09:00,3725.79,2%,,,,,,,,,,
28/04/2019 10:00,3901.741,2%,,,,,,,,,,
28/04/2019 11:00,7220.955,4%,,,,,,,,,,
28/04/2019 12:00,13002.293,7%,,,,,,,,,,
28/04/2019 13:00,18485.41,9%,,,,,,,,,,
28/04/2019 14:00,20513.179,10%,,,,,,,,,,
28/04/2019 15:00,24278.569,12%,,,,,,,,,,
28/04/2019 16:00,30912.78,15%,,,,,,,,,,
28/04/2019 17:00,38346.09,19%,,,,,,,,,,
28/04/2019 18:00,45488.076,23%,,,,,,,,,,
28/04/2019 19:00,51810.164,26%,,,,,,,,,,
28/04/2019 20:00,51285.541,26%,,,,,,,,,,
28/04/2019 21:00,45485.846,23%,,,,,,,,,,
28/04/2019 22:00,41060.556,21%,,,,,,,,,,
28/04/2019 23:00,36844.001,18%,,,,,,,,,,
29/04/2019 00:00,31694.103,16%,,,,,,,,,,
29/04/2019 01:00,26992.75,13%,,,,,,,,,,
29/04/2019 02:00,24389.757,12%,,,,,,,,,,
29/04/2019 03:00,22042.078,11%,,,,,,,,,,
29/04/2019 04:00,18952.59,9%,,,,,,,,,,
29/04/2019 05:00,15516.269,8%,,,,,,,,,,
29/04/2019 06:00,13590.781,7%,,,,,,,,,,
29/04/2019 07:00,12789,6%,,,,,,,,,,
29/04/2019 08:00,13990.109,7%,,,,,,,,,,
29/04/2019 09:00,20103.677,10%,,,,,,,,,,
29/04/2019 10:00,28715.105,14%,,,,,,,,,,
29/04/2019 11:00,38342.832,19%,,,,,,,,,,
29/04/2019 12:00,45197.424,23%,,,,,,,,,,
29/04/2019 13:00,47283.936,24%,,,,,,,,,,
29/04/2019 14:00,45211.718,23%,,,,,,,,,,
29/04/2019 15:00,41091.839,21%,,,,,,,,,,
29/04/2019 16:00,37680.004,19%,,,,,,,,,,
29/04/2019 17:00,35825.467,18%,,,,,,,,,,
29/04/2019 18:00,35119.143,18%,,,,,,,,,,
29/04/2019 19:00,38385.942,19%,,,,,,,,,,
29/04/2019 20:00,41483.934,21%,,,,,,,,,,
29/04/2019 21:00,41489.426,21%,,,,,,,,,,
29/04/2019 22:00,40782.215,20%,,,,,,,,,,
29/04/2019 23:00,40172.071,20%,,,,,,,,,,
30/04/2019 00:00,39033.985,20%,,,,,,,,,,
30/04/2019 01:00,36699.165,18%,,,,,,,,,,
30/04/2019 02:00,33547.052,17%,,,,,,,,,,
30/04/2019 03:00,28826.421,14%,,,,,,,,,,
30/04/2019 04:00,23613.968,12%,,,,,,,,,,
30/04/2019 05:00,19296.678,10%,,,,,,,,,,
30/04/2019 06:00,15144.542,8%,,,,,,,,,,
30/04/2019 07:00,12741.7,6%,,,,,,,,,,
30/04/2019 08:00,14288.484,7%,,,,,,,,,,
30/04/2019 09:00,18820.618,9%,,,,,,,,,,
30/04/2019 10:00,23438.9,12%,,,,,,,,,,
30/04/2019 11:00,25356.873,13%,,,,,,,,,,
30/04/2019 12:00,26341.758,13%,,,,,,,,,,
30/04/2019 13:00,27074.765,14%,,,,,,,,,,
30/04/2019 14:00,29405.926,15%,,,,,,,,,,
30/04/2019 15:00,31101.746,16%,,,,,,,,,,
30/04/2019 16:00,32071.258,16%,,,,,,,,,,
30/04/2019 17:00,33928.909,17%,,,,,,,,,,
30/04/2019 18:00,36327.577,18%,,,,,,,,,,
30/04/2019 19:00,38374.804,19%,,,,,,,,,,
30/04/2019 20:00,37152.661,19%,,,,,,,,,,
30/04/2019 21:00,33587.208,17%,,,,,,,,,,
30/04/2019 22:00,28523.945,14%,,,,,,,,,,
30/04/2019 23:00,22810.609,11%,,,,,,,,,,
01/05/2019 00:00,17821.584,9%,,,,,,,,,,
01/05/2019 01:00,14116.046,7%,,,,,,,,,,
01/05/2019 02:00,11639.747,6%,,,,,,,,,,
01/05/2019 03:00,11090.379,6%,,,,,,,,,,
01/05/2019 04:00,11914.449,6%,,,,,,,,,,
01/05/2019 05:00,12220.147,6%,,,,,,,,,,
01/05/2019 06:00,9934.718,5%,,,,,,,,,,
01/05/2019 07:00,6694.51,3%,,,,,,,,,,
01/05/2019 08:00,3688.785,2%,,,,,,,,,,
01/05/2019 09:00,2178.228,1%,,,,,,,,,,
01/05/2019 10:00,1930.91,1%,,,,,,,,,,
01/05/2019 11:00,2472.512,1%,,,,,,,,,,
01/05/2019 12:00,2811.877,1%,,,,,,,,,,
01/05/2019 13:00,2555.218,1%,,,,,,,,,,
01/05/2019 14:00,2154.01,1%,,,,,,,,,,
01/05/2019 15:00,1917.252,1%,,,,,,,,,,
01/05/2019 16:00,2525.816,1%,,,,,,,,,,
01/05/2019 17:00,2866.561,1%,,,,,,,,,,
01/05/2019 18:00,3231.209,2%,,,,,,,,,,
01/05/2019 19:00,3764.969,2%,,,,,,,,,,
01/05/2019 20:00,6888.899,3%,,,,,,,,,,
01/05/2019 21:00,12987.451,6%,,,,,,,,,,
01/05/2019 22:00,20968.499,10%,,,,,,,,,,
01/05/2019 23:00,28802.684,14%,,,,,,,,,,
02/05/2019 00:00,38204.303,19%,,,,,,,,,,
02/05/2019 01:00,50703.223,25%,,,,,,,,,,
02/05/2019 02:00,59999.597,30%,,,,,,,,,,
02/05/2019 03:00,69559.023,35%,,,,,,,,,,
02/05/2019 04:00,79014.105,40%,,,,,,,,,,
02/05/2019 05:00,86646.375,43%,,,,,,,,,,
02/05/2019 06:00,97396.04,49%,,,,,,,,,,
02/05/2019 07:00,107514.683,54%,,,,,,,,,,
02/05/2019 08:00,112537.805,56%,,,,,,,,,,
02/05/2019 09:00,111602.874,56%,,,,,,,,,,
02/05/2019 10:00,108287.127,54%,,,,,,,,,,
02/05/2019 11:00,109945.34,55%,,,,,,,,,,
02/05/2019 12:00,116072.363,58%,,,,,,,,,,
02/05/2019 13:00,121374.963,61%,,,,,,,,,,
02/05/2019 14:00,123734.899,62%,,,,,,,,,,
02/05/2019 15:00,126094.383,63%,,,,,,,,,,
02/05/2019 16:00,126592.607,63%,,,,,,,,,,
02/05/2019 17:00,123492.849,62%,,,,,,,,,,
02/05/2019 18:00,116597.802,58%,,,,,,,,,,
02/05/2019 19:00,108867.2,54%,,,,,,,,,,
02/05/2019 20:00,103705.112,52%,,,,,,,,,,
02/05/2019 21:00,98219.183,49%,,,,,,,,,,
02/05/2019 22:00,96092.305,48%,,,,,,,,,,
02/05/2019 23:00,99081.666,50%,,,,,,,,,,
03/05/2019 00:00,103291.987,52%,,,,,,,,,,
03/05/2019 01:00,107916.588,54%,,,,,,,,,,
03/05/2019 02:00,111288.695,56%,,,,,,,,,,
03/05/2019 03:00,114222.523,57%,,,,,,,,,,
03/05/2019 04:00,118932.504,59%,,,,,,,,,,
03/05/2019 05:00,125698.627,63%,,,,,,,,,,
03/05/2019 06:00,138407.703,69%,,,,,,,,,,
03/05/2019 07:00,154517.916,77%,,,,,,,,,,
03/05/2019 08:00,165188.016,83%,,,,,,,,,,
03/05/2019 09:00,171091.527,86%,,,,,,,,,,
03/05/2019 10:00,174132.775,87%,,,,,,,,,,
03/05/2019 11:00,176530.864,88%,,,,,,,,,,
03/05/2019 12:00,178110.315,89%,,,,,,,,,,
03/05/2019 13:00,177579.636,89%,,,,,,,,,,
03/05/2019 14:00,175365.832,88%,,,,,,,,,,
03/05/2019 15:00,172346.464,86%,,,,,,,,,,
03/05/2019 16:00,169710.404,85%,,,,,,,,,,
03/05/2019 17:00,167491.685,84%,,,,,,,,,,
03/05/2019 18:00,162533.544,81%,,,,,,,,,,
03/05/2019 19:00,160651.385,80%,,,,,,,,,,
03/05/2019 20:00,158484.011,79%,,,,,,,,,,
03/05/2019 21:00,157293.138,79%,,,,,,,,,,
03/05/2019 22:00,160250.349,80%,,,,,,,,,,
03/05/2019 23:00,164897.595,82%,,,,,,,,,,
04/05/2019 00:00,168420.396,84%,,,,,,,,,,
04/05/2019 01:00,171475.068,86%,,,,,,,,,,
04/05/2019 02:00,173679.32,87%,,,,,,,,,,
04/05/2019 03:00,175817.303,88%,,,,,,,,,,
04/05/2019 04:00,176336.248,88%,,,,,,,,,,
04/05/2019 05:00,175368.486,88%,,,,,,,,,,
04/05/2019 06:00,176833.029,88%,,,,,,,,,,
04/05/2019 07:00,180667.742,90%,,,,,,,,,,
04/05/2019 08:00,182414.013,91%,,,,,,,,,,
04/05/2019 09:00,181499.893,91%,,,,,,,,,,
04/05/2019 10:00,177779.713,89%,,,,,,,,,,
04/05/2019 11:00,173169.647,87%,,,,,,,,,,
04/05/2019 12:00,168062.149,84%,,,,,,,,,,
04/05/2019 13:00,162906.162,81%,,,,,,,,,,
04/05/2019 14:00,159074.314,80%,,,,,,,,,,
04/05/2019 15:00,158167.862,79%,,,,,,,,,,
04/05/2019 16:00,157633.194,79%,,,,,,,,,,
04/05/2019 17:00,155304.694,78%,,,,,,,,,,
04/05/2019 18:00,148769.167,74%,,,,,,,,,,
04/05/2019 19:00,138951.868,69%,,,,,,,,,,
04/05/2019 20:00,129012.712,65%,,,,,,,,,,
04/05/2019 21:00,118651.763,59%,,,,,,,,,,
04/05/2019 22:00,113691.384,57%,,,,,,,,,,
04/05/2019 23:00,114234.136,57%,,,,,,,,,,
05/05/2019 00:00,117907.441,59%,,,,,,,,,,
05/05/2019 01:00,121501.455,61%,,,,,,,,,,
05/05/2019 02:00,125351.441,63%,,,,,,,,,,
05/05/2019 03:00,126093.003,63%,,,,,,,,,,
05/05/2019 04:00,125556.706,63%,,,,,,,,,,
05/05/2019 05:00,123571.388,62%,,,,,,,,,,
05/05/2019 06:00,123172.368,62%,,,,,,,,,,
05/05/2019 07:00,135820.276,68%,,,,,,,,,,
05/05/2019 08:00,148053.879,74%,,,,,,,,,,
05/05/2019 09:00,153123.892,77%,,,,,,,,,,
05/05/2019 10:00,156043.503,78%,,,,,,,,,,
05/05/2019 11:00,156443.462,78%,,,,,,,,,,
05/05/2019 12:00,155722.208,78%,,,,,,,,,,
05/05/2019 13:00,156477.834,78%,,,,,,,,,,
05/05/2019 14:00,159045.842,80%,,,,,,,,,,
05/05/2019 15:00,161426.927,81%,,,,,,,,,,
05/05/2019 16:00,161309.696,81%,,,,,,,,,,
05/05/2019 17:00,155929.281,78%,,,,,,,,,,
05/05/2019 18:00,143992.64,72%,,,,,,,,,,
05/05/2019 19:00,133800.639,67%,,,,,,,,,,
05/05/2019 20:00,129102.277,65%,,,,,,,,,,
05/05/2019 21:00,125569,63%,,,,,,,,,,
05/05/2019 22:00,122975.901,61%,,,,,,,,,,
05/05/2019 23:00,122554.643,61%,,,,,,,,,,
06/05/2019 00:00,119933.651,60%,,,,,,,,,,
06/05/2019 01:00,117906.953,59%,,,,,,,,,,
06/05/2019 02:00,118155.608,59%,,,,,,,,,,
06/05/2019 03:00,117691.171,59%,,,,,,,,,,
06/05/2019 04:00,116707.985,58%,,,,,,,,,,
06/05/2019 05:00,111335.358,56%,,,,,,,,,,
06/05/2019 06:00,109013.347,55%,,,,,,,,,,
06/05/2019 07:00,113159.193,57%,,,,,,,,,,
06/05/2019 08:00,106429.663,53%,,,,,,,,,,
06/05/2019 09:00,95191.753,48%,,,,,,,,,,
06/05/2019 10:00,82205.531,41%,,,,,,,,,,
06/05/2019 11:00,69434.907,35%,,,,,,,,,,
06/05/2019 12:00,57721.441,29%,,,,,,,,,,
06/05/2019 13:00,48369.605,24%,,,,,,,,,,
06/05/2019 14:00,41105.214,21%,,,,,,,,,,
06/05/2019 15:00,37940.406,19%,,,,,,,,,,
06/05/2019 16:00,37450.894,19%,,,,,,,,,,
06/05/2019 17:00,37104.64,19%,,,,,,,,,,
06/05/2019 18:00,37079.878,19%,,,,,,,,,,
06/05/2019 19:00,38845.85,19%,,,,,,,,,,
06/05/2019 20:00,38618.134,19%,,,,,,,,,,
06/05/2019 21:00,36373.653,18%,,,,,,,,,,
06/05/2019 22:00,33481.475,17%,,,,,,,,,,
06/05/2019 23:00,29574.498,15%,,,,,,,,,,
07/05/2019 00:00,26088.376,13%,,,,,,,,,,
07/05/2019 01:00,23480.048,12%,,,,,,,,,,
07/05/2019 02:00,22102.436,11%,,,,,,,,,,
07/05/2019 03:00,22245.859,11%,,,,,,,,,,
07/05/2019 04:00,22832.159,11%,,,,,,,,,,
07/05/2019 05:00,23441.516,12%,,,,,,,,,,
07/05/2019 06:00,21142.263,11%,,,,,,,,,,
07/05/2019 07:00,18036.388,9%,,,,,,,,,,
07/05/2019 08:00,14136.034,7%,,,,,,,,,,
07/05/2019 09:00,10192.58,5%,,,,,,,,,,
07/05/2019 10:00,7438.719,4%,,,,,,,,,,
07/05/2019 11:00,5295.142,3%,,,,,,,,,,
07/05/2019 12:00,3715.257,2%,,,,,,,,,,
07/05/2019 13:00,3390.781,2%,,,,,,,,,,
07/05/2019 14:00,4335.923,2%,,,,,,,,,,
07/05/2019 15:00,5149.999,3%,,,,,,,,,,
07/05/2019 16:00,6684.444,3%,,,,,,,,,,
07/05/2019 17:00,8493.898,4%,,,,,,,,,,
07/05/2019 18:00,10816.559,5%,,,,,,,,,,
07/05/2019 19:00,13825.399,7%,,,,,,,,,,
07/05/2019 20:00,18192.17,9%,,,,,,,,,,
07/05/2019 21:00,22086.881,11%,,,,,,,,,,
07/05/2019 22:00,25451.099,13%,,,,,,,,,,
07/05/2019 23:00,28801.361,14%,,,,,,,,,,
08/05/2019 00:00,32465.334,16%,,,,,,,,,,
08/05/2019 01:00,36956.946,18%,,,,,,,,,,
08/05/2019 02:00,43603.556,22%,,,,,,,,,,
08/05/2019 03:00,53218.831,27%,,,,,,,,,,
08/05/2019 04:00,66319.574,33%,,,,,,,,,,
08/05/2019 05:00,74717.162,37%,,,,,,,,,,
08/05/2019 06:00,78206.468,39%,,,,,,,,,,
08/05/2019 07:00,91879.329,46%,,,,,,,,,,
08/05/2019 08:00,104523.744,52%,,,,,,,,,,
08/05/2019 09:00,113157.824,57%,,,,,,,,,,
08/05/2019 10:00,120087.119,60%,,,,,,,,,,
08/05/2019 11:00,125239.642,63%,,,,,,,,,,
08/05/2019 12:00,128561.836,64%,,,,,,,,,,
08/05/2019 13:00,129487.645,65%,,,,,,,,,,
08/05/2019 14:00,129695.785,65%,,,,,,,,,,
08/05/2019 15:00,129112.751,65%,,,,,,,,,,
08/05/2019 16:00,128818.995,64%,,,,,,,,,,
08/05/2019 17:00,125087.999,63%,,,,,,,,,,
08/05/2019 18:00,119393.688,60%,,,,,,,,,,
08/05/2019 19:00,118520.393,59%,,,,,,,,,,
08/05/2019 20:00,117614.664,59%,,,,,,,,,,
08/05/2019 21:00,113120.738,57%,,,,,,,,,,
08/05/2019 22:00,106429.801,53%,,,,,,,,,,
08/05/2019 23:00,103813.33,52%,,,,,,,,,,
09/05/2019 00:00,105572.835,53%,,,,,,,,,,
09/05/2019 01:00,108867.2,54%,,,,,,,,,,
09/05/2019 02:00,111416.753,56%,,,,,,,,,,
09/05/2019 03:00,112421.719,56%,,,,,,,,,,
09/05/2019 04:00,112111.451,56%,,,,,,,,,,
09/05/2019 05:00,108835.183,54%,,,,,,,,,,
09/05/2019 06:00,102611.718,51%,,,,,,,,,,
09/05/2019 07:00,106529.567,53%,,,,,,,,,,
09/05/2019 08:00,104523.859,52%,,,,,,,,,,
09/05/2019 09:00,98220.791,49%,,,,,,,,,,
09/05/2019 10:00,89505.673,45%,,,,,,,,,,
09/05/2019 11:00,80397.857,40%,,,,,,,,,,
09/05/2019 12:00,71806.822,36%,,,,,,,,,,
09/05/2019 13:00,65034.86,33%,,,,,,,,,,
09/05/2019 14:00,60985.353,30%,,,,,,,,,,
09/05/2019 15:00,59936.665,30%,,,,,,,,,,
09/05/2019 16:00,62113.541,31%,,,,,,,,,,
09/05/2019 17:00,64465.609,32%,,,,,,,,,,
09/05/2019 18:00,64012.886,32%,,,,,,,,,,
09/05/2019 19:00,62152.093,31%,,,,,,,,,,
09/05/2019 20:00,57227.78,29%,,,,,,,,,,
09/05/2019 21:00,50628.07,25%,,,,,,,,,,
09/05/2019 22:00,45048.364,23%,,,,,,,,,,
09/05/2019 23:00,40690.044,20%,,,,,,,,,,
10/05/2019 00:00,38281.955,19%,,,,,,,,,,
10/05/2019 01:00,37085.211,19%,,,,,,,,,,
10/05/2019 02:00,38077.666,19%,,,,,,,,,,
10/05/2019 03:00,38444.676,19%,,,,,,,,,,
10/05/2019 04:00,37565.518,19%,,,,,,,,,,
10/05/2019 05:00,35886.547,18%,,,,,,,,,,
10/05/2019 06:00,30255.878,15%,,,,,,,,,,
10/05/2019 07:00,24083.732,12%,,,,,,,,,,
10/05/2019 08:00,17211.782,9%,,,,,,,,,,
10/05/2019 09:00,11584.029,6%,,,,,,,,,,
10/05/2019 10:00,7486.999,4%,,,,,,,,,,
10/05/2019 11:00,3977.163,2%,,,,,,,,,,
10/05/2019 12:00,2714.889,1%,,,,,,,,,,
10/05/2019 13:00,3255.699,2%,,,,,,,,,,
10/05/2019 14:00,2880.281,1%,,,,,,,,,,
10/05/2019 15:00,2648.598,1%,,,,,,,,,,
10/05/2019 16:00,1826.115,1%,,,,,,,,,,
10/05/2019 17:00,2209.952,1%,,,,,,,,,,
10/05/2019 18:00,3067.143,2%,,,,,,,,,,
10/05/2019 19:00,4243.25,2%,,,,,,,,,,
10/05/2019 20:00,6155.444,3%,,,,,,,,,,
10/05/2019 21:00,7897.299,4%,,,,,,,,,,
10/05/2019 22:00,8533.587,4%,,,,,,,,,,
10/05/2019 23:00,7808.758,4%,,,,,,,,,,
11/05/2019 00:00,6180.127,3%,,,,,,,,,,
11/05/2019 01:00,4762.334,2%,,,,,,,,,,
11/05/2019 02:00,4807.709,2%,,,,,,,,,,
11/05/2019 03:00,6933.418,3%,,,,,,,,,,
11/05/2019 04:00,10808.542,5%,,,,,,,,,,
11/05/2019 05:00,16601.082,8%,,,,,,,,,,
11/05/2019 06:00,23098.56,12%,,,,,,,,,,
11/05/2019 07:00,32412.054,16%,,,,,,,,,,
11/05/2019 08:00,39982.158,20%,,,,,,,,,,
11/05/2019 09:00,43733.054,22%,,,,,,,,,,
11/05/2019 10:00,41616.365,21%,,,,,,,,,,
11/05/2019 11:00,39696.461,20%,,,,,,,,,,
11/05/2019 12:00,38827.146,19%,,,,,,,,,,
11/05/2019 13:00,38969.101,19%,,,,,,,,,,
11/05/2019 14:00,40988.979,20%,,,,,,,,,,
11/05/2019 15:00,42185.839,21%,,,,,,,,,,
11/05/2019 16:00,43813.272,22%,,,,,,,,,,
11/05/2019 17:00,44878.483,22%,,,,,,,,,,
11/05/2019 18:00,42784.755,21%,,,,,,,,,,
11/05/2019 19:00,41599.041,21%,,,,,,,,,,
11/05/2019 20:00,38540.674,19%,,,,,,,,,,
11/05/2019 21:00,32691.107,16%,,,,,,,,,,
11/05/2019 22:00,26564.929,13%,,,,,,,,,,
11/05/2019 23:00,21245.259,11%,,,,,,,,,,
12/05/2019 00:00,16991.116,8%,,,,,,,,,,
12/05/2019 01:00,15573.978,8%,,,,,,,,,,
12/05/2019 02:00,15553.574,8%,,,,,,,,,,
12/05/2019 03:00,14773.321,7%,,,,,,,,,,
12/05/2019 04:00,11723.048,6%,,,,,,,,,,
12/05/2019 05:00,9095.117,5%,,,,,,,,,,
12/05/2019 06:00,6919.124,3%,,,,,,,,,,
12/05/2019 07:00,3943.968,2%,,,,,,,,,,
12/05/2019 08:00,2094.459,1%,,,,,,,,,,
12/05/2019 09:00,2167.726,1%,,,,,,,,,,
12/05/2019 10:00,5691.623,3%,,,,,,,,,,
12/05/2019 11:00,10810.108,5%,,,,,,,,,,
12/05/2019 12:00,20155.635,10%,,,,,,,,,,
12/05/2019 13:00,28393.051,14%,,,,,,,,,,
12/05/2019 14:00,35768.216,18%,,,,,,,,,,
12/05/2019 15:00,46134.766,23%,,,,,,,,,,
12/05/2019 16:00,56191.122,28%,,,,,,,,,,
12/05/2019 17:00,65761.913,33%,,,,,,,,,,
12/05/2019 18:00,75865.686,38%,,,,,,,,,,
12/05/2019 19:00,87870.318,44%,,,,,,,,,,
12/05/2019 20:00,95290.514,48%,,,,,,,,,,
12/05/2019 21:00,88428.364,44%,,,,,,,,,,
12/05/2019 22:00,77060.559,39%,,,,,,,,,,
12/05/2019 23:00,65070.359,33%,,,,,,,,,,
13/05/2019 00:00,53426.521,27%,,,,,,,,,,
13/05/2019 01:00,43381.393,22%,,,,,,,,,,
13/05/2019 02:00,33845.334,17%,,,,,,,,,,
13/05/2019 03:00,25204.977,13%,,,,,,,,,,
13/05/2019 04:00,17468.189,9%,,,,,,,,,,
13/05/2019 05:00,12261.653,6%,,,,,,,,,,
13/05/2019 06:00,9477.537,5%,,,,,,,,,,
13/05/2019 07:00,7434.422,4%,,,,,,,,,,
13/05/2019 08:00,9631.735,5%,,,,,,,,,,
13/05/2019 09:00,16372.502,8%,,,,,,,,,,
13/05/2019 10:00,27481.865,14%,,,,,,,,,,
13/05/2019 11:00,38670.125,19%,,,,,,,,,,
13/05/2019 12:00,45512.141,23%,,,,,,,,,,
13/05/2019 13:00,47155.212,24%,,,,,,,,,,
13/05/2019 14:00,45143.887,23%,,,,,,,,,,
13/05/2019 15:00,45695.223,23%,,,,,,,,,,
13/05/2019 16:00,44635.11,22%,,,,,,,,,,
13/05/2019 17:00,39909.391,20%,,,,,,,,,,
13/05/2019 18:00,38855.666,19%,,,,,,,,,,
13/05/2019 19:00,40644.665,20%,,,,,,,,,,
13/05/2019 20:00,42821.661,21%,,,,,,,,,,
13/05/2019 21:00,45572.067,23%,,,,,,,,,,
13/05/2019 22:00,48595.783,24%,,,,,,,,,,
13/05/2019 23:00,50189.377,25%,,,,,,,,,,
14/05/2019 00:00,49664.15,25%,,,,,,,,,,
14/05/2019 01:00,45371.095,23%,,,,,,,,,,
14/05/2019 02:00,39639.767,20%,,,,,,,,,,
14/05/2019 03:00,27171.959,14%,,,,,,,,,,
14/05/2019 04:00,25071.016,13%,,,,,,,,,,
14/05/2019 05:00,27011.485,14%,,,,,,,,,,
14/05/2019 06:00,22401.914,11%,,,,,,,,,,
14/05/2019 07:00,13592.118,7%,,,,,,,,,,
14/05/2019 08:00,5992.487,3%,,,,,,,,,,
14/05/2019 09:00,2286.218,1%,,,,,,,,,,
14/05/2019 10:00,1920.656,1%,,,,,,,,,,
14/05/2019 11:00,2462.111,1%,,,,,,,,,,
14/05/2019 12:00,2472.723,1%,,,,,,,,,,
14/05/2019 13:00,2512.808,1%,,,,,,,,,,
14/05/2019 14:00,5781.1,3%,,,,,,,,,,
14/05/2019 15:00,10224.283,5%,,,,,,,,,,
14/05/2019 16:00,15285.384,8%,,,,,,,,,,
14/05/2019 17:00,20616.729,10%,,,,,,,,,,
14/05/2019 18:00,27550.241,14%,,,,,,,,,,
14/05/2019 19:00,38284.521,19%,,,,,,,,,,
14/05/2019 20:00,46839.81,23%,,,,,,,,,,
14/05/2019 21:00,46743.155,23%,,,,,,,,,,
14/05/2019 22:00,41703.742,21%,,,,,,,,,,
14/05/2019 23:00,36633.919,18%,,,,,,,,,,
15/05/2019 00:00,33759.167,17%,,,,,,,,,,
15/05/2019 01:00,33870.921,17%,,,,,,,,,,
15/05/2019 02:00,36224.852,18%,,,,,,,,,,
15/05/2019 03:00,36585.729,18%,,,,,,,,,,
15/05/2019 04:00,34603.319,17%,,,,,,,,,,
15/05/2019 05:00,29039.509,15%,,,,,,,,,,
15/05/2019 06:00,21489.457,11%,,,,,,,,,,
15/05/2019 07:00,19859.424,10%,,,,,,,,,,
15/05/2019 08:00,20979.71,10%,,,,,,,,,,
15/05/2019 09:00,26330.861,13%,,,,,,,,,,
15/05/2019 10:00,37232.167,19%,,,,,,,,,,
15/05/2019 11:00,49046.284,25%,,,,,,,,,,
15/05/2019 12:00,56952.795,28%,,,,,,,,,,
15/05/2019 13:00,59133.167,30%,,,,,,,,,,
15/05/2019 14:00,58267.451,29%,,,,,,,,,,
15/05/2019 15:00,56771.222,28%,,,,,,,,,,
15/05/2019 16:00,58266.544,29%,,,,,,,,,,
15/05/2019 17:00,64871.458,32%,,,,,,,,,,
15/05/2019 18:00,73420.161,37%,,,,,,,,,,
15/05/2019 19:00,76963.943,38%,,,,,,,,,,
15/05/2019 20:00,76563.37,38%,,,,,,,,,,
15/05/2019 21:00,73386.608,37%,,,,,,,,,,
15/05/2019 22:00,69944.247,35%,,,,,,,,,,
15/05/2019 23:00,66709.653,33%,,,,,,,,,,
16/05/2019 00:00,64495.897,32%,,,,,,,,,,
16/05/2019 01:00,65354.382,33%,,,,,,,,,,
16/05/2019 02:00,64009.991,32%,,,,,,,,,,
16/05/2019 03:00,63295.937,32%,,,,,,,,,,
16/05/2019 04:00,62998.615,31%,,,,,,,,,,
16/05/2019 05:00,62073.406,31%,,,,,,,,,,
16/05/2019 06:00,69900.862,35%,,,,,,,,,,
16/05/2019 07:00,82987.508,41%,,,,,,,,,,
16/05/2019 08:00,89404.432,45%,,,,,,,,,,
16/05/2019 09:00,95740.208,48%,,,,,,,,,,
16/05/2019 10:00,101100.44,51%,,,,,,,,,,
16/05/2019 11:00,105416.588,53%,,,,,,,,,,
16/05/2019 12:00,108128.096,54%,,,,,,,,,,
16/05/2019 13:00,108213.581,54%,,,,,,,,,,
16/05/2019 14:00,106953.162,53%,,,,,,,,,,
16/05/2019 15:00,105310.236,53%,,,,,,,,,,
16/05/2019 16:00,103132.845,52%,,,,,,,,,,
16/05/2019 17:00,97668.433,49%,,,,,,,,,,
16/05/2019 18:00,87689.426,44%,,,,,,,,,,
16/05/2019 19:00,71532.456,36%,,,,,,,,,,
16/05/2019 20:00,64564.327,32%,,,,,,,,,,
16/05/2019 21:00,62241.525,31%,,,,,,,,,,
16/05/2019 22:00,58264.364,29%,,,,,,,,,,
16/05/2019 23:00,52321.685,26%,,,,,,,,,,
17/05/2019 00:00,45482.831,23%,,,,,,,,,,
17/05/2019 01:00,38636.888,19%,,,,,,,,,,
17/05/2019 02:00,34915.359,17%,,,,,,,,,,
17/05/2019 03:00,34428.677,17%,,,,,,,,,,
17/05/2019 04:00,36603.158,18%,,,,,,,,,,
17/05/2019 05:00,39235.845,20%,,,,,,,,,,
17/05/2019 06:00,39116.747,20%,,,,,,,,,,
17/05/2019 07:00,49602.529,25%,,,,,,,,,,
17/05/2019 08:00,60487.884,30%,,,,,,,,,,
17/05/2019 09:00,72851.479,36%,,,,,,,,,,
17/05/2019 10:00,81070.396,41%,,,,,,,,,,
17/05/2019 11:00,85696.705,43%,,,,,,,,,,
17/05/2019 12:00,89404.856,45%,,,,,,,,,,
17/05/2019 13:00,93257.206,47%,,,,,,,,,,
17/05/2019 14:00,91968.094,46%,,,,,,,,,,
17/05/2019 15:00,91070.647,46%,,,,,,,,,,
17/05/2019 16:00,91404.804,46%,,,,,,,,,,
17/05/2019 17:00,88854.359,44%,,,,,,,,,,
17/05/2019 18:00,85005.388,43%,,,,,,,,,,
17/05/2019 19:00,85293.285,43%,,,,,,,,,,
17/05/2019 20:00,102554.602,51%,,,,,,,,,,
17/05/2019 21:00,111491.736,56%,,,,,,,,,,
17/05/2019 22:00,120075.375,60%,,,,,,,,,,
17/05/2019 23:00,119032.127,60%,,,,,,,,,,
18/05/2019 00:00,109461.677,55%,,,,,,,,,,
18/05/2019 01:00,92706.444,46%,,,,,,,,,,
18/05/2019 02:00,84459.81,42%,,,,,,,,,,
18/05/2019 03:00,84258.065,42%,,,,,,,,,,
18/05/2019 04:00,85868.108,43%,,,,,,,,,,
18/05/2019 05:00,87187.43,44%,,,,,,,,,,
18/05/2019 06:00,97669.464,49%,,,,,,,,,,
18/05/2019 07:00,105069.734,53%,,,,,,,,,,
18/05/2019 08:00,102223.329,51%,,,,,,,,,,
18/05/2019 09:00,95603.865,48%,,,,,,,,,,
18/05/2019 10:00,87296.07,44%,,,,,,,,,,
18/05/2019 11:00,79449.084,40%,,,,,,,,,,
18/05/2019 12:00,68364.618,34%,,,,,,,,,,
18/05/2019 13:00,54508.776,27%,,,,,,,,,,
18/05/2019 14:00,42411.262,21%,,,,,,,,,,
18/05/2019 15:00,34491.771,17%,,,,,,,,,,
18/05/2019 16:00,32051.55,16%,,,,,,,,,,
18/05/2019 17:00,30438.923,15%,,,,,,,,,,
18/05/2019 18:00,26536.873,13%,,,,,,,,,,
18/05/2019 19:00,23542.176,12%,,,,,,,,,,
18/05/2019 20:00,23505.909,12%,,,,,,,,,,
18/05/2019 21:00,22704.045,11%,,,,,,,,,,
18/05/2019 22:00,21370.638,11%,,,,,,,,,,
18/05/2019 23:00,20062.717,10%,,,,,,,,,,
19/05/2019 00:00,18455.619,9%,,,,,,,,,,
19/05/2019 01:00,16811.802,8%,,,,,,,,,,
19/05/2019 02:00,14652.579,7%,,,,,,,,,,
19/05/2019 03:00,13153.306,7%,,,,,,,,,,
19/05/2019 04:00,12871.508,6%,,,,,,,,,,
19/05/2019 05:00,11560.891,6%,,,,,,,,,,
19/05/2019 06:00,10669.736,5%,,,,,,,,,,
19/05/2019 07:00,12227.914,6%,,,,,,,,,,
19/05/2019 08:00,15331.642,8%,,,,,,,,,,
19/05/2019 09:00,20215.419,10%,,,,,,,,,,
19/05/2019 10:00,25309.748,13%,,,,,,,,,,
19/05/2019 11:00,29356.017,15%,,,,,,,,,,
19/05/2019 12:00,31778.272,16%,,,,,,,,,,
19/05/2019 13:00,33565.31,17%,,,,,,,,,,
19/05/2019 14:00,36167.952,18%,,,,,,,,,,
19/05/2019 15:00,39622.195,20%,,,,,,,,,,
19/05/2019 16:00,43358.361,22%,,,,,,,,,,
19/05/2019 17:00,47177.926,24%,,,,,,,,,,
19/05/2019 18:00,50197.764,25%,,,,,,,,,,
19/05/2019 19:00,51815.424,26%,,,,,,,,,,
19/05/2019 20:00,53574.729,27%,,,,,,,,,,
19/05/2019 21:00,51285.806,26%,,,,,,,,,,
19/05/2019 22:00,45488.537,23%,,,,,,,,,,
19/05/2019 23:00,37883.303,19%,,,,,,,,,,
20/05/2019 00:00,29173.064,15%,,,,,,,,,,
20/05/2019 01:00,20716.951,10%,,,,,,,,,,
20/05/2019 02:00,14389.014,7%,,,,,,,,,,
20/05/2019 03:00,10075.163,5%,,,,,,,,,,
20/05/2019 04:00,8388.371,4%,,,,,,,,,,
20/05/2019 05:00,8820.351,4%,,,,,,,,,,
20/05/2019 06:00,11554.644,6%,,,,,,,,,,
20/05/2019 07:00,15729.199,8%,,,,,,,,,,
20/05/2019 08:00,18774.277,9%,,,,,,,,,,
20/05/2019 09:00,18574.657,9%,,,,,,,,,,
20/05/2019 10:00,16126.905,8%,,,,,,,,,,
20/05/2019 11:00,12589.346,6%,,,,,,,,,,
20/05/2019 12:00,9539.071,5%,,,,,,,,,,
20/05/2019 13:00,8294.563,4%,,,,,,,,,,
20/05/2019 14:00,9335.142,5%,,,,,,,,,,
20/05/2019 15:00,10177.918,5%,,,,,,,,,,
20/05/2019 16:00,9750.921,5%,,,,,,,,,,
20/05/2019 17:00,9678.955,5%,,,,,,,,,,
20/05/2019 18:00,10812.86,5%,,,,,,,,,,
20/05/2019 19:00,11554.322,6%,,,,,,,,,,
20/05/2019 20:00,10267.077,5%,,,,,,,,,,
20/05/2019 21:00,7301.137,4%,,,,,,,,,,
20/05/2019 22:00,4197.493,2%,,,,,,,,,,
20/05/2019 23:00,2175.544,1%,,,,,,,,,,
21/05/2019 00:00,1164.454,1%,,,,,,,,,,
21/05/2019 01:00,1064.265,1%,,,,,,,,,,
21/05/2019 02:00,1185.38,1%,,,,,,,,,,
21/05/2019 03:00,1847.913,1%,,,,,,,,,,
21/05/2019 04:00,4096.924,2%,,,,,,,,,,
21/05/2019 05:00,7075.489,4%,,,,,,,,,,
21/05/2019 06:00,9742.778,5%,,,,,,,,,,
21/05/2019 07:00,12748.681,6%,,,,,,,,,,
21/05/2019 08:00,17496.536,9%,,,,,,,,,,
21/05/2019 09:00,21530.4,11%,,,,,,,,,,
21/05/2019 10:00,23460.263,12%,,,,,,,,,,
21/05/2019 11:00,25861,13%,,,,,,,,,,
21/05/2019 12:00,28861.38,14%,,,,,,,,,,
21/05/2019 13:00,31834.123,16%,,,,,,,,,,
21/05/2019 14:00,35626.494,18%,,,,,,,,,,
21/05/2019 15:00,38434.641,19%,,,,,,,,,,
21/05/2019 16:00,40062.598,20%,,,,,,,,,,
21/05/2019 17:00,39401.715,20%,,,,,,,,,,
21/05/2019 18:00,33489.928,17%,,,,,,,,,,
21/05/2019 19:00,27790.302,14%,,,,,,,,,,
21/05/2019 20:00,29837.389,15%,,,,,,,,,,
21/05/2019 21:00,36917.037,18%,,,,,,,,,,
21/05/2019 22:00,46578.391,23%,,,,,,,,,,
21/05/2019 23:00,55869.662,28%,,,,,,,,,,
22/05/2019 00:00,68579.308,34%,,,,,,,,,,
22/05/2019 01:00,76089.356,38%,,,,,,,,,,
22/05/2019 02:00,82586.895,41%,,,,,,,,,,
22/05/2019 03:00,97034.36,49%,,,,,,,,,,
22/05/2019 04:00,101283.98,51%,,,,,,,,,,
22/05/2019 05:00,91461.654,46%,,,,,,,,,,
22/05/2019 06:00,94884.846,47%,,,,,,,,,,
22/05/2019 07:00,102063.795,51%,,,,,,,,,,
22/05/2019 08:00,102451.72,51%,,,,,,,,,,
22/05/2019 09:00,96427.864,48%,,,,,,,,,,
22/05/2019 10:00,90077.089,45%,,,,,,,,,,
22/05/2019 11:00,86379.156,43%,,,,,,,,,,
22/05/2019 12:00,84458.777,42%,,,,,,,,,,
22/05/2019 13:00,87980.956,44%,,,,,,,,,,
22/05/2019 14:00,103158.612,52%,,,,,,,,,,
22/05/2019 15:00,115553.362,58%,,,,,,,,,,
22/05/2019 16:00,134344.908,67%,,,,,,,,,,
22/05/2019 17:00,146874.766,73%,,,,,,,,,,
22/05/2019 18:00,155401.422,78%,,,,,,,,,,
22/05/2019 19:00,159708.749,80%,,,,,,,,,,
22/05/2019 20:00,160350.582,80%,,,,,,,,,,
22/05/2019 21:00,155719.42,78%,,,,,,,,,,
22/05/2019 22:00,147870.383,74%,,,,,,,,,,
22/05/2019 23:00,140963.601,70%,,,,,,,,,,
23/05/2019 00:00,133160.564,67%,,,,,,,,,,
23/05/2019 01:00,119729.525,60%,,,,,,,,,,
23/05/2019 02:00,108867.2,54%,,,,,,,,,,
23/05/2019 03:00,111304.992,56%,,,,,,,,,,
23/05/2019 04:00,114318.915,57%,,,,,,,,,,
23/05/2019 05:00,113690.404,57%,,,,,,,,,,
23/05/2019 06:00,116471.801,58%,,,,,,,,,,
23/05/2019 07:00,121300.105,61%,,,,,,,,,,
23/05/2019 08:00,128939.122,64%,,,,,,,,,,
23/05/2019 09:00,142064.868,71%,,,,,,,,,,
23/05/2019 10:00,145044.231,73%,,,,,,,,,,
23/05/2019 11:00,147757.629,74%,,,,,,,,,,
23/05/2019 12:00,152314.726,76%,,,,,,,,,,
23/05/2019 13:00,158793.429,79%,,,,,,,,,,
23/05/2019 14:00,166741.488,83%,,,,,,,,,,
23/05/2019 15:00,169968.358,85%,,,,,,,,,,
23/05/2019 16:00,171641.354,86%,,,,,,,,,,
23/05/2019 17:00,173155.281,87%,,,,,,,,,,
23/05/2019 18:00,170904.218,85%,,,,,,,,,,
23/05/2019 19:00,166951.761,83%,,,,,,,,,,
23/05/2019 20:00,162209.561,81%,,,,,,,,,,
23/05/2019 21:00,156242.561,78%,,,,,,,,,,
23/05/2019 22:00,150890.211,75%,,,,,,,,,,
23/05/2019 23:00,149168.478,75%,,,,,,,,,,
24/05/2019 00:00,149970.228,75%,,,,,,,,,,
24/05/2019 01:00,151593.056,76%,,,,,,,,,,
24/05/2019 02:00,152753.778,76%,,,,,,,,,,
24/05/2019 03:00,151393.581,76%,,,,,,,,,,
24/05/2019 04:00,147696.001,74%,,,,,,,,,,
24/05/2019 05:00,142880.387,71%,,,,,,,,,,
24/05/2019 06:00,144966.498,72%,,,,,,,,,,
24/05/2019 07:00,144909.47,72%,,,,,,,,,,
24/05/2019 08:00,137307.981,69%,,,,,,,,,,
24/05/2019 09:00,127084.813,64%,,,,,,,,,,
24/05/2019 10:00,113158.727,57%,,,,,,,,,,
24/05/2019 11:00,96304.283,48%,,,,,,,,,,
24/05/2019 12:00,80774.843,40%,,,,,,,,,,
24/05/2019 13:00,69779.477,35%,,,,,,,,,,
24/05/2019 14:00,63644.803,32%,,,,,,,,,,
24/05/2019 15:00,64009.307,32%,,,,,,,,,,
24/05/2019 16:00,65035.206,33%,,,,,,,,,,
24/05/2019 17:00,64015.287,32%,,,,,,,,,,
24/05/2019 18:00,60191.005,30%,,,,,,,,,,
24/05/2019 19:00,55453.349,28%,,,,,,,,,,
24/05/2019 20:00,55878.017,28%,,,,,,,,,,
24/05/2019 21:00,59999.017,30%,,,,,,,,,,
24/05/2019 22:00,66831.759,33%,,,,,,,,,,
24/05/2019 23:00,69251.093,35%,,,,,,,,,,
25/05/2019 00:00,73384.263,37%,,,,,,,,,,
25/05/2019 01:00,73748.471,37%,,,,,,,,,,
25/05/2019 02:00,67788.058,34%,,,,,,,,,,
25/05/2019 03:00,64019.289,32%,,,,,,,,,,
25/05/2019 04:00,61788.234,31%,,,,,,,,,,
25/05/2019 05:00,57773.376,29%,,,,,,,,,,
25/05/2019 06:00,53248.071,27%,,,,,,,,,,
25/05/2019 07:00,49912.085,25%,,,,,,,,,,
25/05/2019 08:00,40394.526,20%,,,,,,,,,,
25/05/2019 09:00,32492.474,16%,,,,,,,,,,
25/05/2019 10:00,23506.998,12%,,,,,,,,,,
25/05/2019 11:00,17443.393,9%,,,,,,,,,,
25/05/2019 12:00,14320.736,7%,,,,,,,,,,
25/05/2019 13:00,11880.01,6%,,,,,,,,,,
25/05/2019 14:00,9241.618,5%,,,,,,,,,,
25/05/2019 15:00,6734.924,3%,,,,,,,,,,
25/05/2019 16:00,5343.999,3%,,,,,,,,,,
25/05/2019 17:00,6017.161,3%,,,,,,,,,,
25/05/2019 18:00,6744.162,3%,,,,,,,,,,
25/05/2019 19:00,8549.125,4%,,,,,,,,,,
25/05/2019 20:00,12491.021,6%,,,,,,,,,,
25/05/2019 21:00,16817.317,8%,,,,,,,,,,
25/05/2019 22:00,23546.158,12%,,,,,,,,,,
25/05/2019 23:00,32345.064,16%,,,,,,,,,,
26/05/2019 00:00,37429.454,19%,,,,,,,,,,
26/05/2019 01:00,38743.237,19%,,,,,,,,,,
26/05/2019 02:00,41453.59,21%,,,,,,,,,,
26/05/2019 03:00,44085.747,22%,,,,,,,,,,
26/05/2019 04:00,44157.855,22%,,,,,,,,,,
26/05/2019 05:00,37829.741,19%,,,,,,,,,,
26/05/2019 06:00,49053.323,25%,,,,,,,,,,
26/05/2019 07:00,64125.068,32%,,,,,,,,,,
26/05/2019 08:00,62246.778,31%,,,,,,,,,,
26/05/2019 09:00,66949.426,33%,,,,,,,,,,
26/05/2019 10:00,80083.991,40%,,,,,,,,,,
26/05/2019 11:00,83424.214,42%,,,,,,,,,,
26/05/2019 12:00,76216.52,38%,,,,,,,,,,
26/05/2019 13:00,64825.078,32%,,,,,,,,,,
26/05/2019 14:00,55969.411,28%,,,,,,,,,,
26/05/2019 15:00,53930.591,27%,,,,,,,,,,
26/05/2019 16:00,57110.349,29%,,,,,,,,,,
26/05/2019 17:00,61005.95,31%,,,,,,,,,,
26/05/2019 18:00,53112.51,27%,,,,,,,,,,
26/05/2019 19:00,76458.886,38%,,,,,,,,,,
26/05/2019 20:00,98218.858,49%,,,,,,,,,,
26/05/2019 21:00,97082.292,49%,,,,,,,,,,
26/05/2019 22:00,91379.785,46%,,,,,,,,,,
26/05/2019 23:00,85011.144,43%,,,,,,,,,,
27/05/2019 00:00,73383.639,37%,,,,,,,,,,
27/05/2019 01:00,63070.122,32%,,,,,,,,,,
27/05/2019 02:00,59006.907,30%,,,,,,,,,,
27/05/2019 03:00,59990.146,30%,,,,,,,,,,
27/05/2019 04:00,60264.787,30%,,,,,,,,,,
27/05/2019 05:00,57230.194,29%,,,,,,,,,,
27/05/2019 06:00,56401.362,28%,,,,,,,,,,
27/05/2019 07:00,51818.37,26%,,,,,,,,,,
27/05/2019 08:00,46891.381,23%,,,,,,,,,,
27/05/2019 09:00,41505.801,21%,,,,,,,,,,
27/05/2019 10:00,36912.566,18%,,,,,,,,,,
27/05/2019 11:00,33481.674,17%,,,,,,,,,,
27/05/2019 12:00,30023.131,15%,,,,,,,,,,
27/05/2019 13:00,26597.833,13%,,,,,,,,,,
27/05/2019 14:00,22781.001,11%,,,,,,,,,,
27/05/2019 15:00,19018.885,10%,,,,,,,,,,
27/05/2019 16:00,16331.018,8%,,,,,,,,,,
27/05/2019 17:00,14446.444,7%,,,,,,,,,,
27/05/2019 18:00,13403.11,7%,,,,,,,,,,
27/05/2019 19:00,12753.872,6%,,,,,,,,,,
27/05/2019 20:00,12887.894,6%,,,,,,,,,,
27/05/2019 21:00,14523.696,7%,,,,,,,,,,
27/05/2019 22:00,20216.672,10%,,,,,,,,,,
27/05/2019 23:00,30919.754,15%,,,,,,,,,,
28/05/2019 00:00,47034.334,24%,,,,,,,,,,
28/05/2019 01:00,65588.093,33%,,,,,,,,,,
28/05/2019 02:00,83913.179,42%,,,,,,,,,,
28/05/2019 03:00,97617.248,49%,,,,,,,,,,
28/05/2019 04:00,101529.832,51%,,,,,,,,,,
28/05/2019 05:00,101209.825,51%,,,,,,,,,,
28/05/2019 06:00,111288.272,56%,,,,,,,,,,
28/05/2019 07:00,106972.429,53%,,,,,,,,,,
28/05/2019 08:00,96293.304,48%,,,,,,,,,,
28/05/2019 09:00,86280.647,43%,,,,,,,,,,
28/05/2019 10:00,77343.562,39%,,,,,,,,,,
28/05/2019 11:00,70053.893,35%,,,,,,,,,,
28/05/2019 12:00,65545.316,33%,,,,,,,,,,
28/05/2019 13:00,62704.112,31%,,,,,,,,,,
28/05/2019 14:00,59321.417,30%,,,,,,,,,,
28/05/2019 15:00,53924.576,27%,,,,,,,,,,
28/05/2019 16:00,46659.135,23%,,,,,,,,,,
28/05/2019 17:00,37538.776,19%,,,,,,,,,,
28/05/2019 18:00,27342.88,14%,,,,,,,,,,
28/05/2019 19:00,19167.727,10%,,,,,,,,,,
28/05/2019 20:00,14145.505,7%,,,,,,,,,,
28/05/2019 21:00,11927.323,6%,,,,,,,,,,
28/05/2019 22:00,10462.839,5%,,,,,,,,,,
28/05/2019 23:00,9583.935,5%,,,,,,,,,,
29/05/2019 00:00,9127.56,5%,,,,,,,,,,
29/05/2019 01:00,9927.061,5%,,,,,,,,,,
29/05/2019 02:00,11868.105,6%,,,,,,,,,,
29/05/2019 03:00,12799.703,6%,,,,,,,,,,
29/05/2019 04:00,12650.902,6%,,,,,,,,,,
29/05/2019 05:00,13710.145,7%,,,,,,,,,,
29/05/2019 06:00,16746.012,8%,,,,,,,,,,
29/05/2019 07:00,21698.024,11%,,,,,,,,,,
29/05/2019 08:00,26597.063,13%,,,,,,,,,,
29/05/2019 09:00,28153.794,14%,,,,,,,,,,
29/05/2019 10:00,29255.306,15%,,,,,,,,,,
29/05/2019 11:00,33728.454,17%,,,,,,,,,,
29/05/2019 12:00,41989.751,21%,,,,,,,,,,
29/05/2019 13:00,51002.257,26%,,,,,,,,,,
29/05/2019 14:00,56439.031,28%,,,,,,,,,,
29/05/2019 15:00,63063.673,32%,,,,,,,,,,
29/05/2019 16:00,67087.756,34%,,,,,,,,,,
29/05/2019 17:00,67731.031,34%,,,,,,,,,,
29/05/2019 18:00,64686.627,32%,,,,,,,,,,
29/05/2019 19:00,56366.242,28%,,,,,,,,,,
29/05/2019 20:00,48592.283,24%,,,,,,,,,,
29/05/2019 21:00,37579.904,19%,,,,,,,,,,
29/05/2019 22:00,29408.23,15%,,,,,,,,,,
29/05/2019 23:00,20191.508,10%,,,,,,,,,,
30/05/2019 00:00,12220.617,6%,,,,,,,,,,
30/05/2019 01:00,7099.075,4%,,,,,,,,,,
30/05/2019 02:00,6199.966,3%,,,,,,,,,,
30/05/2019 03:00,14268.241,7%,,,,,,,,,,
30/05/2019 04:00,30939.219,15%,,,,,,,,,,
30/05/2019 05:00,49737.288,25%,,,,,,,,,,
30/05/2019 06:00,62545.113,31%,,,,,,,,,,
30/05/2019 07:00,68205.002,34%,,,,,,,,,,
30/05/2019 08:00,61671.163,31%,,,,,,,,,,
30/05/2019 09:00,47211.849,24%,,,,,,,,,,
30/05/2019 10:00,36948.741,18%,,,,,,,,,,
30/05/2019 11:00,29035.863,15%,,,,,,,,,,
30/05/2019 12:00,18561.214,9%,,,,,,,,,,
30/05/2019 13:00,14185.681,7%,,,,,,,,,,
30/05/2019 14:00,17278.773,9%,,,,,,,,,,
30/05/2019 15:00,23751.755,12%,,,,,,,,,,
30/05/2019 16:00,26898.666,13%,,,,,,,,,,
30/05/2019 17:00,25400.132,13%,,,,,,,,,,
30/05/2019 18:00,26817.73,13%,,,,,,,,,,
30/05/2019 19:00,30798.754,15%,,,,,,,,,,
30/05/2019 20:00,34806.907,17%,,,,,,,,,,
30/05/2019 21:00,32842.54,16%,,,,,,,,,,
30/05/2019 22:00,30453.912,15%,,,,,,,,,,
30/05/2019 23:00,27810.527,14%,,,,,,,,,,
31/05/2019 00:00,24925.872,12%,,,,,,,,,,
31/05/2019 01:00,25484.141,13%,,,,,,,,,,
31/05/2019 02:00,32666.027,16%,,,,,,,,,,
31/05/2019 03:00,39131.238,20%,,,,,,,,,,
31/05/2019 04:00,42316.435,21%,,,,,,,,,,
31/05/2019 05:00,44142.239,22%,,,,,,,,,,
31/05/2019 06:00,43621.198,22%,,,,,,,,,,
31/05/2019 07:00,42983.126,21%,,,,,,,,,,
31/05/2019 08:00,48698.022,24%,,,,,,,,,,
31/05/2019 09:00,58662.621,29%,,,,,,,,,,
31/05/2019 10:00,70999.133,35%,,,,,,,,,,
31/05/2019 11:00,87199.498,44%,,,,,,,,,,
31/05/2019 12:00,98769.351,49%,,,,,,,,,,
31/05/2019 13:00,115130.184,58%,,,,,,,,,,
31/05/2019 14:00,126520.87,63%,,,,,,,,,,
31/05/2019 15:00,128777.212,64%,,,,,,,,,,
31/05/2019 16:00,132206.112,66%,,,,,,,,,,
31/05/2019 17:00,137241.146,69%,,,,,,,,,,
31/05/2019 18:00,134810.476,67%,,,,,,,,,,
31/05/2019 19:00,129749.493,65%,,,,,,,,,,
31/05/2019 20:00,124264.09,62%,,,,,,,,,,
31/05/2019 21:00,119726.618,60%,,,,,,,,,,
31/05/2019 22:00,118443.93,59%,,,,,,,,,,
31/05/2019 23:00,108867.2,54%,,,,,,,,,,
01/06/2019 00:00,101641.899,51%,,,,,,,,,,
01/06/2019 01:00,110483.164,55%,,,,,,,,,,
01/06/2019 02:00,117808.793,59%,,,,,,,,,,
01/06/2019 03:00,118512.744,59%,,,,,,,,,,
01/06/2019 04:00,113158.395,57%,,,,,,,,,,
01/06/2019 05:00,100144.806,50%,,,,,,,,,,
01/06/2019 06:00,84771.571,42%,,,,,,,,,,
01/06/2019 07:00,72795.318,36%,,,,,,,,,,
01/06/2019 08:00,75856.855,38%,,,,,,,,,,
01/06/2019 09:00,88844.655,44%,,,,,,,,,,
01/06/2019 10:00,104305.096,52%,,,,,,,,,,
01/06/2019 11:00,102611.694,51%,,,,,,,,,,
01/06/2019 12:00,89401.538,45%,,,,,,,,,,
01/06/2019 13:00,75888.471,38%,,,,,,,,,,
01/06/2019 14:00,77390.858,39%,,,,,,,,,,
01/06/2019 15:00,73382.45,37%,,,,,,,,,,
01/06/2019 16:00,66836.389,33%,,,,,,,,,,
01/06/2019 17:00,58272.919,29%,,,,,,,,,,
01/06/2019 18:00,50203.016,25%,,,,,,,,,,
01/06/2019 19:00,45536.831,23%,,,,,,,,,,
01/06/2019 20:00,46142.874,23%,,,,,,,,,,
01/06/2019 21:00,52386.192,26%,,,,,,,,,,
01/06/2019 22:00,62244.786,31%,,,,,,,,,,
01/06/2019 23:00,72266.171,36%,,,,,,,,,,
02/06/2019 00:00,75960.866,38%,,,,,,,,,,
02/06/2019 01:00,78597.024,39%,,,,,,,,,,
02/06/2019 02:00,86453.92,43%,,,,,,,,,,
02/06/2019 03:00,93528.796,47%,,,,,,,,,,
02/06/2019 04:00,110467.379,55%,,,,,,,,,,
02/06/2019 05:00,103705.049,52%,,,,,,,,,,
02/06/2019 06:00,105585.607,53%,,,,,,,,,,
02/06/2019 07:00,124445.524,62%,,,,,,,,,,
02/06/2019 08:00,125253.214,63%,,,,,,,,,,
02/06/2019 09:00,129369.947,65%,,,,,,,,,,
02/06/2019 10:00,139297.009,70%,,,,,,,,,,
02/06/2019 11:00,149472.103,75%,,,,,,,,,,
02/06/2019 12:00,153069.089,77%,,,,,,,,,,
02/06/2019 13:00,155937.256,78%,,,,,,,,,,
02/06/2019 14:00,160833.647,80%,,,,,,,,,,
02/06/2019 15:00,168351.426,84%,,,,,,,,,,
02/06/2019 16:00,170312.478,85%,,,,,,,,,,
02/06/2019 17:00,167772.496,84%,,,,,,,,,,
02/06/2019 18:00,165935.348,83%,,,,,,,,,,
02/06/2019 19:00,160253.491,80%,,,,,,,,,,
02/06/2019 20:00,152694.261,76%,,,,,,,,,,
02/06/2019 21:00,152035.642,76%,,,,,,,,,,
02/06/2019 22:00,156920.832,78%,,,,,,,,,,
02/06/2019 23:00,162618.278,81%,,,,,,,,,,
03/06/2019 00:00,167777.424,84%,,,,,,,,,,
03/06/2019 01:00,174271.138,87%,,,,,,,,,,
03/06/2019 02:00,180281.041,90%,,,,,,,,,,
03/06/2019 03:00,179276.973,90%,,,,,,,,,,
03/06/2019 04:00,177257.669,89%,,,,,,,,,,
03/06/2019 05:00,177840.568,89%,,,,,,,,,,
03/06/2019 06:00,179580.547,90%,,,,,,,,,,
03/06/2019 07:00,183107.001,92%,,,,,,,,,,
03/06/2019 08:00,185873.512,93%,,,,,,,,,,
03/06/2019 09:00,187609.516,94%,,,,,,,,,,
03/06/2019 10:00,188882.179,94%,,,,,,,,,,
03/06/2019 11:00,189090.072,95%,,,,,,,,,,
03/06/2019 12:00,189217.773,95%,,,,,,,,,,
03/06/2019 13:00,188421.953,94%,,,,,,,,,,
03/06/2019 14:00,184811.16,92%,,,,,,,,,,
03/06/2019 15:00,180926.187,90%,,,,,,,,,,
03/06/2019 16:00,174703.625,87%,,,,,,,,,,
03/06/2019 17:00,166723.572,83%,,,,,,,,,,
03/06/2019 18:00,155299.522,78%,,,,,,,,,,
03/06/2019 19:00,145863.952,73%,,,,,,,,,,
03/06/2019 20:00,141401.243,71%,,,,,,,,,,
03/06/2019 21:00,130693.042,65%,,,,,,,,,,
03/06/2019 22:00,122072.134,61%,,,,,,,,,,
03/06/2019 23:00,111560.485,56%,,,,,,,,,,
04/06/2019 00:00,104524.765,52%,,,,,,,,,,
04/06/2019 01:00,98232.649,49%,,,,,,,,,,
04/06/2019 02:00,89573.434,45%,,,,,,,,,,
04/06/2019 03:00,80103.811,40%,,,,,,,,,,
04/06/2019 04:00,70478.866,35%,,,,,,,,,,
04/06/2019 05:00,56334.235,28%,,,,,,,,,,
04/06/2019 06:00,51579.224,26%,,,,,,,,,,
04/06/2019 07:00,47121.014,24%,,,,,,,,,,
04/06/2019 08:00,41193.149,21%,,,,,,,,,,
04/06/2019 09:00,35675.028,18%,,,,,,,,,,
04/06/2019 10:00,31646.397,16%,,,,,,,,,,
04/06/2019 11:00,27973.567,14%,,,,,,,,,,
04/06/2019 12:00,24607.207,12%,,,,,,,,,,
04/06/2019 13:00,24839.063,12%,,,,,,,,,,
04/06/2019 14:00,29530.815,15%,,,,,,,,,,
04/06/2019 15:00,32191.024,16%,,,,,,,,,,
04/06/2019 16:00,33914.583,17%,,,,,,,,,,
04/06/2019 17:00,36225.393,18%,,,,,,,,,,
04/06/2019 18:00,32921.69,16%,,,,,,,,,,
04/06/2019 19:00,26608.506,13%,,,,,,,,,,
04/06/2019 20:00,31562.417,16%,,,,,,,,,,
04/06/2019 21:00,43182.597,22%,,,,,,,,,,
04/06/2019 22:00,53725.682,27%,,,,,,,,,,
04/06/2019 23:00,62243.193,31%,,,,,,,,,,
05/06/2019 00:00,68127.663,34%,,,,,,,,,,
05/06/2019 01:00,75649.885,38%,,,,,,,,,,
05/06/2019 02:00,79020.231,40%,,,,,,,,,,
05/06/2019 03:00,83660.775,42%,,,,,,,,,,
05/06/2019 04:00,85740.532,43%,,,,,,,,,,
05/06/2019 05:00,80097.913,40%,,,,,,,,,,
05/06/2019 06:00,80098.289,40%,,,,,,,,,,
05/06/2019 07:00,72139.559,36%,,,,,,,,,,
05/06/2019 08:00,61048.05,31%,,,,,,,,,,
05/06/2019 09:00,43417.377,22%,,,,,,,,,,
05/06/2019 10:00,28600.673,14%,,,,,,,,,,
05/06/2019 11:00,21526.635,11%,,,,,,,,,,
05/06/2019 12:00,19131.678,10%,,,,,,,,,,
05/06/2019 13:00,22491.987,11%,,,,,,,,,,
05/06/2019 14:00,24230.72,12%,,,,,,,,,,
05/06/2019 15:00,20948.555,10%,,,,,,,,,,
05/06/2019 16:00,20103.335,10%,,,,,,,,,,
05/06/2019 17:00,25733.639,13%,,,,,,,,,,
05/06/2019 18:00,20982.009,10%,,,,,,,,,,
05/06/2019 19:00,22443.035,11%,,,,,,,,,,
05/06/2019 20:00,26418.005,13%,,,,,,,,,,
05/06/2019 21:00,26959.663,13%,,,,,,,,,,
05/06/2019 22:00,24714.888,12%,,,,,,,,,,
05/06/2019 23:00,26017.041,13%,,,,,,,,,,
06/06/2019 00:00,31431.456,16%,,,,,,,,,,
06/06/2019 01:00,38341.025,19%,,,,,,,,,,
06/06/2019 02:00,41818.778,21%,,,,,,,,,,
06/06/2019 03:00,37906.229,19%,,,,,,,,,,
06/06/2019 04:00,42300.342,21%,,,,,,,,,,
06/06/2019 05:00,49627.121,25%,,,,,,,,,,
06/06/2019 06:00,63918.029,32%,,,,,,,,,,
06/06/2019 07:00,63777.669,32%,,,,,,,,,,
06/06/2019 08:00,57284.999,29%,,,,,,,,,,
06/06/2019 09:00,41167.581,21%,,,,,,,,,,
06/06/2019 10:00,25421.318,13%,,,,,,,,,,
06/06/2019 11:00,18765.652,9%,,,,,,,,,,
06/06/2019 12:00,16336.665,8%,,,,,,,,,,
06/06/2019 13:00,15017.337,8%,,,,,,,,,,
06/06/2019 14:00,15719.474,8%,,,,,,,,,,
06/06/2019 15:00,19682.409,10%,,,,,,,,,,
06/06/2019 16:00,26951.1,13%,,,,,,,,,,
06/06/2019 17:00,33677.656,17%,,,,,,,,,,
06/06/2019 18:00,42897.875,21%,,,,,,,,,,
06/06/2019 19:00,63464.435,32%,,,,,,,,,,
06/06/2019 20:00,88472.102,44%,,,,,,,,,,
06/06/2019 21:00,110821.122,55%,,,,,,,,,,
06/06/2019 22:00,122046.289,61%,,,,,,,,,,
06/06/2019 23:00,117473.448,59%,,,,,,,,,,
07/06/2019 00:00,103705.964,52%,,,,,,,,,,
07/06/2019 01:00,88849.846,44%,,,,,,,,,,
07/06/2019 02:00,75786.835,38%,,,,,,,,,,
07/06/2019 03:00,67345.284,34%,,,,,,,,,,
07/06/2019 04:00,57153.663,29%,,,,,,,,,,
07/06/2019 05:00,43256.183,22%,,,,,,,,,,
07/06/2019 06:00,36925.078,18%,,,,,,,,,,
07/06/2019 07:00,40997.591,20%,,,,,,,,,,
07/06/2019 08:00,46200.054,23%,,,,,,,,,,
07/06/2019 09:00,49731.106,25%,,,,,,,,,,
07/06/2019 10:00,44769.683,22%,,,,,,,,,,
07/06/2019 11:00,42686.938,21%,,,,,,,,,,
07/06/2019 12:00,43453.881,22%,,,,,,,,,,
07/06/2019 13:00,45042.597,23%,,,,,,,,,,
07/06/2019 14:00,49734.491,25%,,,,,,,,,,
07/06/2019 15:00,56399.264,28%,,,,,,,,,,
07/06/2019 16:00,57787.621,29%,,,,,,,,,,
07/06/2019 17:00,52282.684,26%,,,,,,,,,,
07/06/2019 18:00,44328.587,22%,,,,,,,,,,
07/06/2019 19:00,35776.596,18%,,,,,,,,,,
07/06/2019 20:00,32281.278,16%,,,,,,,,,,
07/06/2019 21:00,30457.897,15%,,,,,,,,,,
07/06/2019 22:00,30329.731,15%,,,,,,,,,,
07/06/2019 23:00,34305.073,17%,,,,,,,,,,
08/06/2019 00:00,42825.469,21%,,,,,,,,,,
08/06/2019 01:00,51809.572,26%,,,,,,,,,,
08/06/2019 02:00,58304.976,29%,,,,,,,,,,
08/06/2019 03:00,65030.046,33%,,,,,,,,,,
08/06/2019 04:00,72854.186,36%,,,,,,,,,,
08/06/2019 05:00,75780.559,38%,,,,,,,,,,
08/06/2019 06:00,69437.351,35%,,,,,,,,,,
08/06/2019 07:00,72327.011,36%,,,,,,,,,,
08/06/2019 08:00,76272.526,38%,,,,,,,,,,
08/06/2019 09:00,79556.857,40%,,,,,,,,,,
08/06/2019 10:00,89173.956,45%,,,,,,,,,,
08/06/2019 11:00,98845.674,49%,,,,,,,,,,
08/06/2019 12:00,104467.697,52%,,,,,,,,,,
08/06/2019 13:00,104524.102,52%,,,,,,,,,,
08/06/2019 14:00,101201.268,51%,,,,,,,,,,
08/06/2019 15:00,95739.922,48%,,,,,,,,,,
08/06/2019 16:00,85666.855,43%,,,,,,,,,,
08/06/2019 17:00,78821.73,39%,,,,,,,,,,
08/06/2019 18:00,72326.997,36%,,,,,,,,,,
08/06/2019 19:00,66313.09,33%,,,,,,,,,,
08/06/2019 20:00,64840.348,32%,,,,,,,,,,
08/06/2019 21:00,66317.558,33%,,,,,,,,,,
08/06/2019 22:00,65417.755,33%,,,,,,,,,,
08/06/2019 23:00,63433.623,32%,,,,,,,,,,
09/06/2019 00:00,61095.129,31%,,,,,,,,,,
09/06/2019 01:00,55679.842,28%,,,,,,,,,,
09/06/2019 02:00,45913.22,23%,,,,,,,,,,
09/06/2019 03:00,36097.524,18%,,,,,,,,,,
09/06/2019 04:00,27800.345,14%,,,,,,,,,,
09/06/2019 05:00,19027.853,10%,,,,,,,,,,
09/06/2019 06:00,10924.719,5%,,,,,,,,,,
09/06/2019 07:00,6494.498,3%,,,,,,,,,,
09/06/2019 08:00,6120.189,3%,,,,,,,,,,
09/06/2019 09:00,6780.197,3%,,,,,,,,,,
09/06/2019 10:00,9010.023,5%,,,,,,,,,,
09/06/2019 11:00,13965.651,7%,,,,,,,,,,
09/06/2019 12:00,19019.961,10%,,,,,,,,,,
09/06/2019 13:00,20675.975,10%,,,,,,,,,,
09/06/2019 14:00,20048.691,10%,,,,,,,,,,
09/06/2019 15:00,19655.335,10%,,,,,,,,,,
09/06/2019 16:00,18935.138,9%,,,,,,,,,,
09/06/2019 17:00,17268.922,9%,,,,,,,,,,
09/06/2019 18:00,15862.673,8%,,,,,,,,,,
09/06/2019 19:00,14624.922,7%,,,,,,,,,,
09/06/2019 20:00,13164.056,7%,,,,,,,,,,
09/06/2019 21:00,10481.269,5%,,,,,,,,,,
09/06/2019 22:00,13842.055,7%,,,,,,,,,,
09/06/2019 23:00,20358.621,10%,,,,,,,,,,
10/06/2019 00:00,26994.894,13%,,,,,,,,,,
10/06/2019 01:00,34212.982,17%,,,,,,,,,,
10/06/2019 02:00,42525.548,21%,,,,,,,,,,
10/06/2019 03:00,49502.201,25%,,,,,,,,,,
10/06/2019 04:00,52284.173,26%,,,,,,,,,,
10/06/2019 05:00,50957.404,25%,,,,,,,,,,
10/06/2019 06:00,51813.161,26%,,,,,,,,,,
10/06/2019 07:00,50190.481,25%,,,,,,,,,,
10/06/2019 08:00,44610.511,22%,,,,,,,,,,
10/06/2019 09:00,37408.724,19%,,,,,,,,,,
10/06/2019 10:00,30569.762,15%,,,,,,,,,,
10/06/2019 11:00,24399.475,12%,,,,,,,,,,
10/06/2019 12:00,20037.37,10%,,,,,,,,,,
10/06/2019 13:00,17833.149,9%,,,,,,,,,,
10/06/2019 14:00,17947.991,9%,,,,,,,,,,
10/06/2019 15:00,19944.552,10%,,,,,,,,,,
10/06/2019 16:00,22702.469,11%,,,,,,,,,,
10/06/2019 17:00,25938.542,13%,,,,,,,,,,
10/06/2019 18:00,25429.967,13%,,,,,,,,,,
10/06/2019 19:00,20635.126,10%,,,,,,,,,,
10/06/2019 20:00,16429.114,8%,,,,,,,,,,
10/06/2019 21:00,13820.563,7%,,,,,,,,,,
10/06/2019 22:00,16302.772,8%,,,,,,,,,,
10/06/2019 23:00,28011.304,14%,,,,,,,,,,
11/06/2019 00:00,48594.717,24%,,,,,,,,,,
11/06/2019 01:00,72851.883,36%,,,,,,,,,,
11/06/2019 02:00,92708.787,46%,,,,,,,,,,
11/06/2019 03:00,100368.801,50%,,,,,,,,,,
11/06/2019 04:00,93521.628,47%,,,,,,,,,,
11/06/2019 05:00,98768.594,49%,,,,,,,,,,
11/06/2019 06:00,107425.428,54%,,,,,,,,,,
11/06/2019 07:00,117839.416,59%,,,,,,,,,,
11/06/2019 08:00,123811.723,62%,,,,,,,,,,
11/06/2019 09:00,125629.119,63%,,,,,,,,,,
11/06/2019 10:00,125330.675,63%,,,,,,,,,,
11/06/2019 11:00,129186.721,65%,,,,,,,,,,
11/06/2019 12:00,133477.886,67%,,,,,,,,,,
11/06/2019 13:00,136938.445,68%,,,,,,,,,,
11/06/2019 14:00,135803.815,68%,,,,,,,,,,
11/06/2019 15:00,131180.385,66%,,,,,,,,,,
11/06/2019 16:00,128540.794,64%,,,,,,,,,,
11/06/2019 17:00,124988.956,62%,,,,,,,,,,
11/06/2019 18:00,124897.657,62%,,,,,,,,,,
11/06/2019 19:00,124759.955,62%,,,,,,,,,,
11/06/2019 20:00,130124.186,65%,,,,,,,,,,
11/06/2019 21:00,137123.863,69%,,,,,,,,,,
11/06/2019 22:00,145397,73%,,,,,,,,,,
11/06/2019 23:00,156444.831,78%,,,,,,,,,,
12/06/2019 00:00,162320.878,81%,,,,,,,,,,
12/06/2019 01:00,168128.446,84%,,,,,,,,,,
12/06/2019 02:00,172189.545,86%,,,,,,,,,,
12/06/2019 03:00,174276.823,87%,,,,,,,,,,
12/06/2019 04:00,176697.304,88%,,,,,,,,,,
12/06/2019 05:00,178717.371,89%,,,,,,,,,,
12/06/2019 06:00,181240.368,91%,,,,,,,,,,
12/06/2019 07:00,181230.809,91%,,,,,,,,,,
12/06/2019 08:00,178920.633,89%,,,,,,,,,,
12/06/2019 09:00,176121.041,88%,,,,,,,,,,
12/06/2019 10:00,173173.106,87%,,,,,,,,,,
12/06/2019 11:00,171735.623,86%,,,,,,,,,,
12/06/2019 12:00,171411.768,86%,,,,,,,,,,
12/06/2019 13:00,170605.019,85%,,,,,,,,,,
12/06/2019 14:00,168420.051,84%,,,,,,,,,,
12/06/2019 15:00,165830.411,83%,,,,,,,,,,
12/06/2019 16:00,166181.292,83%,,,,,,,,,,
12/06/2019 17:00,166922.015,83%,,,,,,,,,,
12/06/2019 18:00,164123.954,82%,,,,,,,,,,
12/06/2019 19:00,162324.988,81%,,,,,,,,,,
12/06/2019 20:00,159255.479,80%,,,,,,,,,,
12/06/2019 21:00,158954.871,79%,,,,,,,,,,
12/06/2019 22:00,163453.822,82%,,,,,,,,,,
12/06/2019 23:00,167489.04,84%,,,,,,,,,,
13/06/2019 00:00,172295.416,86%,,,,,,,,,,
13/06/2019 01:00,176841.897,88%,,,,,,,,,,
13/06/2019 02:00,178505.829,89%,,,,,,,,,,
13/06/2019 03:00,178915.949,89%,,,,,,,,,,
13/06/2019 04:00,180109.969,90%,,,,,,,,,,
13/06/2019 05:00,179231.671,90%,,,,,,,,,,
13/06/2019 06:00,176391.962,88%,,,,,,,,,,
13/06/2019 07:00,170490.918,85%,,,,,,,,,,
13/06/2019 08:00,166263.859,83%,,,,,,,,,,
13/06/2019 09:00,163547.398,82%,,,,,,,,,,
13/06/2019 10:00,160501.841,80%,,,,,,,,,,
13/06/2019 11:00,155975.439,78%,,,,,,,,,,
13/06/2019 12:00,150189.159,75%,,,,,,,,,,
13/06/2019 13:00,142150.186,71%,,,,,,,,,,
13/06/2019 14:00,130718.775,65%,,,,,,,,,,
13/06/2019 15:00,116071.506,58%,,,,,,,,,,
13/06/2019 16:00,98219.325,49%,,,,,,,,,,
13/06/2019 17:00,83253.215,42%,,,,,,,,,,
13/06/2019 18:00,63864.906,32%,,,,,,,,,,
13/06/2019 19:00,52749.208,26%,,,,,,,,,,
13/06/2019 20:00,46930.64,23%,,,,,,,,,,
13/06/2019 21:00,46827.306,23%,,,,,,,,,,
13/06/2019 22:00,52750.035,26%,,,,,,,,,,
13/06/2019 23:00,63274.518,32%,,,,,,,,,,
14/06/2019 00:00,72689.332,36%,,,,,,,,,,
14/06/2019 01:00,80227.086,40%,,,,,,,,,,
14/06/2019 02:00,88353.739,44%,,,,,,,,,,
14/06/2019 03:00,94108.483,47%,,,,,,,,,,
14/06/2019 04:00,91881.225,46%,,,,,,,,,,
14/06/2019 05:00,95318.621,48%,,,,,,,,,,
14/06/2019 06:00,108863.013,54%,,,,,,,,,,
14/06/2019 07:00,122378.681,61%,,,,,,,,,,
14/06/2019 08:00,132360.73,66%,,,,,,,,,,
14/06/2019 09:00,136820.887,68%,,,,,,,,,,
14/06/2019 10:00,136771.534,68%,,,,,,,,,,
14/06/2019 11:00,133163.599,67%,,,,,,,,,,
14/06/2019 12:00,127766.814,64%,,,,,,,,,,
14/06/2019 13:00,125439.555,63%,,,,,,,,,,
14/06/2019 14:00,124825.299,62%,,,,,,,,,,
14/06/2019 15:00,125034.065,63%,,,,,,,,,,
14/06/2019 16:00,118957.533,59%,,,,,,,,,,
14/06/2019 17:00,101777.597,51%,,,,,,,,,,
14/06/2019 18:00,81697.947,41%,,,,,,,,,,
14/06/2019 19:00,68641.942,34%,,,,,,,,,,
14/06/2019 20:00,71528.202,36%,,,,,,,,,,
14/06/2019 21:00,76185.996,38%,,,,,,,,,,
14/06/2019 22:00,75674.612,38%,,,,,,,,,,
14/06/2019 23:00,74302.561,37%,,,,,,,,,,
15/06/2019 00:00,76172.596,38%,,,,,,,,,,
15/06/2019 01:00,80098.562,40%,,,,,,,,,,
15/06/2019 02:00,80084.499,40%,,,,,,,,,,
15/06/2019 03:00,76222.011,38%,,,,,,,,,,
15/06/2019 04:00,72789.104,36%,,,,,,,,,,
15/06/2019 05:00,67598.242,34%,,,,,,,,,,
15/06/2019 06:00,77131.314,39%,,,,,,,,,,
15/06/2019 07:00,90779.256,45%,,,,,,,,,,
15/06/2019 08:00,101474.133,51%,,,,,,,,,,
15/06/2019 09:00,101048.337,51%,,,,,,,,,,
15/06/2019 10:00,104524.518,52%,,,,,,,,,,
15/06/2019 11:00,114221.006,57%,,,,,,,,,,
15/06/2019 12:00,114221.836,57%,,,,,,,,,,
15/06/2019 13:00,107772.32,54%,,,,,,,,,,
15/06/2019 14:00,103417.507,52%,,,,,,,,,,
15/06/2019 15:00,98769.505,49%,,,,,,,,,,
15/06/2019 16:00,91882.167,46%,,,,,,,,,,
15/06/2019 17:00,84167.048,42%,,,,,,,,,,
15/06/2019 18:00,77123.51,39%,,,,,,,,,,
15/06/2019 19:00,68643.519,34%,,,,,,,,,,
15/06/2019 20:00,65038.243,33%,,,,,,,,,,
15/06/2019 21:00,70472.675,35%,,,,,,,,,,
15/06/2019 22:00,67402.713,34%,,,,,,,,,,
15/06/2019 23:00,62238.833,31%,,,,,,,,,,
16/06/2019 00:00,56486.119,28%,,,,,,,,,,
16/06/2019 01:00,54930.409,27%,,,,,,,,,,
16/06/2019 02:00,55800.457,28%,,,,,,,,,,
16/06/2019 03:00,60488.253,30%,,,,,,,,,,
16/06/2019 04:00,63192.837,32%,,,,,,,,,,
16/06/2019 05:00,59865.12,30%,,,,,,,,,,
16/06/2019 06:00,65631.257,33%,,,,,,,,,,
16/06/2019 07:00,75413.359,38%,,,,,,,,,,
16/06/2019 08:00,86319.939,43%,,,,,,,,,,
16/06/2019 09:00,93261.767,47%,,,,,,,,,,
16/06/2019 10:00,98759.818,49%,,,,,,,,,,
16/06/2019 11:00,106945.971,53%,,,,,,,,,,
16/06/2019 12:00,113780.756,57%,,,,,,,,,,
16/06/2019 13:00,118063.039,59%,,,,,,,,,,
16/06/2019 14:00,118070.208,59%,,,,,,,,,,
16/06/2019 15:00,113470.823,57%,,,,,,,,,,
16/06/2019 16:00,106429.594,53%,,,,,,,,,,
16/06/2019 17:00,96985.351,48%,,,,,,,,,,
16/06/2019 18:00,82005.383,41%,,,,,,,,,,
16/06/2019 19:00,75148.403,38%,,,,,,,,,,
16/06/2019 20:00,83913.108,42%,,,,,,,,,,
16/06/2019 21:00,94929.311,47%,,,,,,,,,,
16/06/2019 22:00,100274.184,50%,,,,,,,,,,
16/06/2019 23:00,104082.421,52%,,,,,,,,,,
17/06/2019 00:00,117873.202,59%,,,,,,,,,,
17/06/2019 01:00,138494.368,69%,,,,,,,,,,
17/06/2019 02:00,158236.763,79%,,,,,,,,,,
17/06/2019 03:00,158234.824,79%,,,,,,,,,,
17/06/2019 04:00,162407.437,81%,,,,,,,,,,
17/06/2019 05:00,161206.816,81%,,,,,,,,,,
17/06/2019 06:00,166475.023,83%,,,,,,,,,,
17/06/2019 07:00,169562.117,85%,,,,,,,,,,
17/06/2019 08:00,169705.562,85%,,,,,,,,,,
17/06/2019 09:00,169127.548,85%,,,,,,,,,,
17/06/2019 10:00,166629.697,83%,,,,,,,,,,
17/06/2019 11:00,164630.452,82%,,,,,,,,,,
17/06/2019 12:00,161540.23,81%,,,,,,,,,,
17/06/2019 13:00,158321.146,79%,,,,,,,,,,
17/06/2019 14:00,153976.996,77%,,,,,,,,,,
17/06/2019 15:00,150502.71,75%,,,,,,,,,,
17/06/2019 16:00,145921.329,73%,,,,,,,,,,
17/06/2019 17:00,141720.111,71%,,,,,,,,,,
17/06/2019 18:00,134889.048,67%,,,,,,,,,,
17/06/2019 19:00,128321.195,64%,,,,,,,,,,
17/06/2019 20:00,121771.017,61%,,,,,,,,,,
17/06/2019 21:00,113691.2,57%,,,,,,,,,,
17/06/2019 22:00,107514.631,54%,,,,,,,,,,
17/06/2019 23:00,101613.583,51%,,,,,,,,,,
18/06/2019 00:00,95445.286,48%,,,,,,,,,,
18/06/2019 01:00,89400.059,45%,,,,,,,,,,
18/06/2019 02:00,85006.378,43%,,,,,,,,,,
18/06/2019 03:00,85740.964,43%,,,,,,,,,,
18/06/2019 04:00,88302.012,44%,,,,,,,,,,
18/06/2019 05:00,91090.457,46%,,,,,,,,,,
18/06/2019 06:00,113243.727,57%,,,,,,,,,,
18/06/2019 07:00,135513.497,68%,,,,,,,,,,
18/06/2019 08:00,149579.92,75%,,,,,,,,,,
18/06/2019 09:00,158167.314,79%,,,,,,,,,,
18/06/2019 10:00,159500.4,80%,,,,,,,,,,
18/06/2019 11:00,157598.267,79%,,,,,,,,,,
18/06/2019 12:00,151399.982,76%,,,,,,,,,,
18/06/2019 13:00,142334.763,71%,,,,,,,,,,
18/06/2019 14:00,134170.227,67%,,,,,,,,,,
18/06/2019 15:00,121237.571,61%,,,,,,,,,,
18/06/2019 16:00,107538.961,54%,,,,,,,,,,
18/06/2019 17:00,96097.885,48%,,,,,,,,,,
18/06/2019 18:00,85648.55,43%,,,,,,,,,,
18/06/2019 19:00,77815.439,39%,,,,,,,,,,
18/06/2019 20:00,75787.669,38%,,,,,,,,,,
18/06/2019 21:00,77663.039,39%,,,,,,,,,,
18/06/2019 22:00,75252.453,38%,,,,,,,,,,
18/06/2019 23:00,69136.535,35%,,,,,,,,,,
19/06/2019 00:00,60989.119,30%,,,,,,,,,,
19/06/2019 01:00,52274.74,26%,,,,,,,,,,
19/06/2019 02:00,45538.85,23%,,,,,,,,,,
19/06/2019 03:00,42874.003,21%,,,,,,,,,,
19/06/2019 04:00,39939.196,20%,,,,,,,,,,
19/06/2019 05:00,30147.456,15%,,,,,,,,,,
19/06/2019 06:00,27359.63,14%,,,,,,,,,,
19/06/2019 07:00,31947.994,16%,,,,,,,,,,
19/06/2019 08:00,39873.516,20%,,,,,,,,,,
19/06/2019 09:00,47655.756,24%,,,,,,,,,,
19/06/2019 10:00,55874.098,28%,,,,,,,,,,
19/06/2019 11:00,65541.754,33%,,,,,,,,,,
19/06/2019 12:00,74000.988,37%,,,,,,,,,,
19/06/2019 13:00,80532.955,40%,,,,,,,,,,
19/06/2019 14:00,82827.547,41%,,,,,,,,,,
19/06/2019 15:00,81502.322,41%,,,,,,,,,,
19/06/2019 16:00,77663.408,39%,,,,,,,,,,
19/06/2019 17:00,70327.312,35%,,,,,,,,,,
19/06/2019 18:00,60995.718,30%,,,,,,,,,,
19/06/2019 19:00,52626.138,26%,,,,,,,,,,
19/06/2019 20:00,48068.446,24%,,,,,,,,,,
19/06/2019 21:00,44057.177,22%,,,,,,,,,,
19/06/2019 22:00,39260.164,20%,,,,,,,,,,
19/06/2019 23:00,36253.159,18%,,,,,,,,,,
20/06/2019 00:00,35412.295,18%,,,,,,,,,,
20/06/2019 01:00,33485.572,17%,,,,,,,,,,
20/06/2019 02:00,30067.85,15%,,,,,,,,,,
20/06/2019 03:00,24834.205,12%,,,,,,,,,,
20/06/2019 04:00,20874.257,10%,,,,,,,,,,
20/06/2019 05:00,20867.06,10%,,,,,,,,,,
20/06/2019 06:00,28801.162,14%,,,,,,,,,,
20/06/2019 07:00,41530.195,21%,,,,,,,,,,
20/06/2019 08:00,56151.191,28%,,,,,,,,,,
20/06/2019 09:00,68759.307,34%,,,,,,,,,,
20/06/2019 10:00,78837.938,39%,,,,,,,,,,
20/06/2019 11:00,86485.372,43%,,,,,,,,,,
20/06/2019 12:00,90776.606,45%,,,,,,,,,,
20/06/2019 13:00,93953.398,47%,,,,,,,,,,
20/06/2019 14:00,99510.469,50%,,,,,,,,,,
20/06/2019 15:00,101603.589,51%,,,,,,,,,,
20/06/2019 16:00,102064.167,51%,,,,,,,,,,
20/06/2019 17:00,99594.049,50%,,,,,,,,,,
20/06/2019 18:00,94932.048,47%,,,,,,,,,,
20/06/2019 19:00,92155.41,46%,,,,,,,,,,
20/06/2019 20:00,86937.324,43%,,,,,,,,,,
20/06/2019 21:00,93373.796,47%,,,,,,,,,,
20/06/2019 22:00,95191.12,48%,,,,,,,,,,
20/06/2019 23:00,92840.457,46%,,,,,,,,,,
21/06/2019 00:00,87556.512,44%,,,,,,,,,,
21/06/2019 01:00,85010.978,43%,,,,,,,,,,
21/06/2019 02:00,86486.066,43%,,,,,,,,,,
21/06/2019 03:00,86281.157,43%,,,,,,,,,,
21/06/2019 04:00,82541.64,41%,,,,,,,,,,
21/06/2019 05:00,81447.535,41%,,,,,,,,,,
21/06/2019 06:00,89894.829,45%,,,,,,,,,,
21/06/2019 07:00,95459.262,48%,,,,,,,,,,
21/06/2019 08:00,95738.844,48%,,,,,,,,,,
21/06/2019 09:00,96527.397,48%,,,,,,,,,,
21/06/2019 10:00,95190.532,48%,,,,,,,,,,
21/06/2019 11:00,91884.111,46%,,,,,,,,,,
21/06/2019 12:00,85562.139,43%,,,,,,,,,,
21/06/2019 13:00,75244.862,38%,,,,,,,,,,
21/06/2019 14:00,68124.626,34%,,,,,,,,,,
21/06/2019 15:00,58037.289,29%,,,,,,,,,,
21/06/2019 16:00,42826.33,21%,,,,,,,,,,
21/06/2019 17:00,27326.724,14%,,,,,,,,,,
21/06/2019 18:00,12952.079,6%,,,,,,,,,,
21/06/2019 19:00,3937.803,2%,,,,,,,,,,
21/06/2019 20:00,1856.819,1%,,,,,,,,,,
21/06/2019 21:00,5013.957,3%,,,,,,,,,,
21/06/2019 22:00,10649.218,5%,,,,,,,,,,
21/06/2019 23:00,16833.232,8%,,,,,,,,,,
22/06/2019 00:00,21053.717,11%,,,,,,,,,,
22/06/2019 01:00,22308.772,11%,,,,,,,,,,
22/06/2019 02:00,21646.265,11%,,,,,,,,,,
22/06/2019 03:00,22453.099,11%,,,,,,,,,,
22/06/2019 04:00,22560.49,11%,,,,,,,,,,
22/06/2019 05:00,19633.448,10%,,,,,,,,,,
22/06/2019 06:00,15412.295,8%,,,,,,,,,,
22/06/2019 07:00,20252.689,10%,,,,,,,,,,
22/06/2019 08:00,29282.535,15%,,,,,,,,,,
22/06/2019 09:00,40071.843,20%,,,,,,,,,,
22/06/2019 10:00,51910.023,26%,,,,,,,,,,
22/06/2019 11:00,60499.984,30%,,,,,,,,,,
22/06/2019 12:00,64008.41,32%,,,,,,,,,,
22/06/2019 13:00,61333.406,31%,,,,,,,,,,
22/06/2019 14:00,57473.168,29%,,,,,,,,,,
22/06/2019 15:00,55598.441,28%,,,,,,,,,,
22/06/2019 16:00,53282.502,27%,,,,,,,,,,
22/06/2019 17:00,51807.705,26%,,,,,,,,,,
22/06/2019 18:00,49418.003,25%,,,,,,,,,,
22/06/2019 19:00,46777.717,23%,,,,,,,,,,
22/06/2019 20:00,46527.355,23%,,,,,,,,,,
22/06/2019 21:00,45485.495,23%,,,,,,,,,,
22/06/2019 22:00,41425.812,21%,,,,,,,,,,
22/06/2019 23:00,33477.871,17%,,,,,,,,,,
23/06/2019 00:00,23546.005,12%,,,,,,,,,,
23/06/2019 01:00,13630.55,7%,,,,,,,,,,
23/06/2019 02:00,6664.15,3%,,,,,,,,,,
23/06/2019 03:00,3552.094,2%,,,,,,,,,,
23/06/2019 04:00,4232.897,2%,,,,,,,,,,
23/06/2019 05:00,9481.461,5%,,,,,,,,,,
23/06/2019 06:00,14647.526,7%,,,,,,,,,,
23/06/2019 07:00,19947.105,10%,,,,,,,,,,
23/06/2019 08:00,23602.646,12%,,,,,,,,,,
23/06/2019 09:00,28786.342,14%,,,,,,,,,,
23/06/2019 10:00,37601.786,19%,,,,,,,,,,
23/06/2019 11:00,46140.756,23%,,,,,,,,,,
23/06/2019 12:00,55163.526,28%,,,,,,,,,,
23/06/2019 13:00,65489.858,33%,,,,,,,,,,
23/06/2019 14:00,71734.39,36%,,,,,,,,,,
23/06/2019 15:00,72849.161,36%,,,,,,,,,,
23/06/2019 16:00,72855.652,36%,,,,,,,,,,
23/06/2019 17:00,72857.55,36%,,,,,,,,,,
23/06/2019 18:00,68652.54,34%,,,,,,,,,,
23/06/2019 19:00,65690.769,33%,,,,,,,,,,
23/06/2019 20:00,70880.248,35%,,,,,,,,,,
23/06/2019 21:00,74082.871,37%,,,,,,,,,,
23/06/2019 22:00,75972.431,38%,,,,,,,,,,
23/06/2019 23:00,78063.563,39%,,,,,,,,,,
24/06/2019 00:00,81985.071,41%,,,,,,,,,,
24/06/2019 01:00,83848.771,42%,,,,,,,,,,
24/06/2019 02:00,82691.129,41%,,,,,,,,,,
24/06/2019 03:00,86377.443,43%,,,,,,,,,,
24/06/2019 04:00,85825.676,43%,,,,,,,,,,
24/06/2019 05:00,86831.069,43%,,,,,,,,,,
24/06/2019 06:00,89400.696,45%,,,,,,,,,,
24/06/2019 07:00,99090.215,50%,,,,,,,,,,
24/06/2019 08:00,117352.684,59%,,,,,,,,,,
24/06/2019 09:00,134811.036,67%,,,,,,,,,,
24/06/2019 10:00,143490.359,72%,,,,,,,,,,
24/06/2019 11:00,136821.106,68%,,,,,,,,,,
24/06/2019 12:00,123064.226,62%,,,,,,,,,,
24/06/2019 13:00,108422.53,54%,,,,,,,,,,
24/06/2019 14:00,87479.828,44%,,,,,,,,,,
24/06/2019 15:00,71440.819,36%,,,,,,,,,,
24/06/2019 16:00,58911.857,29%,,,,,,,,,,
24/06/2019 17:00,45888.677,23%,,,,,,,,,,
24/06/2019 18:00,38868.826,19%,,,,,,,,,,
24/06/2019 19:00,44606.495,22%,,,,,,,,,,
24/06/2019 20:00,60497.75,30%,,,,,,,,,,
24/06/2019 21:00,79006.755,40%,,,,,,,,,,
24/06/2019 22:00,93257.46,47%,,,,,,,,,,
24/06/2019 23:00,100297.622,50%,,,,,,,,,,
25/06/2019 00:00,107968.872,54%,,,,,,,,,,
25/06/2019 01:00,117123.775,59%,,,,,,,,,,
25/06/2019 02:00,123064.436,62%,,,,,,,,,,
25/06/2019 03:00,120325.621,60%,,,,,,,,,,
25/06/2019 04:00,113402.506,57%,,,,,,,,,,
25/06/2019 05:00,103705.029,52%,,,,,,,,,,
25/06/2019 06:00,109543.305,55%,,,,,,,,,,
25/06/2019 07:00,118312.21,59%,,,,,,,,,,
25/06/2019 08:00,123820.64,62%,,,,,,,,,,
25/06/2019 09:00,123497.502,62%,,,,,,,,,,
25/06/2019 10:00,123969.153,62%,,,,,,,,,,
25/06/2019 11:00,123962.494,62%,,,,,,,,,,
25/06/2019 12:00,123800.654,62%,,,,,,,,,,
25/06/2019 13:00,123791.085,62%,,,,,,,,,,
25/06/2019 14:00,122553.987,61%,,,,,,,,,,
25/06/2019 15:00,120486.292,60%,,,,,,,,,,
25/06/2019 16:00,119725.806,60%,,,,,,,,,,
25/06/2019 17:00,120990.716,60%,,,,,,,,,,
25/06/2019 18:00,120245.311,60%,,,,,,,,,,
25/06/2019 19:00,114750.488,57%,,,,,,,,,,
25/06/2019 20:00,106086.41,53%,,,,,,,,,,
25/06/2019 21:00,100182.788,50%,,,,,,,,,,
25/06/2019 22:00,101972.478,51%,,,,,,,,,,
25/06/2019 23:00,104426.878,52%,,,,,,,,,,
26/06/2019 00:00,107514.917,54%,,,,,,,,,,
26/06/2019 01:00,107514.707,54%,,,,,,,,,,
26/06/2019 02:00,103157.725,52%,,,,,,,,,,
26/06/2019 03:00,92710.719,46%,,,,,,,,,,
26/06/2019 04:00,85932.484,43%,,,,,,,,,,
26/06/2019 05:00,80651.253,40%,,,,,,,,,,
26/06/2019 06:00,74979.257,37%,,,,,,,,,,
26/06/2019 07:00,68129.16,34%,,,,,,,,,,
26/06/2019 08:00,62123.455,31%,,,,,,,,,,
26/06/2019 09:00,56973.467,28%,,,,,,,,,,
26/06/2019 10:00,54880.05,27%,,,,,,,,,,
26/06/2019 11:00,53794.104,27%,,,,,,,,,,
26/06/2019 12:00,51194.022,26%,,,,,,,,,,
26/06/2019 13:00,49055.353,25%,,,,,,,,,,
26/06/2019 14:00,46145.554,23%,,,,,,,,,,
26/06/2019 15:00,43575.907,22%,,,,,,,,,,
26/06/2019 16:00,39288.357,20%,,,,,,,,,,
26/06/2019 17:00,35584.188,18%,,,,,,,,,,
26/06/2019 18:00,32504.139,16%,,,,,,,,,,
26/06/2019 19:00,31498.814,16%,,,,,,,,,,
26/06/2019 20:00,38304.485,19%,,,,,,,,,,
26/06/2019 21:00,52382.41,26%,,,,,,,,,,
26/06/2019 22:00,60784.24,30%,,,,,,,,,,
26/06/2019 23:00,68662.965,34%,,,,,,,,,,
27/06/2019 00:00,75863.641,38%,,,,,,,,,,
27/06/2019 01:00,80794.53,40%,,,,,,,,,,
27/06/2019 02:00,83325.006,42%,,,,,,,,,,
27/06/2019 03:00,83909.872,42%,,,,,,,,,,
27/06/2019 04:00,77033.71,39%,,,,,,,,,,
27/06/2019 05:00,66076.32,33%,,,,,,,,,,
27/06/2019 06:00,65827.941,33%,,,,,,,,,,
27/06/2019 07:00,68843.943,34%,,,,,,,,,,
27/06/2019 08:00,70545.149,35%,,,,,,,,,,
27/06/2019 09:00,64521.026,32%,,,,,,,,,,
27/06/2019 10:00,53089.522,27%,,,,,,,,,,
27/06/2019 11:00,40560.513,20%,,,,,,,,,,
27/06/2019 12:00,30921.279,15%,,,,,,,,,,
27/06/2019 13:00,24303.085,12%,,,,,,,,,,
27/06/2019 14:00,20067.025,10%,,,,,,,,,,
27/06/2019 15:00,18612.814,9%,,,,,,,,,,
27/06/2019 16:00,18532.635,9%,,,,,,,,,,
27/06/2019 17:00,16912.059,8%,,,,,,,,,,
27/06/2019 18:00,14450.334,7%,,,,,,,,,,
27/06/2019 19:00,11871.214,6%,,,,,,,,,,
27/06/2019 20:00,11216.077,6%,,,,,,,,,,
27/06/2019 21:00,12275.579,6%,,,,,,,,,,
27/06/2019 22:00,13059.329,7%,,,,,,,,,,
27/06/2019 23:00,13584.56,7%,,,,,,,,,,
28/06/2019 00:00,14159.243,7%,,,,,,,,,,
28/06/2019 01:00,14334.831,7%,,,,,,,,,,
28/06/2019 02:00,14120.404,7%,,,,,,,,,,
28/06/2019 03:00,14696.737,7%,,,,,,,,,,
28/06/2019 04:00,15442.738,8%,,,,,,,,,,
28/06/2019 05:00,13284.757,7%,,,,,,,,,,
28/06/2019 06:00,16445.095,8%,,,,,,,,,,
28/06/2019 07:00,26714.305,13%,,,,,,,,,,
28/06/2019 08:00,39275.3,20%,,,,,,,,,,
28/06/2019 09:00,53858.597,27%,,,,,,,,,,
28/06/2019 10:00,66313.348,33%,,,,,,,,,,
28/06/2019 11:00,75875.948,38%,,,,,,,,,,
28/06/2019 12:00,83998.024,42%,,,,,,,,,,
28/06/2019 13:00,91878.66,46%,,,,,,,,,,
28/06/2019 14:00,100143.025,50%,,,,,,,,,,
28/06/2019 15:00,104503.99,52%,,,,,,,,,,
28/06/2019 16:00,104523.562,52%,,,,,,,,,,
28/06/2019 17:00,106429.78,53%,,,,,,,,,,
28/06/2019 18:00,107961.182,54%,,,,,,,,,,
28/06/2019 19:00,102974.425,51%,,,,,,,,,,
28/06/2019 20:00,101123.677,51%,,,,,,,,,,
28/06/2019 21:00,107514.702,54%,,,,,,,,,,
28/06/2019 22:00,112259.85,56%,,,,,,,,,,
28/06/2019 23:00,115544.965,58%,,,,,,,,,,
29/06/2019 00:00,117121.577,59%,,,,,,,,,,
29/06/2019 01:00,114769.646,57%,,,,,,,,,,
29/06/2019 02:00,108867.2,54%,,,,,,,,,,
29/06/2019 03:00,101349.96,51%,,,,,,,,,,
29/06/2019 04:00,91328.242,46%,,,,,,,,,,
29/06/2019 05:00,75781.456,38%,,,,,,,,,,
29/06/2019 06:00,62687.902,31%,,,,,,,,,,
29/06/2019 07:00,57499.385,29%,,,,,,,,,,
29/06/2019 08:00,56022.032,28%,,,,,,,,,,
29/06/2019 09:00,53351.138,27%,,,,,,,,,,
29/06/2019 10:00,58463.747,29%,,,,,,,,,,
29/06/2019 11:00,64522.841,32%,,,,,,,,,,
29/06/2019 12:00,29196.779,15%,,,,,,,,,,
29/06/2019 13:00,27586.671,14%,,,,,,,,,,
29/06/2019 14:00,49049.94,25%,,,,,,,,,,
29/06/2019 15:00,52266.345,26%,,,,,,,,,,
29/06/2019 16:00,45503.5,23%,,,,,,,,,,
29/06/2019 17:00,43533.635,22%,,,,,,,,,,
29/06/2019 18:00,51327.388,26%,,,,,,,,,,
29/06/2019 19:00,40799.658,20%,,,,,,,,,,
29/06/2019 20:00,41005.007,21%,,,,,,,,,,
29/06/2019 21:00,54799.362,27%,,,,,,,,,,
29/06/2019 22:00,53291.456,27%,,,,,,,,,,
29/06/2019 23:00,56764.541,28%,,,,,,,,,,
30/06/2019 00:00,75248.873,38%,,,,,,,,,,
30/06/2019 01:00,100946.348,50%,,,,,,,,,,
30/06/2019 02:00,105932.61,53%,,,,,,,,,,
30/06/2019 03:00,92155.45,46%,,,,,,,,,,
30/06/2019 04:00,76471.917,38%,,,,,,,,,,
30/06/2019 05:00,69759.756,35%,,,,,,,,,,
30/06/2019 06:00,84350.42,42%,,,,,,,,,,
30/06/2019 07:00,107926.111,54%,,,,,,,,,,
30/06/2019 08:00,130127.708,65%,,,,,,,,,,
30/06/2019 09:00,143997.08,72%,,,,,,,,,,
30/06/2019 10:00,150337.204,75%,,,,,,,,,,
30/06/2019 11:00,158254.532,79%,,,,,,,,,,
30/06/2019 12:00,164074.582,82%,,,,,,,,,,
30/06/2019 13:00,165760.914,83%,,,,,,,,,,
30/06/2019 14:00,162477.929,81%,,,,,,,,,,
30/06/2019 15:00,160514.217,80%,,,,,,,,,,
30/06/2019 16:00,162406.184,81%,,,,,,,,,,
30/06/2019 17:00,164076.963,82%,,,,,,,,,,
30/06/2019 18:00,164299.696,82%,,,,,,,,,,
30/06/2019 19:00,165218.67,83%,,,,,,,,,,
30/06/2019 20:00,164776.308,82%,,,,,,,,,,
30/06/2019 21:00,164252.188,82%,,,,,,,,,,
30/06/2019 22:00,166825.614,83%,,,,,,,,,,
30/06/2019 23:00,169236.938,85%,,,,,,,,,,
01/07/2019 00:00,168764.468,84%,,,,,,,,,,
01/07/2019 01:00,166856.645,83%,,,,,,,,,,
01/07/2019 02:00,158930.639,79%,,,,,,,,,,
01/07/2019 03:00,150961.896,75%,,,,,,,,,,
01/07/2019 04:00,131480.145,66%,,,,,,,,,,
01/07/2019 05:00,130461.652,65%,,,,,,,,,,
01/07/2019 06:00,152694.152,76%,,,,,,,,,,
01/07/2019 07:00,166077.199,83%,,,,,,,,,,
01/07/2019 08:00,178214.88,89%,,,,,,,,,,
01/07/2019 09:00,183490.979,92%,,,,,,,,,,
01/07/2019 10:00,184571.862,92%,,,,,,,,,,
01/07/2019 11:00,182888.048,91%,,,,,,,,,,
01/07/2019 12:00,178521.363,89%,,,,,,,,,,
01/07/2019 13:00,170893.385,85%,,,,,,,,,,
01/07/2019 14:00,161854.122,81%,,,,,,,,,,
01/07/2019 15:00,153470.174,77%,,,,,,,,,,
01/07/2019 16:00,147752.869,74%,,,,,,,,,,
01/07/2019 17:00,140066.452,70%,,,,,,,,,,
01/07/2019 18:00,130210.858,65%,,,,,,,,,,
01/07/2019 19:00,115191.206,58%,,,,,,,,,,
01/07/2019 20:00,93586.345,47%,,,,,,,,,,
01/07/2019 21:00,73290.437,37%,,,,,,,,,,
01/07/2019 22:00,62240.824,31%,,,,,,,,,,
01/07/2019 23:00,50189.475,25%,,,,,,,,,,
02/07/2019 00:00,42754.512,21%,,,,,,,,,,
02/07/2019 01:00,42356.708,21%,,,,,,,,,,
02/07/2019 02:00,43679.74,22%,,,,,,,,,,
02/07/2019 03:00,44249.397,22%,,,,,,,,,,
02/07/2019 04:00,47176.195,24%,,,,,,,,,,
02/07/2019 05:00,48374.137,24%,,,,,,,,,,
02/07/2019 06:00,65433.926,33%,,,,,,,,,,
02/07/2019 07:00,89330.219,45%,,,,,,,,,,
02/07/2019 08:00,106429.54,53%,,,,,,,,,,
02/07/2019 09:00,115544.424,58%,,,,,,,,,,
02/07/2019 10:00,118669.892,59%,,,,,,,,,,
02/07/2019 11:00,119726.802,60%,,,,,,,,,,
02/07/2019 12:00,122281.454,61%,,,,,,,,,,
02/07/2019 13:00,124915.653,62%,,,,,,,,,,
02/07/2019 14:00,126093.666,63%,,,,,,,,,,
02/07/2019 15:00,128243.555,64%,,,,,,,,,,
02/07/2019 16:00,129999.799,65%,,,,,,,,,,
02/07/2019 17:00,129694.576,65%,,,,,,,,,,
02/07/2019 18:00,120880.411,60%,,,,,,,,,,
02/07/2019 19:00,106429.979,53%,,,,,,,,,,
02/07/2019 20:00,100142.398,50%,,,,,,,,,,
02/07/2019 21:00,91563.575,46%,,,,,,,,,,
02/07/2019 22:00,85805.397,43%,,,,,,,,,,
02/07/2019 23:00,89687.46,45%,,,,,,,,,,
03/07/2019 00:00,90778.97,45%,,,,,,,,,,
03/07/2019 01:00,90776.433,45%,,,,,,,,,,
03/07/2019 02:00,88759.925,44%,,,,,,,,,,
03/07/2019 03:00,78127.325,39%,,,,,,,,,,
03/07/2019 04:00,68054.417,34%,,,,,,,,,,
03/07/2019 05:00,57888.684,29%,,,,,,,,,,
03/07/2019 06:00,60668.53,30%,,,,,,,,,,
03/07/2019 07:00,67347.559,34%,,,,,,,,,,
03/07/2019 08:00,72243.41,36%,,,,,,,,,,
03/07/2019 09:00,74123.838,37%,,,,,,,,,,
03/07/2019 10:00,74719.64,37%,,,,,,,,,,
03/07/2019 11:00,75246.152,38%,,,,,,,,,,
03/07/2019 12:00,74099.22,37%,,,,,,,,,,
03/07/2019 13:00,72850.552,36%,,,,,,,,,,
03/07/2019 14:00,69103.828,35%,,,,,,,,,,
03/07/2019 15:00,65549.471,33%,,,,,,,,,,
03/07/2019 16:00,66808.042,33%,,,,,,,,,,
03/07/2019 17:00,67744.846,34%,,,,,,,,,,
03/07/2019 18:00,72848.512,36%,,,,,,,,,,
03/07/2019 19:00,81461.184,41%,,,,,,,,,,
03/07/2019 20:00,100665.169,50%,,,,,,,,,,
03/07/2019 21:00,103704.767,52%,,,,,,,,,,
03/07/2019 22:00,95873.079,48%,,,,,,,,,,
03/07/2019 23:00,89790.403,45%,,,,,,,,,,
04/07/2019 00:00,93411.316,47%,,,,,,,,,,
04/07/2019 01:00,93862.524,47%,,,,,,,,,,
04/07/2019 02:00,92250.571,46%,,,,,,,,,,
04/07/2019 03:00,88854.943,44%,,,,,,,,,,
04/07/2019 04:00,85689.475,43%,,,,,,,,,,
04/07/2019 05:00,85531.874,43%,,,,,,,,,,
04/07/2019 06:00,87433.784,44%,,,,,,,,,,
04/07/2019 07:00,93778.931,47%,,,,,,,,,,
04/07/2019 08:00,104279.808,52%,,,,,,,,,,
04/07/2019 09:00,111272.582,56%,,,,,,,,,,
04/07/2019 10:00,121128.738,61%,,,,,,,,,,
04/07/2019 11:00,132683.871,66%,,,,,,,,,,
04/07/2019 12:00,144855.435,72%,,,,,,,,,,
04/07/2019 13:00,146920.256,73%,,,,,,,,,,
04/07/2019 14:00,144319.072,72%,,,,,,,,,,
04/07/2019 15:00,134890.61,67%,,,,,,,,,,
04/07/2019 16:00,127776.433,64%,,,,,,,,,,
04/07/2019 17:00,133162.537,67%,,,,,,,,,,
04/07/2019 18:00,135164.865,68%,,,,,,,,,,
04/07/2019 19:00,136674.628,68%,,,,,,,,,,
04/07/2019 20:00,131046.192,66%,,,,,,,,,,
04/07/2019 21:00,117123.401,59%,,,,,,,,,,
04/07/2019 22:00,96759.901,48%,,,,,,,,,,
04/07/2019 23:00,96934.32,48%,,,,,,,,,,
05/07/2019 00:00,88615.392,44%,,,,,,,,,,
05/07/2019 01:00,79512.984,40%,,,,,,,,,,
05/07/2019 02:00,79228.606,40%,,,,,,,,,,
05/07/2019 03:00,80392.05,40%,,,,,,,,,,
05/07/2019 04:00,76130.208,38%,,,,,,,,,,
05/07/2019 05:00,62635.656,31%,,,,,,,,,,
05/07/2019 06:00,51950.881,26%,,,,,,,,,,
05/07/2019 07:00,44615.65,22%,,,,,,,,,,
05/07/2019 08:00,34953.226,17%,,,,,,,,,,
05/07/2019 09:00,26087.594,13%,,,,,,,,,,
05/07/2019 10:00,22872.513,11%,,,,,,,,,,
05/07/2019 11:00,25088.261,13%,,,,,,,,,,
05/07/2019 12:00,35371.194,18%,,,,,,,,,,
05/07/2019 13:00,49733.034,25%,,,,,,,,,,
05/07/2019 14:00,59988.958,30%,,,,,,,,,,
05/07/2019 15:00,70476.942,35%,,,,,,,,,,
05/07/2019 16:00,86376.823,43%,,,,,,,,,,
05/07/2019 17:00,107992.459,54%,,,,,,,,,,
05/07/2019 18:00,114750.649,57%,,,,,,,,,,
05/07/2019 19:00,107722.942,54%,,,,,,,,,,
05/07/2019 20:00,102009.851,51%,,,,,,,,,,
05/07/2019 21:00,114971.569,57%,,,,,,,,,,
05/07/2019 22:00,127660.374,64%,,,,,,,,,,
05/07/2019 23:00,139863.836,70%,,,,,,,,,,
06/07/2019 00:00,141125.278,71%,,,,,,,,,,
06/07/2019 01:00,142234.338,71%,,,,,,,,,,
06/07/2019 02:00,145503.145,73%,,,,,,,,,,
06/07/2019 03:00,140102.227,70%,,,,,,,,,,
06/07/2019 04:00,132680.549,66%,,,,,,,,,,
06/07/2019 05:00,139399.403,70%,,,,,,,,,,
06/07/2019 06:00,152697.348,76%,,,,,,,,,,
06/07/2019 07:00,155509.817,78%,,,,,,,,,,
06/07/2019 08:00,156082.685,78%,,,,,,,,,,
06/07/2019 09:00,152751.552,76%,,,,,,,,,,
06/07/2019 10:00,143859.246,72%,,,,,,,,,,
06/07/2019 11:00,131702.166,66%,,,,,,,,,,
06/07/2019 12:00,119561.061,60%,,,,,,,,,,
06/07/2019 13:00,108620.688,54%,,,,,,,,,,
06/07/2019 14:00,101283.379,51%,,,,,,,,,,
06/07/2019 15:00,96843.525,48%,,,,,,,,,,
06/07/2019 16:00,94578.585,47%,,,,,,,,,,
06/07/2019 17:00,93260.267,47%,,,,,,,,,,
06/07/2019 18:00,88852.982,44%,,,,,,,,,,
06/07/2019 19:00,79017.441,40%,,,,,,,,,,
06/07/2019 20:00,71004.941,36%,,,,,,,,,,
06/07/2019 21:00,69021.094,35%,,,,,,,,,,
06/07/2019 22:00,72848.552,36%,,,,,,,,,,
06/07/2019 23:00,78953.478,39%,,,,,,,,,,
07/07/2019 00:00,89498.66,45%,,,,,,,,,,
07/07/2019 01:00,99552.224,50%,,,,,,,,,,
07/07/2019 02:00,104524.731,52%,,,,,,,,,,
07/07/2019 03:00,108001.078,54%,,,,,,,,,,
07/07/2019 04:00,106972.723,53%,,,,,,,,,,
07/07/2019 05:00,111204.52,56%,,,,,,,,,,
07/07/2019 06:00,124356.677,62%,,,,,,,,,,
07/07/2019 07:00,133782.393,67%,,,,,,,,,,
07/07/2019 08:00,138499.044,69%,,,,,,,,,,
07/07/2019 09:00,140678.461,70%,,,,,,,,,,
07/07/2019 10:00,142086.489,71%,,,,,,,,,,
07/07/2019 11:00,144845.97,72%,,,,,,,,,,
07/07/2019 12:00,147758.645,74%,,,,,,,,,,
07/07/2019 13:00,147756.014,74%,,,,,,,,,,
07/07/2019 14:00,143994.29,72%,,,,,,,,,,
07/07/2019 15:00,138042.027,69%,,,,,,,,,,
07/07/2019 16:00,132688.773,66%,,,,,,,,,,
07/07/2019 17:00,126092.337,63%,,,,,,,,,,
07/07/2019 18:00,118175.166,59%,,,,,,,,,,
07/07/2019 19:00,108390.371,54%,,,,,,,,,,
07/07/2019 20:00,97667.844,49%,,,,,,,,,,
07/07/2019 21:00,83277.54,42%,,,,,,,,,,
07/07/2019 22:00,72734.985,36%,,,,,,,,,,
07/07/2019 23:00,65581.101,33%,,,,,,,,,,
08/07/2019 00:00,59980.572,30%,,,,,,,,,,
08/07/2019 01:00,52089.612,26%,,,,,,,,,,
08/07/2019 02:00,43936.532,22%,,,,,,,,,,
08/07/2019 03:00,40164.555,20%,,,,,,,,,,
08/07/2019 04:00,35641.502,18%,,,,,,,,,,
08/07/2019 05:00,26244.199,13%,,,,,,,,,,
08/07/2019 06:00,17596.108,9%,,,,,,,,,,
08/07/2019 07:00,11553.62,6%,,,,,,,,,,
08/07/2019 08:00,6393.074,3%,,,,,,,,,,
08/07/2019 09:00,2701.909,1%,,,,,,,,,,
08/07/2019 10:00,1359.242,1%,,,,,,,,,,
08/07/2019 11:00,1695.941,1%,,,,,,,,,,
08/07/2019 12:00,3904.974,2%,,,,,,,,,,
08/07/2019 13:00,8288.084,4%,,,,,,,,,,
08/07/2019 14:00,13513.617,7%,,,,,,,,,,
08/07/2019 15:00,20903.849,10%,,,,,,,,,,
08/07/2019 16:00,28949.388,14%,,,,,,,,,,
08/07/2019 17:00,35531.427,18%,,,,,,,,,,
08/07/2019 18:00,40298.737,20%,,,,,,,,,,
08/07/2019 19:00,45039.216,23%,,,,,,,,,,
08/07/2019 20:00,51195.702,26%,,,,,,,,,,
08/07/2019 21:00,53841.678,27%,,,,,,,,,,
08/07/2019 22:00,49733.568,25%,,,,,,,,,,
08/07/2019 23:00,45377.646,23%,,,,,,,,,,
09/07/2019 00:00,43070.058,22%,,,,,,,,,,
09/07/2019 01:00,45213.82,23%,,,,,,,,,,
09/07/2019 02:00,47855.701,24%,,,,,,,,,,
09/07/2019 03:00,49584.875,25%,,,,,,,,,,
09/07/2019 04:00,51034.112,26%,,,,,,,,,,
09/07/2019 05:00,49730.092,25%,,,,,,,,,,
09/07/2019 06:00,48193.875,24%,,,,,,,,,,
09/07/2019 07:00,53566.237,27%,,,,,,,,,,
09/07/2019 08:00,60984.689,30%,,,,,,,,,,
09/07/2019 09:00,71305.613,36%,,,,,,,,,,
09/07/2019 10:00,84141.466,42%,,,,,,,,,,
09/07/2019 11:00,95510.991,48%,,,,,,,,,,
09/07/2019 12:00,102611.465,51%,,,,,,,,,,
09/07/2019 13:00,102063.189,51%,,,,,,,,,,
09/07/2019 14:00,95739.773,48%,,,,,,,,,,
09/07/2019 15:00,83290.288,42%,,,,,,,,,,
09/07/2019 16:00,70480.448,35%,,,,,,,,,,
09/07/2019 17:00,59102.232,30%,,,,,,,,,,
09/07/2019 18:00,48705.239,24%,,,,,,,,,,
09/07/2019 19:00,42472.271,21%,,,,,,,,,,
09/07/2019 20:00,42354.453,21%,,,,,,,,,,
09/07/2019 21:00,50699.258,25%,,,,,,,,,,
09/07/2019 22:00,53066.881,27%,,,,,,,,,,
09/07/2019 23:00,49225.008,25%,,,,,,,,,,
10/07/2019 00:00,39080.264,20%,,,,,,,,,,
10/07/2019 01:00,27077.779,14%,,,,,,,,,,
10/07/2019 02:00,18028.145,9%,,,,,,,,,,
10/07/2019 03:00,12837.561,6%,,,,,,,,,,
10/07/2019 04:00,14649.762,7%,,,,,,,,,,
10/07/2019 05:00,19704.551,10%,,,,,,,,,,
10/07/2019 06:00,22500.087,11%,,,,,,,,,,
10/07/2019 07:00,24990.193,12%,,,,,,,,,,
10/07/2019 08:00,27257.299,14%,,,,,,,,,,
10/07/2019 09:00,26267.101,13%,,,,,,,,,,
10/07/2019 10:00,22073.761,11%,,,,,,,,,,
10/07/2019 11:00,18559.95,9%,,,,,,,,,,
10/07/2019 12:00,14732.095,7%,,,,,,,,,,
10/07/2019 13:00,11301.296,6%,,,,,,,,,,
10/07/2019 14:00,10809.402,5%,,,,,,,,,,
10/07/2019 15:00,15884.716,8%,,,,,,,,,,
10/07/2019 16:00,22049.252,11%,,,,,,,,,,
10/07/2019 17:00,28119.907,14%,,,,,,,,,,
10/07/2019 18:00,32558.393,16%,,,,,,,,,,
10/07/2019 19:00,34191.253,17%,,,,,,,,,,
10/07/2019 20:00,32073.25,16%,,,,,,,,,,
10/07/2019 21:00,28813.928,14%,,,,,,,,,,
10/07/2019 22:00,27998.866,14%,,,,,,,,,,
10/07/2019 23:00,27143.368,14%,,,,,,,,,,
11/07/2019 00:00,25901.114,13%,,,,,,,,,,
11/07/2019 01:00,24294.511,12%,,,,,,,,,,
11/07/2019 02:00,23519.255,12%,,,,,,,,,,
11/07/2019 03:00,24027.106,12%,,,,,,,,,,
11/07/2019 04:00,24958.177,12%,,,,,,,,,,
11/07/2019 05:00,26236.35,13%,,,,,,,,,,
11/07/2019 06:00,26858.922,13%,,,,,,,,,,
11/07/2019 07:00,26293.025,13%,,,,,,,,,,
11/07/2019 08:00,25513.405,13%,,,,,,,,,,
11/07/2019 09:00,24569.228,12%,,,,,,,,,,
11/07/2019 10:00,21322.578,11%,,,,,,,,,,
11/07/2019 11:00,16620.875,8%,,,,,,,,,,
11/07/2019 12:00,12924.298,6%,,,,,,,,,,
11/07/2019 13:00,12930.538,6%,,,,,,,,,,
11/07/2019 14:00,14612.458,7%,,,,,,,,,,
11/07/2019 15:00,17407.412,9%,,,,,,,,,,
11/07/2019 16:00,19766.093,10%,,,,,,,,,,
11/07/2019 17:00,19384.458,10%,,,,,,,,,,
11/07/2019 18:00,15878.533,8%,,,,,,,,,,
11/07/2019 19:00,11095.254,6%,,,,,,,,,,
11/07/2019 20:00,9687.974,5%,,,,,,,,,,
11/07/2019 21:00,9326.531,5%,,,,,,,,,,
11/07/2019 22:00,10236.289,5%,,,,,,,,,,
11/07/2019 23:00,15491.352,8%,,,,,,,,,,
12/07/2019 00:00,21809.016,11%,,,,,,,,,,
12/07/2019 01:00,27606.278,14%,,,,,,,,,,
12/07/2019 02:00,33686.949,17%,,,,,,,,,,
12/07/2019 03:00,36862.366,18%,,,,,,,,,,
12/07/2019 04:00,37986.645,19%,,,,,,,,,,
12/07/2019 05:00,35856.109,18%,,,,,,,,,,
12/07/2019 06:00,35846.395,18%,,,,,,,,,,
12/07/2019 07:00,33480.391,17%,,,,,,,,,,
12/07/2019 08:00,28907.03,14%,,,,,,,,,,
12/07/2019 09:00,26551.284,13%,,,,,,,,,,
12/07/2019 10:00,25893.268,13%,,,,,,,,,,
12/07/2019 11:00,26599.784,13%,,,,,,,,,,
12/07/2019 12:00,30296.336,15%,,,,,,,,,,
12/07/2019 13:00,36943.293,18%,,,,,,,,,,
12/07/2019 14:00,45159.555,23%,,,,,,,,,,
12/07/2019 15:00,49316.837,25%,,,,,,,,,,
12/07/2019 16:00,47794.557,24%,,,,,,,,,,
12/07/2019 17:00,45114.429,23%,,,,,,,,,,
12/07/2019 18:00,43581.167,22%,,,,,,,,,,
12/07/2019 19:00,39044.545,20%,,,,,,,,,,
12/07/2019 20:00,33491.534,17%,,,,,,,,,,
12/07/2019 21:00,32432.634,16%,,,,,,,,,,
12/07/2019 22:00,32825.495,16%,,,,,,,,,,
12/07/2019 23:00,31395.089,16%,,,,,,,,,,
13/07/2019 00:00,29837.843,15%,,,,,,,,,,
13/07/2019 01:00,31783.546,16%,,,,,,,,,,
13/07/2019 02:00,33457.974,17%,,,,,,,,,,
13/07/2019 03:00,33387.741,17%,,,,,,,,,,
13/07/2019 04:00,27671.061,14%,,,,,,,,,,
13/07/2019 05:00,22202.471,11%,,,,,,,,,,
13/07/2019 06:00,18818.876,9%,,,,,,,,,,
13/07/2019 07:00,18800.497,9%,,,,,,,,,,
13/07/2019 08:00,23548.304,12%,,,,,,,,,,
13/07/2019 09:00,30986.569,15%,,,,,,,,,,
13/07/2019 10:00,39302.221,20%,,,,,,,,,,
13/07/2019 11:00,48604.052,24%,,,,,,,,,,
13/07/2019 12:00,56774.111,28%,,,,,,,,,,
13/07/2019 13:00,63762.018,32%,,,,,,,,,,
13/07/2019 14:00,71068.011,36%,,,,,,,,,,
13/07/2019 15:00,80098.422,40%,,,,,,,,,,
13/07/2019 16:00,86381.62,43%,,,,,,,,,,
13/07/2019 17:00,89549.35,45%,,,,,,,,,,
13/07/2019 18:00,88852.233,44%,,,,,,,,,,
13/07/2019 19:00,84296.735,42%,,,,,,,,,,
13/07/2019 20:00,80062.456,40%,,,,,,,,,,
13/07/2019 21:00,74867.325,37%,,,,,,,,,,
13/07/2019 22:00,72855.345,36%,,,,,,,,,,
13/07/2019 23:00,77040.107,39%,,,,,,,,,,
14/07/2019 00:00,78333.415,39%,,,,,,,,,,
14/07/2019 01:00,81440.058,41%,,,,,,,,,,
14/07/2019 02:00,80857.051,40%,,,,,,,,,,
14/07/2019 03:00,76595.489,38%,,,,,,,,,,
14/07/2019 04:00,73432.797,37%,,,,,,,,,,
14/07/2019 05:00,65885.076,33%,,,,,,,,,,
14/07/2019 06:00,65402.299,33%,,,,,,,,,,
14/07/2019 07:00,62009.895,31%,,,,,,,,,,
14/07/2019 08:00,55600.926,28%,,,,,,,,,,
14/07/2019 09:00,48528.084,24%,,,,,,,,,,
14/07/2019 10:00,41933.327,21%,,,,,,,,,,
14/07/2019 11:00,36559.01,18%,,,,,,,,,,
14/07/2019 12:00,32780.205,16%,,,,,,,,,,
14/07/2019 13:00,31440.329,16%,,,,,,,,,,
14/07/2019 14:00,30985.901,15%,,,,,,,,,,
14/07/2019 15:00,30798.292,15%,,,,,,,,,,
14/07/2019 16:00,30327.569,15%,,,,,,,,,,
14/07/2019 17:00,28502.014,14%,,,,,,,,,,
14/07/2019 18:00,23951.678,12%,,,,,,,,,,
14/07/2019 19:00,16299.278,8%,,,,,,,,,,
14/07/2019 20:00,8567.988,4%,,,,,,,,,,
14/07/2019 21:00,3693.978,2%,,,,,,,,,,
14/07/2019 22:00,1984.552,1%,,,,,,,,,,
14/07/2019 23:00,2472.984,1%,,,,,,,,,,
15/07/2019 00:00,3315.258,2%,,,,,,,,,,
15/07/2019 01:00,4064.432,2%,,,,,,,,,,
15/07/2019 02:00,5045.28,3%,,,,,,,,,,
15/07/2019 03:00,6179.85,3%,,,,,,,,,,
15/07/2019 04:00,6946.95,3%,,,,,,,,,,
15/07/2019 05:00,6077.53,3%,,,,,,,,,,
15/07/2019 06:00,4230.764,2%,,,,,,,,,,
15/07/2019 07:00,2819.595,1%,,,,,,,,,,
15/07/2019 08:00,1760.363,1%,,,,,,,,,,
15/07/2019 09:00,1461.613,1%,,,,,,,,,,
15/07/2019 10:00,1812.871,1%,,,,,,,,,,
15/07/2019 11:00,2569.023,1%,,,,,,,,,,
15/07/2019 12:00,3206.468,2%,,,,,,,,,,
15/07/2019 13:00,3506.401,2%,,,,,,,,,,
15/07/2019 14:00,4739.168,2%,,,,,,,,,,
15/07/2019 15:00,9007.782,5%,,,,,,,,,,
15/07/2019 16:00,14230.935,7%,,,,,,,,,,
15/07/2019 17:00,21171.347,11%,,,,,,,,,,
15/07/2019 18:00,29766.595,15%,,,,,,,,,,
15/07/2019 19:00,35776.394,18%,,,,,,,,,,
15/07/2019 20:00,38341.265,19%,,,,,,,,,,
15/07/2019 21:00,38300.281,19%,,,,,,,,,,
15/07/2019 22:00,36468.969,18%,,,,,,,,,,
15/07/2019 23:00,34885.524,17%,,,,,,,,,,
16/07/2019 00:00,33480.896,17%,,,,,,,,,,
16/07/2019 01:00,32491.912,16%,,,,,,,,,,
16/07/2019 02:00,32487.529,16%,,,,,,,,,,
16/07/2019 03:00,30916.241,15%,,,,,,,,,,
16/07/2019 04:00,28215.444,14%,,,,,,,,,,
16/07/2019 05:00,24500.8,12%,,,,,,,,,,
16/07/2019 06:00,19596.706,10%,,,,,,,,,,
16/07/2019 07:00,16792.967,8%,,,,,,,,,,
16/07/2019 08:00,15325.001,8%,,,,,,,,,,
16/07/2019 09:00,14740.457,7%,,,,,,,,,,
16/07/2019 10:00,13914.984,7%,,,,,,,,,,
16/07/2019 11:00,13115.006,7%,,,,,,,,,,
16/07/2019 12:00,12308.232,6%,,,,,,,,,,
16/07/2019 13:00,12179.032,6%,,,,,,,,,,
16/07/2019 14:00,12485.77,6%,,,,,,,,,,
16/07/2019 15:00,11553.051,6%,,,,,,,,,,
16/07/2019 16:00,9638.342,5%,,,,,,,,,,
16/07/2019 17:00,9279.256,5%,,,,,,,,,,
16/07/2019 18:00,9590.879,5%,,,,,,,,,,
16/07/2019 19:00,11962.806,6%,,,,,,,,,,
16/07/2019 20:00,15204.818,8%,,,,,,,,,,
16/07/2019 21:00,19220.532,10%,,,,,,,,,,
16/07/2019 22:00,23513.719,12%,,,,,,,,,,
16/07/2019 23:00,26296.188,13%,,,,,,,,,,
17/07/2019 00:00,28027.436,14%,,,,,,,,,,
17/07/2019 01:00,27924.646,14%,,,,,,,,,,
17/07/2019 02:00,28248.939,14%,,,,,,,,,,
17/07/2019 03:00,33488.889,17%,,,,,,,,,,
17/07/2019 04:00,44041.191,22%,,,,,,,,,,
17/07/2019 05:00,55513.076,28%,,,,,,,,,,
17/07/2019 06:00,61600.338,31%,,,,,,,,,,
17/07/2019 07:00,54880.891,27%,,,,,,,,,,
17/07/2019 08:00,42059.752,21%,,,,,,,,,,
17/07/2019 09:00,48593.739,24%,,,,,,,,,,
17/07/2019 10:00,81913.124,41%,,,,,,,,,,
17/07/2019 11:00,110820.609,55%,,,,,,,,,,
17/07/2019 12:00,123065.951,62%,,,,,,,,,,
17/07/2019 13:00,126089.311,63%,,,,,,,,,,
17/07/2019 14:00,126573.496,63%,,,,,,,,,,
17/07/2019 15:00,128873.6,64%,,,,,,,,,,
17/07/2019 16:00,130879.898,65%,,,,,,,,,,
17/07/2019 17:00,131235.845,66%,,,,,,,,,,
17/07/2019 18:00,127608.25,64%,,,,,,,,,,
17/07/2019 19:00,121643.762,61%,,,,,,,,,,
17/07/2019 20:00,120366.176,60%,,,,,,,,,,
17/07/2019 21:00,118276.195,59%,,,,,,,,,,
17/07/2019 22:00,105377.805,53%,,,,,,,,,,
17/07/2019 23:00,87679.984,44%,,,,,,,,,,
18/07/2019 00:00,68126.034,34%,,,,,,,,,,
18/07/2019 01:00,53926.18,27%,,,,,,,,,,
18/07/2019 02:00,50190.158,25%,,,,,,,,,,
18/07/2019 03:00,55998.738,28%,,,,,,,,,,
18/07/2019 04:00,59392.896,30%,,,,,,,,,,
18/07/2019 05:00,53716.751,27%,,,,,,,,,,
18/07/2019 06:00,45046.064,23%,,,,,,,,,,
18/07/2019 07:00,36940.503,18%,,,,,,,,,,
18/07/2019 08:00,34805.721,17%,,,,,,,,,,
18/07/2019 09:00,38237.508,19%,,,,,,,,,,
18/07/2019 10:00,48844.804,24%,,,,,,,,,,
18/07/2019 11:00,59836.148,30%,,,,,,,,,,
18/07/2019 12:00,69036.602,35%,,,,,,,,,,
18/07/2019 13:00,76549.75,38%,,,,,,,,,,
18/07/2019 14:00,76377.971,38%,,,,,,,,,,
18/07/2019 15:00,72852.402,36%,,,,,,,,,,
18/07/2019 16:00,72273.489,36%,,,,,,,,,,
18/07/2019 17:00,72095.21,36%,,,,,,,,,,
18/07/2019 18:00,72029.57,36%,,,,,,,,,,
18/07/2019 19:00,72848.103,36%,,,,,,,,,,
18/07/2019 20:00,79352.041,40%,,,,,,,,,,
18/07/2019 21:00,92706.777,46%,,,,,,,,,,
18/07/2019 22:00,98218.731,49%,,,,,,,,,,
18/07/2019 23:00,94841.971,47%,,,,,,,,,,
19/07/2019 00:00,88507.601,44%,,,,,,,,,,
19/07/2019 01:00,83189.306,42%,,,,,,,,,,
19/07/2019 02:00,80449.364,40%,,,,,,,,,,
19/07/2019 03:00,77667.392,39%,,,,,,,,,,
19/07/2019 04:00,72575.423,36%,,,,,,,,,,
19/07/2019 05:00,58262.942,29%,,,,,,,,,,
19/07/2019 06:00,50525.25,25%,,,,,,,,,,
19/07/2019 07:00,53399.005,27%,,,,,,,,,,
19/07/2019 08:00,56041.35,28%,,,,,,,,,,
19/07/2019 09:00,62242.188,31%,,,,,,,,,,
19/07/2019 10:00,71535.195,36%,,,,,,,,,,
19/07/2019 11:00,81133.227,41%,,,,,,,,,,
19/07/2019 12:00,87446.659,44%,,,,,,,,,,
19/07/2019 13:00,90059.099,45%,,,,,,,,,,
19/07/2019 14:00,91883.963,46%,,,,,,,,,,
19/07/2019 15:00,93262.879,47%,,,,,,,,,,
19/07/2019 16:00,96975.292,48%,,,,,,,,,,
19/07/2019 17:00,104402.579,52%,,,,,,,,,,
19/07/2019 18:00,105338.5,53%,,,,,,,,,,
19/07/2019 19:00,99016.779,50%,,,,,,,,,,
19/07/2019 20:00,99886.235,50%,,,,,,,,,,
19/07/2019 21:00,100383.571,50%,,,,,,,,,,
19/07/2019 22:00,105115.115,53%,,,,,,,,,,
19/07/2019 23:00,111338.806,56%,,,,,,,,,,
20/07/2019 00:00,110483.554,55%,,,,,,,,,,
20/07/2019 01:00,97519.211,49%,,,,,,,,,,
20/07/2019 02:00,85992.122,43%,,,,,,,,,,
20/07/2019 03:00,83909.221,42%,,,,,,,,,,
20/07/2019 04:00,87419.941,44%,,,,,,,,,,
20/07/2019 05:00,75248.098,38%,,,,,,,,,,
20/07/2019 06:00,57777.063,29%,,,,,,,,,,
20/07/2019 07:00,42097.2,21%,,,,,,,,,,
20/07/2019 08:00,28797.219,14%,,,,,,,,,,
20/07/2019 09:00,22782.557,11%,,,,,,,,,,
20/07/2019 10:00,21308.535,11%,,,,,,,,,,
20/07/2019 11:00,22791.74,11%,,,,,,,,,,
20/07/2019 12:00,27791.436,14%,,,,,,,,,,
20/07/2019 13:00,41521.328,21%,,,,,,,,,,
20/07/2019 14:00,62366.201,31%,,,,,,,,,,
20/07/2019 15:00,83364.369,42%,,,,,,,,,,
20/07/2019 16:00,96844.239,48%,,,,,,,,,,
20/07/2019 17:00,92354.726,46%,,,,,,,,,,
20/07/2019 18:00,71136.611,36%,,,,,,,,,,
20/07/2019 19:00,55595.254,28%,,,,,,,,,,
20/07/2019 20:00,53187.222,27%,,,,,,,,,,
20/07/2019 21:00,52191.118,26%,,,,,,,,,,
20/07/2019 22:00,46975.35,23%,,,,,,,,,,
20/07/2019 23:00,46582.501,23%,,,,,,,,,,
21/07/2019 00:00,49276.961,25%,,,,,,,,,,
21/07/2019 01:00,52283.036,26%,,,,,,,,,,
21/07/2019 02:00,56908.038,28%,,,,,,,,,,
21/07/2019 03:00,60727.393,30%,,,,,,,,,,
21/07/2019 04:00,62242.279,31%,,,,,,,,,,
21/07/2019 05:00,50972.131,25%,,,,,,,,,,
21/07/2019 06:00,43764.032,22%,,,,,,,,,,
21/07/2019 07:00,46815.153,23%,,,,,,,,,,
21/07/2019 08:00,53924.395,27%,,,,,,,,,,
21/07/2019 09:00,63322.704,32%,,,,,,,,,,
21/07/2019 10:00,75042.796,38%,,,,,,,,,,
21/07/2019 11:00,86819.359,43%,,,,,,,,,,
21/07/2019 12:00,98698.829,49%,,,,,,,,,,
21/07/2019 13:00,109945.064,55%,,,,,,,,,,
21/07/2019 14:00,117278.374,59%,,,,,,,,,,
21/07/2019 15:00,119359.784,60%,,,,,,,,,,
21/07/2019 16:00,132356.877,66%,,,,,,,,,,
21/07/2019 17:00,138947.958,69%,,,,,,,,,,
21/07/2019 18:00,160872.192,80%,,,,,,,,,,
21/07/2019 19:00,172058.982,86%,,,,,,,,,,
21/07/2019 20:00,178941.722,89%,,,,,,,,,,
21/07/2019 21:00,182575.409,91%,,,,,,,,,,
21/07/2019 22:00,180944.139,90%,,,,,,,,,,
21/07/2019 23:00,179030.959,90%,,,,,,,,,,
22/07/2019 00:00,165737.326,83%,,,,,,,,,,
22/07/2019 01:00,143570.332,72%,,,,,,,,,,
22/07/2019 02:00,128367.55,64%,,,,,,,,,,
22/07/2019 03:00,117195.395,59%,,,,,,,,,,
22/07/2019 04:00,107514.924,54%,,,,,,,,,,
22/07/2019 05:00,96046.051,48%,,,,,,,,,,
22/07/2019 06:00,84120.948,42%,,,,,,,,,,
22/07/2019 07:00,85705.661,43%,,,,,,,,,,
22/07/2019 08:00,86376.635,43%,,,,,,,,,,
22/07/2019 09:00,97669.296,49%,,,,,,,,,,
22/07/2019 10:00,112609.891,56%,,,,,,,,,,
22/07/2019 11:00,125433.337,63%,,,,,,,,,,
22/07/2019 12:00,141599.863,71%,,,,,,,,,,
22/07/2019 13:00,152303.708,76%,,,,,,,,,,
22/07/2019 14:00,165030.905,83%,,,,,,,,,,
22/07/2019 15:00,169782.283,85%,,,,,,,,,,
22/07/2019 16:00,168408.631,84%,,,,,,,,,,
22/07/2019 17:00,160012.392,80%,,,,,,,,,,
22/07/2019 18:00,151149.226,76%,,,,,,,,,,
22/07/2019 19:00,140630.699,70%,,,,,,,,,,
22/07/2019 20:00,133467.886,67%,,,,,,,,,,
22/07/2019 21:00,128181.492,64%,,,,,,,,,,
22/07/2019 22:00,121496.805,61%,,,,,,,,,,
22/07/2019 23:00,117068.57,59%,,,,,,,,,,
23/07/2019 00:00,111141.369,56%,,,,,,,,,,
23/07/2019 01:00,110482.949,55%,,,,,,,,,,
23/07/2019 02:00,111790.474,56%,,,,,,,,,,
23/07/2019 03:00,110483.586,55%,,,,,,,,,,
23/07/2019 04:00,109669.191,55%,,,,,,,,,,
23/07/2019 05:00,106833.103,53%,,,,,,,,,,
23/07/2019 06:00,108937.032,54%,,,,,,,,,,
23/07/2019 07:00,121437.976,61%,,,,,,,,,,
23/07/2019 08:00,121882.681,61%,,,,,,,,,,
23/07/2019 09:00,118186.781,59%,,,,,,,,,,
23/07/2019 10:00,114752.249,57%,,,,,,,,,,
23/07/2019 11:00,114878.828,57%,,,,,,,,,,
23/07/2019 12:00,115543.384,58%,,,,,,,,,,
23/07/2019 13:00,113181.06,57%,,,,,,,,,,
23/07/2019 14:00,109881.897,55%,,,,,,,,,,
23/07/2019 15:00,107922.911,54%,,,,,,,,,,
23/07/2019 16:00,107514.976,54%,,,,,,,,,,
23/07/2019 17:00,105440.34,53%,,,,,,,,,,
23/07/2019 18:00,100144.142,50%,,,,,,,,,,
23/07/2019 19:00,99594.47,50%,,,,,,,,,,
23/07/2019 20:00,101302.167,51%,,,,,,,,,,
23/07/2019 21:00,104482.24,52%,,,,,,,,,,
23/07/2019 22:00,107240.259,54%,,,,,,,,,,
23/07/2019 23:00,108059.527,54%,,,,,,,,,,
24/07/2019 00:00,113359.591,57%,,,,,,,,,,
24/07/2019 01:00,109945.162,55%,,,,,,,,,,
24/07/2019 02:00,120244.263,60%,,,,,,,,,,
24/07/2019 03:00,133323.329,67%,,,,,,,,,,
24/07/2019 04:00,137173.089,69%,,,,,,,,,,
24/07/2019 05:00,138470.851,69%,,,,,,,,,,
24/07/2019 06:00,138494.235,69%,,,,,,,,,,
24/07/2019 07:00,138037.226,69%,,,,,,,,,,
24/07/2019 08:00,129624.963,65%,,,,,,,,,,
24/07/2019 09:00,135643.862,68%,,,,,,,,,,
24/07/2019 10:00,145312.545,73%,,,,,,,,,,
24/07/2019 11:00,135343.083,68%,,,,,,,,,,
24/07/2019 12:00,126572.773,63%,,,,,,,,,,
24/07/2019 13:00,113158.818,57%,,,,,,,,,,
24/07/2019 14:00,99332.765,50%,,,,,,,,,,
24/07/2019 15:00,87521.789,44%,,,,,,,,,,
24/07/2019 16:00,77801.994,39%,,,,,,,,,,
24/07/2019 17:00,70745.211,35%,,,,,,,,,,
24/07/2019 18:00,72322.282,36%,,,,,,,,,,
24/07/2019 19:00,79558.709,40%,,,,,,,,,,
24/07/2019 20:00,86377.951,43%,,,,,,,,,,
24/07/2019 21:00,91915.802,46%,,,,,,,,,,
24/07/2019 22:00,94154.242,47%,,,,,,,,,,
24/07/2019 23:00,93128.069,47%,,,,,,,,,,
25/07/2019 00:00,88304.544,44%,,,,,,,,,,
25/07/2019 01:00,83895.949,42%,,,,,,,,,,
25/07/2019 02:00,78207.266,39%,,,,,,,,,,
25/07/2019 03:00,70634.674,35%,,,,,,,,,,
25/07/2019 04:00,64012.678,32%,,,,,,,,,,
25/07/2019 05:00,55888.877,28%,,,,,,,,,,
25/07/2019 06:00,53934.071,27%,,,,,,,,,,
25/07/2019 07:00,66826.931,33%,,,,,,,,,,
25/07/2019 08:00,79578.873,40%,,,,,,,,,,
25/07/2019 09:00,92708.311,46%,,,,,,,,,,
25/07/2019 10:00,107510.807,54%,,,,,,,,,,
25/07/2019 11:00,117382.342,59%,,,,,,,,,,
25/07/2019 12:00,127088.533,64%,,,,,,,,,,
25/07/2019 13:00,137957.75,69%,,,,,,,,,,
25/07/2019 14:00,143264.763,72%,,,,,,,,,,
25/07/2019 15:00,144004.181,72%,,,,,,,,,,
25/07/2019 16:00,143717.616,72%,,,,,,,,,,
25/07/2019 17:00,141292.223,71%,,,,,,,,,,
25/07/2019 18:00,135156.807,68%,,,,,,,,,,
25/07/2019 19:00,135482.406,68%,,,,,,,,,,
25/07/2019 20:00,105069.081,53%,,,,,,,,,,
25/07/2019 21:00,108213.71,54%,,,,,,,,,,
25/07/2019 22:00,124705.809,62%,,,,,,,,,,
25/07/2019 23:00,128929.769,64%,,,,,,,,,,
26/07/2019 00:00,129210.444,65%,,,,,,,,,,
26/07/2019 01:00,135018.659,68%,,,,,,,,,,
26/07/2019 02:00,124186.001,62%,,,,,,,,,,
26/07/2019 03:00,93458.595,47%,,,,,,,,,,
26/07/2019 04:00,72250.122,36%,,,,,,,,,,
26/07/2019 05:00,58195.531,29%,,,,,,,,,,
26/07/2019 06:00,47358.746,24%,,,,,,,,,,
26/07/2019 07:00,47125.2,24%,,,,,,,,,,
26/07/2019 08:00,53973.88,27%,,,,,,,,,,
26/07/2019 09:00,59033.087,30%,,,,,,,,,,
26/07/2019 10:00,61798.695,31%,,,,,,,,,,
26/07/2019 11:00,66311.629,33%,,,,,,,,,,
26/07/2019 12:00,68130.454,34%,,,,,,,,,,
26/07/2019 13:00,68279.024,34%,,,,,,,,,,
26/07/2019 14:00,67617.872,34%,,,,,,,,,,
26/07/2019 15:00,66317.32,33%,,,,,,,,,,
26/07/2019 16:00,60247.064,30%,,,,,,,,,,
26/07/2019 17:00,49415.031,25%,,,,,,,,,,
26/07/2019 18:00,41609.226,21%,,,,,,,,,,
26/07/2019 19:00,41041.149,21%,,,,,,,,,,
26/07/2019 20:00,37192.881,19%,,,,,,,,,,
26/07/2019 21:00,21737.976,11%,,,,,,,,,,
26/07/2019 22:00,10581.42,5%,,,,,,,,,,
26/07/2019 23:00,11536.808,6%,,,,,,,,,,
27/07/2019 00:00,14259.572,7%,,,,,,,,,,
27/07/2019 01:00,11335.033,6%,,,,,,,,,,
27/07/2019 02:00,9557.169,5%,,,,,,,,,,
27/07/2019 03:00,14303.589,7%,,,,,,,,,,
27/07/2019 04:00,20935.71,10%,,,,,,,,,,
27/07/2019 05:00,23553.908,12%,,,,,,,,,,
27/07/2019 06:00,24646.105,12%,,,,,,,,,,
27/07/2019 07:00,28774.186,14%,,,,,,,,,,
27/07/2019 08:00,37531.967,19%,,,,,,,,,,
27/07/2019 09:00,50341.017,25%,,,,,,,,,,
27/07/2019 10:00,68130.966,34%,,,,,,,,,,
27/07/2019 11:00,91333.123,46%,,,,,,,,,,
27/07/2019 12:00,111476.693,56%,,,,,,,,,,
27/07/2019 13:00,119330.368,60%,,,,,,,,,,
27/07/2019 14:00,117862.559,59%,,,,,,,,,,
27/07/2019 15:00,117906.335,59%,,,,,,,,,,
27/07/2019 16:00,114220.647,57%,,,,,,,,,,
27/07/2019 17:00,102354.403,51%,,,,,,,,,,
27/07/2019 18:00,95130.498,48%,,,,,,,,,,
27/07/2019 19:00,90211.785,45%,,,,,,,,,,
27/07/2019 20:00,100943.131,50%,,,,,,,,,,
27/07/2019 21:00,97073.809,49%,,,,,,,,,,
27/07/2019 22:00,93788.637,47%,,,,,,,,,,
27/07/2019 23:00,94152.875,47%,,,,,,,,,,
28/07/2019 00:00,98416.869,49%,,,,,,,,,,
28/07/2019 01:00,109387.257,55%,,,,,,,,,,
28/07/2019 02:00,115470.891,58%,,,,,,,,,,
28/07/2019 03:00,116395.421,58%,,,,,,,,,,
28/07/2019 04:00,115545.371,58%,,,,,,,,,,
28/07/2019 05:00,104513.954,52%,,,,,,,,,,
28/07/2019 06:00,98830.71,49%,,,,,,,,,,
28/07/2019 07:00,96052.361,48%,,,,,,,,,,
28/07/2019 08:00,100692.09,50%,,,,,,,,,,
28/07/2019 09:00,98196.814,49%,,,,,,,,,,
28/07/2019 10:00,86664.544,43%,,,,,,,,,,
28/07/2019 11:00,82373.189,41%,,,,,,,,,,
28/07/2019 12:00,83911.26,42%,,,,,,,,,,
28/07/2019 13:00,87227.587,44%,,,,,,,,,,
28/07/2019 14:00,89719.411,45%,,,,,,,,,,
28/07/2019 15:00,88852.689,44%,,,,,,,,,,
28/07/2019 16:00,85560.923,43%,,,,,,,,,,
28/07/2019 17:00,77126.073,39%,,,,,,,,,,
28/07/2019 18:00,67353.326,34%,,,,,,,,,,
28/07/2019 19:00,57170.341,29%,,,,,,,,,,
28/07/2019 20:00,54343.928,27%,,,,,,,,,,
28/07/2019 21:00,53311.515,27%,,,,,,,,,,
28/07/2019 22:00,50988.246,25%,,,,,,,,,,
28/07/2019 23:00,49052.27,25%,,,,,,,,,,
29/07/2019 00:00,43673.079,22%,,,,,,,,,,
29/07/2019 01:00,35004.409,18%,,,,,,,,,,
29/07/2019 02:00,24791.539,12%,,,,,,,,,,
29/07/2019 03:00,16484.628,8%,,,,,,,,,,
29/07/2019 04:00,11690.125,6%,,,,,,,,,,
29/07/2019 05:00,10030.307,5%,,,,,,,,,,
29/07/2019 06:00,9646.135,5%,,,,,,,,,,
29/07/2019 07:00,11932.805,6%,,,,,,,,,,
29/07/2019 08:00,15281.617,8%,,,,,,,,,,
29/07/2019 09:00,19005.69,10%,,,,,,,,,,
29/07/2019 10:00,23668.516,12%,,,,,,,,,,
29/07/2019 11:00,27090.208,14%,,,,,,,,,,
29/07/2019 12:00,28487.573,14%,,,,,,,,,,
29/07/2019 13:00,28160.806,14%,,,,,,,,,,
29/07/2019 14:00,26479.379,13%,,,,,,,,,,
29/07/2019 15:00,23685.305,12%,,,,,,,,,,
29/07/2019 16:00,21526.904,11%,,,,,,,,,,
29/07/2019 17:00,19883.909,10%,,,,,,,,,,
29/07/2019 18:00,18556.304,9%,,,,,,,,,,
29/07/2019 19:00,19549.034,10%,,,,,,,,,,
29/07/2019 20:00,24011.134,12%,,,,,,,,,,
29/07/2019 21:00,28350.846,14%,,,,,,,,,,
29/07/2019 22:00,30572.004,15%,,,,,,,,,,
29/07/2019 23:00,30949.341,15%,,,,,,,,,,
30/07/2019 00:00,30405.095,15%,,,,,,,,,,
30/07/2019 01:00,28795.147,14%,,,,,,,,,,
30/07/2019 02:00,27931.48,14%,,,,,,,,,,
30/07/2019 03:00,28803.816,14%,,,,,,,,,,
30/07/2019 04:00,29804.328,15%,,,,,,,,,,
30/07/2019 05:00,28361.311,14%,,,,,,,,,,
30/07/2019 06:00,23850.414,12%,,,,,,,,,,
30/07/2019 07:00,25619.18,13%,,,,,,,,,,
30/07/2019 08:00,27584.908,14%,,,,,,,,,,
30/07/2019 09:00,31336.68,16%,,,,,,,,,,
30/07/2019 10:00,33688.347,17%,,,,,,,,,,
30/07/2019 11:00,35240.571,18%,,,,,,,,,,
30/07/2019 12:00,37935.592,19%,,,,,,,,,,
30/07/2019 13:00,41022.139,21%,,,,,,,,,,
30/07/2019 14:00,43965.906,22%,,,,,,,,,,
30/07/2019 15:00,48152.904,24%,,,,,,,,,,
30/07/2019 16:00,54244.288,27%,,,,,,,,,,
30/07/2019 17:00,58272.365,29%,,,,,,,,,,
30/07/2019 18:00,58686.482,29%,,,,,,,,,,
30/07/2019 19:00,55596.539,28%,,,,,,,,,,
30/07/2019 20:00,53168.488,27%,,,,,,,,,,
30/07/2019 21:00,46138.125,23%,,,,,,,,,,
30/07/2019 22:00,38865.654,19%,,,,,,,,,,
30/07/2019 23:00,32581.262,16%,,,,,,,,,,
31/07/2019 00:00,26934.14,13%,,,,,,,,,,
31/07/2019 01:00,22861.445,11%,,,,,,,,,,
31/07/2019 02:00,22368.698,11%,,,,,,,,,,
31/07/2019 03:00,24039.596,12%,,,,,,,,,,
31/07/2019 04:00,26312.836,13%,,,,,,,,,,
31/07/2019 05:00,24682.217,12%,,,,,,,,,,
31/07/2019 06:00,24070.115,12%,,,,,,,,,,
31/07/2019 07:00,28067.443,14%,,,,,,,,,,
31/07/2019 08:00,34855.872,17%,,,,,,,,,,
31/07/2019 09:00,38682.47,19%,,,,,,,,,,
31/07/2019 10:00,36112.423,18%,,,,,,,,,,
31/07/2019 11:00,30641.302,15%,,,,,,,,,,
31/07/2019 12:00,26602.029,13%,,,,,,,,,,
31/07/2019 13:00,23083.828,12%,,,,,,,,,,
31/07/2019 14:00,18922.505,9%,,,,,,,,,,
31/07/2019 15:00,15847.363,8%,,,,,,,,,,
31/07/2019 16:00,13685.241,7%,,,,,,,,,,
31/07/2019 17:00,11986.141,6%,,,,,,,,,,
31/07/2019 18:00,10249.41,5%,,,,,,,,,,
31/07/2019 19:00,9791.797,5%,,,,,,,,,,
31/07/2019 20:00,9787.94,5%,,,,,,,,,,
31/07/2019 21:00,10400.1,5%,,,,,,,,,,
31/07/2019 22:00,13260.377,7%,,,,,,,,,,
31/07/2019 23:00,18649.013,9%,,,,,,,,,,
01/08/2019 00:00,27230.967,14%,,,,,,,,,,
01/08/2019 01:00,38341.724,19%,,,,,,,,,,
01/08/2019 02:00,48569.103,24%,,,,,,,,,,
01/08/2019 03:00,53127.989,27%,,,,,,,,,,
01/08/2019 04:00,52679.952,26%,,,,,,,,,,
01/08/2019 05:00,46580.511,23%,,,,,,,,,,
01/08/2019 06:00,38334.815,19%,,,,,,,,,,
01/08/2019 07:00,35774.347,18%,,,,,,,,,,
01/08/2019 08:00,33322.739,17%,,,,,,,,,,
01/08/2019 09:00,32416.797,16%,,,,,,,,,,
01/08/2019 10:00,33489.372,17%,,,,,,,,,,
01/08/2019 11:00,35167.694,18%,,,,,,,,,,
01/08/2019 12:00,36386.295,18%,,,,,,,,,,
01/08/2019 13:00,38343.418,19%,,,,,,,,,,
01/08/2019 14:00,40526.87,20%,,,,,,,,,,
01/08/2019 15:00,43562.164,22%,,,,,,,,,,
01/08/2019 16:00,48593.818,24%,,,,,,,,,,
01/08/2019 17:00,52746.468,26%,,,,,,,,,,
01/08/2019 18:00,51098.935,26%,,,,,,,,,,
01/08/2019 19:00,46585.873,23%,,,,,,,,,,
01/08/2019 20:00,46903.831,23%,,,,,,,,,,
01/08/2019 21:00,47552.79,24%,,,,,,,,,,
01/08/2019 22:00,46140.236,23%,,,,,,,,,,
01/08/2019 23:00,43956.191,22%,,,,,,,,,,
02/08/2019 00:00,40172.141,20%,,,,,,,,,,
02/08/2019 01:00,36536.313,18%,,,,,,,,,,
02/08/2019 02:00,34928.374,17%,,,,,,,,,,
02/08/2019 03:00,33560.077,17%,,,,,,,,,,
02/08/2019 04:00,32395.919,16%,,,,,,,,,,
02/08/2019 05:00,28737.147,14%,,,,,,,,,,
02/08/2019 06:00,23031.421,12%,,,,,,,,,,
02/08/2019 07:00,20370.702,10%,,,,,,,,,,
02/08/2019 08:00,18365.632,9%,,,,,,,,,,
02/08/2019 09:00,17240.608,9%,,,,,,,,,,
02/08/2019 10:00,15291.806,8%,,,,,,,,,,
02/08/2019 11:00,13586.426,7%,,,,,,,,,,
02/08/2019 12:00,12265.282,6%,,,,,,,,,,
02/08/2019 13:00,11698.623,6%,,,,,,,,,,
02/08/2019 14:00,11358.714,6%,,,,,,,,,,
02/08/2019 15:00,11492.607,6%,,,,,,,,,,
02/08/2019 16:00,11620.654,6%,,,,,,,,,,
02/08/2019 17:00,11446.812,6%,,,,,,,,,,
02/08/2019 18:00,10136.123,5%,,,,,,,,,,
02/08/2019 19:00,8509.253,4%,,,,,,,,,,
02/08/2019 20:00,5917.242,3%,,,,,,,,,,
02/08/2019 21:00,3597.591,2%,,,,,,,,,,
02/08/2019 22:00,2843.597,1%,,,,,,,,,,
02/08/2019 23:00,3848.217,2%,,,,,,,,,,
03/08/2019 00:00,6139.213,3%,,,,,,,,,,
03/08/2019 01:00,8843.11,4%,,,,,,,,,,
03/08/2019 02:00,11552.126,6%,,,,,,,,,,
03/08/2019 03:00,14139.552,7%,,,,,,,,,,
03/08/2019 04:00,16657.814,8%,,,,,,,,,,
03/08/2019 05:00,18557.684,9%,,,,,,,,,,
03/08/2019 06:00,17724.968,9%,,,,,,,,,,
03/08/2019 07:00,17360.754,9%,,,,,,,,,,
03/08/2019 08:00,16297.507,8%,,,,,,,,,,
03/08/2019 09:00,14213.735,7%,,,,,,,,,,
03/08/2019 10:00,11805.219,6%,,,,,,,,,,
03/08/2019 11:00,9632.757,5%,,,,,,,,,,
03/08/2019 12:00,8332.046,4%,,,,,,,,,,
03/08/2019 13:00,7450.804,4%,,,,,,,,,,
03/08/2019 14:00,6758.1,3%,,,,,,,,,,
03/08/2019 15:00,6257.44,3%,,,,,,,,,,
03/08/2019 16:00,6435.687,3%,,,,,,,,,,
03/08/2019 17:00,7286.584,4%,,,,,,,,,,
03/08/2019 18:00,9188.717,5%,,,,,,,,,,
03/08/2019 19:00,11554.806,6%,,,,,,,,,,
03/08/2019 20:00,12218.209,6%,,,,,,,,,,
03/08/2019 21:00,10807.37,5%,,,,,,,,,,
03/08/2019 22:00,9418.318,5%,,,,,,,,,,
03/08/2019 23:00,8419.966,4%,,,,,,,,,,
04/08/2019 00:00,7655.385,4%,,,,,,,,,,
04/08/2019 01:00,7257.209,4%,,,,,,,,,,
04/08/2019 02:00,7513.844,4%,,,,,,,,,,
04/08/2019 03:00,8099.715,4%,,,,,,,,,,
04/08/2019 04:00,9298.586,5%,,,,,,,,,,
04/08/2019 05:00,10078.379,5%,,,,,,,,,,
04/08/2019 06:00,11098.491,6%,,,,,,,,,,
04/08/2019 07:00,12987.73,6%,,,,,,,,,,
04/08/2019 08:00,15239.14,8%,,,,,,,,,,
04/08/2019 09:00,16936.583,8%,,,,,,,,,,
04/08/2019 10:00,20176.992,10%,,,,,,,,,,
04/08/2019 11:00,25269.427,13%,,,,,,,,,,
04/08/2019 12:00,32020.172,16%,,,,,,,,,,
04/08/2019 13:00,38945.169,19%,,,,,,,,,,
04/08/2019 14:00,44961.691,22%,,,,,,,,,,
04/08/2019 15:00,50996.717,25%,,,,,,,,,,
04/08/2019 16:00,58901.652,29%,,,,,,,,,,
04/08/2019 17:00,65642.07,33%,,,,,,,,,,
04/08/2019 18:00,69875.927,35%,,,,,,,,,,
04/08/2019 19:00,76516.755,38%,,,,,,,,,,
04/08/2019 20:00,83856.116,42%,,,,,,,,,,
04/08/2019 21:00,89939.097,45%,,,,,,,,,,
04/08/2019 22:00,93209.872,47%,,,,,,,,,,
04/08/2019 23:00,94179.132,47%,,,,,,,,,,
05/08/2019 00:00,95132.088,48%,,,,,,,,,,
05/08/2019 01:00,100866.486,50%,,,,,,,,,,
05/08/2019 02:00,108094.083,54%,,,,,,,,,,
05/08/2019 03:00,106429.701,53%,,,,,,,,,,
05/08/2019 04:00,98955.035,49%,,,,,,,,,,
05/08/2019 05:00,84461.203,42%,,,,,,,,,,
05/08/2019 06:00,67353.289,34%,,,,,,,,,,
05/08/2019 07:00,57978.361,29%,,,,,,,,,,
05/08/2019 08:00,59171.999,30%,,,,,,,,,,
05/08/2019 09:00,62810.831,31%,,,,,,,,,,
05/08/2019 10:00,67372.185,34%,,,,,,,,,,
05/08/2019 11:00,69739.623,35%,,,,,,,,,,
05/08/2019 12:00,67353.249,34%,,,,,,,,,,
05/08/2019 13:00,60270.056,30%,,,,,,,,,,
05/08/2019 14:00,51089.826,26%,,,,,,,,,,
05/08/2019 15:00,45928.057,23%,,,,,,,,,,
05/08/2019 16:00,43957.189,22%,,,,,,,,,,
05/08/2019 17:00,44450.494,22%,,,,,,,,,,
05/08/2019 18:00,50490.696,25%,,,,,,,,,,
05/08/2019 19:00,62341.774,31%,,,,,,,,,,
05/08/2019 20:00,73772.178,37%,,,,,,,,,,
05/08/2019 21:00,77421.078,39%,,,,,,,,,,
05/08/2019 22:00,74578.562,37%,,,,,,,,,,
05/08/2019 23:00,64525.588,32%,,,,,,,,,,
06/08/2019 00:00,54267.594,27%,,,,,,,,,,
06/08/2019 01:00,44243.672,22%,,,,,,,,,,
06/08/2019 02:00,36015.644,18%,,,,,,,,,,
06/08/2019 03:00,31041.327,16%,,,,,,,,,,
06/08/2019 04:00,29479.802,15%,,,,,,,,,,
06/08/2019 05:00,29442.501,15%,,,,,,,,,,
06/08/2019 06:00,26408.729,13%,,,,,,,,,,
06/08/2019 07:00,23546.331,12%,,,,,,,,,,
06/08/2019 08:00,25963.379,13%,,,,,,,,,,
06/08/2019 09:00,30232.936,15%,,,,,,,,,,
06/08/2019 10:00,33109.43,17%,,,,,,,,,,
06/08/2019 11:00,33228.119,17%,,,,,,,,,,
06/08/2019 12:00,31860.532,16%,,,,,,,,,,
06/08/2019 13:00,31650.481,16%,,,,,,,,,,
06/08/2019 14:00,31760.879,16%,,,,,,,,,,
06/08/2019 15:00,32204.196,16%,,,,,,,,,,
06/08/2019 16:00,32204.915,16%,,,,,,,,,,
06/08/2019 17:00,30916.666,15%,,,,,,,,,,
06/08/2019 18:00,28101.585,14%,,,,,,,,,,
06/08/2019 19:00,27177.567,14%,,,,,,,,,,
06/08/2019 20:00,27160.487,14%,,,,,,,,,,
06/08/2019 21:00,24275.962,12%,,,,,,,,,,
06/08/2019 22:00,19266.361,10%,,,,,,,,,,
06/08/2019 23:00,13984.539,7%,,,,,,,,,,
07/08/2019 00:00,9169.123,5%,,,,,,,,,,
07/08/2019 01:00,5735.128,3%,,,,,,,,,,
07/08/2019 02:00,3691.629,2%,,,,,,,,,,
07/08/2019 03:00,2629.648,1%,,,,,,,,,,
07/08/2019 04:00,2803.618,1%,,,,,,,,,,
07/08/2019 05:00,4625.527,2%,,,,,,,,,,
07/08/2019 06:00,7505.223,4%,,,,,,,,,,
07/08/2019 07:00,11265.604,6%,,,,,,,,,,
07/08/2019 08:00,16105.028,8%,,,,,,,,,,
07/08/2019 09:00,20564.594,10%,,,,,,,,,,
07/08/2019 10:00,23725.899,12%,,,,,,,,,,
07/08/2019 11:00,27401.779,14%,,,,,,,,,,
07/08/2019 12:00,33445.263,17%,,,,,,,,,,
07/08/2019 13:00,42318.812,21%,,,,,,,,,,
07/08/2019 14:00,53093.574,27%,,,,,,,,,,
07/08/2019 15:00,64014.44,32%,,,,,,,,,,
07/08/2019 16:00,70913.289,35%,,,,,,,,,,
07/08/2019 17:00,72320.908,36%,,,,,,,,,,
07/08/2019 18:00,75148.828,38%,,,,,,,,,,
07/08/2019 19:00,90733.15,45%,,,,,,,,,,
07/08/2019 20:00,96494.585,48%,,,,,,,,,,
07/08/2019 21:00,98170.584,49%,,,,,,,,,,
07/08/2019 22:00,102583.834,51%,,,,,,,,,,
07/08/2019 23:00,104523.992,52%,,,,,,,,,,
08/08/2019 00:00,105970.154,53%,,,,,,,,,,
08/08/2019 01:00,102840.329,51%,,,,,,,,,,
08/08/2019 02:00,100894.257,50%,,,,,,,,,,
08/08/2019 03:00,100459.018,50%,,,,,,,,,,
08/08/2019 04:00,96749.416,48%,,,,,,,,,,
08/08/2019 05:00,90005.887,45%,,,,,,,,,,
08/08/2019 06:00,91332.387,46%,,,,,,,,,,
08/08/2019 07:00,98686.526,49%,,,,,,,,,,
08/08/2019 08:00,98768.185,49%,,,,,,,,,,
08/08/2019 09:00,95742.26,48%,,,,,,,,,,
08/08/2019 10:00,90389.876,45%,,,,,,,,,,
08/08/2019 11:00,82721.399,41%,,,,,,,,,,
08/08/2019 12:00,73411.872,37%,,,,,,,,,,
08/08/2019 13:00,62241.384,31%,,,,,,,,,,
08/08/2019 14:00,52060.498,26%,,,,,,,,,,
08/08/2019 15:00,45483.945,23%,,,,,,,,,,
08/08/2019 16:00,42890.856,21%,,,,,,,,,,
08/08/2019 17:00,48967.521,24%,,,,,,,,,,
08/08/2019 18:00,50695.194,25%,,,,,,,,,,
08/08/2019 19:00,40979.605,20%,,,,,,,,,,
08/08/2019 20:00,37529.646,19%,,,,,,,,,,
08/08/2019 21:00,31541.236,16%,,,,,,,,,,
08/08/2019 22:00,30350.664,15%,,,,,,,,,,
08/08/2019 23:00,35843.33,18%,,,,,,,,,,
09/08/2019 00:00,42779.63,21%,,,,,,,,,,
09/08/2019 01:00,50887.195,25%,,,,,,,,,,
09/08/2019 02:00,63248.805,32%,,,,,,,,,,
09/08/2019 03:00,72318.197,36%,,,,,,,,,,
09/08/2019 04:00,80099.482,40%,,,,,,,,,,
09/08/2019 05:00,96292.271,48%,,,,,,,,,,
09/08/2019 06:00,114163.665,57%,,,,,,,,,,
09/08/2019 07:00,127572.735,64%,,,,,,,,,,
09/08/2019 08:00,142059.846,71%,,,,,,,,,,
09/08/2019 09:00,159475.934,80%,,,,,,,,,,
09/08/2019 10:00,168262.384,84%,,,,,,,,,,
09/08/2019 11:00,173160.396,87%,,,,,,,,,,
09/08/2019 12:00,177995.373,89%,,,,,,,,,,
09/08/2019 13:00,181069.506,91%,,,,,,,,,,
09/08/2019 14:00,181978.151,91%,,,,,,,,,,
09/08/2019 15:00,180468.564,90%,,,,,,,,,,
09/08/2019 16:00,174477.822,87%,,,,,,,,,,
09/08/2019 17:00,156318.951,78%,,,,,,,,,,
09/08/2019 18:00,123661.554,62%,,,,,,,,,,
09/08/2019 19:00,84395.697,42%,,,,,,,,,,
09/08/2019 20:00,54874.02,27%,,,,,,,,,,
09/08/2019 21:00,42665.709,21%,,,,,,,,,,
09/08/2019 22:00,37984.265,19%,,,,,,,,,,
09/08/2019 23:00,32075.591,16%,,,,,,,,,,
10/08/2019 00:00,26855.597,13%,,,,,,,,,,
10/08/2019 01:00,21726.536,11%,,,,,,,,,,
10/08/2019 02:00,19139.255,10%,,,,,,,,,,
10/08/2019 03:00,17753.692,9%,,,,,,,,,,
10/08/2019 04:00,15476.062,8%,,,,,,,,,,
10/08/2019 05:00,13739.605,7%,,,,,,,,,,
10/08/2019 06:00,12027.995,6%,,,,,,,,,,
10/08/2019 07:00,9965.073,5%,,,,,,,,,,
10/08/2019 08:00,7578.791,4%,,,,,,,,,,
10/08/2019 09:00,4632.354,2%,,,,,,,,,,
10/08/2019 10:00,2227.362,1%,,,,,,,,,,
10/08/2019 11:00,1640.524,1%,,,,,,,,,,
10/08/2019 12:00,1590.781,1%,,,,,,,,,,
10/08/2019 13:00,2153.307,1%,,,,,,,,,,
10/08/2019 14:00,3273.199,2%,,,,,,,,,,
10/08/2019 15:00,4720.525,2%,,,,,,,,,,
10/08/2019 16:00,6635.38,3%,,,,,,,,,,
10/08/2019 17:00,9028.852,5%,,,,,,,,,,
10/08/2019 18:00,11241.173,6%,,,,,,,,,,
10/08/2019 19:00,18713.417,9%,,,,,,,,,,
10/08/2019 20:00,31537.521,16%,,,,,,,,,,
10/08/2019 21:00,45334.319,23%,,,,,,,,,,
10/08/2019 22:00,60176.355,30%,,,,,,,,,,
10/08/2019 23:00,75199.12,38%,,,,,,,,,,
11/08/2019 00:00,89411.41,45%,,,,,,,,,,
11/08/2019 01:00,100266.904,50%,,,,,,,,,,
11/08/2019 02:00,110483.346,55%,,,,,,,,,,
11/08/2019 03:00,113690.192,57%,,,,,,,,,,
11/08/2019 04:00,119214.448,60%,,,,,,,,,,
11/08/2019 05:00,127579.677,64%,,,,,,,,,,
11/08/2019 06:00,135722.875,68%,,,,,,,,,,
11/08/2019 07:00,145068.257,73%,,,,,,,,,,
11/08/2019 08:00,151068.901,76%,,,,,,,,,,
11/08/2019 09:00,155877.635,78%,,,,,,,,,,
11/08/2019 10:00,158775.697,79%,,,,,,,,,,
11/08/2019 11:00,159507.409,80%,,,,,,,,,,
11/08/2019 12:00,156455.267,78%,,,,,,,,,,
11/08/2019 13:00,151553.771,76%,,,,,,,,,,
11/08/2019 14:00,145224.489,73%,,,,,,,,,,
11/08/2019 15:00,138951.7,69%,,,,,,,,,,
11/08/2019 16:00,132837.676,66%,,,,,,,,,,
11/08/2019 17:00,126592.158,63%,,,,,,,,,,
11/08/2019 18:00,119746.344,60%,,,,,,,,,,
11/08/2019 19:00,114849.276,57%,,,,,,,,,,
11/08/2019 20:00,109953.165,55%,,,,,,,,,,
11/08/2019 21:00,100676.744,50%,,,,,,,,,,
11/08/2019 22:00,90780.568,45%,,,,,,,,,,
11/08/2019 23:00,80408.655,40%,,,,,,,,,,
12/08/2019 00:00,71530.033,36%,,,,,,,,,,
12/08/2019 01:00,65551.363,33%,,,,,,,,,,
12/08/2019 02:00,62239.186,31%,,,,,,,,,,
12/08/2019 03:00,58762.838,29%,,,,,,,,,,
12/08/2019 04:00,55399.848,28%,,,,,,,,,,
12/08/2019 05:00,49854.661,25%,,,,,,,,,,
12/08/2019 06:00,43141.989,22%,,,,,,,,,,
12/08/2019 07:00,40067.039,20%,,,,,,,,,,
12/08/2019 08:00,37871.904,19%,,,,,,,,,,
12/08/2019 09:00,33482.559,17%,,,,,,,,,,
12/08/2019 10:00,26465.355,13%,,,,,,,,,,
12/08/2019 11:00,19239.177,10%,,,,,,,,,,
12/08/2019 12:00,13894.46,7%,,,,,,,,,,
12/08/2019 13:00,9592.552,5%,,,,,,,,,,
12/08/2019 14:00,6520.631,3%,,,,,,,,,,
12/08/2019 15:00,3805.799,2%,,,,,,,,,,
12/08/2019 16:00,2502.874,1%,,,,,,,,,,
12/08/2019 17:00,4574.428,2%,,,,,,,,,,
12/08/2019 18:00,11041.259,6%,,,,,,,,,,
12/08/2019 19:00,20818.239,10%,,,,,,,,,,
12/08/2019 20:00,30610.439,15%,,,,,,,,,,
12/08/2019 21:00,36784.652,18%,,,,,,,,,,
12/08/2019 22:00,40139.93,20%,,,,,,,,,,
12/08/2019 23:00,43650.321,22%,,,,,,,,,,
13/08/2019 00:00,49731.957,25%,,,,,,,,,,
13/08/2019 01:00,55169.303,28%,,,,,,,,,,
13/08/2019 02:00,58427.544,29%,,,,,,,,,,
13/08/2019 03:00,59727.439,30%,,,,,,,,,,
13/08/2019 04:00,60491.098,30%,,,,,,,,,,
13/08/2019 05:00,53460.602,27%,,,,,,,,,,
13/08/2019 06:00,42419.5,21%,,,,,,,,,,
13/08/2019 07:00,35770.398,18%,,,,,,,,,,
13/08/2019 08:00,30028.861,15%,,,,,,,,,,
13/08/2019 09:00,26701.458,13%,,,,,,,,,,
13/08/2019 10:00,25950.757,13%,,,,,,,,,,
13/08/2019 11:00,24876.8,12%,,,,,,,,,,
13/08/2019 12:00,24529.511,12%,,,,,,,,,,
13/08/2019 13:00,26308.997,13%,,,,,,,,,,
13/08/2019 14:00,28878.694,14%,,,,,,,,,,
13/08/2019 15:00,28162.431,14%,,,,,,,,,,
13/08/2019 16:00,25472.711,13%,,,,,,,,,,
13/08/2019 17:00,22927.637,11%,,,,,,,,,,
13/08/2019 18:00,20813.164,10%,,,,,,,,,,
13/08/2019 19:00,21526.274,11%,,,,,,,,,,
13/08/2019 20:00,24337.423,12%,,,,,,,,,,
13/08/2019 21:00,30121.913,15%,,,,,,,,,,
13/08/2019 22:00,37449.814,19%,,,,,,,,,,
13/08/2019 23:00,42021.002,21%,,,,,,,,,,
14/08/2019 00:00,42500.757,21%,,,,,,,,,,
14/08/2019 01:00,39322.715,20%,,,,,,,,,,
14/08/2019 02:00,34896.741,17%,,,,,,,,,,
14/08/2019 03:00,29325.123,15%,,,,,,,,,,
14/08/2019 04:00,23800.507,12%,,,,,,,,,,
14/08/2019 05:00,18560.455,9%,,,,,,,,,,
14/08/2019 06:00,13033.936,7%,,,,,,,,,,
14/08/2019 07:00,9746.843,5%,,,,,,,,,,
14/08/2019 08:00,14748.9,7%,,,,,,,,,,
14/08/2019 09:00,23933.68,12%,,,,,,,,,,
14/08/2019 10:00,36748.637,18%,,,,,,,,,,
14/08/2019 11:00,53322.654,27%,,,,,,,,,,
14/08/2019 12:00,69151.123,35%,,,,,,,,,,
14/08/2019 13:00,81177.505,41%,,,,,,,,,,
14/08/2019 14:00,88175.303,44%,,,,,,,,,,
14/08/2019 15:00,94445.316,47%,,,,,,,,,,
14/08/2019 16:00,96292.065,48%,,,,,,,,,,
14/08/2019 17:00,97213.109,49%,,,,,,,,,,
14/08/2019 18:00,104281.031,52%,,,,,,,,,,
14/08/2019 19:00,117541.22,59%,,,,,,,,,,
14/08/2019 20:00,128815.977,64%,,,,,,,,,,
14/08/2019 21:00,134207.23,67%,,,,,,,,,,
14/08/2019 22:00,135231.597,68%,,,,,,,,,,
14/08/2019 23:00,142453.086,71%,,,,,,,,,,
15/08/2019 00:00,138226.328,69%,,,,,,,,,,
15/08/2019 01:00,129257.424,65%,,,,,,,,,,
15/08/2019 02:00,111468.802,56%,,,,,,,,,,
15/08/2019 03:00,95625.402,48%,,,,,,,,,,
15/08/2019 04:00,89118.082,45%,,,,,,,,,,
15/08/2019 05:00,82085.355,41%,,,,,,,,,,
15/08/2019 06:00,76292.478,38%,,,,,,,,,,
15/08/2019 07:00,94564.366,47%,,,,,,,,,,
15/08/2019 08:00,133610.739,67%,,,,,,,,,,
15/08/2019 09:00,167129.955,84%,,,,,,,,,,
15/08/2019 10:00,181765.408,91%,,,,,,,,,,
15/08/2019 11:00,180410.026,90%,,,,,,,,,,
15/08/2019 12:00,169217.039,85%,,,,,,,,,,
15/08/2019 13:00,152309.293,76%,,,,,,,,,,
15/08/2019 14:00,137705.629,69%,,,,,,,,,,
15/08/2019 15:00,120581.093,60%,,,,,,,,,,
15/08/2019 16:00,85764.629,43%,,,,,,,,,,
15/08/2019 17:00,49717.919,25%,,,,,,,,,,
15/08/2019 18:00,28201.068,14%,,,,,,,,,,
15/08/2019 19:00,14121.844,7%,,,,,,,,,,
15/08/2019 20:00,16524.155,8%,,,,,,,,,,
15/08/2019 21:00,38344.802,19%,,,,,,,,,,
15/08/2019 22:00,69723.382,35%,,,,,,,,,,
15/08/2019 23:00,93257.42,47%,,,,,,,,,,
16/08/2019 00:00,103705.686,52%,,,,,,,,,,
16/08/2019 01:00,114825.22,57%,,,,,,,,,,
16/08/2019 02:00,125388.968,63%,,,,,,,,,,
16/08/2019 03:00,133807.329,67%,,,,,,,,,,
16/08/2019 04:00,131407.637,66%,,,,,,,,,,
16/08/2019 05:00,139413.531,70%,,,,,,,,,,
16/08/2019 06:00,144844.817,72%,,,,,,,,,,
16/08/2019 07:00,157316.167,79%,,,,,,,,,,
16/08/2019 08:00,171425.926,86%,,,,,,,,,,
16/08/2019 09:00,181939.962,91%,,,,,,,,,,
16/08/2019 10:00,190009.97,95%,,,,,,,,,,
16/08/2019 11:00,192472.536,96%,,,,,,,,,,
16/08/2019 12:00,191189.083,96%,,,,,,,,,,
16/08/2019 13:00,189612.12,95%,,,,,,,,,,
16/08/2019 14:00,182949.18,91%,,,,,,,,,,
16/08/2019 15:00,173400.897,87%,,,,,,,,,,
16/08/2019 16:00,158818.575,79%,,,,,,,,,,
16/08/2019 17:00,143570.462,72%,,,,,,,,,,
16/08/2019 18:00,126759.438,63%,,,,,,,,,,
16/08/2019 19:00,120304.444,60%,,,,,,,,,,
16/08/2019 20:00,115907.225,58%,,,,,,,,,,
16/08/2019 21:00,105069.416,53%,,,,,,,,,,
16/08/2019 22:00,95189.103,48%,,,,,,,,,,
16/08/2019 23:00,89683.258,45%,,,,,,,,,,
17/08/2019 00:00,90907.307,45%,,,,,,,,,,
17/08/2019 01:00,95742.507,48%,,,,,,,,,,
17/08/2019 02:00,95209.53,48%,,,,,,,,,,
17/08/2019 03:00,93932.109,47%,,,,,,,,,,
17/08/2019 04:00,96988.135,48%,,,,,,,,,,
17/08/2019 05:00,98769.572,49%,,,,,,,,,,
17/08/2019 06:00,101154.871,51%,,,,,,,,,,
17/08/2019 07:00,114899.857,57%,,,,,,,,,,
17/08/2019 08:00,121977.321,61%,,,,,,,,,,
17/08/2019 09:00,128097.468,64%,,,,,,,,,,
17/08/2019 10:00,130754.524,65%,,,,,,,,,,
17/08/2019 11:00,133637.402,67%,,,,,,,,,,
17/08/2019 12:00,140382.613,70%,,,,,,,,,,
17/08/2019 13:00,147350.799,74%,,,,,,,,,,
17/08/2019 14:00,150527.428,75%,,,,,,,,,,
17/08/2019 15:00,151336.797,76%,,,,,,,,,,
17/08/2019 16:00,143995.232,72%,,,,,,,,,,
17/08/2019 17:00,135360.682,68%,,,,,,,,,,
17/08/2019 18:00,131163.004,66%,,,,,,,,,,
17/08/2019 19:00,137243.895,69%,,,,,,,,,,
17/08/2019 20:00,139396.87,70%,,,,,,,,,,
17/08/2019 21:00,142060.357,71%,,,,,,,,,,
17/08/2019 22:00,145957.371,73%,,,,,,,,,,
17/08/2019 23:00,148779.329,74%,,,,,,,,,,
18/08/2019 00:00,149162.896,75%,,,,,,,,,,
18/08/2019 01:00,149970.46,75%,,,,,,,,,,
18/08/2019 02:00,153741.238,77%,,,,,,,,,,
18/08/2019 03:00,156255.182,78%,,,,,,,,,,
18/08/2019 04:00,158944.697,79%,,,,,,,,,,
18/08/2019 05:00,160206.515,80%,,,,,,,,,,
18/08/2019 06:00,157673.604,79%,,,,,,,,,,
18/08/2019 07:00,164083.573,82%,,,,,,,,,,
18/08/2019 08:00,169237.431,85%,,,,,,,,,,
18/08/2019 09:00,167018.702,84%,,,,,,,,,,
18/08/2019 10:00,165140.953,83%,,,,,,,,,,
18/08/2019 11:00,165144.921,83%,,,,,,,,,,
18/08/2019 12:00,166983.159,83%,,,,,,,,,,
18/08/2019 13:00,168759.299,84%,,,,,,,,,,
18/08/2019 14:00,167399.831,84%,,,,,,,,,,
18/08/2019 15:00,162932.389,81%,,,,,,,,,,
18/08/2019 16:00,160320.27,80%,,,,,,,,,,
18/08/2019 17:00,156398.757,78%,,,,,,,,,,
18/08/2019 18:00,153078.029,77%,,,,,,,,,,
18/08/2019 19:00,145851.116,73%,,,,,,,,,,
18/08/2019 20:00,142790.593,71%,,,,,,,,,,
18/08/2019 21:00,127929.229,64%,,,,,,,,,,
18/08/2019 22:00,114751.239,57%,,,,,,,,,,
18/08/2019 23:00,107374.706,54%,,,,,,,,,,
19/08/2019 00:00,99896.132,50%,,,,,,,,,,
19/08/2019 01:00,93257.553,47%,,,,,,,,,,
19/08/2019 02:00,88854.167,44%,,,,,,,,,,
19/08/2019 03:00,85468.535,43%,,,,,,,,,,
19/08/2019 04:00,84821.068,42%,,,,,,,,,,
19/08/2019 05:00,82673.503,41%,,,,,,,,,,
19/08/2019 06:00,73380.226,37%,,,,,,,,,,
19/08/2019 07:00,76591.134,38%,,,,,,,,,,
19/08/2019 08:00,91351.724,46%,,,,,,,,,,
19/08/2019 09:00,103694.171,52%,,,,,,,,,,
19/08/2019 10:00,111704.445,56%,,,,,,,,,,
19/08/2019 11:00,118736.495,59%,,,,,,,,,,
19/08/2019 12:00,124537.955,62%,,,,,,,,,,
19/08/2019 13:00,125912.037,63%,,,,,,,,,,
19/08/2019 14:00,123066.237,62%,,,,,,,,,,
19/08/2019 15:00,118670.885,59%,,,,,,,,,,
19/08/2019 16:00,109945.089,55%,,,,,,,,,,
19/08/2019 17:00,97830.117,49%,,,,,,,,,,
19/08/2019 18:00,84456.641,42%,,,,,,,,,,
19/08/2019 19:00,77125.254,39%,,,,,,,,,,
19/08/2019 20:00,69563.901,35%,,,,,,,,,,
19/08/2019 21:00,63162.809,32%,,,,,,,,,,
19/08/2019 22:00,59994.343,30%,,,,,,,,,,
19/08/2019 23:00,62799.199,31%,,,,,,,,,,
20/08/2019 00:00,66311.655,33%,,,,,,,,,,
20/08/2019 01:00,68648.107,34%,,,,,,,,,,
20/08/2019 02:00,69927.619,35%,,,,,,,,,,
20/08/2019 03:00,69282.653,35%,,,,,,,,,,
20/08/2019 04:00,65546.861,33%,,,,,,,,,,
20/08/2019 05:00,57774.593,29%,,,,,,,,,,
20/08/2019 06:00,43508.525,22%,,,,,,,,,,
20/08/2019 07:00,36375.11,18%,,,,,,,,,,
20/08/2019 08:00,32394.584,16%,,,,,,,,,,
20/08/2019 09:00,26597.281,13%,,,,,,,,,,
20/08/2019 10:00,21140.857,11%,,,,,,,,,,
20/08/2019 11:00,17109.639,9%,,,,,,,,,,
20/08/2019 12:00,13724.06,7%,,,,,,,,,,
20/08/2019 13:00,9908.737,5%,,,,,,,,,,
20/08/2019 14:00,6488.57,3%,,,,,,,,,,
20/08/2019 15:00,5057.772,3%,,,,,,,,,,
20/08/2019 16:00,7180.822,4%,,,,,,,,,,
20/08/2019 17:00,14083.85,7%,,,,,,,,,,
20/08/2019 18:00,23766.134,12%,,,,,,,,,,
20/08/2019 19:00,34088.802,17%,,,,,,,,,,
20/08/2019 20:00,40984.515,20%,,,,,,,,,,
20/08/2019 21:00,43119.497,22%,,,,,,,,,,
20/08/2019 22:00,42319.326,21%,,,,,,,,,,
20/08/2019 23:00,42847.771,21%,,,,,,,,,,
21/08/2019 00:00,45781.974,23%,,,,,,,,,,
21/08/2019 01:00,47708.694,24%,,,,,,,,,,
21/08/2019 02:00,49728.919,25%,,,,,,,,,,
21/08/2019 03:00,55156.637,28%,,,,,,,,,,
21/08/2019 04:00,65028.608,33%,,,,,,,,,,
21/08/2019 05:00,73961.685,37%,,,,,,,,,,
21/08/2019 06:00,74710.896,37%,,,,,,,,,,
21/08/2019 07:00,79142.044,40%,,,,,,,,,,
21/08/2019 08:00,94818.175,47%,,,,,,,,,,
21/08/2019 09:00,102201.015,51%,,,,,,,,,,
21/08/2019 10:00,110571.86,55%,,,,,,,,,,
21/08/2019 11:00,122557.335,61%,,,,,,,,,,
21/08/2019 12:00,135080.927,68%,,,,,,,,,,
21/08/2019 13:00,145206.056,73%,,,,,,,,,,
21/08/2019 14:00,147813.319,74%,,,,,,,,,,
21/08/2019 15:00,150553.779,75%,,,,,,,,,,
21/08/2019 16:00,154796.008,77%,,,,,,,,,,
21/08/2019 17:00,160718.441,80%,,,,,,,,,,
21/08/2019 18:00,169138.037,85%,,,,,,,,,,
21/08/2019 19:00,172304.688,86%,,,,,,,,,,
21/08/2019 20:00,166817.704,83%,,,,,,,,,,
21/08/2019 21:00,163067.879,82%,,,,,,,,,,
21/08/2019 22:00,144849.27,72%,,,,,,,,,,
21/08/2019 23:00,112508.345,56%,,,,,,,,,,
22/08/2019 00:00,91329.822,46%,,,,,,,,,,
22/08/2019 01:00,75155.577,38%,,,,,,,,,,
22/08/2019 02:00,64378.635,32%,,,,,,,,,,
22/08/2019 03:00,62668.652,31%,,,,,,,,,,
22/08/2019 04:00,69788.733,35%,,,,,,,,,,
22/08/2019 05:00,80853.617,40%,,,,,,,,,,
22/08/2019 06:00,84458.888,42%,,,,,,,,,,
22/08/2019 07:00,96104.507,48%,,,,,,,,,,
22/08/2019 08:00,117088.259,59%,,,,,,,,,,
22/08/2019 09:00,139951.652,70%,,,,,,,,,,
22/08/2019 10:00,152103.239,76%,,,,,,,,,,
22/08/2019 11:00,159296.625,80%,,,,,,,,,,
22/08/2019 12:00,162613.727,81%,,,,,,,,,,
22/08/2019 13:00,163770.493,82%,,,,,,,,,,
22/08/2019 14:00,165675.363,83%,,,,,,,,,,
22/08/2019 15:00,168211.561,84%,,,,,,,,,,
22/08/2019 16:00,173254.245,87%,,,,,,,,,,
22/08/2019 17:00,175748.228,88%,,,,,,,,,,
22/08/2019 18:00,174465.581,87%,,,,,,,,,,
22/08/2019 19:00,168115.163,84%,,,,,,,,,,
22/08/2019 20:00,153639.322,77%,,,,,,,,,,
22/08/2019 21:00,140296.198,70%,,,,,,,,,,
22/08/2019 22:00,130828.862,65%,,,,,,,,,,
22/08/2019 23:00,118662.094,59%,,,,,,,,,,
23/08/2019 00:00,105389.487,53%,,,,,,,,,,
23/08/2019 01:00,100195.149,50%,,,,,,,,,,
23/08/2019 02:00,105580.753,53%,,,,,,,,,,
23/08/2019 03:00,117564.764,59%,,,,,,,,,,
23/08/2019 04:00,118440.056,59%,,,,,,,,,,
23/08/2019 05:00,117384.39,59%,,,,,,,,,,
23/08/2019 06:00,116070.614,58%,,,,,,,,,,
23/08/2019 07:00,117907.89,59%,,,,,,,,,,
23/08/2019 08:00,126725.635,63%,,,,,,,,,,
23/08/2019 09:00,133131.661,67%,,,,,,,,,,
23/08/2019 10:00,133634.433,67%,,,,,,,,,,
23/08/2019 11:00,129458.907,65%,,,,,,,,,,
23/08/2019 12:00,123778.108,62%,,,,,,,,,,
23/08/2019 13:00,117940.625,59%,,,,,,,,,,
23/08/2019 14:00,111109.116,56%,,,,,,,,,,
23/08/2019 15:00,96775.133,48%,,,,,,,,,,
23/08/2019 16:00,76275.52,38%,,,,,,,,,,
23/08/2019 17:00,56816.627,28%,,,,,,,,,,
23/08/2019 18:00,52274.816,26%,,,,,,,,,,
23/08/2019 19:00,62215.868,31%,,,,,,,,,,
23/08/2019 20:00,80457.097,40%,,,,,,,,,,
23/08/2019 21:00,98768,49%,,,,,,,,,,
23/08/2019 22:00,107981.801,54%,,,,,,,,,,
23/08/2019 23:00,109213.219,55%,,,,,,,,,,
24/08/2019 00:00,106766.116,53%,,,,,,,,,,
24/08/2019 01:00,105146.47,53%,,,,,,,,,,
24/08/2019 02:00,106361.697,53%,,,,,,,,,,
24/08/2019 03:00,107514.955,54%,,,,,,,,,,
24/08/2019 04:00,108061.333,54%,,,,,,,,,,
24/08/2019 05:00,106429.779,53%,,,,,,,,,,
24/08/2019 06:00,97258.164,49%,,,,,,,,,,
24/08/2019 07:00,88508.767,44%,,,,,,,,,,
24/08/2019 08:00,91641.491,46%,,,,,,,,,,
24/08/2019 09:00,91289.933,46%,,,,,,,,,,
24/08/2019 10:00,89468.338,45%,,,,,,,,,,
24/08/2019 11:00,88397.737,44%,,,,,,,,,,
24/08/2019 12:00,85150.916,43%,,,,,,,,,,
24/08/2019 13:00,79019.458,40%,,,,,,,,,,
24/08/2019 14:00,72855.502,36%,,,,,,,,,,
24/08/2019 15:00,63783.343,32%,,,,,,,,,,
24/08/2019 16:00,53326.585,27%,,,,,,,,,,
24/08/2019 17:00,41985.637,21%,,,,,,,,,,
24/08/2019 18:00,40262.996,20%,,,,,,,,,,
24/08/2019 19:00,50541.134,25%,,,,,,,,,,
24/08/2019 20:00,58753.627,29%,,,,,,,,,,
24/08/2019 21:00,60985.446,30%,,,,,,,,,,
24/08/2019 22:00,55595.102,28%,,,,,,,,,,
24/08/2019 23:00,46586.275,23%,,,,,,,,,,
25/08/2019 00:00,39918.99,20%,,,,,,,,,,
25/08/2019 01:00,30526.495,15%,,,,,,,,,,
25/08/2019 02:00,20456.03,10%,,,,,,,,,,
25/08/2019 03:00,13643.134,7%,,,,,,,,,,
25/08/2019 04:00,9503.111,5%,,,,,,,,,,
25/08/2019 05:00,7298.056,4%,,,,,,,,,,
25/08/2019 06:00,8590.14,4%,,,,,,,,,,
25/08/2019 07:00,13333.405,7%,,,,,,,,,,
25/08/2019 08:00,18193.32,9%,,,,,,,,,,
25/08/2019 09:00,26986.052,13%,,,,,,,,,,
25/08/2019 10:00,33350.089,17%,,,,,,,,,,
25/08/2019 11:00,42053.886,21%,,,,,,,,,,
25/08/2019 12:00,48142.234,24%,,,,,,,,,,
25/08/2019 13:00,53922.586,27%,,,,,,,,,,
25/08/2019 14:00,67346.555,34%,,,,,,,,,,
25/08/2019 15:00,79378.358,40%,,,,,,,,,,
25/08/2019 16:00,81608.671,41%,,,,,,,,,,
25/08/2019 17:00,80275.28,40%,,,,,,,,,,
25/08/2019 18:00,89356.911,45%,,,,,,,,,,
25/08/2019 19:00,100675.592,50%,,,,,,,,,,
25/08/2019 20:00,105116.829,53%,,,,,,,,,,
25/08/2019 21:00,105734.513,53%,,,,,,,,,,
25/08/2019 22:00,105392.446,53%,,,,,,,,,,
25/08/2019 23:00,101449.492,51%,,,,,,,,,,
26/08/2019 00:00,96550.402,48%,,,,,,,,,,
26/08/2019 01:00,89792.136,45%,,,,,,,,,,
26/08/2019 02:00,79934.975,40%,,,,,,,,,,
26/08/2019 03:00,71534.987,36%,,,,,,,,,,
26/08/2019 04:00,65039.047,33%,,,,,,,,,,
26/08/2019 05:00,59068.041,30%,,,,,,,,,,
26/08/2019 06:00,50200.715,25%,,,,,,,,,,
26/08/2019 07:00,41572.691,21%,,,,,,,,,,
26/08/2019 08:00,48596.376,24%,,,,,,,,,,
26/08/2019 09:00,57710.257,29%,,,,,,,,,,
26/08/2019 10:00,64523.693,32%,,,,,,,,,,
26/08/2019 11:00,69291.715,35%,,,,,,,,,,
26/08/2019 12:00,73688.489,37%,,,,,,,,,,
26/08/2019 13:00,77670.715,39%,,,,,,,,,,
26/08/2019 14:00,80101.683,40%,,,,,,,,,,
26/08/2019 15:00,83397.453,42%,,,,,,,,,,
26/08/2019 16:00,88647.911,44%,,,,,,,,,,
26/08/2019 17:00,88854.814,44%,,,,,,,,,,
26/08/2019 18:00,89632.581,45%,,,,,,,,,,
26/08/2019 19:00,89623.546,45%,,,,,,,,,,
26/08/2019 20:00,80655.685,40%,,,,,,,,,,
26/08/2019 21:00,69817.997,35%,,,,,,,,,,
26/08/2019 22:00,65773.852,33%,,,,,,,,,,
26/08/2019 23:00,66318.786,33%,,,,,,,,,,
27/08/2019 00:00,64275.178,32%,,,,,,,,,,
27/08/2019 01:00,58503.622,29%,,,,,,,,,,
27/08/2019 02:00,52095.754,26%,,,,,,,,,,
27/08/2019 03:00,46579.264,23%,,,,,,,,,,
27/08/2019 04:00,40705.971,20%,,,,,,,,,,
27/08/2019 05:00,34746.048,17%,,,,,,,,,,
27/08/2019 06:00,26560.53,13%,,,,,,,,,,
27/08/2019 07:00,16632.535,8%,,,,,,,,,,
27/08/2019 08:00,13982.282,7%,,,,,,,,,,
27/08/2019 09:00,15175.432,8%,,,,,,,,,,
27/08/2019 10:00,20055.247,10%,,,,,,,,,,
27/08/2019 11:00,26139.772,13%,,,,,,,,,,
27/08/2019 12:00,34390.988,17%,,,,,,,,,,
27/08/2019 13:00,43960.584,22%,,,,,,,,,,
27/08/2019 14:00,49415.748,25%,,,,,,,,,,
27/08/2019 15:00,50237.774,25%,,,,,,,,,,
27/08/2019 16:00,49051.734,25%,,,,,,,,,,
27/08/2019 17:00,42805.071,21%,,,,,,,,,,
27/08/2019 18:00,33916.606,17%,,,,,,,,,,
27/08/2019 19:00,28261.176,14%,,,,,,,,,,
27/08/2019 20:00,30093.181,15%,,,,,,,,,,
27/08/2019 21:00,36215.833,18%,,,,,,,,,,
27/08/2019 22:00,42645.785,21%,,,,,,,,,,
27/08/2019 23:00,52273.647,26%,,,,,,,,,,
28/08/2019 00:00,62095.343,31%,,,,,,,,,,
28/08/2019 01:00,65665.948,33%,,,,,,,,,,
28/08/2019 02:00,75943.32,38%,,,,,,,,,,
28/08/2019 03:00,86383.095,43%,,,,,,,,,,
28/08/2019 04:00,89403.36,45%,,,,,,,,,,
28/08/2019 05:00,85543.109,43%,,,,,,,,,,
28/08/2019 06:00,89403.162,45%,,,,,,,,,,
28/08/2019 07:00,98179.032,49%,,,,,,,,,,
28/08/2019 08:00,115075.088,58%,,,,,,,,,,
28/08/2019 09:00,124736.259,62%,,,,,,,,,,
28/08/2019 10:00,133635.158,67%,,,,,,,,,,
28/08/2019 11:00,142730.73,71%,,,,,,,,,,
28/08/2019 12:00,148698.706,74%,,,,,,,,,,
28/08/2019 13:00,149064.961,75%,,,,,,,,,,
28/08/2019 14:00,138950.603,69%,,,,,,,,,,
28/08/2019 15:00,121884.852,61%,,,,,,,,,,
28/08/2019 16:00,112116.264,56%,,,,,,,,,,
28/08/2019 17:00,105524.421,53%,,,,,,,,,,
28/08/2019 18:00,99594.95,50%,,,,,,,,,,
28/08/2019 19:00,91464.515,46%,,,,,,,,,,
28/08/2019 20:00,72900.773,36%,,,,,,,,,,
28/08/2019 21:00,49058.354,25%,,,,,,,,,,
28/08/2019 22:00,33484.778,17%,,,,,,,,,,
28/08/2019 23:00,32981.493,16%,,,,,,,,,,
29/08/2019 00:00,41716.217,21%,,,,,,,,,,
29/08/2019 01:00,53923.024,27%,,,,,,,,,,
29/08/2019 02:00,66311.718,33%,,,,,,,,,,
29/08/2019 03:00,77667.136,39%,,,,,,,,,,
29/08/2019 04:00,86375.219,43%,,,,,,,,,,
29/08/2019 05:00,92622.843,46%,,,,,,,,,,
29/08/2019 06:00,89735.563,45%,,,,,,,,,,
29/08/2019 07:00,100143.154,50%,,,,,,,,,,
29/08/2019 08:00,116066.492,58%,,,,,,,,,,
29/08/2019 09:00,132204.029,66%,,,,,,,,,,
29/08/2019 10:00,147429.659,74%,,,,,,,,,,
29/08/2019 11:00,160041.431,80%,,,,,,,,,,
29/08/2019 12:00,165796.711,83%,,,,,,,,,,
29/08/2019 13:00,171294.27,86%,,,,,,,,,,
29/08/2019 14:00,174976.232,87%,,,,,,,,,,
29/08/2019 15:00,173256.337,87%,,,,,,,,,,
29/08/2019 16:00,168152.172,84%,,,,,,,,,,
29/08/2019 17:00,170282.246,85%,,,,,,,,,,
29/08/2019 18:00,171437.821,86%,,,,,,,,,,
29/08/2019 19:00,166778.764,83%,,,,,,,,,,
29/08/2019 20:00,160039.117,80%,,,,,,,,,,
29/08/2019 21:00,158115.14,79%,,,,,,,,,,
29/08/2019 22:00,160062.156,80%,,,,,,,,,,
29/08/2019 23:00,161801.485,81%,,,,,,,,,,
30/08/2019 00:00,162871.101,81%,,,,,,,,,,
30/08/2019 01:00,163329.332,82%,,,,,,,,,,
30/08/2019 02:00,161866.69,81%,,,,,,,,,,
30/08/2019 03:00,160525.909,80%,,,,,,,,,,
30/08/2019 04:00,158153.16,79%,,,,,,,,,,
30/08/2019 05:00,154982.082,77%,,,,,,,,,,
30/08/2019 06:00,151236.73,76%,,,,,,,,,,
30/08/2019 07:00,154926.001,77%,,,,,,,,,,
30/08/2019 08:00,166462.727,83%,,,,,,,,,,
30/08/2019 09:00,175580.833,88%,,,,,,,,,,
30/08/2019 10:00,180039.171,90%,,,,,,,,,,
30/08/2019 11:00,185133.75,93%,,,,,,,,,,
30/08/2019 12:00,185488.903,93%,,,,,,,,,,
30/08/2019 13:00,184597.24,92%,,,,,,,,,,
30/08/2019 14:00,171164.198,86%,,,,,,,,,,
30/08/2019 15:00,155347.271,78%,,,,,,,,,,
30/08/2019 16:00,136950.181,68%,,,,,,,,,,
30/08/2019 17:00,115543.182,58%,,,,,,,,,,
30/08/2019 18:00,90601.389,45%,,,,,,,,,,
30/08/2019 19:00,68648.378,34%,,,,,,,,,,
30/08/2019 20:00,59526.681,30%,,,,,,,,,,
30/08/2019 21:00,56034.466,28%,,,,,,,,,,
30/08/2019 22:00,49735.773,25%,,,,,,,,,,
30/08/2019 23:00,59253.092,30%,,,,,,,,,,
31/08/2019 00:00,88532.216,44%,,,,,,,,,,
31/08/2019 01:00,122682.443,61%,,,,,,,,,,
31/08/2019 02:00,149576.11,75%,,,,,,,,,,
31/08/2019 03:00,171648.46,86%,,,,,,,,,,
31/08/2019 04:00,174761.095,87%,,,,,,,,,,
31/08/2019 05:00,178130.482,89%,,,,,,,,,,
31/08/2019 06:00,174243.051,87%,,,,,,,,,,
31/08/2019 07:00,169714.236,85%,,,,,,,,,,
31/08/2019 08:00,172915.071,86%,,,,,,,,,,
31/08/2019 09:00,178510.758,89%,,,,,,,,,,
31/08/2019 10:00,183443.124,92%,,,,,,,,,,
31/08/2019 11:00,182218.955,91%,,,,,,,,,,
31/08/2019 12:00,168833.703,84%,,,,,,,,,,
31/08/2019 13:00,154895.644,77%,,,,,,,,,,
31/08/2019 14:00,169768.755,85%,,,,,,,,,,
31/08/2019 15:00,173632.251,87%,,,,,,,,,,
31/08/2019 16:00,156107.38,78%,,,,,,,,,,
31/08/2019 17:00,120507.606,60%,,,,,,,,,,
31/08/2019 18:00,102610.537,51%,,,,,,,,,,
31/08/2019 19:00,111278.209,56%,,,,,,,,,,
31/08/2019 20:00,113150.41,57%,,,,,,,,,,
31/08/2019 21:00,114750.813,57%,,,,,,,,,,
31/08/2019 22:00,117851.615,59%,,,,,,,,,,
31/08/2019 23:00,117336.293,59%,,,,,,,,,,
01/09/2019 00:00,115553.918,58%,,,,,,,,,,
01/09/2019 01:00,117213.785,59%,,,,,,,,,,
01/09/2019 02:00,116598.897,58%,,,,,,,,,,
01/09/2019 03:00,121300.35,61%,,,,,,,,,,
01/09/2019 04:00,115185.23,58%,,,,,,,,,,
01/09/2019 05:00,111288.718,56%,,,,,,,,,,
01/09/2019 06:00,108107.131,54%,,,,,,,,,,
01/09/2019 07:00,107674.338,54%,,,,,,,,,,
01/09/2019 08:00,115544.183,58%,,,,,,,,,,
01/09/2019 09:00,111287.866,56%,,,,,,,,,,
01/09/2019 10:00,101769.789,51%,,,,,,,,,,
01/09/2019 11:00,89715.931,45%,,,,,,,,,,
01/09/2019 12:00,81759.798,41%,,,,,,,,,,
01/09/2019 13:00,75541.631,38%,,,,,,,,,,
01/09/2019 14:00,70480.274,35%,,,,,,,,,,
01/09/2019 15:00,61993.136,31%,,,,,,,,,,
01/09/2019 16:00,48517.829,24%,,,,,,,,,,
01/09/2019 17:00,33360.623,17%,,,,,,,,,,
01/09/2019 18:00,21061.784,11%,,,,,,,,,,
01/09/2019 19:00,12783.461,6%,,,,,,,,,,
01/09/2019 20:00,9480.792,5%,,,,,,,,,,
01/09/2019 21:00,13317.409,7%,,,,,,,,,,
01/09/2019 22:00,20114.304,10%,,,,,,,,,,
01/09/2019 23:00,27163.347,14%,,,,,,,,,,
02/09/2019 00:00,31674.746,16%,,,,,,,,,,
02/09/2019 01:00,37087.963,19%,,,,,,,,,,
02/09/2019 02:00,36105.996,18%,,,,,,,,,,
02/09/2019 03:00,33482.652,17%,,,,,,,,,,
02/09/2019 04:00,40259.81,20%,,,,,,,,,,
02/09/2019 05:00,50389.516,25%,,,,,,,,,,
02/09/2019 06:00,59193.288,30%,,,,,,,,,,
02/09/2019 07:00,62576.115,31%,,,,,,,,,,
02/09/2019 08:00,69637.236,35%,,,,,,,,,,
02/09/2019 09:00,95740.739,48%,,,,,,,,,,
02/09/2019 10:00,133334.019,67%,,,,,,,,,,
02/09/2019 11:00,161214.14,81%,,,,,,,,,,
02/09/2019 12:00,169999.027,85%,,,,,,,,,,
02/09/2019 13:00,176271.973,88%,,,,,,,,,,
02/09/2019 14:00,175038.263,88%,,,,,,,,,,
02/09/2019 15:00,173306.033,87%,,,,,,,,,,
02/09/2019 16:00,168758.495,84%,,,,,,,,,,
02/09/2019 17:00,168289.262,84%,,,,,,,,,,
02/09/2019 18:00,164631.69,82%,,,,,,,,,,
02/09/2019 19:00,157047.367,79%,,,,,,,,,,
02/09/2019 20:00,150802.018,75%,,,,,,,,,,
02/09/2019 21:00,142282.641,71%,,,,,,,,,,
02/09/2019 22:00,123951.057,62%,,,,,,,,,,
02/09/2019 23:00,95906.61,48%,,,,,,,,,,
03/09/2019 00:00,71532.806,36%,,,,,,,,,,
03/09/2019 01:00,50228.679,25%,,,,,,,,,,
03/09/2019 02:00,29620.434,15%,,,,,,,,,,
03/09/2019 03:00,14946.378,7%,,,,,,,,,,
03/09/2019 04:00,5792.709,3%,,,,,,,,,,
03/09/2019 05:00,1336.055,1%,,,,,,,,,,
03/09/2019 06:00,1535.53,1%,,,,,,,,,,
03/09/2019 07:00,6255.086,3%,,,,,,,,,,
03/09/2019 08:00,15288.944,8%,,,,,,,,,,
03/09/2019 09:00,29138.776,15%,,,,,,,,,,
03/09/2019 10:00,44072.167,22%,,,,,,,,,,
03/09/2019 11:00,58939.329,29%,,,,,,,,,,
03/09/2019 12:00,75989.542,38%,,,,,,,,,,
03/09/2019 13:00,92003.288,46%,,,,,,,,,,
03/09/2019 14:00,99593.388,50%,,,,,,,,,,
03/09/2019 15:00,104523.45,52%,,,,,,,,,,
03/09/2019 16:00,105595.497,53%,,,,,,,,,,
03/09/2019 17:00,109406.689,55%,,,,,,,,,,
03/09/2019 18:00,118240.255,59%,,,,,,,,,,
03/09/2019 19:00,120511.884,60%,,,,,,,,,,
03/09/2019 20:00,111427.275,56%,,,,,,,,,,
03/09/2019 21:00,107701.894,54%,,,,,,,,,,
03/09/2019 22:00,100142.583,50%,,,,,,,,,,
03/09/2019 23:00,86552.19,43%,,,,,,,,,,
04/09/2019 00:00,86380.545,43%,,,,,,,,,,
04/09/2019 01:00,90967.152,45%,,,,,,,,,,
04/09/2019 02:00,87289.973,44%,,,,,,,,,,
04/09/2019 03:00,66829.447,33%,,,,,,,,,,
04/09/2019 04:00,56404.014,28%,,,,,,,,,,
04/09/2019 05:00,70171.1,35%,,,,,,,,,,
04/09/2019 06:00,71387.16,36%,,,,,,,,,,
04/09/2019 07:00,58263.803,29%,,,,,,,,,,
04/09/2019 08:00,64525.765,32%,,,,,,,,,,
04/09/2019 09:00,62684.971,31%,,,,,,,,,,
04/09/2019 10:00,46691.687,23%,,,,,,,,,,
04/09/2019 11:00,28542.703,14%,,,,,,,,,,
04/09/2019 12:00,18805.36,9%,,,,,,,,,,
04/09/2019 13:00,24461.746,12%,,,,,,,,,,
04/09/2019 14:00,55146.327,28%,,,,,,,,,,
04/09/2019 15:00,109945.245,55%,,,,,,,,,,
04/09/2019 16:00,160905.204,80%,,,,,,,,,,
04/09/2019 17:00,186421.786,93%,,,,,,,,,,
04/09/2019 18:00,194524.32,97%,,,,,,,,,,
04/09/2019 19:00,196336.555,98%,,,,,,,,,,
04/09/2019 20:00,196500.915,98%,,,,,,,,,,
04/09/2019 21:00,195639.861,98%,,,,,,,,,,
04/09/2019 22:00,194390.796,97%,,,,,,,,,,
04/09/2019 23:00,192809.597,96%,,,,,,,,,,
05/09/2019 00:00,189330.644,95%,,,,,,,,,,
05/09/2019 01:00,181941.378,91%,,,,,,,,,,
05/09/2019 02:00,177753.418,89%,,,,,,,,,,
05/09/2019 03:00,168291.129,84%,,,,,,,,,,
05/09/2019 04:00,158165.205,79%,,,,,,,,,,
05/09/2019 05:00,143569.181,72%,,,,,,,,,,
05/09/2019 06:00,127698.777,64%,,,,,,,,,,
05/09/2019 07:00,116578.956,58%,,,,,,,,,,
05/09/2019 08:00,124281.135,62%,,,,,,,,,,
05/09/2019 09:00,126587.415,63%,,,,,,,,,,
05/09/2019 10:00,128600.16,64%,,,,,,,,,,
05/09/2019 11:00,136433.888,68%,,,,,,,,,,
05/09/2019 12:00,144004.099,72%,,,,,,,,,,
05/09/2019 13:00,146701.5,73%,,,,,,,,,,
05/09/2019 14:00,139395.371,70%,,,,,,,,,,
05/09/2019 15:00,117157.416,59%,,,,,,,,,,
05/09/2019 16:00,97670.777,49%,,,,,,,,,,
05/09/2019 17:00,101437.655,51%,,,,,,,,,,
05/09/2019 18:00,117614.564,59%,,,,,,,,,,
05/09/2019 19:00,130878.469,65%,,,,,,,,,,
05/09/2019 20:00,138500.681,69%,,,,,,,,,,
05/09/2019 21:00,111007.454,56%,,,,,,,,,,
05/09/2019 22:00,114456.662,57%,,,,,,,,,,
05/09/2019 23:00,147759.143,74%,,,,,,,,,,
06/09/2019 00:00,170270.256,85%,,,,,,,,,,
06/09/2019 01:00,175648.481,88%,,,,,,,,,,
06/09/2019 02:00,168062.154,84%,,,,,,,,,,
06/09/2019 03:00,147351.404,74%,,,,,,,,,,
06/09/2019 04:00,131955.584,66%,,,,,,,,,,
06/09/2019 05:00,140068.311,70%,,,,,,,,,,
06/09/2019 06:00,133755.723,67%,,,,,,,,,,
06/09/2019 07:00,136433.964,68%,,,,,,,,,,
06/09/2019 08:00,142056.676,71%,,,,,,,,,,
06/09/2019 09:00,143294.913,72%,,,,,,,,,,
06/09/2019 10:00,140549.906,70%,,,,,,,,,,
06/09/2019 11:00,132684.653,66%,,,,,,,,,,
06/09/2019 12:00,125107.7,63%,,,,,,,,,,
06/09/2019 13:00,125745.498,63%,,,,,,,,,,
06/09/2019 14:00,129285.44,65%,,,,,,,,,,
06/09/2019 15:00,132252.514,66%,,,,,,,,,,
06/09/2019 16:00,133760.138,67%,,,,,,,,,,
06/09/2019 17:00,133806.451,67%,,,,,,,,,,
06/09/2019 18:00,136258.856,68%,,,,,,,,,,
06/09/2019 19:00,141033.321,71%,,,,,,,,,,
06/09/2019 20:00,144471.625,72%,,,,,,,,,,
06/09/2019 21:00,145524.453,73%,,,,,,,,,,
06/09/2019 22:00,147355.377,74%,,,,,,,,,,
06/09/2019 23:00,147083.509,74%,,,,,,,,,,
07/09/2019 00:00,148276.29,74%,,,,,,,,,,
07/09/2019 01:00,149986.997,75%,,,,,,,,,,
07/09/2019 02:00,154012.334,77%,,,,,,,,,,
07/09/2019 03:00,152693.173,76%,,,,,,,,,,
07/09/2019 04:00,147171.464,74%,,,,,,,,,,
07/09/2019 05:00,143993.584,72%,,,,,,,,,,
07/09/2019 06:00,140157.401,70%,,,,,,,,,,
07/09/2019 07:00,131158.423,66%,,,,,,,,,,
07/09/2019 08:00,124330.341,62%,,,,,,,,,,
07/09/2019 09:00,111288.619,56%,,,,,,,,,,
07/09/2019 10:00,98218.544,49%,,,,,,,,,,
07/09/2019 11:00,91880.841,46%,,,,,,,,,,
07/09/2019 12:00,88304.855,44%,,,,,,,,,,
07/09/2019 13:00,83029.985,42%,,,,,,,,,,
07/09/2019 14:00,72328.331,36%,,,,,,,,,,
07/09/2019 15:00,60676.155,30%,,,,,,,,,,
07/09/2019 16:00,50371.052,25%,,,,,,,,,,
07/09/2019 17:00,42237.212,21%,,,,,,,,,,
07/09/2019 18:00,37403.222,19%,,,,,,,,,,
07/09/2019 19:00,28091.4,14%,,,,,,,,,,
07/09/2019 20:00,15487.166,8%,,,,,,,,,,
07/09/2019 21:00,8219.907,4%,,,,,,,,,,
07/09/2019 22:00,4806.381,2%,,,,,,,,,,
07/09/2019 23:00,2771.02,1%,,,,,,,,,,
08/09/2019 00:00,2452.635,1%,,,,,,,,,,
08/09/2019 01:00,8542.996,4%,,,,,,,,,,
08/09/2019 02:00,17400.025,9%,,,,,,,,,,
08/09/2019 03:00,24228.505,12%,,,,,,,,,,
08/09/2019 04:00,26679.73,13%,,,,,,,,,,
08/09/2019 05:00,25777.833,13%,,,,,,,,,,
08/09/2019 06:00,19907.288,10%,,,,,,,,,,
08/09/2019 07:00,21308.266,11%,,,,,,,,,,
08/09/2019 08:00,26597.575,13%,,,,,,,,,,
08/09/2019 09:00,30884.529,15%,,,,,,,,,,
08/09/2019 10:00,40301.5,20%,,,,,,,,,,
08/09/2019 11:00,51807.881,26%,,,,,,,,,,
08/09/2019 12:00,58915.353,29%,,,,,,,,,,
08/09/2019 13:00,65781.787,33%,,,,,,,,,,
08/09/2019 14:00,71529.278,36%,,,,,,,,,,
08/09/2019 15:00,74474.903,37%,,,,,,,,,,
08/09/2019 16:00,79019.705,40%,,,,,,,,,,
08/09/2019 17:00,87680.351,44%,,,,,,,,,,
08/09/2019 18:00,99231.273,50%,,,,,,,,,,
08/09/2019 19:00,103705.662,52%,,,,,,,,,,
08/09/2019 20:00,101994.6,51%,,,,,,,,,,
08/09/2019 21:00,99174.193,50%,,,,,,,,,,
08/09/2019 22:00,100352.224,50%,,,,,,,,,,
08/09/2019 23:00,99634.486,50%,,,,,,,,,,
09/09/2019 00:00,98768.596,49%,,,,,,,,,,
09/09/2019 01:00,100157.569,50%,,,,,,,,,,
09/09/2019 02:00,97668.061,49%,,,,,,,,,,
09/09/2019 03:00,94968.85,47%,,,,,,,,,,
09/09/2019 04:00,93258.998,47%,,,,,,,,,,
09/09/2019 05:00,92563.01,46%,,,,,,,,,,
09/09/2019 06:00,88302.921,44%,,,,,,,,,,
09/09/2019 07:00,82004.365,41%,,,,,,,,,,
09/09/2019 08:00,79015.424,40%,,,,,,,,,,
09/09/2019 09:00,78715.731,39%,,,,,,,,,,
09/09/2019 10:00,77256.209,39%,,,,,,,,,,
09/09/2019 11:00,71246.735,36%,,,,,,,,,,
09/09/2019 12:00,62243.347,31%,,,,,,,,,,
09/09/2019 13:00,54524.337,27%,,,,,,,,,,
09/09/2019 14:00,49733.695,25%,,,,,,,,,,
09/09/2019 15:00,47959.381,24%,,,,,,,,,,
09/09/2019 16:00,44767.411,22%,,,,,,,,,,
09/09/2019 17:00,39442.364,20%,,,,,,,,,,
09/09/2019 18:00,38968.24,19%,,,,,,,,,,
09/09/2019 19:00,38204.207,19%,,,,,,,,,,
09/09/2019 20:00,36146.393,18%,,,,,,,,,,
09/09/2019 21:00,32822.764,16%,,,,,,,,,,
09/09/2019 22:00,30378.72,15%,,,,,,,,,,
09/09/2019 23:00,31935.038,16%,,,,,,,,,,
10/09/2019 00:00,35839.839,18%,,,,,,,,,,
10/09/2019 01:00,40587.329,20%,,,,,,,,,,
10/09/2019 02:00,50344.896,25%,,,,,,,,,,
10/09/2019 03:00,59261.089,30%,,,,,,,,,,
10/09/2019 04:00,65225.107,33%,,,,,,,,,,
10/09/2019 05:00,59095.37,30%,,,,,,,,,,
10/09/2019 06:00,49017.707,25%,,,,,,,,,,
10/09/2019 07:00,32704.886,16%,,,,,,,,,,
10/09/2019 08:00,17905.539,9%,,,,,,,,,,
10/09/2019 09:00,9168.735,5%,,,,,,,,,,
10/09/2019 10:00,5034.695,3%,,,,,,,,,,
10/09/2019 11:00,9787.275,5%,,,,,,,,,,
10/09/2019 12:00,32091.918,16%,,,,,,,,,,
10/09/2019 13:00,62446.846,31%,,,,,,,,,,
10/09/2019 14:00,79121.87,40%,,,,,,,,,,
10/09/2019 15:00,95742.81,48%,,,,,,,,,,
10/09/2019 16:00,116558.927,58%,,,,,,,,,,
10/09/2019 17:00,129037.522,65%,,,,,,,,,,
10/09/2019 18:00,151345.995,76%,,,,,,,,,,
10/09/2019 19:00,170908.407,85%,,,,,,,,,,
10/09/2019 20:00,182703.732,91%,,,,,,,,,,
10/09/2019 21:00,189579.096,95%,,,,,,,,,,
10/09/2019 22:00,192362.741,96%,,,,,,,,,,
10/09/2019 23:00,190419.513,95%,,,,,,,,,,
11/09/2019 00:00,186456.948,93%,,,,,,,,,,
11/09/2019 01:00,177724.174,89%,,,,,,,,,,
11/09/2019 02:00,161867.742,81%,,,,,,,,,,
11/09/2019 03:00,157467.039,79%,,,,,,,,,,
11/09/2019 04:00,149575.115,75%,,,,,,,,,,
11/09/2019 05:00,142631.636,71%,,,,,,,,,,
11/09/2019 06:00,145751.497,73%,,,,,,,,,,
11/09/2019 07:00,141825.386,71%,,,,,,,,,,
11/09/2019 08:00,152305.605,76%,,,,,,,,,,
11/09/2019 09:00,164698.74,82%,,,,,,,,,,
11/09/2019 10:00,166727.441,83%,,,,,,,,,,
11/09/2019 11:00,167465.321,84%,,,,,,,,,,
11/09/2019 12:00,168478.425,84%,,,,,,,,,,
11/09/2019 13:00,167911.989,84%,,,,,,,,,,
11/09/2019 14:00,165441.149,83%,,,,,,,,,,
11/09/2019 15:00,156227.026,78%,,,,,,,,,,
11/09/2019 16:00,143317.029,72%,,,,,,,,,,
11/09/2019 17:00,137369.84,69%,,,,,,,,,,
11/09/2019 18:00,142272.461,71%,,,,,,,,,,
11/09/2019 19:00,135552.815,68%,,,,,,,,,,
11/09/2019 20:00,116070.828,58%,,,,,,,,,,
11/09/2019 21:00,116072.248,58%,,,,,,,,,,
11/09/2019 22:00,117195.97,59%,,,,,,,,,,
11/09/2019 23:00,113690.773,57%,,,,,,,,,,
12/09/2019 00:00,108057.232,54%,,,,,,,,,,
12/09/2019 01:00,104523.601,52%,,,,,,,,,,
12/09/2019 02:00,105075.472,53%,,,,,,,,,,
12/09/2019 03:00,102506.958,51%,,,,,,,,,,
12/09/2019 04:00,100186.952,50%,,,,,,,,,,
12/09/2019 05:00,104141.192,52%,,,,,,,,,,
12/09/2019 06:00,100866.146,50%,,,,,,,,,,
12/09/2019 07:00,91880.918,46%,,,,,,,,,,
12/09/2019 08:00,98218.418,49%,,,,,,,,,,
12/09/2019 09:00,97667.179,49%,,,,,,,,,,
12/09/2019 10:00,93174.464,47%,,,,,,,,,,
12/09/2019 11:00,84690.259,42%,,,,,,,,,,
12/09/2019 12:00,77696.76,39%,,,,,,,,,,
12/09/2019 13:00,72850.543,36%,,,,,,,,,,
12/09/2019 14:00,70877.842,35%,,,,,,,,,,
12/09/2019 15:00,85007.497,43%,,,,,,,,,,
12/09/2019 16:00,102611.782,51%,,,,,,,,,,
12/09/2019 17:00,114752.009,57%,,,,,,,,,,
12/09/2019 18:00,111047.96,56%,,,,,,,,,,
12/09/2019 19:00,107522.458,54%,,,,,,,,,,
12/09/2019 20:00,109945.316,55%,,,,,,,,,,
12/09/2019 21:00,105338.994,53%,,,,,,,,,,
12/09/2019 22:00,100142.448,50%,,,,,,,,,,
12/09/2019 23:00,102906.389,51%,,,,,,,,,,
13/09/2019 00:00,108867.2,54%,,,,,,,,,,
13/09/2019 01:00,110035.143,55%,,,,,,,,,,
13/09/2019 02:00,111702.531,56%,,,,,,,,,,
13/09/2019 03:00,109406.719,55%,,,,,,,,,,
13/09/2019 04:00,114800.61,57%,,,,,,,,,,
13/09/2019 05:00,120243.414,60%,,,,,,,,,,
13/09/2019 06:00,114047.211,57%,,,,,,,,,,
13/09/2019 07:00,98647.483,49%,,,,,,,,,,
13/09/2019 08:00,113157.672,57%,,,,,,,,,,
13/09/2019 09:00,126228.41,63%,,,,,,,,,,
13/09/2019 10:00,132600.654,66%,,,,,,,,,,
13/09/2019 11:00,132472.289,66%,,,,,,,,,,
13/09/2019 12:00,124796.46,62%,,,,,,,,,,
13/09/2019 13:00,123573.66,62%,,,,,,,,,,
13/09/2019 14:00,117908.789,59%,,,,,,,,,,
13/09/2019 15:00,118272.564,59%,,,,,,,,,,
13/09/2019 16:00,109011.237,55%,,,,,,,,,,
13/09/2019 17:00,99412.782,50%,,,,,,,,,,
13/09/2019 18:00,89124.463,45%,,,,,,,,,,
13/09/2019 19:00,76377.779,38%,,,,,,,,,,
13/09/2019 20:00,71050.977,36%,,,,,,,,,,
13/09/2019 21:00,75562.324,38%,,,,,,,,,,
13/09/2019 22:00,79604.679,40%,,,,,,,,,,
13/09/2019 23:00,80102.988,40%,,,,,,,,,,
14/09/2019 00:00,77131.496,39%,,,,,,,,,,
14/09/2019 01:00,70937.149,35%,,,,,,,,,,
14/09/2019 02:00,86904.093,43%,,,,,,,,,,
14/09/2019 03:00,101481.816,51%,,,,,,,,,,
14/09/2019 04:00,102987.626,51%,,,,,,,,,,
14/09/2019 05:00,106429.589,53%,,,,,,,,,,
14/09/2019 06:00,133633.087,67%,,,,,,,,,,
14/09/2019 07:00,154531.339,77%,,,,,,,,,,
14/09/2019 08:00,174398.621,87%,,,,,,,,,,
14/09/2019 09:00,188558.032,94%,,,,,,,,,,
14/09/2019 10:00,191745.208,96%,,,,,,,,,,
14/09/2019 11:00,193133.257,97%,,,,,,,,,,
14/09/2019 12:00,194220.641,97%,,,,,,,,,,
14/09/2019 13:00,193329.226,97%,,,,,,,,,,
14/09/2019 14:00,192464.211,96%,,,,,,,,,,
14/09/2019 15:00,192467.665,96%,,,,,,,,,,
14/09/2019 16:00,191912.39,96%,,,,,,,,,,
14/09/2019 17:00,190011.499,95%,,,,,,,,,,
14/09/2019 18:00,184954.062,92%,,,,,,,,,,
14/09/2019 19:00,174969.674,87%,,,,,,,,,,
14/09/2019 20:00,169644.658,85%,,,,,,,,,,
14/09/2019 21:00,167013.924,84%,,,,,,,,,,
14/09/2019 22:00,165871.226,83%,,,,,,,,,,
14/09/2019 23:00,173504.523,87%,,,,,,,,,,
15/09/2019 00:00,175376.308,88%,,,,,,,,,,
15/09/2019 01:00,185250.426,93%,,,,,,,,,,
15/09/2019 02:00,188237.909,94%,,,,,,,,,,
15/09/2019 03:00,188556.27,94%,,,,,,,,,,
15/09/2019 04:00,189934.123,95%,,,,,,,,,,
15/09/2019 05:00,185487.76,93%,,,,,,,,,,
15/09/2019 06:00,181583.192,91%,,,,,,,,,,
15/09/2019 07:00,180367.291,90%,,,,,,,,,,
15/09/2019 08:00,178921.653,89%,,,,,,,,,,
15/09/2019 09:00,178516.845,89%,,,,,,,,,,
15/09/2019 10:00,176170.533,88%,,,,,,,,,,
15/09/2019 11:00,175140.563,88%,,,,,,,,,,
15/09/2019 12:00,174039.878,87%,,,,,,,,,,
15/09/2019 13:00,166189.014,83%,,,,,,,,,,
15/09/2019 14:00,155863.032,78%,,,,,,,,,,
15/09/2019 15:00,148808.821,74%,,,,,,,,,,
15/09/2019 16:00,134807.158,67%,,,,,,,,,,
15/09/2019 17:00,124236.606,62%,,,,,,,,,,
15/09/2019 18:00,108867.2,54%,,,,,,,,,,
15/09/2019 19:00,98255.012,49%,,,,,,,,,,
15/09/2019 20:00,88719.737,44%,,,,,,,,,,
15/09/2019 21:00,87307.572,44%,,,,,,,,,,
15/09/2019 22:00,86161.147,43%,,,,,,,,,,
15/09/2019 23:00,81571.202,41%,,,,,,,,,,
16/09/2019 00:00,77125.491,39%,,,,,,,,,,
16/09/2019 01:00,73439.73,37%,,,,,,,,,,
16/09/2019 02:00,74071.058,37%,,,,,,,,,,
16/09/2019 03:00,80350.119,40%,,,,,,,,,,
16/09/2019 04:00,88008.324,44%,,,,,,,,,,
16/09/2019 05:00,90805.58,45%,,,,,,,,,,
16/09/2019 06:00,90781.794,45%,,,,,,,,,,
16/09/2019 07:00,82658.999,41%,,,,,,,,,,
16/09/2019 08:00,103592.144,52%,,,,,,,,,,
16/09/2019 09:00,129180.073,65%,,,,,,,,,,
16/09/2019 10:00,136316.214,68%,,,,,,,,,,
16/09/2019 11:00,140576.302,70%,,,,,,,,,,
16/09/2019 12:00,145488.653,73%,,,,,,,,,,
16/09/2019 13:00,149894.094,75%,,,,,,,,,,
16/09/2019 14:00,153069.598,77%,,,,,,,,,,
16/09/2019 15:00,152451.965,76%,,,,,,,,,,
16/09/2019 16:00,148412.075,74%,,,,,,,,,,
16/09/2019 17:00,140066.72,70%,,,,,,,,,,
16/09/2019 18:00,135635.219,68%,,,,,,,,,,
16/09/2019 19:00,138491.648,69%,,,,,,,,,,
16/09/2019 20:00,145357.248,73%,,,,,,,,,,
16/09/2019 21:00,150507.571,75%,,,,,,,,,,
16/09/2019 22:00,156922.704,78%,,,,,,,,,,
16/09/2019 23:00,161539.714,81%,,,,,,,,,,
17/09/2019 00:00,160046.302,80%,,,,,,,,,,
17/09/2019 01:00,158723.043,79%,,,,,,,,,,
17/09/2019 02:00,157751.123,79%,,,,,,,,,,
17/09/2019 03:00,160332.931,80%,,,,,,,,,,
17/09/2019 04:00,162507.7,81%,,,,,,,,,,
17/09/2019 05:00,162346.079,81%,,,,,,,,,,
17/09/2019 06:00,163192.076,82%,,,,,,,,,,
17/09/2019 07:00,163079.119,82%,,,,,,,,,,
17/09/2019 08:00,168754.566,84%,,,,,,,,,,
17/09/2019 09:00,168706.769,84%,,,,,,,,,,
17/09/2019 10:00,161527.227,81%,,,,,,,,,,
17/09/2019 11:00,149175.173,75%,,,,,,,,,,
17/09/2019 12:00,134257.209,67%,,,,,,,,,,
17/09/2019 13:00,121452.879,61%,,,,,,,,,,
17/09/2019 14:00,108867.2,54%,,,,,,,,,,
17/09/2019 15:00,96291.21,48%,,,,,,,,,,
17/09/2019 16:00,80633.656,40%,,,,,,,,,,
17/09/2019 17:00,63026.365,32%,,,,,,,,,,
17/09/2019 18:00,50189.328,25%,,,,,,,,,,
17/09/2019 19:00,38338.865,19%,,,,,,,,,,
17/09/2019 20:00,26984.466,13%,,,,,,,,,,
17/09/2019 21:00,20968.646,10%,,,,,,,,,,
17/09/2019 22:00,18037.308,9%,,,,,,,,,,
17/09/2019 23:00,17609.976,9%,,,,,,,,,,
18/09/2019 00:00,17238.983,9%,,,,,,,,,,
18/09/2019 01:00,15631.11,8%,,,,,,,,,,
18/09/2019 02:00,12734.465,6%,,,,,,,,,,
18/09/2019 03:00,8724.395,4%,,,,,,,,,,
18/09/2019 04:00,4065.077,2%,,,,,,,,,,
18/09/2019 05:00,2231.687,1%,,,,,,,,,,
18/09/2019 06:00,2407.357,1%,,,,,,,,,,
18/09/2019 07:00,5538.508,3%,,,,,,,,,,
18/09/2019 08:00,13470.647,7%,,,,,,,,,,
18/09/2019 09:00,22563.393,11%,,,,,,,,,,
18/09/2019 10:00,30891.313,15%,,,,,,,,,,
18/09/2019 11:00,36396.453,18%,,,,,,,,,,
18/09/2019 12:00,35357.436,18%,,,,,,,,,,
18/09/2019 13:00,31009.349,16%,,,,,,,,,,
18/09/2019 14:00,25327.508,13%,,,,,,,,,,
18/09/2019 15:00,20246.248,10%,,,,,,,,,,
18/09/2019 16:00,15965.72,8%,,,,,,,,,,
18/09/2019 17:00,14508.529,7%,,,,,,,,,,
18/09/2019 18:00,17945.29,9%,,,,,,,,,,
18/09/2019 19:00,20938.998,10%,,,,,,,,,,
18/09/2019 20:00,22467.247,11%,,,,,,,,,,
18/09/2019 21:00,22193.906,11%,,,,,,,,,,
18/09/2019 22:00,22070.199,11%,,,,,,,,,,
18/09/2019 23:00,22388.154,11%,,,,,,,,,,
19/09/2019 00:00,23642.525,12%,,,,,,,,,,
19/09/2019 01:00,24143.182,12%,,,,,,,,,,
19/09/2019 02:00,25464.185,13%,,,,,,,,,,
19/09/2019 03:00,29708.647,15%,,,,,,,,,,
19/09/2019 04:00,37060.026,19%,,,,,,,,,,
19/09/2019 05:00,41293.76,21%,,,,,,,,,,
19/09/2019 06:00,42454.284,21%,,,,,,,,,,
19/09/2019 07:00,33844.715,17%,,,,,,,,,,
19/09/2019 08:00,27334.994,14%,,,,,,,,,,
19/09/2019 09:00,31179.196,16%,,,,,,,,,,
19/09/2019 10:00,30545.3,15%,,,,,,,,,,
19/09/2019 11:00,28104.424,14%,,,,,,,,,,
19/09/2019 12:00,25489.639,13%,,,,,,,,,,
19/09/2019 13:00,23914.553,12%,,,,,,,,,,
19/09/2019 14:00,22649.732,11%,,,,,,,,,,
19/09/2019 15:00,20147.398,10%,,,,,,,,,,
19/09/2019 16:00,15625.871,8%,,,,,,,,,,
19/09/2019 17:00,12710.862,6%,,,,,,,,,,
19/09/2019 18:00,11867.457,6%,,,,,,,,,,
19/09/2019 19:00,12150.471,6%,,,,,,,,,,
19/09/2019 20:00,11790.7,6%,,,,,,,,,,
19/09/2019 21:00,11217.939,6%,,,,,,,,,,
19/09/2019 22:00,11236.1,6%,,,,,,,,,,
19/09/2019 23:00,11411.628,6%,,,,,,,,,,
20/09/2019 00:00,10828.774,5%,,,,,,,,,,
20/09/2019 01:00,9774.513,5%,,,,,,,,,,
20/09/2019 02:00,8265.825,4%,,,,,,,,,,
20/09/2019 03:00,6677.631,3%,,,,,,,,,,
20/09/2019 04:00,5082.883,3%,,,,,,,,,,
20/09/2019 05:00,4104.76,2%,,,,,,,,,,
20/09/2019 06:00,4427.106,2%,,,,,,,,,,
20/09/2019 07:00,6332.505,3%,,,,,,,,,,
20/09/2019 08:00,8181.787,4%,,,,,,,,,,
20/09/2019 09:00,8862.789,4%,,,,,,,,,,
20/09/2019 10:00,12485.765,6%,,,,,,,,,,
20/09/2019 11:00,20327.672,10%,,,,,,,,,,
20/09/2019 12:00,26906.763,13%,,,,,,,,,,
20/09/2019 13:00,33100.611,17%,,,,,,,,,,
20/09/2019 14:00,38491.361,19%,,,,,,,,,,
20/09/2019 15:00,43557.17,22%,,,,,,,,,,
20/09/2019 16:00,50479.949,25%,,,,,,,,,,
20/09/2019 17:00,66013.818,33%,,,,,,,,,,
20/09/2019 18:00,82550.433,41%,,,,,,,,,,
20/09/2019 19:00,91333.056,46%,,,,,,,,,,
20/09/2019 20:00,94180.433,47%,,,,,,,,,,
20/09/2019 21:00,97126.389,49%,,,,,,,,,,
20/09/2019 22:00,103158.743,52%,,,,,,,,,,
20/09/2019 23:00,111883.986,56%,,,,,,,,,,
21/09/2019 00:00,119807.303,60%,,,,,,,,,,
21/09/2019 01:00,123603.29,62%,,,,,,,,,,
21/09/2019 02:00,123869.867,62%,,,,,,,,,,
21/09/2019 03:00,122042.645,61%,,,,,,,,,,
21/09/2019 04:00,123701.501,62%,,,,,,,,,,
21/09/2019 05:00,126094.777,63%,,,,,,,,,,
21/09/2019 06:00,125110.764,63%,,,,,,,,,,
21/09/2019 07:00,119726.08,60%,,,,,,,,,,
21/09/2019 08:00,124538.628,62%,,,,,,,,,,
21/09/2019 09:00,134809.328,67%,,,,,,,,,,
21/09/2019 10:00,142053.194,71%,,,,,,,,,,
21/09/2019 11:00,147629.426,74%,,,,,,,,,,
21/09/2019 12:00,149569.301,75%,,,,,,,,,,
21/09/2019 13:00,150760.639,75%,,,,,,,,,,
21/09/2019 14:00,151249.999,76%,,,,,,,,,,
21/09/2019 15:00,146704.579,73%,,,,,,,,,,
21/09/2019 16:00,137405.385,69%,,,,,,,,,,
21/09/2019 17:00,130883.722,65%,,,,,,,,,,
21/09/2019 18:00,136266.032,68%,,,,,,,,,,
21/09/2019 19:00,142244.43,71%,,,,,,,,,,
21/09/2019 20:00,137391.028,69%,,,,,,,,,,
21/09/2019 21:00,130990.516,65%,,,,,,,,,,
21/09/2019 22:00,123914.165,62%,,,,,,,,,,
21/09/2019 23:00,117123.911,59%,,,,,,,,,,
22/09/2019 00:00,111308.517,56%,,,,,,,,,,
22/09/2019 01:00,107514.885,54%,,,,,,,,,,
22/09/2019 02:00,105094.176,53%,,,,,,,,,,
22/09/2019 03:00,103159.364,52%,,,,,,,,,,
22/09/2019 04:00,100364.715,50%,,,,,,,,,,
22/09/2019 05:00,97286.428,49%,,,,,,,,,,
22/09/2019 06:00,93429.005,47%,,,,,,,,,,
22/09/2019 07:00,83915.197,42%,,,,,,,,,,
22/09/2019 08:00,79792.163,40%,,,,,,,,,,
22/09/2019 09:00,80097.194,40%,,,,,,,,,,
22/09/2019 10:00,77441.737,39%,,,,,,,,,,
22/09/2019 11:00,77685.943,39%,,,,,,,,,,
22/09/2019 12:00,80451.938,40%,,,,,,,,,,
22/09/2019 13:00,86660.841,43%,,,,,,,,,,
22/09/2019 14:00,93260.561,47%,,,,,,,,,,
22/09/2019 15:00,95740.951,48%,,,,,,,,,,
22/09/2019 16:00,90778.351,45%,,,,,,,,,,
22/09/2019 17:00,82621.444,41%,,,,,,,,,,
22/09/2019 18:00,86419.523,43%,,,,,,,,,,
22/09/2019 19:00,88304.898,44%,,,,,,,,,,
22/09/2019 20:00,87040.527,44%,,,,,,,,,,
22/09/2019 21:00,86376.76,43%,,,,,,,,,,
22/09/2019 22:00,86469.201,43%,,,,,,,,,,
22/09/2019 23:00,87414.537,44%,,,,,,,,,,
23/09/2019 00:00,88853.622,44%,,,,,,,,,,
23/09/2019 01:00,86756.998,43%,,,,,,,,,,
23/09/2019 02:00,80176.071,40%,,,,,,,,,,
23/09/2019 03:00,78908.105,39%,,,,,,,,,,
23/09/2019 04:00,81459.113,41%,,,,,,,,,,
23/09/2019 05:00,87175.624,44%,,,,,,,,,,
23/09/2019 06:00,83681.372,42%,,,,,,,,,,
23/09/2019 07:00,65941.613,33%,,,,,,,,,,
23/09/2019 08:00,54880.088,27%,,,,,,,,,,
23/09/2019 09:00,59423.437,30%,,,,,,,,,,
23/09/2019 10:00,68047.014,34%,,,,,,,,,,
23/09/2019 11:00,85995.446,43%,,,,,,,,,,
23/09/2019 12:00,101914.493,51%,,,,,,,,,,
23/09/2019 13:00,107393.817,54%,,,,,,,,,,
23/09/2019 14:00,110061.134,55%,,,,,,,,,,
23/09/2019 15:00,111288.044,56%,,,,,,,,,,
23/09/2019 16:00,103158.874,52%,,,,,,,,,,
23/09/2019 17:00,100581.106,50%,,,,,,,,,,
23/09/2019 18:00,104661.299,52%,,,,,,,,,,
23/09/2019 19:00,104705.38,52%,,,,,,,,,,
23/09/2019 20:00,109698.697,55%,,,,,,,,,,
23/09/2019 21:00,114750.804,57%,,,,,,,,,,
23/09/2019 22:00,120245.891,60%,,,,,,,,,,
23/09/2019 23:00,126952.16,63%,,,,,,,,,,
24/09/2019 00:00,138186.727,69%,,,,,,,,,,
24/09/2019 01:00,148778.982,74%,,,,,,,,,,
24/09/2019 02:00,149359.653,75%,,,,,,,,,,
24/09/2019 03:00,149578.381,75%,,,,,,,,,,
24/09/2019 04:00,144974.547,72%,,,,,,,,,,
24/09/2019 05:00,140857.821,70%,,,,,,,,,,
24/09/2019 06:00,139104.371,70%,,,,,,,,,,
24/09/2019 07:00,132209.226,66%,,,,,,,,,,
24/09/2019 08:00,123065.587,62%,,,,,,,,,,
24/09/2019 09:00,117112.227,59%,,,,,,,,,,
24/09/2019 10:00,107726.971,54%,,,,,,,,,,
24/09/2019 11:00,100640.448,50%,,,,,,,,,,
24/09/2019 12:00,101156.807,51%,,,,,,,,,,
24/09/2019 13:00,107545.753,54%,,,,,,,,,,
24/09/2019 14:00,108112.649,54%,,,,,,,,,,
24/09/2019 15:00,99281.524,50%,,,,,,,,,,
24/09/2019 16:00,90776.217,45%,,,,,,,,,,
24/09/2019 17:00,96607.941,48%,,,,,,,,,,
24/09/2019 18:00,113123.389,57%,,,,,,,,,,
24/09/2019 19:00,121444.265,61%,,,,,,,,,,
24/09/2019 20:00,122558.574,61%,,,,,,,,,,
24/09/2019 21:00,137112.696,69%,,,,,,,,,,
24/09/2019 22:00,144847.915,72%,,,,,,,,,,
24/09/2019 23:00,139607.674,70%,,,,,,,,,,
25/09/2019 00:00,147343.239,74%,,,,,,,,,,
25/09/2019 01:00,150920.816,75%,,,,,,,,,,
25/09/2019 02:00,152069.364,76%,,,,,,,,,,
25/09/2019 03:00,145789.945,73%,,,,,,,,,,
25/09/2019 04:00,139399.44,70%,,,,,,,,,,
25/09/2019 05:00,129681.811,65%,,,,,,,,,,
25/09/2019 06:00,123912.163,62%,,,,,,,,,,
25/09/2019 07:00,122554.12,61%,,,,,,,,,,
25/09/2019 08:00,129539.885,65%,,,,,,,,,,
25/09/2019 09:00,139432.496,70%,,,,,,,,,,
25/09/2019 10:00,147602.925,74%,,,,,,,,,,
25/09/2019 11:00,151447.771,76%,,,,,,,,,,
25/09/2019 12:00,149964.481,75%,,,,,,,,,,
25/09/2019 13:00,150118.289,75%,,,,,,,,,,
25/09/2019 14:00,148477.346,74%,,,,,,,,,,
25/09/2019 15:00,145054.292,73%,,,,,,,,,,
25/09/2019 16:00,138580.423,69%,,,,,,,,,,
25/09/2019 17:00,133190.936,67%,,,,,,,,,,
25/09/2019 18:00,135349.149,68%,,,,,,,,,,
25/09/2019 19:00,136880.966,68%,,,,,,,,,,
25/09/2019 20:00,136440.887,68%,,,,,,,,,,
25/09/2019 21:00,134669.485,67%,,,,,,,,,,
25/09/2019 22:00,140692.029,70%,,,,,,,,,,
25/09/2019 23:00,150888.138,75%,,,,,,,,,,
26/09/2019 00:00,152930.342,76%,,,,,,,,,,
26/09/2019 01:00,152305.868,76%,,,,,,,,,,
26/09/2019 02:00,149967.851,75%,,,,,,,,,,
26/09/2019 03:00,149329.643,75%,,,,,,,,,,
26/09/2019 04:00,143571.88,72%,,,,,,,,,,
26/09/2019 05:00,143038.076,72%,,,,,,,,,,
26/09/2019 06:00,138491.184,69%,,,,,,,,,,
26/09/2019 07:00,135174.436,68%,,,,,,,,,,
26/09/2019 08:00,120520.391,60%,,,,,,,,,,
26/09/2019 09:00,100449.486,50%,,,,,,,,,,
26/09/2019 10:00,82107.803,41%,,,,,,,,,,
26/09/2019 11:00,80100.304,40%,,,,,,,,,,
26/09/2019 12:00,77553.104,39%,,,,,,,,,,
26/09/2019 13:00,72702.28,36%,,,,,,,,,,
26/09/2019 14:00,79559.421,40%,,,,,,,,,,
26/09/2019 15:00,86599.198,43%,,,,,,,,,,
26/09/2019 16:00,85911.954,43%,,,,,,,,,,
26/09/2019 17:00,96593.752,48%,,,,,,,,,,
26/09/2019 18:00,108080.544,54%,,,,,,,,,,
26/09/2019 19:00,103078.583,52%,,,,,,,,,,
26/09/2019 20:00,93942.386,47%,,,,,,,,,,
26/09/2019 21:00,87275.619,44%,,,,,,,,,,
26/09/2019 22:00,85010.406,43%,,,,,,,,,,
26/09/2019 23:00,81460.723,41%,,,,,,,,,,
27/09/2019 00:00,76331.19,38%,,,,,,,,,,
27/09/2019 01:00,71001.509,36%,,,,,,,,,,
27/09/2019 02:00,66835.21,33%,,,,,,,,,,
27/09/2019 03:00,68233.582,34%,,,,,,,,,,
27/09/2019 04:00,68718.039,34%,,,,,,,,,,
27/09/2019 05:00,66958.27,33%,,,,,,,,,,
27/09/2019 06:00,65546.871,33%,,,,,,,,,,
27/09/2019 07:00,59091.023,30%,,,,,,,,,,
27/09/2019 08:00,49737.208,25%,,,,,,,,,,
27/09/2019 09:00,41815.837,21%,,,,,,,,,,
27/09/2019 10:00,32922.22,16%,,,,,,,,,,
27/09/2019 11:00,29220.411,15%,,,,,,,,,,
27/09/2019 12:00,31815.561,16%,,,,,,,,,,
27/09/2019 13:00,34981.655,17%,,,,,,,,,,
27/09/2019 14:00,35505.465,18%,,,,,,,,,,
27/09/2019 15:00,29768.813,15%,,,,,,,,,,
27/09/2019 16:00,19506.257,10%,,,,,,,,,,
27/09/2019 17:00,11416.874,6%,,,,,,,,,,
27/09/2019 18:00,5305.242,3%,,,,,,,,,,
27/09/2019 19:00,5768.939,3%,,,,,,,,,,
27/09/2019 20:00,5668.713,3%,,,,,,,,,,
27/09/2019 21:00,12930.828,6%,,,,,,,,,,
27/09/2019 22:00,21041.931,11%,,,,,,,,,,
27/09/2019 23:00,24243.739,12%,,,,,,,,,,
28/09/2019 00:00,24736.889,12%,,,,,,,,,,
28/09/2019 01:00,28988.674,14%,,,,,,,,,,
28/09/2019 02:00,33569.514,17%,,,,,,,,,,
28/09/2019 03:00,40342.216,20%,,,,,,,,,,
28/09/2019 04:00,46531.406,23%,,,,,,,,,,
28/09/2019 05:00,50750.081,25%,,,,,,,,,,
28/09/2019 06:00,59407.901,30%,,,,,,,,,,
28/09/2019 07:00,66313.218,33%,,,,,,,,,,
28/09/2019 08:00,75486.89,38%,,,,,,,,,,
28/09/2019 09:00,96782.489,48%,,,,,,,,,,
28/09/2019 10:00,116596.433,58%,,,,,,,,,,
28/09/2019 11:00,127086.435,64%,,,,,,,,,,
28/09/2019 12:00,130193.917,65%,,,,,,,,,,
28/09/2019 13:00,130631.19,65%,,,,,,,,,,
28/09/2019 14:00,126586.991,63%,,,,,,,,,,
28/09/2019 15:00,114766.772,57%,,,,,,,,,,
28/09/2019 16:00,93712.623,47%,,,,,,,,,,
28/09/2019 17:00,79016.19,40%,,,,,,,,,,
28/09/2019 18:00,69265.04,35%,,,,,,,,,,
28/09/2019 19:00,55961.895,28%,,,,,,,,,,
28/09/2019 20:00,47821.958,24%,,,,,,,,,,
28/09/2019 21:00,41252.57,21%,,,,,,,,,,
28/09/2019 22:00,32955.243,16%,,,,,,,,,,
28/09/2019 23:00,27205.228,14%,,,,,,,,,,
29/09/2019 00:00,25700.742,13%,,,,,,,,,,
29/09/2019 01:00,27646.371,14%,,,,,,,,,,
29/09/2019 02:00,35316.807,18%,,,,,,,,,,
29/09/2019 03:00,48473.698,24%,,,,,,,,,,
29/09/2019 04:00,61537.077,31%,,,,,,,,,,
29/09/2019 05:00,70297.838,35%,,,,,,,,,,
29/09/2019 06:00,81228.545,41%,,,,,,,,,,
29/09/2019 07:00,93665.384,47%,,,,,,,,,,
29/09/2019 08:00,94925.271,47%,,,,,,,,,,
29/09/2019 09:00,104683.391,52%,,,,,,,,,,
29/09/2019 10:00,111288.624,56%,,,,,,,,,,
29/09/2019 11:00,114751.028,57%,,,,,,,,,,
29/09/2019 12:00,116598.202,58%,,,,,,,,,,
29/09/2019 13:00,118335.465,59%,,,,,,,,,,
29/09/2019 14:00,118291.914,59%,,,,,,,,,,
29/09/2019 15:00,112213.686,56%,,,,,,,,,,
29/09/2019 16:00,99933.168,50%,,,,,,,,,,
29/09/2019 17:00,86378.666,43%,,,,,,,,,,
29/09/2019 18:00,82000.799,41%,,,,,,,,,,
29/09/2019 19:00,78663.515,39%,,,,,,,,,,
29/09/2019 20:00,85177.637,43%,,,,,,,,,,
29/09/2019 21:00,94438.049,47%,,,,,,,,,,
29/09/2019 22:00,102064.642,51%,,,,,,,,,,
29/09/2019 23:00,109673.252,55%,,,,,,,,,,
30/09/2019 00:00,122907.484,61%,,,,,,,,,,
30/09/2019 01:00,132205.543,66%,,,,,,,,,,
30/09/2019 02:00,139354.986,70%,,,,,,,,,,
30/09/2019 03:00,133412.174,67%,,,,,,,,,,
30/09/2019 04:00,122443.22,61%,,,,,,,,,,
30/09/2019 05:00,108782.101,54%,,,,,,,,,,
30/09/2019 06:00,98552.558,49%,,,,,,,,,,
30/09/2019 07:00,88852.432,44%,,,,,,,,,,
30/09/2019 08:00,90006.964,45%,,,,,,,,,,
30/09/2019 09:00,85854.854,43%,,,,,,,,,,
30/09/2019 10:00,79557.335,40%,,,,,,,,,,
30/09/2019 11:00,73567.526,37%,,,,,,,,,,
30/09/2019 12:00,67350.821,34%,,,,,,,,,,
30/09/2019 13:00,60314.769,30%,,,,,,,,,,
30/09/2019 14:00,52746.707,26%,,,,,,,,,,
30/09/2019 15:00,52352.634,26%,,,,,,,,,,
30/09/2019 16:00,50613.416,25%,,,,,,,,,,
30/09/2019 17:00,45051.776,23%,,,,,,,,,,
30/09/2019 18:00,49514.987,25%,,,,,,,,,,
30/09/2019 19:00,55752.209,28%,,,,,,,,,,
30/09/2019 20:00,56660.468,28%,,,,,,,,,,
30/09/2019 21:00,57143.983,29%,,,,,,,,,,
30/09/2019 22:00,60173.767,30%,,,,,,,,,,
30/09/2019 23:00,66032.599,33%,,,,,,,,,,
01/10/2019 00:00,69584.67,35%,,,,,,,,,,
01/10/2019 01:00,72323.309,36%,,,,,,,,,,
01/10/2019 02:00,76143.16,38%,,,,,,,,,,
01/10/2019 03:00,82322.61,41%,,,,,,,,,,
01/10/2019 04:00,87178.978,44%,,,,,,,,,,
01/10/2019 05:00,89841.881,45%,,,,,,,,,,
01/10/2019 06:00,92949.935,46%,,,,,,,,,,
01/10/2019 07:00,90886.977,45%,,,,,,,,,,
01/10/2019 08:00,86380.904,43%,,,,,,,,,,
01/10/2019 09:00,89404.674,45%,,,,,,,,,,
01/10/2019 10:00,88301.055,44%,,,,,,,,,,
01/10/2019 11:00,92709.259,46%,,,,,,,,,,
01/10/2019 12:00,102612.051,51%,,,,,,,,,,
01/10/2019 13:00,116628.376,58%,,,,,,,,,,
01/10/2019 14:00,130438.766,65%,,,,,,,,,,
01/10/2019 15:00,141108.153,71%,,,,,,,,,,
01/10/2019 16:00,144004.463,72%,,,,,,,,,,
01/10/2019 17:00,142051.221,71%,,,,,,,,,,
01/10/2019 18:00,144426.668,72%,,,,,,,,,,
01/10/2019 19:00,141848.098,71%,,,,,,,,,,
01/10/2019 20:00,143570.573,72%,,,,,,,,,,
01/10/2019 21:00,148292.342,74%,,,,,,,,,,
01/10/2019 22:00,153295.66,77%,,,,,,,,,,
01/10/2019 23:00,157644.511,79%,,,,,,,,,,
02/10/2019 00:00,160788.678,80%,,,,,,,,,,
02/10/2019 01:00,163755.738,82%,,,,,,,,,,
02/10/2019 02:00,167858.46,84%,,,,,,,,,,
02/10/2019 03:00,172922.766,86%,,,,,,,,,,
02/10/2019 04:00,175270.207,88%,,,,,,,,,,
02/10/2019 05:00,177043.776,89%,,,,,,,,,,
02/10/2019 06:00,180067.566,90%,,,,,,,,,,
02/10/2019 07:00,181305.311,91%,,,,,,,,,,
02/10/2019 08:00,181362.094,91%,,,,,,,,,,
02/10/2019 09:00,181950.743,91%,,,,,,,,,,
02/10/2019 10:00,181442.416,91%,,,,,,,,,,
02/10/2019 11:00,177831.896,89%,,,,,,,,,,
02/10/2019 12:00,171199.039,86%,,,,,,,,,,
02/10/2019 13:00,161570.05,81%,,,,,,,,,,
02/10/2019 14:00,153070.426,77%,,,,,,,,,,
02/10/2019 15:00,145846.153,73%,,,,,,,,,,
02/10/2019 16:00,136439.704,68%,,,,,,,,,,
02/10/2019 17:00,127353.89,64%,,,,,,,,,,
02/10/2019 18:00,123162.376,62%,,,,,,,,,,
02/10/2019 19:00,121986.696,61%,,,,,,,,,,
02/10/2019 20:00,115593.09,58%,,,,,,,,,,
02/10/2019 21:00,111302.183,56%,,,,,,,,,,
02/10/2019 22:00,100144.391,50%,,,,,,,,,,
02/10/2019 23:00,86629.523,43%,,,,,,,,,,
03/10/2019 00:00,74710.899,37%,,,,,,,,,,
03/10/2019 01:00,61558.718,31%,,,,,,,,,,
03/10/2019 02:00,46136.381,23%,,,,,,,,,,
03/10/2019 03:00,34409.479,17%,,,,,,,,,,
03/10/2019 04:00,25762.082,13%,,,,,,,,,,
03/10/2019 05:00,16962.652,8%,,,,,,,,,,
03/10/2019 06:00,10834.351,5%,,,,,,,,,,
03/10/2019 07:00,9191.98,5%,,,,,,,,,,
03/10/2019 08:00,11369.127,6%,,,,,,,,,,
03/10/2019 09:00,17560.509,9%,,,,,,,,,,
03/10/2019 10:00,26601.526,13%,,,,,,,,,,
03/10/2019 11:00,39760.769,20%,,,,,,,,,,
03/10/2019 12:00,54406.535,27%,,,,,,,,,,
03/10/2019 13:00,69317.055,35%,,,,,,,,,,
03/10/2019 14:00,86045.925,43%,,,,,,,,,,
03/10/2019 15:00,95739.966,48%,,,,,,,,,,
03/10/2019 16:00,96740.547,48%,,,,,,,,,,
03/10/2019 17:00,102741.16,51%,,,,,,,,,,
03/10/2019 18:00,112636.956,56%,,,,,,,,,,
03/10/2019 19:00,117120.913,59%,,,,,,,,,,
03/10/2019 20:00,116596.284,58%,,,,,,,,,,
03/10/2019 21:00,120245.305,60%,,,,,,,,,,
03/10/2019 22:00,120243.574,60%,,,,,,,,,,
03/10/2019 23:00,120062.437,60%,,,,,,,,,,
04/10/2019 00:00,120378.71,60%,,,,,,,,,,
04/10/2019 01:00,126090.373,63%,,,,,,,,,,
04/10/2019 02:00,127483.809,64%,,,,,,,,,,
04/10/2019 03:00,129919.58,65%,,,,,,,,,,
04/10/2019 04:00,134812.227,67%,,,,,,,,,,
04/10/2019 05:00,136059.797,68%,,,,,,,,,,
04/10/2019 06:00,136435.037,68%,,,,,,,,,,
04/10/2019 07:00,134342.771,67%,,,,,,,,,,
04/10/2019 08:00,132859.368,66%,,,,,,,,,,
04/10/2019 09:00,133820.935,67%,,,,,,,,,,
04/10/2019 10:00,128621.012,64%,,,,,,,,,,
04/10/2019 11:00,112606.734,56%,,,,,,,,,,
04/10/2019 12:00,91321.233,46%,,,,,,,,,,
04/10/2019 13:00,79556.677,40%,,,,,,,,,,
04/10/2019 14:00,81351.987,41%,,,,,,,,,,
04/10/2019 15:00,79592.094,40%,,,,,,,,,,
04/10/2019 16:00,69194.279,35%,,,,,,,,,,
04/10/2019 17:00,60495.236,30%,,,,,,,,,,
04/10/2019 18:00,49693.055,25%,,,,,,,,,,
04/10/2019 19:00,34512.324,17%,,,,,,,,,,
04/10/2019 20:00,27046.215,14%,,,,,,,,,,
04/10/2019 21:00,30674.144,15%,,,,,,,,,,
04/10/2019 22:00,30157.549,15%,,,,,,,,,,
04/10/2019 23:00,22100.813,11%,,,,,,,,,,
05/10/2019 00:00,22005.15,11%,,,,,,,,,,
05/10/2019 01:00,33901.857,17%,,,,,,,,,,
05/10/2019 02:00,53320.357,27%,,,,,,,,,,
05/10/2019 03:00,82546.569,41%,,,,,,,,,,
05/10/2019 04:00,107556.522,54%,,,,,,,,,,
05/10/2019 05:00,124415.099,62%,,,,,,,,,,
05/10/2019 06:00,137341.911,69%,,,,,,,,,,
05/10/2019 07:00,143571.512,72%,,,,,,,,,,
05/10/2019 08:00,149188.487,75%,,,,,,,,,,
05/10/2019 09:00,156039.722,78%,,,,,,,,,,
05/10/2019 10:00,162487.371,81%,,,,,,,,,,
05/10/2019 11:00,164548.104,82%,,,,,,,,,,
05/10/2019 12:00,163144.086,82%,,,,,,,,,,
05/10/2019 13:00,159291.354,80%,,,,,,,,,,
05/10/2019 14:00,153065.358,77%,,,,,,,,,,
05/10/2019 15:00,145002.879,73%,,,,,,,,,,
05/10/2019 16:00,140997.094,70%,,,,,,,,,,
05/10/2019 17:00,140136.087,70%,,,,,,,,,,
05/10/2019 18:00,140464.663,70%,,,,,,,,,,
05/10/2019 19:00,140072.674,70%,,,,,,,,,,
05/10/2019 20:00,142463.515,71%,,,,,,,,,,
05/10/2019 21:00,150450.778,75%,,,,,,,,,,
05/10/2019 22:00,159171.77,80%,,,,,,,,,,
05/10/2019 23:00,162824.667,81%,,,,,,,,,,
06/10/2019 00:00,164362.825,82%,,,,,,,,,,
06/10/2019 01:00,167147.038,84%,,,,,,,,,,
06/10/2019 02:00,172306.751,86%,,,,,,,,,,
06/10/2019 03:00,176386.14,88%,,,,,,,,,,
06/10/2019 04:00,175517.106,88%,,,,,,,,,,
06/10/2019 05:00,170227.366,85%,,,,,,,,,,
06/10/2019 06:00,164074.641,82%,,,,,,,,,,
06/10/2019 07:00,156538.69,78%,,,,,,,,,,
06/10/2019 08:00,151637.23,76%,,,,,,,,,,
06/10/2019 09:00,146110.846,73%,,,,,,,,,,
06/10/2019 10:00,144000.232,72%,,,,,,,,,,
06/10/2019 11:00,148945.731,74%,,,,,,,,,,
06/10/2019 12:00,147583.494,74%,,,,,,,,,,
06/10/2019 13:00,142315.565,71%,,,,,,,,,,
06/10/2019 14:00,140068.054,70%,,,,,,,,,,
06/10/2019 15:00,128982.617,64%,,,,,,,,,,
06/10/2019 16:00,114221.529,57%,,,,,,,,,,
06/10/2019 17:00,109741.618,55%,,,,,,,,,,
06/10/2019 18:00,116597.349,58%,,,,,,,,,,
06/10/2019 19:00,128813.346,64%,,,,,,,,,,
06/10/2019 20:00,143573.08,72%,,,,,,,,,,
06/10/2019 21:00,157087.044,79%,,,,,,,,,,
06/10/2019 22:00,168188.458,84%,,,,,,,,,,
06/10/2019 23:00,174355.308,87%,,,,,,,,,,
07/10/2019 00:00,175135.25,88%,,,,,,,,,,
07/10/2019 01:00,182742.71,91%,,,,,,,,,,
07/10/2019 02:00,183799.186,92%,,,,,,,,,,
07/10/2019 03:00,186448.54,93%,,,,,,,,,,
07/10/2019 04:00,190780.918,95%,,,,,,,,,,
07/10/2019 05:00,193224.85,97%,,,,,,,,,,
07/10/2019 06:00,195001.022,98%,,,,,,,,,,
07/10/2019 07:00,195966.687,98%,,,,,,,,,,
07/10/2019 08:00,196406.961,98%,,,,,,,,,,
07/10/2019 09:00,195681.767,98%,,,,,,,,,,
07/10/2019 10:00,196266.238,98%,,,,,,,,,,
07/10/2019 11:00,196279.431,98%,,,,,,,,,,
07/10/2019 12:00,194771.217,97%,,,,,,,,,,
07/10/2019 13:00,189484.806,95%,,,,,,,,,,
07/10/2019 14:00,176277.252,88%,,,,,,,,,,
07/10/2019 15:00,148262.461,74%,,,,,,,,,,
07/10/2019 16:00,122047.073,61%,,,,,,,,,,
07/10/2019 17:00,113684.328,57%,,,,,,,,,,
07/10/2019 18:00,116598.471,58%,,,,,,,,,,
07/10/2019 19:00,119596.66,60%,,,,,,,,,,
07/10/2019 20:00,121938.981,61%,,,,,,,,,,
07/10/2019 21:00,114300.092,57%,,,,,,,,,,
07/10/2019 22:00,111542.56,56%,,,,,,,,,,
07/10/2019 23:00,115881.65,58%,,,,,,,,,,
08/10/2019 00:00,121784.192,61%,,,,,,,,,,
08/10/2019 01:00,122668.053,61%,,,,,,,,,,
08/10/2019 02:00,123772.428,62%,,,,,,,,,,
08/10/2019 03:00,128084.005,64%,,,,,,,,,,
08/10/2019 04:00,132656.085,66%,,,,,,,,,,
08/10/2019 05:00,135376.947,68%,,,,,,,,,,
08/10/2019 06:00,140455.149,70%,,,,,,,,,,
08/10/2019 07:00,142264.761,71%,,,,,,,,,,
08/10/2019 08:00,140359.134,70%,,,,,,,,,,
08/10/2019 09:00,152536.185,76%,,,,,,,,,,
08/10/2019 10:00,168761.234,84%,,,,,,,,,,
08/10/2019 11:00,174222.324,87%,,,,,,,,,,
08/10/2019 12:00,178639.016,89%,,,,,,,,,,
08/10/2019 13:00,182421.913,91%,,,,,,,,,,
08/10/2019 14:00,183597,92%,,,,,,,,,,
08/10/2019 15:00,181953.812,91%,,,,,,,,,,
08/10/2019 16:00,176192.946,88%,,,,,,,,,,
08/10/2019 17:00,165882.945,83%,,,,,,,,,,
08/10/2019 18:00,153152.851,77%,,,,,,,,,,
08/10/2019 19:00,147361.791,74%,,,,,,,,,,
08/10/2019 20:00,145837.064,73%,,,,,,,,,,
08/10/2019 21:00,144846.557,72%,,,,,,,,,,
08/10/2019 22:00,139400.567,70%,,,,,,,,,,
08/10/2019 23:00,136772.609,68%,,,,,,,,,,
09/10/2019 00:00,136715.338,68%,,,,,,,,,,
09/10/2019 01:00,136598.308,68%,,,,,,,,,,
09/10/2019 02:00,138450.94,69%,,,,,,,,,,
09/10/2019 03:00,141088.925,71%,,,,,,,,,,
09/10/2019 04:00,144425.01,72%,,,,,,,,,,
09/10/2019 05:00,148025.179,74%,,,,,,,,,,
09/10/2019 06:00,149179.437,75%,,,,,,,,,,
09/10/2019 07:00,149168.155,75%,,,,,,,,,,
09/10/2019 08:00,147857.399,74%,,,,,,,,,,
09/10/2019 09:00,154579.307,77%,,,,,,,,,,
09/10/2019 10:00,164833.178,82%,,,,,,,,,,
09/10/2019 11:00,167599.245,84%,,,,,,,,,,
09/10/2019 12:00,167768.771,84%,,,,,,,,,,
09/10/2019 13:00,168060.333,84%,,,,,,,,,,
09/10/2019 14:00,166789.799,83%,,,,,,,,,,
09/10/2019 15:00,162999.806,81%,,,,,,,,,,
09/10/2019 16:00,161397.561,81%,,,,,,,,,,
09/10/2019 17:00,160782.637,80%,,,,,,,,,,
09/10/2019 18:00,160219.83,80%,,,,,,,,,,
09/10/2019 19:00,162896.058,81%,,,,,,,,,,
09/10/2019 20:00,166745.537,83%,,,,,,,,,,
09/10/2019 21:00,169353.857,85%,,,,,,,,,,
09/10/2019 22:00,170487.713,85%,,,,,,,,,,
09/10/2019 23:00,168067.004,84%,,,,,,,,,,
10/10/2019 00:00,159698.582,80%,,,,,,,,,,
10/10/2019 01:00,148874.058,74%,,,,,,,,,,
10/10/2019 02:00,141349.815,71%,,,,,,,,,,
10/10/2019 03:00,144201.896,72%,,,,,,,,,,
10/10/2019 04:00,146778.886,73%,,,,,,,,,,
10/10/2019 05:00,144844.155,72%,,,,,,,,,,
10/10/2019 06:00,142781.297,71%,,,,,,,,,,
10/10/2019 07:00,126591.871,63%,,,,,,,,,,
10/10/2019 08:00,103705.083,52%,,,,,,,,,,
10/10/2019 09:00,100336.432,50%,,,,,,,,,,
10/10/2019 10:00,97669.26,49%,,,,,,,,,,
10/10/2019 11:00,88849.885,44%,,,,,,,,,,
10/10/2019 12:00,91260.738,46%,,,,,,,,,,
10/10/2019 13:00,96291.612,48%,,,,,,,,,,
10/10/2019 14:00,93930.046,47%,,,,,,,,,,
10/10/2019 15:00,87478.899,44%,,,,,,,,,,
10/10/2019 16:00,85815.804,43%,,,,,,,,,,
10/10/2019 17:00,89641.025,45%,,,,,,,,,,
10/10/2019 18:00,105445.272,53%,,,,,,,,,,
10/10/2019 19:00,118425.575,59%,,,,,,,,,,
10/10/2019 20:00,140900.202,70%,,,,,,,,,,
10/10/2019 21:00,157279.707,79%,,,,,,,,,,
10/10/2019 22:00,141140.342,71%,,,,,,,,,,
10/10/2019 23:00,130357.048,65%,,,,,,,,,,
11/10/2019 00:00,131544.891,66%,,,,,,,,,,
11/10/2019 01:00,132906.5,66%,,,,,,,,,,
11/10/2019 02:00,139160.762,70%,,,,,,,,,,
11/10/2019 03:00,144847.108,72%,,,,,,,,,,
11/10/2019 04:00,149000.638,75%,,,,,,,,,,
11/10/2019 05:00,147940.43,74%,,,,,,,,,,
11/10/2019 06:00,149179.065,75%,,,,,,,,,,
11/10/2019 07:00,160419.489,80%,,,,,,,,,,
11/10/2019 08:00,158820.789,79%,,,,,,,,,,
11/10/2019 09:00,157638.875,79%,,,,,,,,,,
11/10/2019 10:00,161316.477,81%,,,,,,,,,,
11/10/2019 11:00,165497.278,83%,,,,,,,,,,
11/10/2019 12:00,168756.427,84%,,,,,,,,,,
11/10/2019 13:00,171758.115,86%,,,,,,,,,,
11/10/2019 14:00,174184.986,87%,,,,,,,,,,
11/10/2019 15:00,176409.74,88%,,,,,,,,,,
11/10/2019 16:00,178311.01,89%,,,,,,,,,,
11/10/2019 17:00,176476.179,88%,,,,,,,,,,
11/10/2019 18:00,170361.169,85%,,,,,,,,,,
11/10/2019 19:00,160211.14,80%,,,,,,,,,,
11/10/2019 20:00,143999.23,72%,,,,,,,,,,
11/10/2019 21:00,124000.761,62%,,,,,,,,,,
11/10/2019 22:00,106868.122,53%,,,,,,,,,,
11/10/2019 23:00,94130.324,47%,,,,,,,,,,
12/10/2019 00:00,84463.235,42%,,,,,,,,,,
12/10/2019 01:00,82847.881,41%,,,,,,,,,,
12/10/2019 02:00,83504.934,42%,,,,,,,,,,
12/10/2019 03:00,80099.473,40%,,,,,,,,,,
12/10/2019 04:00,78822.04,39%,,,,,,,,,,
12/10/2019 05:00,85467.84,43%,,,,,,,,,,
12/10/2019 06:00,93976.896,47%,,,,,,,,,,
12/10/2019 07:00,99306.962,50%,,,,,,,,,,
12/10/2019 08:00,95581.442,48%,,,,,,,,,,
12/10/2019 09:00,92126.467,46%,,,,,,,,,,
12/10/2019 10:00,97667.287,49%,,,,,,,,,,
12/10/2019 11:00,100031.305,50%,,,,,,,,,,
12/10/2019 12:00,98771.353,49%,,,,,,,,,,
12/10/2019 13:00,93796.396,47%,,,,,,,,,,
12/10/2019 14:00,83531.387,42%,,,,,,,,,,
12/10/2019 15:00,75702.621,38%,,,,,,,,,,
12/10/2019 16:00,77014.518,39%,,,,,,,,,,
12/10/2019 17:00,81456.353,41%,,,,,,,,,,
12/10/2019 18:00,82408.538,41%,,,,,,,,,,
12/10/2019 19:00,85008.188,43%,,,,,,,,,,
12/10/2019 20:00,86963.885,43%,,,,,,,,,,
12/10/2019 21:00,85325.805,43%,,,,,,,,,,
12/10/2019 22:00,75788.864,38%,,,,,,,,,,
12/10/2019 23:00,65548.933,33%,,,,,,,,,,
13/10/2019 00:00,51809.739,26%,,,,,,,,,,
13/10/2019 01:00,38620.212,19%,,,,,,,,,,
13/10/2019 02:00,28743.019,14%,,,,,,,,,,
13/10/2019 03:00,19570.688,10%,,,,,,,,,,
13/10/2019 04:00,10644.358,5%,,,,,,,,,,
13/10/2019 05:00,4401.956,2%,,,,,,,,,,
13/10/2019 06:00,2263.588,1%,,,,,,,,,,
13/10/2019 07:00,2679.81,1%,,,,,,,,,,
13/10/2019 08:00,4692.409,2%,,,,,,,,,,
13/10/2019 09:00,7943.001,4%,,,,,,,,,,
13/10/2019 10:00,12220.011,6%,,,,,,,,,,
13/10/2019 11:00,15948.026,8%,,,,,,,,,,
13/10/2019 12:00,18721.825,9%,,,,,,,,,,
13/10/2019 13:00,19750.547,10%,,,,,,,,,,
13/10/2019 14:00,18794.405,9%,,,,,,,,,,
13/10/2019 15:00,18894.389,9%,,,,,,,,,,
13/10/2019 16:00,15278.149,8%,,,,,,,,,,
13/10/2019 17:00,9797.725,5%,,,,,,,,,,
13/10/2019 18:00,4804.449,2%,,,,,,,,,,
13/10/2019 19:00,1738.412,1%,,,,,,,,,,
13/10/2019 20:00,1585.166,1%,,,,,,,,,,
13/10/2019 21:00,1681.191,1%,,,,,,,,,,
13/10/2019 22:00,3166.855,2%,,,,,,,,,,
13/10/2019 23:00,4226.038,2%,,,,,,,,,,
14/10/2019 00:00,3814.046,2%,,,,,,,,,,
14/10/2019 01:00,3638.418,2%,,,,,,,,,,
14/10/2019 02:00,4490.255,2%,,,,,,,,,,
14/10/2019 03:00,6442.86,3%,,,,,,,,,,
14/10/2019 04:00,10112.95,5%,,,,,,,,,,
14/10/2019 05:00,10904.12,5%,,,,,,,,,,
14/10/2019 06:00,11584.247,6%,,,,,,,,,,
14/10/2019 07:00,12948.112,6%,,,,,,,,,,
14/10/2019 08:00,12889.258,6%,,,,,,,,,,
14/10/2019 09:00,10890.803,5%,,,,,,,,,,
14/10/2019 10:00,9417.81,5%,,,,,,,,,,
14/10/2019 11:00,10062.544,5%,,,,,,,,,,
14/10/2019 12:00,13015.328,7%,,,,,,,,,,
14/10/2019 13:00,12989.834,6%,,,,,,,,,,
14/10/2019 14:00,13940.328,7%,,,,,,,,,,
14/10/2019 15:00,21172.872,11%,,,,,,,,,,
14/10/2019 16:00,31218.628,16%,,,,,,,,,,
14/10/2019 17:00,38321.853,19%,,,,,,,,,,
14/10/2019 18:00,40177.175,20%,,,,,,,,,,
14/10/2019 19:00,39258.32,20%,,,,,,,,,,
14/10/2019 20:00,36794.459,18%,,,,,,,,,,
14/10/2019 21:00,34781.674,17%,,,,,,,,,,
14/10/2019 22:00,32914.661,16%,,,,,,,,,,
14/10/2019 23:00,34873.942,17%,,,,,,,,,,
15/10/2019 00:00,37416.859,19%,,,,,,,,,,
15/10/2019 01:00,41492.941,21%,,,,,,,,,,
15/10/2019 02:00,45068.615,23%,,,,,,,,,,
15/10/2019 03:00,43395.672,22%,,,,,,,,,,
15/10/2019 04:00,39399.848,20%,,,,,,,,,,
15/10/2019 05:00,35534.427,18%,,,,,,,,,,
15/10/2019 06:00,34449.347,17%,,,,,,,,,,
15/10/2019 07:00,35906.049,18%,,,,,,,,,,
15/10/2019 08:00,37425.069,19%,,,,,,,,,,
15/10/2019 09:00,43918.488,22%,,,,,,,,,,
15/10/2019 10:00,51817.138,26%,,,,,,,,,,
15/10/2019 11:00,53079.677,27%,,,,,,,,,,
15/10/2019 12:00,48603.488,24%,,,,,,,,,,
15/10/2019 13:00,43510.18,22%,,,,,,,,,,
15/10/2019 14:00,33776.782,17%,,,,,,,,,,
15/10/2019 15:00,24153.568,12%,,,,,,,,,,
15/10/2019 16:00,20255.453,10%,,,,,,,,,,
15/10/2019 17:00,16449.377,8%,,,,,,,,,,
15/10/2019 18:00,10161.761,5%,,,,,,,,,,
15/10/2019 19:00,6253.198,3%,,,,,,,,,,
15/10/2019 20:00,5008.202,3%,,,,,,,,,,
15/10/2019 21:00,7187.397,4%,,,,,,,,,,
15/10/2019 22:00,14059.276,7%,,,,,,,,,,
15/10/2019 23:00,26564.352,13%,,,,,,,,,,
16/10/2019 00:00,48604.332,24%,,,,,,,,,,
16/10/2019 01:00,63399.793,32%,,,,,,,,,,
16/10/2019 02:00,72855.207,36%,,,,,,,,,,
16/10/2019 03:00,75788.299,38%,,,,,,,,,,
16/10/2019 04:00,76146.885,38%,,,,,,,,,,
16/10/2019 05:00,74383.168,37%,,,,,,,,,,
16/10/2019 06:00,81918.823,41%,,,,,,,,,,
16/10/2019 07:00,94735.76,47%,,,,,,,,,,
16/10/2019 08:00,109015.817,55%,,,,,,,,,,
16/10/2019 09:00,122554.494,61%,,,,,,,,,,
16/10/2019 10:00,135149.417,68%,,,,,,,,,,
16/10/2019 11:00,135714.586,68%,,,,,,,,,,
16/10/2019 12:00,111065.634,56%,,,,,,,,,,
16/10/2019 13:00,71121.842,36%,,,,,,,,,,
16/10/2019 14:00,41717.417,21%,,,,,,,,,,
16/10/2019 15:00,37549.596,19%,,,,,,,,,,
16/10/2019 16:00,62076.858,31%,,,,,,,,,,
16/10/2019 17:00,85651.231,43%,,,,,,,,,,
16/10/2019 18:00,86109.241,43%,,,,,,,,,,
16/10/2019 19:00,79015.204,40%,,,,,,,,,,
16/10/2019 20:00,73883.884,37%,,,,,,,,,,
16/10/2019 21:00,69769.685,35%,,,,,,,,,,
16/10/2019 22:00,64798.439,32%,,,,,,,,,,
16/10/2019 23:00,56299.796,28%,,,,,,,,,,
17/10/2019 00:00,45485.936,23%,,,,,,,,,,
17/10/2019 01:00,36205.705,18%,,,,,,,,,,
17/10/2019 02:00,30953.384,15%,,,,,,,,,,
17/10/2019 03:00,27151.171,14%,,,,,,,,,,
17/10/2019 04:00,25435.545,13%,,,,,,,,,,
17/10/2019 05:00,28094.54,14%,,,,,,,,,,
17/10/2019 06:00,34822.961,17%,,,,,,,,,,
17/10/2019 07:00,41594.388,21%,,,,,,,,,,
17/10/2019 08:00,41053.183,21%,,,,,,,,,,
17/10/2019 09:00,38332.424,19%,,,,,,,,,,
17/10/2019 10:00,38669.971,19%,,,,,,,,,,
17/10/2019 11:00,43532.1,22%,,,,,,,,,,
17/10/2019 12:00,46456.372,23%,,,,,,,,,,
17/10/2019 13:00,48877.975,24%,,,,,,,,,,
17/10/2019 14:00,55707.674,28%,,,,,,,,,,
17/10/2019 15:00,61576.296,31%,,,,,,,,,,
17/10/2019 16:00,73085.195,37%,,,,,,,,,,
17/10/2019 17:00,91214.671,46%,,,,,,,,,,
17/10/2019 18:00,102555.278,51%,,,,,,,,,,
17/10/2019 19:00,108518.491,54%,,,,,,,,,,
17/10/2019 20:00,111962.606,56%,,,,,,,,,,
17/10/2019 21:00,115793.702,58%,,,,,,,,,,
17/10/2019 22:00,113158.184,57%,,,,,,,,,,
17/10/2019 23:00,105183.853,53%,,,,,,,,,,
18/10/2019 00:00,97667.453,49%,,,,,,,,,,
18/10/2019 01:00,92345.461,46%,,,,,,,,,,
18/10/2019 02:00,84534.56,42%,,,,,,,,,,
18/10/2019 03:00,79556.354,40%,,,,,,,,,,
18/10/2019 04:00,77469.812,39%,,,,,,,,,,
18/10/2019 05:00,76071.951,38%,,,,,,,,,,
18/10/2019 06:00,72848.552,36%,,,,,,,,,,
18/10/2019 07:00,64139.441,32%,,,,,,,,,,
18/10/2019 08:00,54142.621,27%,,,,,,,,,,
18/10/2019 09:00,46144.578,23%,,,,,,,,,,
18/10/2019 10:00,45418.85,23%,,,,,,,,,,
18/10/2019 11:00,48415.971,24%,,,,,,,,,,
18/10/2019 12:00,49418.446,25%,,,,,,,,,,
18/10/2019 13:00,52116.064,26%,,,,,,,,,,
18/10/2019 14:00,55556.574,28%,,,,,,,,,,
18/10/2019 15:00,53479.536,27%,,,,,,,,,,
18/10/2019 16:00,59025.121,30%,,,,,,,,,,
18/10/2019 17:00,68122.034,34%,,,,,,,,,,
18/10/2019 18:00,74778.84,37%,,,,,,,,,,
18/10/2019 19:00,75246.779,38%,,,,,,,,,,
18/10/2019 20:00,71936.125,36%,,,,,,,,,,
18/10/2019 21:00,75244.972,38%,,,,,,,,,,
18/10/2019 22:00,87456.184,44%,,,,,,,,,,
18/10/2019 23:00,96998.772,48%,,,,,,,,,,
19/10/2019 00:00,109993.949,55%,,,,,,,,,,
19/10/2019 01:00,116596.958,58%,,,,,,,,,,
19/10/2019 02:00,126090.946,63%,,,,,,,,,,
19/10/2019 03:00,140153.495,70%,,,,,,,,,,
19/10/2019 04:00,151204.623,76%,,,,,,,,,,
19/10/2019 05:00,165982.781,83%,,,,,,,,,,
19/10/2019 06:00,173156.156,87%,,,,,,,,,,
19/10/2019 07:00,177255.651,89%,,,,,,,,,,
19/10/2019 08:00,179244.259,90%,,,,,,,,,,
19/10/2019 09:00,177968.204,89%,,,,,,,,,,
19/10/2019 10:00,175852.013,88%,,,,,,,,,,
19/10/2019 11:00,172054.498,86%,,,,,,,,,,
19/10/2019 12:00,169404.583,85%,,,,,,,,,,
19/10/2019 13:00,166581.323,83%,,,,,,,,,,
19/10/2019 14:00,163377.829,82%,,,,,,,,,,
19/10/2019 15:00,161197.45,81%,,,,,,,,,,
19/10/2019 16:00,162994.148,81%,,,,,,,,,,
19/10/2019 17:00,166473.716,83%,,,,,,,,,,
19/10/2019 18:00,172043.25,86%,,,,,,,,,,
19/10/2019 19:00,175969.837,88%,,,,,,,,,,
19/10/2019 20:00,181766.564,91%,,,,,,,,,,
19/10/2019 21:00,184753.484,92%,,,,,,,,,,
19/10/2019 22:00,185797.035,93%,,,,,,,,,,
19/10/2019 23:00,185210.378,93%,,,,,,,,,,
20/10/2019 00:00,183371.971,92%,,,,,,,,,,
20/10/2019 01:00,181939.918,91%,,,,,,,,,,
20/10/2019 02:00,180977.353,90%,,,,,,,,,,
20/10/2019 03:00,181525.688,91%,,,,,,,,,,
20/10/2019 04:00,182110.225,91%,,,,,,,,,,
20/10/2019 05:00,182829.539,91%,,,,,,,,,,
20/10/2019 06:00,183680.423,92%,,,,,,,,,,
20/10/2019 07:00,183541.693,92%,,,,,,,,,,
20/10/2019 08:00,182061.918,91%,,,,,,,,,,
20/10/2019 09:00,178514.364,89%,,,,,,,,,,
20/10/2019 10:00,176061.569,88%,,,,,,,,,,
20/10/2019 11:00,174327.894,87%,,,,,,,,,,
20/10/2019 12:00,170569.021,85%,,,,,,,,,,
20/10/2019 13:00,168418.442,84%,,,,,,,,,,
20/10/2019 14:00,164282.389,82%,,,,,,,,,,
20/10/2019 15:00,158523.07,79%,,,,,,,,,,
20/10/2019 16:00,152706.468,76%,,,,,,,,,,
20/10/2019 17:00,143899.128,72%,,,,,,,,,,
20/10/2019 18:00,130336.358,65%,,,,,,,,,,
20/10/2019 19:00,116070.625,58%,,,,,,,,,,
20/10/2019 20:00,102832.584,51%,,,,,,,,,,
20/10/2019 21:00,94213.182,47%,,,,,,,,,,
20/10/2019 22:00,86333.534,43%,,,,,,,,,,
20/10/2019 23:00,74939.088,37%,,,,,,,,,,
21/10/2019 00:00,66322.278,33%,,,,,,,,,,
21/10/2019 01:00,60986.653,30%,,,,,,,,,,
21/10/2019 02:00,50360.106,25%,,,,,,,,,,
21/10/2019 03:00,39785.853,20%,,,,,,,,,,
21/10/2019 04:00,31529.286,16%,,,,,,,,,,
21/10/2019 05:00,24202.724,12%,,,,,,,,,,
21/10/2019 06:00,20700.386,10%,,,,,,,,,,
21/10/2019 07:00,20251.733,10%,,,,,,,,,,
21/10/2019 08:00,15775.27,8%,,,,,,,,,,
21/10/2019 09:00,9298.95,5%,,,,,,,,,,
21/10/2019 10:00,20454,10%,,,,,,,,,,
21/10/2019 11:00,35499.078,18%,,,,,,,,,,
21/10/2019 12:00,44030.242,22%,,,,,,,,,,
21/10/2019 13:00,51093.758,26%,,,,,,,,,,
21/10/2019 14:00,61360.527,31%,,,,,,,,,,
21/10/2019 15:00,66312.521,33%,,,,,,,,,,
21/10/2019 16:00,72716.837,36%,,,,,,,,,,
21/10/2019 17:00,85010.085,43%,,,,,,,,,,
21/10/2019 18:00,93260.604,47%,,,,,,,,,,
21/10/2019 19:00,100142.921,50%,,,,,,,,,,
21/10/2019 20:00,103705.483,52%,,,,,,,,,,
21/10/2019 21:00,109945.45,55%,,,,,,,,,,
21/10/2019 22:00,117730.529,59%,,,,,,,,,,
21/10/2019 23:00,122044.751,61%,,,,,,,,,,
22/10/2019 00:00,124115.821,62%,,,,,,,,,,
22/10/2019 01:00,131153.289,66%,,,,,,,,,,
22/10/2019 02:00,142084.096,71%,,,,,,,,,,
22/10/2019 03:00,145551.958,73%,,,,,,,,,,
22/10/2019 04:00,135796.757,68%,,,,,,,,,,
22/10/2019 05:00,131725.865,66%,,,,,,,,,,
22/10/2019 06:00,126593.032,63%,,,,,,,,,,
22/10/2019 07:00,121594.665,61%,,,,,,,,,,
22/10/2019 08:00,117374.522,59%,,,,,,,,,,
22/10/2019 09:00,116071.77,58%,,,,,,,,,,
22/10/2019 10:00,119715.871,60%,,,,,,,,,,
22/10/2019 11:00,122555.767,61%,,,,,,,,,,
22/10/2019 12:00,123068.067,62%,,,,,,,,,,
22/10/2019 13:00,133085.362,67%,,,,,,,,,,
22/10/2019 14:00,133636.6,67%,,,,,,,,,,
22/10/2019 15:00,134347.483,67%,,,,,,,,,,
22/10/2019 16:00,135822.201,68%,,,,,,,,,,
22/10/2019 17:00,137880.078,69%,,,,,,,,,,
22/10/2019 18:00,135970.794,68%,,,,,,,,,,
22/10/2019 19:00,140688.119,70%,,,,,,,,,,
22/10/2019 20:00,143571.04,72%,,,,,,,,,,
22/10/2019 21:00,144607.007,72%,,,,,,,,,,
22/10/2019 22:00,143998.494,72%,,,,,,,,,,
22/10/2019 23:00,142546.27,71%,,,,,,,,,,
23/10/2019 00:00,145892.414,73%,,,,,,,,,,
23/10/2019 01:00,145053.729,73%,,,,,,,,,,
23/10/2019 02:00,147348.136,74%,,,,,,,,,,
23/10/2019 03:00,143314.534,72%,,,,,,,,,,
23/10/2019 04:00,134810.032,67%,,,,,,,,,,
23/10/2019 05:00,127090.849,64%,,,,,,,,,,
23/10/2019 06:00,129599.992,65%,,,,,,,,,,
23/10/2019 07:00,137483.392,69%,,,,,,,,,,
23/10/2019 08:00,142951.93,71%,,,,,,,,,,
23/10/2019 09:00,143993.325,72%,,,,,,,,,,
23/10/2019 10:00,144189.947,72%,,,,,,,,,,
23/10/2019 11:00,148028.706,74%,,,,,,,,,,
23/10/2019 12:00,159024.422,80%,,,,,,,,,,
23/10/2019 13:00,166837.368,83%,,,,,,,,,,
23/10/2019 14:00,168052.162,84%,,,,,,,,,,
23/10/2019 15:00,171409.169,86%,,,,,,,,,,
23/10/2019 16:00,172921.606,86%,,,,,,,,,,
23/10/2019 17:00,174244.402,87%,,,,,,,,,,
23/10/2019 18:00,177262.203,89%,,,,,,,,,,
23/10/2019 19:00,179194.775,90%,,,,,,,,,,
23/10/2019 20:00,177774.516,89%,,,,,,,,,,
23/10/2019 21:00,176289.011,88%,,,,,,,,,,
23/10/2019 22:00,176490.91,88%,,,,,,,,,,
23/10/2019 23:00,175964.362,88%,,,,,,,,,,
24/10/2019 00:00,171174.349,86%,,,,,,,,,,
24/10/2019 01:00,166298.192,83%,,,,,,,,,,
24/10/2019 02:00,163762.682,82%,,,,,,,,,,
24/10/2019 03:00,161850.692,81%,,,,,,,,,,
24/10/2019 04:00,155330.05,78%,,,,,,,,,,
24/10/2019 05:00,141388.315,71%,,,,,,,,,,
24/10/2019 06:00,125534.415,63%,,,,,,,,,,
24/10/2019 07:00,113158.636,57%,,,,,,,,,,
24/10/2019 08:00,94625.304,47%,,,,,,,,,,
24/10/2019 09:00,88301.579,44%,,,,,,,,,,
24/10/2019 10:00,111999.149,56%,,,,,,,,,,
24/10/2019 11:00,123673.976,62%,,,,,,,,,,
24/10/2019 12:00,125019.596,63%,,,,,,,,,,
24/10/2019 13:00,117954.465,59%,,,,,,,,,,
24/10/2019 14:00,100233.095,50%,,,,,,,,,,
24/10/2019 15:00,81311.231,41%,,,,,,,,,,
24/10/2019 16:00,82789.184,41%,,,,,,,,,,
24/10/2019 17:00,102383.686,51%,,,,,,,,,,
24/10/2019 18:00,122872.319,61%,,,,,,,,,,
24/10/2019 19:00,122925.411,61%,,,,,,,,,,
24/10/2019 20:00,109125.479,55%,,,,,,,,,,
24/10/2019 21:00,95739.665,48%,,,,,,,,,,
24/10/2019 22:00,90663.555,45%,,,,,,,,,,
24/10/2019 23:00,94777.906,47%,,,,,,,,,,
25/10/2019 00:00,100500.814,50%,,,,,,,,,,
25/10/2019 01:00,104524.551,52%,,,,,,,,,,
25/10/2019 02:00,110483.082,55%,,,,,,,,,,
25/10/2019 03:00,120244.997,60%,,,,,,,,,,
25/10/2019 04:00,135637.612,68%,,,,,,,,,,
25/10/2019 05:00,147756.363,74%,,,,,,,,,,
25/10/2019 06:00,156929.278,78%,,,,,,,,,,
25/10/2019 07:00,166124.962,83%,,,,,,,,,,
25/10/2019 08:00,170263.221,85%,,,,,,,,,,
25/10/2019 09:00,170006.852,85%,,,,,,,,,,
25/10/2019 10:00,174497.603,87%,,,,,,,,,,
25/10/2019 11:00,174652.06,87%,,,,,,,,,,
25/10/2019 12:00,169233.496,85%,,,,,,,,,,
25/10/2019 13:00,160044.196,80%,,,,,,,,,,
25/10/2019 14:00,146212.885,73%,,,,,,,,,,
25/10/2019 15:00,133330.195,67%,,,,,,,,,,
25/10/2019 16:00,122299.964,61%,,,,,,,,,,
25/10/2019 17:00,115545.068,58%,,,,,,,,,,
25/10/2019 18:00,105069.556,53%,,,,,,,,,,
25/10/2019 19:00,91878.75,46%,,,,,,,,,,
25/10/2019 20:00,84334.864,42%,,,,,,,,,,
25/10/2019 21:00,86339.055,43%,,,,,,,,,,
25/10/2019 22:00,96629.225,48%,,,,,,,,,,
25/10/2019 23:00,110094.881,55%,,,,,,,,,,
26/10/2019 00:00,120247.093,60%,,,,,,,,,,
26/10/2019 01:00,129428.098,65%,,,,,,,,,,
26/10/2019 02:00,137226.308,69%,,,,,,,,,,
26/10/2019 03:00,137482.279,69%,,,,,,,,,,
26/10/2019 04:00,137686.255,69%,,,,,,,,,,
26/10/2019 05:00,140359.219,70%,,,,,,,,,,
26/10/2019 06:00,141570.544,71%,,,,,,,,,,
26/10/2019 07:00,142286.601,71%,,,,,,,,,,
26/10/2019 08:00,138045.138,69%,,,,,,,,,,
26/10/2019 09:00,128850.543,64%,,,,,,,,,,
26/10/2019 10:00,132343.553,66%,,,,,,,,,,
26/10/2019 11:00,138954.142,69%,,,,,,,,,,
26/10/2019 12:00,138494.866,69%,,,,,,,,,,
26/10/2019 13:00,133630.807,67%,,,,,,,,,,
26/10/2019 14:00,126800.694,63%,,,,,,,,,,
26/10/2019 15:00,125327.18,63%,,,,,,,,,,
26/10/2019 16:00,133159.204,67%,,,,,,,,,,
26/10/2019 17:00,137076.238,69%,,,,,,,,,,
26/10/2019 18:00,142296.325,71%,,,,,,,,,,
26/10/2019 19:00,146268.03,73%,,,,,,,,,,
26/10/2019 20:00,154120.994,77%,,,,,,,,,,
26/10/2019 21:00,163839.782,82%,,,,,,,,,,
26/10/2019 22:00,170159.824,85%,,,,,,,,,,
26/10/2019 23:00,175851.995,88%,,,,,,,,,,
27/10/2019 00:00,187196.386,94%,,,,,,,,,,
27/10/2019 01:00,189920.754,95%,,,,,,,,,,
27/10/2019 02:00,190998.239,95%,,,,,,,,,,
27/10/2019 03:00,192460.409,96%,,,,,,,,,,
27/10/2019 04:00,193820.936,97%,,,,,,,,,,
27/10/2019 05:00,195103.333,98%,,,,,,,,,,
27/10/2019 06:00,195630.005,98%,,,,,,,,,,
27/10/2019 07:00,195468.583,98%,,,,,,,,,,
27/10/2019 08:00,194215.826,97%,,,,,,,,,,
27/10/2019 09:00,192003.7,96%,,,,,,,,,,
27/10/2019 10:00,190148.457,95%,,,,,,,,,,
27/10/2019 11:00,187252.528,94%,,,,,,,,,,
27/10/2019 12:00,184249.514,92%,,,,,,,,,,
27/10/2019 13:00,181193.549,91%,,,,,,,,,,
27/10/2019 14:00,176285.45,88%,,,,,,,,,,
27/10/2019 15:00,167743.487,84%,,,,,,,,,,
27/10/2019 16:00,158707.246,79%,,,,,,,,,,
27/10/2019 17:00,149606.731,75%,,,,,,,,,,
27/10/2019 18:00,142103.573,71%,,,,,,,,,,
27/10/2019 19:00,137070.458,69%,,,,,,,,,,
27/10/2019 20:00,130262.513,65%,,,,,,,,,,
27/10/2019 21:00,123570.863,62%,,,,,,,,,,
27/10/2019 22:00,120619.373,60%,,,,,,,,,,
27/10/2019 23:00,124249.263,62%,,,,,,,,,,
28/10/2019 00:00,127475.497,64%,,,,,,,,,,
28/10/2019 01:00,128920.742,64%,,,,,,,,,,
28/10/2019 02:00,127431.388,64%,,,,,,,,,,
28/10/2019 03:00,125469.86,63%,,,,,,,,,,
28/10/2019 04:00,125410.782,63%,,,,,,,,,,
28/10/2019 05:00,124643.493,62%,,,,,,,,,,
28/10/2019 06:00,127084.651,64%,,,,,,,,,,
28/10/2019 07:00,126587.201,63%,,,,,,,,,,
28/10/2019 08:00,119431.73,60%,,,,,,,,,,
28/10/2019 09:00,107619.02,54%,,,,,,,,,,
28/10/2019 10:00,102063.784,51%,,,,,,,,,,
28/10/2019 11:00,105068.942,53%,,,,,,,,,,
28/10/2019 12:00,106972.998,53%,,,,,,,,,,
28/10/2019 13:00,106845.931,53%,,,,,,,,,,
28/10/2019 14:00,104521.473,52%,,,,,,,,,,
28/10/2019 15:00,103624.888,52%,,,,,,,,,,
28/10/2019 16:00,108867.2,54%,,,,,,,,,,
28/10/2019 17:00,110351.808,55%,,,,,,,,,,
28/10/2019 18:00,106414.258,53%,,,,,,,,,,
28/10/2019 19:00,100142.715,50%,,,,,,,,,,
28/10/2019 20:00,93829.394,47%,,,,,,,,,,
28/10/2019 21:00,88854.562,44%,,,,,,,,,,
28/10/2019 22:00,83801.155,42%,,,,,,,,,,
28/10/2019 23:00,77663.82,39%,,,,,,,,,,
29/10/2019 00:00,71620.476,36%,,,,,,,,,,
29/10/2019 01:00,67518.906,34%,,,,,,,,,,
29/10/2019 02:00,65072.935,33%,,,,,,,,,,
29/10/2019 03:00,64517.233,32%,,,,,,,,,,
29/10/2019 04:00,64519.097,32%,,,,,,,,,,
29/10/2019 05:00,64011.219,32%,,,,,,,,,,
29/10/2019 06:00,61696.843,31%,,,,,,,,,,
29/10/2019 07:00,57782.48,29%,,,,,,,,,,
29/10/2019 08:00,52414.164,26%,,,,,,,,,,
29/10/2019 09:00,44613.082,22%,,,,,,,,,,
29/10/2019 10:00,36415.658,18%,,,,,,,,,,
29/10/2019 11:00,31585.018,16%,,,,,,,,,,
29/10/2019 12:00,25245.008,13%,,,,,,,,,,
29/10/2019 13:00,19487.867,10%,,,,,,,,,,
29/10/2019 14:00,15617.207,8%,,,,,,,,,,
29/10/2019 15:00,14184.698,7%,,,,,,,,,,
29/10/2019 16:00,14493.015,7%,,,,,,,,,,
29/10/2019 17:00,14218.85,7%,,,,,,,,,,
29/10/2019 18:00,13841.381,7%,,,,,,,,,,
29/10/2019 19:00,13050.85,7%,,,,,,,,,,
29/10/2019 20:00,11869.369,6%,,,,,,,,,,
29/10/2019 21:00,10093.407,5%,,,,,,,,,,
29/10/2019 22:00,7157.876,4%,,,,,,,,,,
29/10/2019 23:00,4751.205,2%,,,,,,,,,,
30/10/2019 00:00,3323.691,2%,,,,,,,,,,
30/10/2019 01:00,2476.98,1%,,,,,,,,,,
30/10/2019 02:00,1692.219,1%,,,,,,,,,,
30/10/2019 03:00,1241.007,1%,,,,,,,,,,
30/10/2019 04:00,1689.919,1%,,,,,,,,,,
30/10/2019 05:00,2273.083,1%,,,,,,,,,,
30/10/2019 06:00,2520.103,1%,,,,,,,,,,
30/10/2019 07:00,2564.961,1%,,,,,,,,,,
30/10/2019 08:00,2166.018,1%,,,,,,,,,,
30/10/2019 09:00,2519.368,1%,,,,,,,,,,
30/10/2019 10:00,3818.98,2%,,,,,,,,,,
30/10/2019 11:00,6445.812,3%,,,,,,,,,,
30/10/2019 12:00,8818.532,4%,,,,,,,,,,
30/10/2019 13:00,10931.001,5%,,,,,,,,,,
30/10/2019 14:00,12831.359,6%,,,,,,,,,,
30/10/2019 15:00,14772.89,7%,,,,,,,,,,
30/10/2019 16:00,17939.933,9%,,,,,,,,,,
30/10/2019 17:00,22472.386,11%,,,,,,,,,,
30/10/2019 18:00,28746.193,14%,,,,,,,,,,
30/10/2019 19:00,34235.045,17%,,,,,,,,,,
30/10/2019 20:00,36899.584,18%,,,,,,,,,,
30/10/2019 21:00,37808.789,19%,,,,,,,,,,
30/10/2019 22:00,38590.402,19%,,,,,,,,,,
30/10/2019 23:00,38970.117,19%,,,,,,,,,,
31/10/2019 00:00,38181.802,19%,,,,,,,,,,
31/10/2019 01:00,36354.178,18%,,,,,,,,,,
31/10/2019 02:00,36613.561,18%,,,,,,,,,,
31/10/2019 03:00,39506.544,20%,,,,,,,,,,
31/10/2019 04:00,43895.226,22%,,,,,,,,,,
31/10/2019 05:00,48096.45,24%,,,,,,,,,,
31/10/2019 06:00,51999.482,26%,,,,,,,,,,
31/10/2019 07:00,56927.808,28%,,,,,,,,,,
31/10/2019 08:00,63334.33,32%,,,,,,,,,,
31/10/2019 09:00,68642.043,34%,,,,,,,,,,
31/10/2019 10:00,72321.565,36%,,,,,,,,,,
31/10/2019 11:00,83360.701,42%,,,,,,,,,,
31/10/2019 12:00,98769.738,49%,,,,,,,,,,
31/10/2019 13:00,102283.352,51%,,,,,,,,,,
31/10/2019 14:00,104093.428,52%,,,,,,,,,,
31/10/2019 15:00,105778.501,53%,,,,,,,,,,
31/10/2019 16:00,110483.275,55%,,,,,,,,,,
31/10/2019 17:00,118901.411,59%,,,,,,,,,,
31/10/2019 18:00,124508.299,62%,,,,,,,,,,
31/10/2019 19:00,128816.169,64%,,,,,,,,,,
31/10/2019 20:00,130514.221,65%,,,,,,,,,,
31/10/2019 21:00,127549.429,64%,,,,,,,,,,
31/10/2019 22:00,123036.999,62%,,,,,,,,,,
31/10/2019 23:00,116072.742,58%,,,,,,,,,,
01/11/2019 00:00,108184.828,54%,,,,,,,,,,
01/11/2019 01:00,105431.696,53%,,,,,,,,,,
01/11/2019 02:00,103158.091,52%,,,,,,,,,,
01/11/2019 03:00,105069.976,53%,,,,,,,,,,
01/11/2019 04:00,104461.739,52%,,,,,,,,,,
01/11/2019 05:00,104455.678,52%,,,,,,,,,,
01/11/2019 06:00,104522.201,52%,,,,,,,,,,
01/11/2019 07:00,105399.507,53%,,,,,,,,,,
01/11/2019 08:00,106947.316,53%,,,,,,,,,,
01/11/2019 09:00,105069.722,53%,,,,,,,,,,
01/11/2019 10:00,105142.028,53%,,,,,,,,,,
01/11/2019 11:00,105069.211,53%,,,,,,,,,,
01/11/2019 12:00,104814.703,52%,,,,,,,,,,
01/11/2019 13:00,109047.002,55%,,,,,,,,,,
01/11/2019 14:00,114221.668,57%,,,,,,,,,,
01/11/2019 15:00,119066.366,60%,,,,,,,,,,
01/11/2019 16:00,127343.099,64%,,,,,,,,,,
01/11/2019 17:00,136730.276,68%,,,,,,,,,,
01/11/2019 18:00,142906.373,71%,,,,,,,,,,
01/11/2019 19:00,145396.057,73%,,,,,,,,,,
01/11/2019 20:00,144425.483,72%,,,,,,,,,,
01/11/2019 21:00,142759.215,71%,,,,,,,,,,
01/11/2019 22:00,139614.772,70%,,,,,,,,,,
01/11/2019 23:00,133564.473,67%,,,,,,,,,,
02/11/2019 00:00,129864.22,65%,,,,,,,,,,
02/11/2019 01:00,129155.206,65%,,,,,,,,,,
02/11/2019 02:00,130814.485,65%,,,,,,,,,,
02/11/2019 03:00,135550.687,68%,,,,,,,,,,
02/11/2019 04:00,142282.848,71%,,,,,,,,,,
02/11/2019 05:00,152685.749,76%,,,,,,,,,,
02/11/2019 06:00,157900.849,79%,,,,,,,,,,
02/11/2019 07:00,158003.874,79%,,,,,,,,,,
02/11/2019 08:00,159341.659,80%,,,,,,,,,,
02/11/2019 09:00,156934.945,78%,,,,,,,,,,
02/11/2019 10:00,152322.827,76%,,,,,,,,,,
02/11/2019 11:00,140158.993,70%,,,,,,,,,,
02/11/2019 12:00,121562.888,61%,,,,,,,,,,
02/11/2019 13:00,106229.905,53%,,,,,,,,,,
02/11/2019 14:00,92515.279,46%,,,,,,,,,,
02/11/2019 15:00,72286.535,36%,,,,,,,,,,
02/11/2019 16:00,59889.743,30%,,,,,,,,,,
02/11/2019 17:00,60989.694,30%,,,,,,,,,,
02/11/2019 18:00,68122.249,34%,,,,,,,,,,
02/11/2019 19:00,81943.436,41%,,,,,,,,,,
02/11/2019 20:00,100425.34,50%,,,,,,,,,,
02/11/2019 21:00,115544.29,58%,,,,,,,,,,
02/11/2019 22:00,124559.096,62%,,,,,,,,,,
02/11/2019 23:00,132400.841,66%,,,,,,,,,,
03/11/2019 00:00,144848.899,72%,,,,,,,,,,
03/11/2019 01:00,160424.754,80%,,,,,,,,,,
03/11/2019 02:00,169129.218,85%,,,,,,,,,,
03/11/2019 03:00,177573.237,89%,,,,,,,,,,
03/11/2019 04:00,179117.471,90%,,,,,,,,,,
03/11/2019 05:00,176531.843,88%,,,,,,,,,,
03/11/2019 06:00,170188.883,85%,,,,,,,,,,
03/11/2019 07:00,164815.078,82%,,,,,,,,,,
03/11/2019 08:00,159713.549,80%,,,,,,,,,,
03/11/2019 09:00,153077.953,77%,,,,,,,,,,
03/11/2019 10:00,150577.138,75%,,,,,,,,,,
03/11/2019 11:00,155875.822,78%,,,,,,,,,,
03/11/2019 12:00,157828.348,79%,,,,,,,,,,
03/11/2019 13:00,156169.161,78%,,,,,,,,,,
03/11/2019 14:00,152056.127,76%,,,,,,,,,,
03/11/2019 15:00,145515.498,73%,,,,,,,,,,
03/11/2019 16:00,135393.279,68%,,,,,,,,,,
03/11/2019 17:00,125346.466,63%,,,,,,,,,,
03/11/2019 18:00,119729.167,60%,,,,,,,,,,
03/11/2019 19:00,112366.362,56%,,,,,,,,,,
03/11/2019 20:00,111928.97,56%,,,,,,,,,,
03/11/2019 21:00,114793.046,57%,,,,,,,,,,
03/11/2019 22:00,117908.394,59%,,,,,,,,,,
03/11/2019 23:00,120244.749,60%,,,,,,,,,,
04/11/2019 00:00,130160.245,65%,,,,,,,,,,
04/11/2019 01:00,144419.86,72%,,,,,,,,,,
04/11/2019 02:00,157783.193,79%,,,,,,,,,,
04/11/2019 03:00,166184.903,83%,,,,,,,,,,
04/11/2019 04:00,172928.735,86%,,,,,,,,,,
04/11/2019 05:00,184774.29,92%,,,,,,,,,,
04/11/2019 06:00,185953.293,93%,,,,,,,,,,
04/11/2019 07:00,186407.534,93%,,,,,,,,,,
04/11/2019 08:00,186024.105,93%,,,,,,,,,,
04/11/2019 09:00,185805.618,93%,,,,,,,,,,
04/11/2019 10:00,185395.461,93%,,,,,,,,,,
04/11/2019 11:00,184906.447,92%,,,,,,,,,,
04/11/2019 12:00,183148.689,92%,,,,,,,,,,
04/11/2019 13:00,179542.167,90%,,,,,,,,,,
04/11/2019 14:00,175175.849,88%,,,,,,,,,,
04/11/2019 15:00,171418.491,86%,,,,,,,,,,
04/11/2019 16:00,169030.119,85%,,,,,,,,,,
04/11/2019 17:00,166197.171,83%,,,,,,,,,,
04/11/2019 18:00,163008.059,82%,,,,,,,,,,
04/11/2019 19:00,160742.697,80%,,,,,,,,,,
04/11/2019 20:00,158519.214,79%,,,,,,,,,,
04/11/2019 21:00,158751.699,79%,,,,,,,,,,
04/11/2019 22:00,161867.395,81%,,,,,,,,,,
04/11/2019 23:00,158463.661,79%,,,,,,,,,,
05/11/2019 00:00,153116.458,77%,,,,,,,,,,
05/11/2019 01:00,147196.101,74%,,,,,,,,,,
05/11/2019 02:00,142110.045,71%,,,,,,,,,,
05/11/2019 03:00,135653.437,68%,,,,,,,,,,
05/11/2019 04:00,130333.931,65%,,,,,,,,,,
05/11/2019 05:00,128813.693,64%,,,,,,,,,,
05/11/2019 06:00,128321.565,64%,,,,,,,,,,
05/11/2019 07:00,129012.127,65%,,,,,,,,,,
05/11/2019 08:00,124574.681,62%,,,,,,,,,,
05/11/2019 09:00,120009.34,60%,,,,,,,,,,
05/11/2019 10:00,113367.838,57%,,,,,,,,,,
05/11/2019 11:00,103705.881,52%,,,,,,,,,,
05/11/2019 12:00,100145.02,50%,,,,,,,,,,
05/11/2019 13:00,94803.813,47%,,,,,,,,,,
05/11/2019 14:00,86819.751,43%,,,,,,,,,,
05/11/2019 15:00,82801.36,41%,,,,,,,,,,
05/11/2019 16:00,81813.471,41%,,,,,,,,,,
05/11/2019 17:00,78417.269,39%,,,,,,,,,,
05/11/2019 18:00,71516.976,36%,,,,,,,,,,
05/11/2019 19:00,63213.329,32%,,,,,,,,,,
05/11/2019 20:00,56223.928,28%,,,,,,,,,,
05/11/2019 21:00,52376.477,26%,,,,,,,,,,
05/11/2019 22:00,48590.845,24%,,,,,,,,,,
05/11/2019 23:00,43777.226,22%,,,,,,,,,,
06/11/2019 00:00,38063.925,19%,,,,,,,,,,
06/11/2019 01:00,34313.354,17%,,,,,,,,,,
06/11/2019 02:00,31550.813,16%,,,,,,,,,,
06/11/2019 03:00,28001.721,14%,,,,,,,,,,
06/11/2019 04:00,22642.828,11%,,,,,,,,,,
06/11/2019 05:00,18302.906,9%,,,,,,,,,,
06/11/2019 06:00,15818.047,8%,,,,,,,,,,
06/11/2019 07:00,15287.378,8%,,,,,,,,,,
06/11/2019 08:00,13585.484,7%,,,,,,,,,,
06/11/2019 09:00,8436.899,4%,,,,,,,,,,
06/11/2019 10:00,4550.184,2%,,,,,,,,,,
06/11/2019 11:00,4104.12,2%,,,,,,,,,,
06/11/2019 12:00,5298.147,3%,,,,,,,,,,
06/11/2019 13:00,7382.744,4%,,,,,,,,,,
06/11/2019 14:00,10339.188,5%,,,,,,,,,,
06/11/2019 15:00,14599.849,7%,,,,,,,,,,
06/11/2019 16:00,20477.959,10%,,,,,,,,,,
06/11/2019 17:00,26108.149,13%,,,,,,,,,,
06/11/2019 18:00,31444.511,16%,,,,,,,,,,
06/11/2019 19:00,37515.953,19%,,,,,,,,,,
06/11/2019 20:00,45233.694,23%,,,,,,,,,,
06/11/2019 21:00,50560.859,25%,,,,,,,,,,
06/11/2019 22:00,53333.095,27%,,,,,,,,,,
06/11/2019 23:00,55797.832,28%,,,,,,,,,,
07/11/2019 00:00,60000.001,30%,,,,,,,,,,
07/11/2019 01:00,68986.722,34%,,,,,,,,,,
07/11/2019 02:00,82241.29,41%,,,,,,,,,,
07/11/2019 03:00,96843.386,48%,,,,,,,,,,
07/11/2019 04:00,107531.885,54%,,,,,,,,,,
07/11/2019 05:00,115543.102,58%,,,,,,,,,,
07/11/2019 06:00,124151.236,62%,,,,,,,,,,
07/11/2019 07:00,131915.73,66%,,,,,,,,,,
07/11/2019 08:00,141759.439,71%,,,,,,,,,,
07/11/2019 09:00,145153.536,73%,,,,,,,,,,
07/11/2019 10:00,142129.626,71%,,,,,,,,,,
07/11/2019 11:00,140838.224,70%,,,,,,,,,,
07/11/2019 12:00,138943.27,69%,,,,,,,,,,
07/11/2019 13:00,141796.191,71%,,,,,,,,,,
07/11/2019 14:00,144428.215,72%,,,,,,,,,,
07/11/2019 15:00,144852.334,72%,,,,,,,,,,
07/11/2019 16:00,148460.539,74%,,,,,,,,,,
07/11/2019 17:00,149382.23,75%,,,,,,,,,,
07/11/2019 18:00,149787.026,75%,,,,,,,,,,
07/11/2019 19:00,148350.171,74%,,,,,,,,,,
07/11/2019 20:00,147756.285,74%,,,,,,,,,,
07/11/2019 21:00,144697.275,72%,,,,,,,,,,
07/11/2019 22:00,139394.093,70%,,,,,,,,,,
07/11/2019 23:00,136793.6,68%,,,,,,,,,,
08/11/2019 00:00,134107.592,67%,,,,,,,,,,
08/11/2019 01:00,131243.761,66%,,,,,,,,,,
08/11/2019 02:00,127285.844,64%,,,,,,,,,,
08/11/2019 03:00,120599.729,60%,,,,,,,,,,
08/11/2019 04:00,113076.637,57%,,,,,,,,,,
08/11/2019 05:00,105009.44,53%,,,,,,,,,,
08/11/2019 06:00,94477.04,47%,,,,,,,,,,
08/11/2019 07:00,82675.974,41%,,,,,,,,,,
08/11/2019 08:00,70477.72,35%,,,,,,,,,,
08/11/2019 09:00,59999.996,30%,,,,,,,,,,
08/11/2019 10:00,51580.236,26%,,,,,,,,,,
08/11/2019 11:00,46143.842,23%,,,,,,,,,,
08/11/2019 12:00,42787.965,21%,,,,,,,,,,
08/11/2019 13:00,39299.493,20%,,,,,,,,,,
08/11/2019 14:00,35387.566,18%,,,,,,,,,,
08/11/2019 15:00,32306.826,16%,,,,,,,,,,
08/11/2019 16:00,30133.228,15%,,,,,,,,,,
08/11/2019 17:00,27067.055,14%,,,,,,,,,,
08/11/2019 18:00,23540.387,12%,,,,,,,,,,
08/11/2019 19:00,18648.921,9%,,,,,,,,,,
08/11/2019 20:00,14444.406,7%,,,,,,,,,,
08/11/2019 21:00,12334.542,6%,,,,,,,,,,
08/11/2019 22:00,11558.481,6%,,,,,,,,,,
08/11/2019 23:00,12234.566,6%,,,,,,,,,,
09/11/2019 00:00,15118.38,8%,,,,,,,,,,
09/11/2019 01:00,19924.99,10%,,,,,,,,,,
09/11/2019 02:00,25245.994,13%,,,,,,,,,,
09/11/2019 03:00,29614.958,15%,,,,,,,,,,
09/11/2019 04:00,33193.48,17%,,,,,,,,,,
09/11/2019 05:00,37127.159,19%,,,,,,,,,,
09/11/2019 06:00,43039.445,22%,,,,,,,,,,
09/11/2019 07:00,49739.451,25%,,,,,,,,,,
09/11/2019 08:00,54398.687,27%,,,,,,,,,,
09/11/2019 09:00,55579.68,28%,,,,,,,,,,
09/11/2019 10:00,52752.824,26%,,,,,,,,,,
09/11/2019 11:00,47204.911,24%,,,,,,,,,,
09/11/2019 12:00,42464.667,21%,,,,,,,,,,
09/11/2019 13:00,41666.597,21%,,,,,,,,,,
09/11/2019 14:00,47226.191,24%,,,,,,,,,,
09/11/2019 15:00,58358.744,29%,,,,,,,,,,
09/11/2019 16:00,71139.835,36%,,,,,,,,,,
09/11/2019 17:00,80245.98,40%,,,,,,,,,,
09/11/2019 18:00,85049.079,43%,,,,,,,,,,
09/11/2019 19:00,87444.016,44%,,,,,,,,,,
09/11/2019 20:00,90782.061,45%,,,,,,,,,,
09/11/2019 21:00,95662.687,48%,,,,,,,,,,
09/11/2019 22:00,98416.608,49%,,,,,,,,,,
09/11/2019 23:00,100378.516,50%,,,,,,,,,,
10/11/2019 00:00,102063.46,51%,,,,,,,,,,
10/11/2019 01:00,102611.335,51%,,,,,,,,,,
10/11/2019 02:00,102713.197,51%,,,,,,,,,,
10/11/2019 03:00,99593.734,50%,,,,,,,,,,
10/11/2019 04:00,93298.492,47%,,,,,,,,,,
10/11/2019 05:00,85074.564,43%,,,,,,,,,,
10/11/2019 06:00,76234.591,38%,,,,,,,,,,
10/11/2019 07:00,68124.915,34%,,,,,,,,,,
10/11/2019 08:00,59493.926,30%,,,,,,,,,,
10/11/2019 09:00,50698.52,25%,,,,,,,,,,
10/11/2019 10:00,48595.382,24%,,,,,,,,,,
10/11/2019 11:00,44245.314,22%,,,,,,,,,,
10/11/2019 12:00,29228.069,15%,,,,,,,,,,
10/11/2019 13:00,18559.094,9%,,,,,,,,,,
10/11/2019 14:00,21112.737,11%,,,,,,,,,,
10/11/2019 15:00,33677.146,17%,,,,,,,,,,
10/11/2019 16:00,59008.127,30%,,,,,,,,,,
10/11/2019 17:00,74712.239,37%,,,,,,,,,,
10/11/2019 18:00,83912.053,42%,,,,,,,,,,
10/11/2019 19:00,90067.293,45%,,,,,,,,,,
10/11/2019 20:00,98151.029,49%,,,,,,,,,,
10/11/2019 21:00,112397.249,56%,,,,,,,,,,
10/11/2019 22:00,127341.116,64%,,,,,,,,,,
10/11/2019 23:00,131740.019,66%,,,,,,,,,,
11/11/2019 00:00,132891.468,66%,,,,,,,,,,
11/11/2019 01:00,136836.307,68%,,,,,,,,,,
11/11/2019 02:00,140502.298,70%,,,,,,,,,,
11/11/2019 03:00,143429.213,72%,,,,,,,,,,
11/11/2019 04:00,144042.796,72%,,,,,,,,,,
11/11/2019 05:00,134611.538,67%,,,,,,,,,,
11/11/2019 06:00,120807.316,60%,,,,,,,,,,
11/11/2019 07:00,107963.84,54%,,,,,,,,,,
11/11/2019 08:00,106924.505,53%,,,,,,,,,,
11/11/2019 09:00,107395.625,54%,,,,,,,,,,
11/11/2019 10:00,97670.492,49%,,,,,,,,,,
11/11/2019 11:00,78804.479,39%,,,,,,,,,,
11/11/2019 12:00,57680.326,29%,,,,,,,,,,
11/11/2019 13:00,38338.362,19%,,,,,,,,,,
11/11/2019 14:00,29810.571,15%,,,,,,,,,,
11/11/2019 15:00,24611.382,12%,,,,,,,,,,
11/11/2019 16:00,22305.888,11%,,,,,,,,,,
11/11/2019 17:00,20250.801,10%,,,,,,,,,,
11/11/2019 18:00,18980.574,9%,,,,,,,,,,
11/11/2019 19:00,18670.355,9%,,,,,,,,,,
11/11/2019 20:00,20247.411,10%,,,,,,,,,,
11/11/2019 21:00,23842.844,12%,,,,,,,,,,
11/11/2019 22:00,31391.071,16%,,,,,,,,,,
11/11/2019 23:00,42598.289,21%,,,,,,,,,,
12/11/2019 00:00,58941.91,29%,,,,,,,,,,
12/11/2019 01:00,76601.735,38%,,,,,,,,,,
12/11/2019 02:00,90165.823,45%,,,,,,,,,,
12/11/2019 03:00,104983.458,52%,,,,,,,,,,
12/11/2019 04:00,123570.942,62%,,,,,,,,,,
12/11/2019 05:00,140906.973,70%,,,,,,,,,,
12/11/2019 06:00,156523.925,78%,,,,,,,,,,
12/11/2019 07:00,167499.258,84%,,,,,,,,,,
12/11/2019 08:00,174099.901,87%,,,,,,,,,,
12/11/2019 09:00,178285.152,89%,,,,,,,,,,
12/11/2019 10:00,178919.434,89%,,,,,,,,,,
12/11/2019 11:00,176060.297,88%,,,,,,,,,,
12/11/2019 12:00,172421.753,86%,,,,,,,,,,
12/11/2019 13:00,168053.131,84%,,,,,,,,,,
12/11/2019 14:00,162976.104,81%,,,,,,,,,,
12/11/2019 15:00,155847.531,78%,,,,,,,,,,
12/11/2019 16:00,148082.172,74%,,,,,,,,,,
12/11/2019 17:00,142525.223,71%,,,,,,,,,,
12/11/2019 18:00,134812.047,67%,,,,,,,,,,
12/11/2019 19:00,130492.837,65%,,,,,,,,,,
12/11/2019 20:00,128069.062,64%,,,,,,,,,,
12/11/2019 21:00,121093.343,61%,,,,,,,,,,
12/11/2019 22:00,113690.124,57%,,,,,,,,,,
12/11/2019 23:00,105008.455,53%,,,,,,,,,,
13/11/2019 00:00,93975.292,47%,,,,,,,,,,
13/11/2019 01:00,82324.402,41%,,,,,,,,,,
13/11/2019 02:00,69083.598,35%,,,,,,,,,,
13/11/2019 03:00,57514.351,29%,,,,,,,,,,
13/11/2019 04:00,48144.087,24%,,,,,,,,,,
13/11/2019 05:00,40113.548,20%,,,,,,,,,,
13/11/2019 06:00,32111.197,16%,,,,,,,,,,
13/11/2019 07:00,24198.543,12%,,,,,,,,,,
13/11/2019 08:00,16216.805,8%,,,,,,,,,,
13/11/2019 09:00,9344.338,5%,,,,,,,,,,
13/11/2019 10:00,5192.504,3%,,,,,,,,,,
13/11/2019 11:00,2923.353,1%,,,,,,,,,,
13/11/2019 12:00,2601.808,1%,,,,,,,,,,
13/11/2019 13:00,3390.659,2%,,,,,,,,,,
13/11/2019 14:00,5192.171,3%,,,,,,,,,,
13/11/2019 15:00,8889.005,4%,,,,,,,,,,
13/11/2019 16:00,13709.203,7%,,,,,,,,,,
13/11/2019 17:00,18837.678,9%,,,,,,,,,,
13/11/2019 18:00,24195.122,12%,,,,,,,,,,
13/11/2019 19:00,30426.619,15%,,,,,,,,,,
13/11/2019 20:00,37659.47,19%,,,,,,,,,,
13/11/2019 21:00,44657.546,22%,,,,,,,,,,
13/11/2019 22:00,50198.074,25%,,,,,,,,,,
13/11/2019 23:00,57783.857,29%,,,,,,,,,,
14/11/2019 00:00,67353.819,34%,,,,,,,,,,
14/11/2019 01:00,76329.872,38%,,,,,,,,,,
14/11/2019 02:00,87508.859,44%,,,,,,,,,,
14/11/2019 03:00,101778.482,51%,,,,,,,,,,
14/11/2019 04:00,117907.258,59%,,,,,,,,,,
14/11/2019 05:00,132203.64,66%,,,,,,,,,,
14/11/2019 06:00,144000.246,72%,,,,,,,,,,
14/11/2019 07:00,150992.134,75%,,,,,,,,,,
14/11/2019 08:00,155307.5,78%,,,,,,,,,,
14/11/2019 09:00,156375.691,78%,,,,,,,,,,
14/11/2019 10:00,159711.992,80%,,,,,,,,,,
14/11/2019 11:00,161246.554,81%,,,,,,,,,,
14/11/2019 12:00,164601.992,82%,,,,,,,,,,
14/11/2019 13:00,167136.491,84%,,,,,,,,,,
14/11/2019 14:00,169527.851,85%,,,,,,,,,,
14/11/2019 15:00,171070.302,86%,,,,,,,,,,
14/11/2019 16:00,172927.437,86%,,,,,,,,,,
14/11/2019 17:00,169707.591,85%,,,,,,,,,,
14/11/2019 18:00,164612.95,82%,,,,,,,,,,
14/11/2019 19:00,159699.244,80%,,,,,,,,,,
14/11/2019 20:00,154574.884,77%,,,,,,,,,,
14/11/2019 21:00,149169.128,75%,,,,,,,,,,
14/11/2019 22:00,144845.558,72%,,,,,,,,,,
14/11/2019 23:00,142659.76,71%,,,,,,,,,,
15/11/2019 00:00,138491.964,69%,,,,,,,,,,
15/11/2019 01:00,133929.042,67%,,,,,,,,,,
15/11/2019 02:00,128812.606,64%,,,,,,,,,,
15/11/2019 03:00,124139.881,62%,,,,,,,,,,
15/11/2019 04:00,119726.989,60%,,,,,,,,,,
15/11/2019 05:00,114221.909,57%,,,,,,,,,,
15/11/2019 06:00,110482.875,55%,,,,,,,,,,
15/11/2019 07:00,104524.797,52%,,,,,,,,,,
15/11/2019 08:00,98219.735,49%,,,,,,,,,,
15/11/2019 09:00,91880.536,46%,,,,,,,,,,
15/11/2019 10:00,85985.201,43%,,,,,,,,,,
15/11/2019 11:00,75992.814,38%,,,,,,,,,,
15/11/2019 12:00,71129.596,36%,,,,,,,,,,
15/11/2019 13:00,66835.95,33%,,,,,,,,,,
15/11/2019 14:00,63960.939,32%,,,,,,,,,,
15/11/2019 15:00,60313.567,30%,,,,,,,,,,
15/11/2019 16:00,57480.164,29%,,,,,,,,,,
15/11/2019 17:00,56403.092,28%,,,,,,,,,,
15/11/2019 18:00,55595.263,28%,,,,,,,,,,
15/11/2019 19:00,55596.939,28%,,,,,,,,,,
15/11/2019 20:00,57785.399,29%,,,,,,,,,,
15/11/2019 21:00,58756.075,29%,,,,,,,,,,
15/11/2019 22:00,56583.176,28%,,,,,,,,,,
15/11/2019 23:00,53359.033,27%,,,,,,,,,,
16/11/2019 00:00,49055.278,25%,,,,,,,,,,
16/11/2019 01:00,46312.584,23%,,,,,,,,,,
16/11/2019 02:00,45488.666,23%,,,,,,,,,,
16/11/2019 03:00,47160.248,24%,,,,,,,,,,
16/11/2019 04:00,47549.436,24%,,,,,,,,,,
16/11/2019 05:00,45800.29,23%,,,,,,,,,,
16/11/2019 06:00,44420.788,22%,,,,,,,,,,
16/11/2019 07:00,42652.848,21%,,,,,,,,,,
16/11/2019 08:00,40164.656,20%,,,,,,,,,,
16/11/2019 09:00,34649.643,17%,,,,,,,,,,
16/11/2019 10:00,27419.911,14%,,,,,,,,,,
16/11/2019 11:00,20163.414,10%,,,,,,,,,,
16/11/2019 12:00,14632.182,7%,,,,,,,,,,
16/11/2019 13:00,12575.106,6%,,,,,,,,,,
16/11/2019 14:00,13589.107,7%,,,,,,,,,,
16/11/2019 15:00,16508.093,8%,,,,,,,,,,
16/11/2019 16:00,19476.833,10%,,,,,,,,,,
16/11/2019 17:00,21250.088,11%,,,,,,,,,,
16/11/2019 18:00,21604.51,11%,,,,,,,,,,
16/11/2019 19:00,20891.311,10%,,,,,,,,,,
16/11/2019 20:00,20040.818,10%,,,,,,,,,,
16/11/2019 21:00,20244.164,10%,,,,,,,,,,
16/11/2019 22:00,20615.123,10%,,,,,,,,,,
16/11/2019 23:00,21358.648,11%,,,,,,,,,,
17/11/2019 00:00,22587.945,11%,,,,,,,,,,
17/11/2019 01:00,24239.302,12%,,,,,,,,,,
17/11/2019 02:00,26163.169,13%,,,,,,,,,,
17/11/2019 03:00,27943.396,14%,,,,,,,,,,
17/11/2019 04:00,30767.573,15%,,,,,,,,,,
17/11/2019 05:00,33487.276,17%,,,,,,,,,,
17/11/2019 06:00,34481.073,17%,,,,,,,,,,
17/11/2019 07:00,32798.956,16%,,,,,,,,,,
17/11/2019 08:00,30184.833,15%,,,,,,,,,,
17/11/2019 09:00,28440.805,14%,,,,,,,,,,
17/11/2019 10:00,27264.116,14%,,,,,,,,,,
17/11/2019 11:00,29958.063,15%,,,,,,,,,,
17/11/2019 12:00,39193.176,20%,,,,,,,,,,
17/11/2019 13:00,49730.354,25%,,,,,,,,,,
17/11/2019 14:00,61321.892,31%,,,,,,,,,,
17/11/2019 15:00,70480.089,35%,,,,,,,,,,
17/11/2019 16:00,83541.737,42%,,,,,,,,,,
17/11/2019 17:00,93138.744,47%,,,,,,,,,,
17/11/2019 18:00,99844.564,50%,,,,,,,,,,
17/11/2019 19:00,103246.353,52%,,,,,,,,,,
17/11/2019 20:00,102064.289,51%,,,,,,,,,,
17/11/2019 21:00,102063.364,51%,,,,,,,,,,
17/11/2019 22:00,103158.206,52%,,,,,,,,,,
17/11/2019 23:00,102261.767,51%,,,,,,,,,,
18/11/2019 00:00,97493.034,49%,,,,,,,,,,
18/11/2019 01:00,91809.65,46%,,,,,,,,,,
18/11/2019 02:00,88300.018,44%,,,,,,,,,,
18/11/2019 03:00,86380.527,43%,,,,,,,,,,
18/11/2019 04:00,82788.56,41%,,,,,,,,,,
18/11/2019 05:00,81454.408,41%,,,,,,,,,,
18/11/2019 06:00,82829.448,41%,,,,,,,,,,
18/11/2019 07:00,87115.531,44%,,,,,,,,,,
18/11/2019 08:00,88303.238,44%,,,,,,,,,,
18/11/2019 09:00,83761.913,42%,,,,,,,,,,
18/11/2019 10:00,75792.001,38%,,,,,,,,,,
18/11/2019 11:00,66838.4,33%,,,,,,,,,,
18/11/2019 12:00,61876.251,31%,,,,,,,,,,
18/11/2019 13:00,59404.247,30%,,,,,,,,,,
18/11/2019 14:00,59155.691,30%,,,,,,,,,,
18/11/2019 15:00,59993.036,30%,,,,,,,,,,
18/11/2019 16:00,57344.594,29%,,,,,,,,,,
18/11/2019 17:00,50558.247,25%,,,,,,,,,,
18/11/2019 18:00,42793.779,21%,,,,,,,,,,
18/11/2019 19:00,37562.216,19%,,,,,,,,,,
18/11/2019 20:00,35372.268,18%,,,,,,,,,,
18/11/2019 21:00,32042.71,16%,,,,,,,,,,
18/11/2019 22:00,26774.478,13%,,,,,,,,,,
18/11/2019 23:00,21217.63,11%,,,,,,,,,,
19/11/2019 00:00,15126.562,8%,,,,,,,,,,
19/11/2019 01:00,9011.092,5%,,,,,,,,,,
19/11/2019 02:00,4224.178,2%,,,,,,,,,,
19/11/2019 03:00,2156.763,1%,,,,,,,,,,
19/11/2019 04:00,612.124,0%,,,,,,,,,,
19/11/2019 05:00,495.559,0%,,,,,,,,,,
19/11/2019 06:00,980.294,0%,,,,,,,,,,
19/11/2019 07:00,1778.692,1%,,,,,,,,,,
19/11/2019 08:00,3364.753,2%,,,,,,,,,,
19/11/2019 09:00,6891.069,3%,,,,,,,,,,
19/11/2019 10:00,12743.809,6%,,,,,,,,,,
19/11/2019 11:00,20322.941,10%,,,,,,,,,,
19/11/2019 12:00,30927.263,15%,,,,,,,,,,
19/11/2019 13:00,45480.843,23%,,,,,,,,,,
19/11/2019 14:00,65211.106,33%,,,,,,,,,,
19/11/2019 15:00,85578.992,43%,,,,,,,,,,
19/11/2019 16:00,105025.88,53%,,,,,,,,,,
19/11/2019 17:00,122043.512,61%,,,,,,,,,,
19/11/2019 18:00,135538.187,68%,,,,,,,,,,
19/11/2019 19:00,144430.579,72%,,,,,,,,,,
19/11/2019 20:00,149252.106,75%,,,,,,,,,,
19/11/2019 21:00,151328.39,76%,,,,,,,,,,
19/11/2019 22:00,150742.076,75%,,,,,,,,,,
19/11/2019 23:00,149759.443,75%,,,,,,,,,,
20/11/2019 00:00,148729.286,74%,,,,,,,,,,
20/11/2019 01:00,147911.451,74%,,,,,,,,,,
20/11/2019 02:00,144302.68,72%,,,,,,,,,,
20/11/2019 03:00,145636.711,73%,,,,,,,,,,
20/11/2019 04:00,145950.123,73%,,,,,,,,,,
20/11/2019 05:00,149734.85,75%,,,,,,,,,,
20/11/2019 06:00,157292.099,79%,,,,,,,,,,
20/11/2019 07:00,159020.61,80%,,,,,,,,,,
20/11/2019 08:00,159457.696,80%,,,,,,,,,,
20/11/2019 09:00,161205.879,81%,,,,,,,,,,
20/11/2019 10:00,160043.545,80%,,,,,,,,,,
20/11/2019 11:00,165441.03,83%,,,,,,,,,,
20/11/2019 12:00,166306.015,83%,,,,,,,,,,
20/11/2019 13:00,163419.483,82%,,,,,,,,,,
20/11/2019 14:00,163410.259,82%,,,,,,,,,,
20/11/2019 15:00,161526.249,81%,,,,,,,,,,
20/11/2019 16:00,157287.308,79%,,,,,,,,,,
20/11/2019 17:00,155305.207,78%,,,,,,,,,,
20/11/2019 18:00,157122.466,79%,,,,,,,,,,
20/11/2019 19:00,154388.981,77%,,,,,,,,,,
20/11/2019 20:00,154379.759,77%,,,,,,,,,,
20/11/2019 21:00,155305.107,78%,,,,,,,,,,
20/11/2019 22:00,158629.379,79%,,,,,,,,,,
20/11/2019 23:00,162350.359,81%,,,,,,,,,,
21/11/2019 00:00,165878.878,83%,,,,,,,,,,
21/11/2019 01:00,165151.908,83%,,,,,,,,,,
21/11/2019 02:00,161432.556,81%,,,,,,,,,,
21/11/2019 03:00,156508.733,78%,,,,,,,,,,
21/11/2019 04:00,151903.672,76%,,,,,,,,,,
21/11/2019 05:00,148240.877,74%,,,,,,,,,,
21/11/2019 06:00,146434.576,73%,,,,,,,,,,
21/11/2019 07:00,145593.475,73%,,,,,,,,,,
21/11/2019 08:00,145840.133,73%,,,,,,,,,,
21/11/2019 09:00,145589.017,73%,,,,,,,,,,
21/11/2019 10:00,144418.96,72%,,,,,,,,,,
21/11/2019 11:00,140810.631,70%,,,,,,,,,,
21/11/2019 12:00,133798.387,67%,,,,,,,,,,
21/11/2019 13:00,122046.697,61%,,,,,,,,,,
21/11/2019 14:00,107514.882,54%,,,,,,,,,,
21/11/2019 15:00,100686.119,50%,,,,,,,,,,
21/11/2019 16:00,97314.431,49%,,,,,,,,,,
21/11/2019 17:00,93105.444,47%,,,,,,,,,,
21/11/2019 18:00,89562.193,45%,,,,,,,,,,
21/11/2019 19:00,89884.625,45%,,,,,,,,,,
21/11/2019 20:00,91949.013,46%,,,,,,,,,,
21/11/2019 21:00,93894.498,47%,,,,,,,,,,
21/11/2019 22:00,92911.091,46%,,,,,,,,,,
21/11/2019 23:00,91884.175,46%,,,,,,,,,,
22/11/2019 00:00,91725.882,46%,,,,,,,,,,
22/11/2019 01:00,92707.784,46%,,,,,,,,,,
22/11/2019 02:00,93528.796,47%,,,,,,,,,,
22/11/2019 03:00,94197.754,47%,,,,,,,,,,
22/11/2019 04:00,99595.323,50%,,,,,,,,,,
22/11/2019 05:00,101069.063,51%,,,,,,,,,,
22/11/2019 06:00,97084.761,49%,,,,,,,,,,
22/11/2019 07:00,93260.066,47%,,,,,,,,,,
22/11/2019 08:00,88302.84,44%,,,,,,,,,,
22/11/2019 09:00,83240.766,42%,,,,,,,,,,
22/11/2019 10:00,84723.618,42%,,,,,,,,,,
22/11/2019 11:00,87656.499,44%,,,,,,,,,,
22/11/2019 12:00,89583.454,45%,,,,,,,,,,
22/11/2019 13:00,90776.587,45%,,,,,,,,,,
22/11/2019 14:00,91879.872,46%,,,,,,,,,,
22/11/2019 15:00,96951.234,48%,,,,,,,,,,
22/11/2019 16:00,106972.623,53%,,,,,,,,,,
22/11/2019 17:00,107514.913,54%,,,,,,,,,,
22/11/2019 18:00,105967.617,53%,,,,,,,,,,
22/11/2019 19:00,101754.955,51%,,,,,,,,,,
22/11/2019 20:00,100216.963,50%,,,,,,,,,,
22/11/2019 21:00,100663.912,50%,,,,,,,,,,
22/11/2019 22:00,96841.78,48%,,,,,,,,,,
22/11/2019 23:00,92710.851,46%,,,,,,,,,,
23/11/2019 00:00,89999.466,45%,,,,,,,,,,
23/11/2019 01:00,91941.147,46%,,,,,,,,,,
23/11/2019 02:00,91884.377,46%,,,,,,,,,,
23/11/2019 03:00,93418.313,47%,,,,,,,,,,
23/11/2019 04:00,95739.055,48%,,,,,,,,,,
23/11/2019 05:00,99877.276,50%,,,,,,,,,,
23/11/2019 06:00,103705.543,52%,,,,,,,,,,
23/11/2019 07:00,104524.738,52%,,,,,,,,,,
23/11/2019 08:00,105676.761,53%,,,,,,,,,,
23/11/2019 09:00,103812.603,52%,,,,,,,,,,
23/11/2019 10:00,100704.881,50%,,,,,,,,,,
23/11/2019 11:00,96759.223,48%,,,,,,,,,,
23/11/2019 12:00,100507.125,50%,,,,,,,,,,
23/11/2019 13:00,110099.298,55%,,,,,,,,,,
23/11/2019 14:00,120095.828,60%,,,,,,,,,,
23/11/2019 15:00,124272.938,62%,,,,,,,,,,
23/11/2019 16:00,130065.207,65%,,,,,,,,,,
23/11/2019 17:00,137027.322,69%,,,,,,,,,,
23/11/2019 18:00,142295.765,71%,,,,,,,,,,
23/11/2019 19:00,147347.133,74%,,,,,,,,,,
23/11/2019 20:00,148361.833,74%,,,,,,,,,,
23/11/2019 21:00,150861.454,75%,,,,,,,,,,
23/11/2019 22:00,154391.169,77%,,,,,,,,,,
23/11/2019 23:00,154994.404,77%,,,,,,,,,,
24/11/2019 00:00,154796.938,77%,,,,,,,,,,
24/11/2019 01:00,154293.381,77%,,,,,,,,,,
24/11/2019 02:00,151608.642,76%,,,,,,,,,,
24/11/2019 03:00,149179.828,75%,,,,,,,,,,
24/11/2019 04:00,148036.09,74%,,,,,,,,,,
24/11/2019 05:00,150597.14,75%,,,,,,,,,,
24/11/2019 06:00,147759.06,74%,,,,,,,,,,
24/11/2019 07:00,140224.845,70%,,,,,,,,,,
24/11/2019 08:00,136443.724,68%,,,,,,,,,,
24/11/2019 09:00,131826.199,66%,,,,,,,,,,
24/11/2019 10:00,124380.2,62%,,,,,,,,,,
24/11/2019 11:00,111799.738,56%,,,,,,,,,,
24/11/2019 12:00,99924.313,50%,,,,,,,,,,
24/11/2019 13:00,86197.809,43%,,,,,,,,,,
24/11/2019 14:00,79553.108,40%,,,,,,,,,,
24/11/2019 15:00,81454.327,41%,,,,,,,,,,
24/11/2019 16:00,84457.257,42%,,,,,,,,,,
24/11/2019 17:00,84864.105,42%,,,,,,,,,,
24/11/2019 18:00,84128.096,42%,,,,,,,,,,
24/11/2019 19:00,79558.322,40%,,,,,,,,,,
24/11/2019 20:00,72175.82,36%,,,,,,,,,,
24/11/2019 21:00,64520.778,32%,,,,,,,,,,
24/11/2019 22:00,58763.168,29%,,,,,,,,,,
24/11/2019 23:00,52274.057,26%,,,,,,,,,,
25/11/2019 00:00,49057.847,25%,,,,,,,,,,
25/11/2019 01:00,48597.436,24%,,,,,,,,,,
25/11/2019 02:00,48782.449,24%,,,,,,,,,,
25/11/2019 03:00,48596.612,24%,,,,,,,,,,
25/11/2019 04:00,49728.69,25%,,,,,,,,,,
25/11/2019 05:00,52626.921,26%,,,,,,,,,,
25/11/2019 06:00,55604.814,28%,,,,,,,,,,
25/11/2019 07:00,60990.799,30%,,,,,,,,,,
25/11/2019 08:00,69491.589,35%,,,,,,,,,,
25/11/2019 09:00,78834.856,39%,,,,,,,,,,
25/11/2019 10:00,91377.809,46%,,,,,,,,,,
25/11/2019 11:00,100143.042,50%,,,,,,,,,,
25/11/2019 12:00,107479.868,54%,,,,,,,,,,
25/11/2019 13:00,111062.206,56%,,,,,,,,,,
25/11/2019 14:00,103318.338,52%,,,,,,,,,,
25/11/2019 15:00,97668.884,49%,,,,,,,,,,
25/11/2019 16:00,92265.301,46%,,,,,,,,,,
25/11/2019 17:00,89274.033,45%,,,,,,,,,,
25/11/2019 18:00,88793.195,44%,,,,,,,,,,
25/11/2019 19:00,88701.262,44%,,,,,,,,,,
25/11/2019 20:00,88852.15,44%,,,,,,,,,,
25/11/2019 21:00,93262.017,47%,,,,,,,,,,
25/11/2019 22:00,97667.801,49%,,,,,,,,,,
25/11/2019 23:00,97670.499,49%,,,,,,,,,,
26/11/2019 00:00,100769.157,50%,,,,,,,,,,
26/11/2019 01:00,105068.939,53%,,,,,,,,,,
26/11/2019 02:00,105783.918,53%,,,,,,,,,,
26/11/2019 03:00,104713.263,52%,,,,,,,,,,
26/11/2019 04:00,107514.794,54%,,,,,,,,,,
26/11/2019 05:00,111271.712,56%,,,,,,,,,,
26/11/2019 06:00,113465.122,57%,,,,,,,,,,
26/11/2019 07:00,117608.54,59%,,,,,,,,,,
26/11/2019 08:00,126437.661,63%,,,,,,,,,,
26/11/2019 09:00,126092.947,63%,,,,,,,,,,
26/11/2019 10:00,125261.496,63%,,,,,,,,,,
26/11/2019 11:00,123957.692,62%,,,,,,,,,,
26/11/2019 12:00,122047.06,61%,,,,,,,,,,
26/11/2019 13:00,119522.621,60%,,,,,,,,,,
26/11/2019 14:00,116070.458,58%,,,,,,,,,,
26/11/2019 15:00,114964.761,57%,,,,,,,,,,
26/11/2019 16:00,112037.427,56%,,,,,,,,,,
26/11/2019 17:00,110072.486,55%,,,,,,,,,,
26/11/2019 18:00,108151.253,54%,,,,,,,,,,
26/11/2019 19:00,106429.47,53%,,,,,,,,,,
26/11/2019 20:00,103377.382,52%,,,,,,,,,,
26/11/2019 21:00,100243.046,50%,,,,,,,,,,
26/11/2019 22:00,96290.038,48%,,,,,,,,,,
26/11/2019 23:00,92119.678,46%,,,,,,,,,,
27/11/2019 00:00,87255.941,44%,,,,,,,,,,
27/11/2019 01:00,83280.506,42%,,,,,,,,,,
27/11/2019 02:00,80103.538,40%,,,,,,,,,,
27/11/2019 03:00,72031.912,36%,,,,,,,,,,
27/11/2019 04:00,66315.622,33%,,,,,,,,,,
27/11/2019 05:00,66066.21,33%,,,,,,,,,,
27/11/2019 06:00,57778.053,29%,,,,,,,,,,
27/11/2019 07:00,43959.498,22%,,,,,,,,,,
27/11/2019 08:00,29679.266,15%,,,,,,,,,,
27/11/2019 09:00,19821.216,10%,,,,,,,,,,
27/11/2019 10:00,16813.141,8%,,,,,,,,,,
27/11/2019 11:00,16743.776,8%,,,,,,,,,,
27/11/2019 12:00,21012.753,11%,,,,,,,,,,
27/11/2019 13:00,27564.424,14%,,,,,,,,,,
27/11/2019 14:00,35959.258,18%,,,,,,,,,,
27/11/2019 15:00,48146.752,24%,,,,,,,,,,
27/11/2019 16:00,61703.236,31%,,,,,,,,,,
27/11/2019 17:00,75790.032,38%,,,,,,,,,,
27/11/2019 18:00,88853.363,44%,,,,,,,,,,
27/11/2019 19:00,102611.698,51%,,,,,,,,,,
27/11/2019 20:00,115457.016,58%,,,,,,,,,,
27/11/2019 21:00,128251.003,64%,,,,,,,,,,
27/11/2019 22:00,132683.173,66%,,,,,,,,,,
27/11/2019 23:00,149268.633,75%,,,,,,,,,,
28/11/2019 00:00,161291.886,81%,,,,,,,,,,
28/11/2019 01:00,174234.57,87%,,,,,,,,,,
28/11/2019 02:00,181753.997,91%,,,,,,,,,,
28/11/2019 03:00,184079.754,92%,,,,,,,,,,
28/11/2019 04:00,184596.467,92%,,,,,,,,,,
28/11/2019 05:00,184586.71,92%,,,,,,,,,,
28/11/2019 06:00,184602.373,92%,,,,,,,,,,
28/11/2019 07:00,184007.164,92%,,,,,,,,,,
28/11/2019 08:00,183150.315,92%,,,,,,,,,,
28/11/2019 09:00,180280.659,90%,,,,,,,,,,
28/11/2019 10:00,177264.814,89%,,,,,,,,,,
28/11/2019 11:00,173318.037,87%,,,,,,,,,,
28/11/2019 12:00,169242.432,85%,,,,,,,,,,
28/11/2019 13:00,166291.491,83%,,,,,,,,,,
28/11/2019 14:00,166370.831,83%,,,,,,,,,,
28/11/2019 15:00,165149.152,83%,,,,,,,,,,
28/11/2019 16:00,164768.949,82%,,,,,,,,,,
28/11/2019 17:00,163138.982,82%,,,,,,,,,,
28/11/2019 18:00,161532.498,81%,,,,,,,,,,
28/11/2019 19:00,159354.691,80%,,,,,,,,,,
28/11/2019 20:00,156074.935,78%,,,,,,,,,,
28/11/2019 21:00,152308.994,76%,,,,,,,,,,
28/11/2019 22:00,147928.768,74%,,,,,,,,,,
28/11/2019 23:00,143601.296,72%,,,,,,,,,,
29/11/2019 00:00,139571.218,70%,,,,,,,,,,
29/11/2019 01:00,136045.176,68%,,,,,,,,,,
29/11/2019 02:00,132585.798,66%,,,,,,,,,,
29/11/2019 03:00,130581.986,65%,,,,,,,,,,
29/11/2019 04:00,129596.063,65%,,,,,,,,,,
29/11/2019 05:00,127360.974,64%,,,,,,,,,,
29/11/2019 06:00,123574.416,62%,,,,,,,,,,
29/11/2019 07:00,119677.729,60%,,,,,,,,,,
29/11/2019 08:00,114173.119,57%,,,,,,,,,,
29/11/2019 09:00,105091.526,53%,,,,,,,,,,
29/11/2019 10:00,95190.278,48%,,,,,,,,,,
29/11/2019 11:00,87952.474,44%,,,,,,,,,,
29/11/2019 12:00,86862.72,43%,,,,,,,,,,
29/11/2019 13:00,85923.521,43%,,,,,,,,,,
29/11/2019 14:00,87872.83,44%,,,,,,,,,,
29/11/2019 15:00,89900.765,45%,,,,,,,,,,
29/11/2019 16:00,86308.844,43%,,,,,,,,,,
29/11/2019 17:00,76355.872,38%,,,,,,,,,,
29/11/2019 18:00,65612.718,33%,,,,,,,,,,
29/11/2019 19:00,55912.274,28%,,,,,,,,,,
29/11/2019 20:00,47660.424,24%,,,,,,,,,,
29/11/2019 21:00,42788.381,21%,,,,,,,,,,
29/11/2019 22:00,40513.275,20%,,,,,,,,,,
29/11/2019 23:00,40165.332,20%,,,,,,,,,,
30/11/2019 00:00,41697.649,21%,,,,,,,,,,
30/11/2019 01:00,44610.307,22%,,,,,,,,,,
30/11/2019 02:00,47072.813,24%,,,,,,,,,,
30/11/2019 03:00,45484.011,23%,,,,,,,,,,
30/11/2019 04:00,41694.268,21%,,,,,,,,,,
30/11/2019 05:00,36966.123,18%,,,,,,,,,,
30/11/2019 06:00,31270.078,16%,,,,,,,,,,
30/11/2019 07:00,25397.925,13%,,,,,,,,,,
30/11/2019 08:00,20444.237,10%,,,,,,,,,,
30/11/2019 09:00,17242.638,9%,,,,,,,,,,
30/11/2019 10:00,15231.286,8%,,,,,,,,,,
30/11/2019 11:00,13960.155,7%,,,,,,,,,,
30/11/2019 12:00,14151.806,7%,,,,,,,,,,
30/11/2019 13:00,15337.271,8%,,,,,,,,,,
30/11/2019 14:00,16811.195,8%,,,,,,,,,,
30/11/2019 15:00,17538.735,9%,,,,,,,,,,
30/11/2019 16:00,18930.519,9%,,,,,,,,,,
30/11/2019 17:00,20806.256,10%,,,,,,,,,,
30/11/2019 18:00,21377.003,11%,,,,,,,,,,
30/11/2019 19:00,20912.017,10%,,,,,,,,,,
30/11/2019 20:00,21202.75,11%,,,,,,,,,,
30/11/2019 21:00,22513.317,11%,,,,,,,,,,
30/11/2019 22:00,26447.154,13%,,,,,,,,,,
30/11/2019 23:00,31726.9,16%,,,,,,,,,,
01/12/2019 00:00,33787.315,17%,,,,,,,,,,
01/12/2019 01:00,39729.324,20%,,,,,,,,,,
01/12/2019 02:00,51810.699,26%,,,,,,,,,,
01/12/2019 03:00,63321.339,32%,,,,,,,,,,
01/12/2019 04:00,78222.53,39%,,,,,,,,,,
01/12/2019 05:00,91332.381,46%,,,,,,,,,,
01/12/2019 06:00,102611.595,51%,,,,,,,,,,
01/12/2019 07:00,114220.701,57%,,,,,,,,,,
01/12/2019 08:00,115571.002,58%,,,,,,,,,,
01/12/2019 09:00,109460.238,55%,,,,,,,,,,
01/12/2019 10:00,112055.584,56%,,,,,,,,,,
01/12/2019 11:00,116071.905,58%,,,,,,,,,,
01/12/2019 12:00,118314.747,59%,,,,,,,,,,
01/12/2019 13:00,125398.823,63%,,,,,,,,,,
01/12/2019 14:00,134624.516,67%,,,,,,,,,,
01/12/2019 15:00,140241.467,70%,,,,,,,,,,
01/12/2019 16:00,145882.727,73%,,,,,,,,,,
01/12/2019 17:00,146490.427,73%,,,,,,,,,,
01/12/2019 18:00,148034.268,74%,,,,,,,,,,
01/12/2019 19:00,145715.081,73%,,,,,,,,,,
01/12/2019 20:00,141662.106,71%,,,,,,,,,,
01/12/2019 21:00,136055.6,68%,,,,,,,,,,
01/12/2019 22:00,132611.053,66%,,,,,,,,,,
01/12/2019 23:00,128813.713,64%,,,,,,,,,,
02/12/2019 00:00,124611.746,62%,,,,,,,,,,
02/12/2019 01:00,124449.685,62%,,,,,,,,,,
02/12/2019 02:00,123705.247,62%,,,,,,,,,,
02/12/2019 03:00,125465.698,63%,,,,,,,,,,
02/12/2019 04:00,127193.365,64%,,,,,,,,,,
02/12/2019 05:00,126763.814,63%,,,,,,,,,,
02/12/2019 06:00,124106.081,62%,,,,,,,,,,
02/12/2019 07:00,116596.597,58%,,,,,,,,,,
02/12/2019 08:00,108940.068,54%,,,,,,,,,,
02/12/2019 09:00,99593.61,50%,,,,,,,,,,
02/12/2019 10:00,86375.392,43%,,,,,,,,,,
02/12/2019 11:00,78208.951,39%,,,,,,,,,,
02/12/2019 12:00,80350.948,40%,,,,,,,,,,
02/12/2019 13:00,86375.376,43%,,,,,,,,,,
02/12/2019 14:00,91293.443,46%,,,,,,,,,,
02/12/2019 15:00,96255.838,48%,,,,,,,,,,
02/12/2019 16:00,98768.063,49%,,,,,,,,,,
02/12/2019 17:00,100624.918,50%,,,,,,,,,,
02/12/2019 18:00,103706.041,52%,,,,,,,,,,
02/12/2019 19:00,111753.342,56%,,,,,,,,,,
02/12/2019 20:00,114221.878,57%,,,,,,,,,,
02/12/2019 21:00,112592.653,56%,,,,,,,,,,
02/12/2019 22:00,109700.187,55%,,,,,,,,,,
02/12/2019 23:00,107918.007,54%,,,,,,,,,,
03/12/2019 00:00,116072.412,58%,,,,,,,,,,
03/12/2019 01:00,113852.224,57%,,,,,,,,,,
03/12/2019 02:00,117690.017,59%,,,,,,,,,,
03/12/2019 03:00,114958.432,57%,,,,,,,,,,
03/12/2019 04:00,111816.377,56%,,,,,,,,,,
03/12/2019 05:00,109291.902,55%,,,,,,,,,,
03/12/2019 06:00,102214.955,51%,,,,,,,,,,
03/12/2019 07:00,95194.825,48%,,,,,,,,,,
03/12/2019 08:00,90475.733,45%,,,,,,,,,,
03/12/2019 09:00,85696.627,43%,,,,,,,,,,
03/12/2019 10:00,81255.444,41%,,,,,,,,,,
03/12/2019 11:00,75252.824,38%,,,,,,,,,,
03/12/2019 12:00,69617.577,35%,,,,,,,,,,
03/12/2019 13:00,64382.43,32%,,,,,,,,,,
03/12/2019 14:00,60485.715,30%,,,,,,,,,,
03/12/2019 15:00,64436.175,32%,,,,,,,,,,
03/12/2019 16:00,74485.131,37%,,,,,,,,,,
03/12/2019 17:00,85960.275,43%,,,,,,,,,,
03/12/2019 18:00,97667.151,49%,,,,,,,,,,
03/12/2019 19:00,109406.788,55%,,,,,,,,,,
03/12/2019 20:00,118470.626,59%,,,,,,,,,,
03/12/2019 21:00,127716.906,64%,,,,,,,,,,
03/12/2019 22:00,132507.061,66%,,,,,,,,,,
03/12/2019 23:00,131926.625,66%,,,,,,,,,,
04/12/2019 00:00,128842.99,64%,,,,,,,,,,
04/12/2019 01:00,127270.742,64%,,,,,,,,,,
04/12/2019 02:00,138655.916,69%,,,,,,,,,,
04/12/2019 03:00,140075.391,70%,,,,,,,,,,
04/12/2019 04:00,148325.009,74%,,,,,,,,,,
04/12/2019 05:00,154893.643,77%,,,,,,,,,,
04/12/2019 06:00,161535.309,81%,,,,,,,,,,
04/12/2019 07:00,166198.054,83%,,,,,,,,,,
04/12/2019 08:00,169874.175,85%,,,,,,,,,,
04/12/2019 09:00,172416.573,86%,,,,,,,,,,
04/12/2019 10:00,173518.537,87%,,,,,,,,,,
04/12/2019 11:00,177118.357,89%,,,,,,,,,,
04/12/2019 12:00,174005.827,87%,,,,,,,,,,
04/12/2019 13:00,165453.773,83%,,,,,,,,,,
04/12/2019 14:00,153527.646,77%,,,,,,,,,,
04/12/2019 15:00,142275.509,71%,,,,,,,,,,
04/12/2019 16:00,142835.872,71%,,,,,,,,,,
04/12/2019 17:00,147284.503,74%,,,,,,,,,,
04/12/2019 18:00,148766.897,74%,,,,,,,,,,
04/12/2019 19:00,149167.654,75%,,,,,,,,,,
04/12/2019 20:00,150658.138,75%,,,,,,,,,,
04/12/2019 21:00,153074.759,77%,,,,,,,,,,
04/12/2019 22:00,156031.577,78%,,,,,,,,,,
04/12/2019 23:00,158520.581,79%,,,,,,,,,,
05/12/2019 00:00,162343.273,81%,,,,,,,,,,
05/12/2019 01:00,164534.844,82%,,,,,,,,,,
05/12/2019 02:00,167124.558,84%,,,,,,,,,,
05/12/2019 03:00,169704.026,85%,,,,,,,,,,
05/12/2019 04:00,169025.077,85%,,,,,,,,,,
05/12/2019 05:00,170567.019,85%,,,,,,,,,,
05/12/2019 06:00,173762.193,87%,,,,,,,,,,
05/12/2019 07:00,175615.016,88%,,,,,,,,,,
05/12/2019 08:00,172921.839,86%,,,,,,,,,,
05/12/2019 09:00,172066.572,86%,,,,,,,,,,
05/12/2019 10:00,174860.64,87%,,,,,,,,,,
05/12/2019 11:00,179916.253,90%,,,,,,,,,,
05/12/2019 12:00,183314.369,92%,,,,,,,,,,
05/12/2019 13:00,185158.393,93%,,,,,,,,,,
05/12/2019 14:00,185682.513,93%,,,,,,,,,,
05/12/2019 15:00,184689.606,92%,,,,,,,,,,
05/12/2019 16:00,185215.691,93%,,,,,,,,,,
05/12/2019 17:00,189561.875,95%,,,,,,,,,,
05/12/2019 18:00,190144.436,95%,,,,,,,,,,
05/12/2019 19:00,189564.512,95%,,,,,,,,,,
05/12/2019 20:00,185948.074,93%,,,,,,,,,,
05/12/2019 21:00,179085.032,90%,,,,,,,,,,
05/12/2019 22:00,163110.123,82%,,,,,,,,,,
05/12/2019 23:00,136637.818,68%,,,,,,,,,,
06/12/2019 00:00,123066.996,62%,,,,,,,,,,
06/12/2019 01:00,124482.924,62%,,,,,,,,,,
06/12/2019 02:00,133056.268,67%,,,,,,,,,,
06/12/2019 03:00,135002.547,68%,,,,,,,,,,
06/12/2019 04:00,133899.1,67%,,,,,,,,,,
06/12/2019 05:00,125737.904,63%,,,,,,,,,,
06/12/2019 06:00,118049.548,59%,,,,,,,,,,
06/12/2019 07:00,117908.113,59%,,,,,,,,,,
06/12/2019 08:00,109406.679,55%,,,,,,,,,,
06/12/2019 09:00,107853.904,54%,,,,,,,,,,
06/12/2019 10:00,110543.292,55%,,,,,,,,,,
06/12/2019 11:00,111532.012,56%,,,,,,,,,,
06/12/2019 12:00,113157.981,57%,,,,,,,,,,
06/12/2019 13:00,115141.173,58%,,,,,,,,,,
06/12/2019 14:00,108867.2,54%,,,,,,,,,,
06/12/2019 15:00,111288.458,56%,,,,,,,,,,
06/12/2019 16:00,114351.081,57%,,,,,,,,,,
06/12/2019 17:00,114878.147,57%,,,,,,,,,,
06/12/2019 18:00,109945.164,55%,,,,,,,,,,
06/12/2019 19:00,107514.752,54%,,,,,,,,,,
06/12/2019 20:00,116858.846,58%,,,,,,,,,,
06/12/2019 21:00,122637.16,61%,,,,,,,,,,
06/12/2019 22:00,114869.473,57%,,,,,,,,,,
06/12/2019 23:00,110924.007,55%,,,,,,,,,,
07/12/2019 00:00,116596.494,58%,,,,,,,,,,
07/12/2019 01:00,126753.716,63%,,,,,,,,,,
07/12/2019 02:00,120883.992,60%,,,,,,,,,,
07/12/2019 03:00,118616.202,59%,,,,,,,,,,
07/12/2019 04:00,107671.626,54%,,,,,,,,,,
07/12/2019 05:00,100337.139,50%,,,,,,,,,,
07/12/2019 06:00,86617.189,43%,,,,,,,,,,
07/12/2019 07:00,73565.472,37%,,,,,,,,,,
07/12/2019 08:00,55975.456,28%,,,,,,,,,,
07/12/2019 09:00,37702.607,19%,,,,,,,,,,
07/12/2019 10:00,37980.706,19%,,,,,,,,,,
07/12/2019 11:00,51382.574,26%,,,,,,,,,,
07/12/2019 12:00,65545.539,33%,,,,,,,,,,
07/12/2019 13:00,92890.783,46%,,,,,,,,,,
07/12/2019 14:00,122025.48,61%,,,,,,,,,,
07/12/2019 15:00,149168.183,75%,,,,,,,,,,
07/12/2019 16:00,161585.63,81%,,,,,,,,,,
07/12/2019 17:00,173174.052,87%,,,,,,,,,,
07/12/2019 18:00,179354.66,90%,,,,,,,,,,
07/12/2019 19:00,185954.581,93%,,,,,,,,,,
07/12/2019 20:00,191621.359,96%,,,,,,,,,,
07/12/2019 21:00,192851.091,96%,,,,,,,,,,
07/12/2019 22:00,194656.989,97%,,,,,,,,,,
07/12/2019 23:00,196532.575,98%,,,,,,,,,,
08/12/2019 00:00,197270.327,99%,,,,,,,,,,
08/12/2019 01:00,196156.126,98%,,,,,,,,,,
08/12/2019 02:00,197595.917,99%,,,,,,,,,,
08/12/2019 03:00,198236.147,99%,,,,,,,,,,
08/12/2019 04:00,197135.101,99%,,,,,,,,,,
08/12/2019 05:00,195506.21,98%,,,,,,,,,,
08/12/2019 06:00,192299.327,96%,,,,,,,,,,
08/12/2019 07:00,190306.88,95%,,,,,,,,,,
08/12/2019 08:00,191600.022,96%,,,,,,,,,,
08/12/2019 09:00,192772.747,96%,,,,,,,,,,
08/12/2019 10:00,194612.613,97%,,,,,,,,,,
08/12/2019 11:00,195354.255,98%,,,,,,,,,,
08/12/2019 12:00,195681.91,98%,,,,,,,,,,
08/12/2019 13:00,195356.644,98%,,,,,,,,,,
08/12/2019 14:00,194200.162,97%,,,,,,,,,,
08/12/2019 15:00,192815.905,96%,,,,,,,,,,
08/12/2019 16:00,191291.289,96%,,,,,,,,,,
08/12/2019 17:00,188622.082,94%,,,,,,,,,,
08/12/2019 18:00,182833.041,91%,,,,,,,,,,
08/12/2019 19:00,171422.501,86%,,,,,,,,,,
08/12/2019 20:00,153814.808,77%,,,,,,,,,,
08/12/2019 21:00,144978.43,72%,,,,,,,,,,
08/12/2019 22:00,146016.333,73%,,,,,,,,,,
08/12/2019 23:00,151853.313,76%,,,,,,,,,,
09/12/2019 00:00,179112.921,90%,,,,,,,,,,
09/12/2019 01:00,189807.569,95%,,,,,,,,,,
09/12/2019 02:00,193398.334,97%,,,,,,,,,,
09/12/2019 03:00,194229.207,97%,,,,,,,,,,
09/12/2019 04:00,193793.843,97%,,,,,,,,,,
09/12/2019 05:00,193461.048,97%,,,,,,,,,,
09/12/2019 06:00,193063.76,97%,,,,,,,,,,
09/12/2019 07:00,191925.851,96%,,,,,,,,,,
09/12/2019 08:00,189848.833,95%,,,,,,,,,,
09/12/2019 09:00,187150.305,94%,,,,,,,,,,
09/12/2019 10:00,184605.731,92%,,,,,,,,,,
09/12/2019 11:00,180657.792,90%,,,,,,,,,,
09/12/2019 12:00,177506.062,89%,,,,,,,,,,
09/12/2019 13:00,166615.195,83%,,,,,,,,,,
09/12/2019 14:00,143532.01,72%,,,,,,,,,,
09/12/2019 15:00,120246.611,60%,,,,,,,,,,
09/12/2019 16:00,105068.999,53%,,,,,,,,,,
09/12/2019 17:00,72760.41,36%,,,,,,,,,,
09/12/2019 18:00,39208.244,20%,,,,,,,,,,
09/12/2019 19:00,34928.346,17%,,,,,,,,,,
09/12/2019 20:00,54398.172,27%,,,,,,,,,,
09/12/2019 21:00,84464.728,42%,,,,,,,,,,
09/12/2019 22:00,111624.336,56%,,,,,,,,,,
09/12/2019 23:00,133523.461,67%,,,,,,,,,,
10/12/2019 00:00,149578.459,75%,,,,,,,,,,
10/12/2019 01:00,164625.628,82%,,,,,,,,,,
10/12/2019 02:00,179616.361,90%,,,,,,,,,,
10/12/2019 03:00,188125.612,94%,,,,,,,,,,
10/12/2019 04:00,193345.234,97%,,,,,,,,,,
10/12/2019 05:00,196185.168,98%,,,,,,,,,,
10/12/2019 06:00,197502.67,99%,,,,,,,,,,
10/12/2019 07:00,198209.977,99%,,,,,,,,,,
10/12/2019 08:00,198254.051,99%,,,,,,,,,,
10/12/2019 09:00,197886.238,99%,,,,,,,,,,
10/12/2019 10:00,197871.878,99%,,,,,,,,,,
10/12/2019 11:00,197992.227,99%,,,,,,,,,,
10/12/2019 12:00,197359.439,99%,,,,,,,,,,
10/12/2019 13:00,196263.259,98%,,,,,,,,,,
10/12/2019 14:00,197630.084,99%,,,,,,,,,,
10/12/2019 15:00,196581.523,98%,,,,,,,,,,
10/12/2019 16:00,188680.371,94%,,,,,,,,,,
10/12/2019 17:00,176097.217,88%,,,,,,,,,,
10/12/2019 18:00,168786.435,84%,,,,,,,,,,
10/12/2019 19:00,180959.269,90%,,,,,,,,,,
10/12/2019 20:00,185569.892,93%,,,,,,,,,,
10/12/2019 21:00,190251.444,95%,,,,,,,,,,
10/12/2019 22:00,192464.11,96%,,,,,,,,,,
10/12/2019 23:00,193295.43,97%,,,,,,,,,,
11/12/2019 00:00,192363.38,96%,,,,,,,,,,
11/12/2019 01:00,187934.407,94%,,,,,,,,,,
11/12/2019 02:00,182339.626,91%,,,,,,,,,,
11/12/2019 03:00,178192.051,89%,,,,,,,,,,
11/12/2019 04:00,177797.805,89%,,,,,,,,,,
11/12/2019 05:00,181934.723,91%,,,,,,,,,,
11/12/2019 06:00,190119.173,95%,,,,,,,,,,
11/12/2019 07:00,193214.599,97%,,,,,,,,,,
11/12/2019 08:00,192791.752,96%,,,,,,,,,,
11/12/2019 09:00,190826.947,95%,,,,,,,,,,
11/12/2019 10:00,188898.996,94%,,,,,,,,,,
11/12/2019 11:00,188372.67,94%,,,,,,,,,,
11/12/2019 12:00,187744.449,94%,,,,,,,,,,
11/12/2019 13:00,186826.046,93%,,,,,,,,,,
11/12/2019 14:00,185015.525,93%,,,,,,,,,,
11/12/2019 15:00,183317.596,92%,,,,,,,,,,
11/12/2019 16:00,182356.618,91%,,,,,,,,,,
11/12/2019 17:00,181118.024,91%,,,,,,,,,,
11/12/2019 18:00,180088.001,90%,,,,,,,,,,
11/12/2019 19:00,179309.376,90%,,,,,,,,,,
11/12/2019 20:00,177055.473,89%,,,,,,,,,,
11/12/2019 21:00,175521.377,88%,,,,,,,,,,
11/12/2019 22:00,173656.212,87%,,,,,,,,,,
11/12/2019 23:00,170899.472,85%,,,,,,,,,,
12/12/2019 00:00,166745.301,83%,,,,,,,,,,
12/12/2019 01:00,161354.501,81%,,,,,,,,,,
12/12/2019 02:00,155843.923,78%,,,,,,,,,,
12/12/2019 03:00,147518.13,74%,,,,,,,,,,
12/12/2019 04:00,141248.793,71%,,,,,,,,,,
12/12/2019 05:00,133767.369,67%,,,,,,,,,,
12/12/2019 06:00,124112.18,62%,,,,,,,,,,
12/12/2019 07:00,115122.386,58%,,,,,,,,,,
12/12/2019 08:00,106972.76,53%,,,,,,,,,,
12/12/2019 09:00,99274.278,50%,,,,,,,,,,
12/12/2019 10:00,90697.95,45%,,,,,,,,,,
12/12/2019 11:00,82551.769,41%,,,,,,,,,,
12/12/2019 12:00,74714.367,37%,,,,,,,,,,
12/12/2019 13:00,70478.124,35%,,,,,,,,,,
12/12/2019 14:00,70479.691,35%,,,,,,,,,,
12/12/2019 15:00,73519.173,37%,,,,,,,,,,
12/12/2019 16:00,77670.741,39%,,,,,,,,,,
12/12/2019 17:00,82808.319,41%,,,,,,,,,,
12/12/2019 18:00,93776.196,47%,,,,,,,,,,
12/12/2019 19:00,111527.874,56%,,,,,,,,,,
12/12/2019 20:00,128119.095,64%,,,,,,,,,,
12/12/2019 21:00,140073.717,70%,,,,,,,,,,
12/12/2019 22:00,149568.585,75%,,,,,,,,,,
12/12/2019 23:00,152693.804,76%,,,,,,,,,,
13/12/2019 00:00,151123.817,76%,,,,,,,,,,
13/12/2019 01:00,147883.716,74%,,,,,,,,,,
13/12/2019 02:00,141839.168,71%,,,,,,,,,,
13/12/2019 03:00,136414.999,68%,,,,,,,,,,
13/12/2019 04:00,132116.863,66%,,,,,,,,,,
13/12/2019 05:00,128307.003,64%,,,,,,,,,,
13/12/2019 06:00,123441.174,62%,,,,,,,,,,
13/12/2019 07:00,108115.899,54%,,,,,,,,,,
13/12/2019 08:00,92710.676,46%,,,,,,,,,,
13/12/2019 09:00,76913.192,38%,,,,,,,,,,
13/12/2019 10:00,59998.721,30%,,,,,,,,,,
13/12/2019 11:00,46829.099,23%,,,,,,,,,,
13/12/2019 12:00,43957.488,22%,,,,,,,,,,
13/12/2019 13:00,51797.179,26%,,,,,,,,,,
13/12/2019 14:00,67344.393,34%,,,,,,,,,,
13/12/2019 15:00,80103.818,40%,,,,,,,,,,
13/12/2019 16:00,88298.866,44%,,,,,,,,,,
13/12/2019 17:00,92728.557,46%,,,,,,,,,,
13/12/2019 18:00,96291.449,48%,,,,,,,,,,
13/12/2019 19:00,99746.843,50%,,,,,,,,,,
13/12/2019 20:00,104556.125,52%,,,,,,,,,,
13/12/2019 21:00,111085.84,56%,,,,,,,,,,
13/12/2019 22:00,114785.809,57%,,,,,,,,,,
13/12/2019 23:00,118901.931,59%,,,,,,,,,,
14/12/2019 00:00,119811.981,60%,,,,,,,,,,
14/12/2019 01:00,119663.719,60%,,,,,,,,,,
14/12/2019 02:00,119546.054,60%,,,,,,,,,,
14/12/2019 03:00,113689.755,57%,,,,,,,,,,
14/12/2019 04:00,110483.168,55%,,,,,,,,,,
14/12/2019 05:00,106083.407,53%,,,,,,,,,,
14/12/2019 06:00,103070.839,52%,,,,,,,,,,
14/12/2019 07:00,102783.416,51%,,,,,,,,,,
14/12/2019 08:00,100648.514,50%,,,,,,,,,,
14/12/2019 09:00,95739.103,48%,,,,,,,,,,
14/12/2019 10:00,86720.349,43%,,,,,,,,,,
14/12/2019 11:00,78204.218,39%,,,,,,,,,,
14/12/2019 12:00,73867.484,37%,,,,,,,,,,
14/12/2019 13:00,76555.07,38%,,,,,,,,,,
14/12/2019 14:00,89856.799,45%,,,,,,,,,,
14/12/2019 15:00,111288.237,56%,,,,,,,,,,
14/12/2019 16:00,126674.617,63%,,,,,,,,,,
14/12/2019 17:00,133162.173,67%,,,,,,,,,,
14/12/2019 18:00,139401.078,70%,,,,,,,,,,
14/12/2019 19:00,145028.918,73%,,,,,,,,,,
14/12/2019 20:00,148773.291,74%,,,,,,,,,,
14/12/2019 21:00,153076.168,77%,,,,,,,,,,
14/12/2019 22:00,158486.654,79%,,,,,,,,,,
14/12/2019 23:00,155068.116,78%,,,,,,,,,,
15/12/2019 00:00,144925.005,72%,,,,,,,,,,
15/12/2019 01:00,133851.412,67%,,,,,,,,,,
15/12/2019 02:00,114070.492,57%,,,,,,,,,,
15/12/2019 03:00,99560.668,50%,,,,,,,,,,
15/12/2019 04:00,99677.46,50%,,,,,,,,,,
15/12/2019 05:00,110597.606,55%,,,,,,,,,,
15/12/2019 06:00,122044.741,61%,,,,,,,,,,
15/12/2019 07:00,126505.337,63%,,,,,,,,,,
15/12/2019 08:00,126091.149,63%,,,,,,,,,,
15/12/2019 09:00,128956.239,64%,,,,,,,,,,
15/12/2019 10:00,123418.349,62%,,,,,,,,,,
15/12/2019 11:00,122555.231,61%,,,,,,,,,,
15/12/2019 12:00,119719.211,60%,,,,,,,,,,
15/12/2019 13:00,117908.711,59%,,,,,,,,,,
15/12/2019 14:00,120245.669,60%,,,,,,,,,,
15/12/2019 15:00,126091.944,63%,,,,,,,,,,
15/12/2019 16:00,127260.209,64%,,,,,,,,,,
15/12/2019 17:00,123573.73,62%,,,,,,,,,,
15/12/2019 18:00,117123.459,59%,,,,,,,,,,
15/12/2019 19:00,109945.023,55%,,,,,,,,,,
15/12/2019 20:00,105845.817,53%,,,,,,,,,,
15/12/2019 21:00,99720.382,50%,,,,,,,,,,
15/12/2019 22:00,89538.28,45%,,,,,,,,,,
15/12/2019 23:00,86377.586,43%,,,,,,,,,,
16/12/2019 00:00,92707.938,46%,,,,,,,,,,
16/12/2019 01:00,95187.778,48%,,,,,,,,,,
16/12/2019 02:00,95187.446,48%,,,,,,,,,,
16/12/2019 03:00,93434.107,47%,,,,,,,,,,
16/12/2019 04:00,85010.705,43%,,,,,,,,,,
16/12/2019 05:00,74759.269,37%,,,,,,,,,,
16/12/2019 06:00,65720.696,33%,,,,,,,,,,
16/12/2019 07:00,55859.665,28%,,,,,,,,,,
16/12/2019 08:00,46146.412,23%,,,,,,,,,,
16/12/2019 09:00,42504.451,21%,,,,,,,,,,
16/12/2019 10:00,45047.447,23%,,,,,,,,,,
16/12/2019 11:00,51685.39,26%,,,,,,,,,,
16/12/2019 12:00,54622.461,27%,,,,,,,,,,
16/12/2019 13:00,60913.019,30%,,,,,,,,,,
16/12/2019 14:00,78725.197,39%,,,,,,,,,,
16/12/2019 15:00,99917.333,50%,,,,,,,,,,
16/12/2019 16:00,115468.106,58%,,,,,,,,,,
16/12/2019 17:00,131040.644,66%,,,,,,,,,,
16/12/2019 18:00,138168.235,69%,,,,,,,,,,
16/12/2019 19:00,137659.667,69%,,,,,,,,,,
16/12/2019 20:00,132207.925,66%,,,,,,,,,,
16/12/2019 21:00,123907.723,62%,,,,,,,,,,
16/12/2019 22:00,116599.199,58%,,,,,,,,,,
16/12/2019 23:00,110483.221,55%,,,,,,,,,,
17/12/2019 00:00,106713.768,53%,,,,,,,,,,
17/12/2019 01:00,105906.615,53%,,,,,,,,,,
17/12/2019 02:00,109370.173,55%,,,,,,,,,,
17/12/2019 03:00,114221.868,57%,,,,,,,,,,
17/12/2019 04:00,117121.516,59%,,,,,,,,,,
17/12/2019 05:00,118030.88,59%,,,,,,,,,,
17/12/2019 06:00,119101.868,60%,,,,,,,,,,
17/12/2019 07:00,112920.373,56%,,,,,,,,,,
17/12/2019 08:00,115082.279,58%,,,,,,,,,,
17/12/2019 09:00,111717.562,56%,,,,,,,,,,
17/12/2019 10:00,103159.04,52%,,,,,,,,,,
17/12/2019 11:00,90559.876,45%,,,,,,,,,,
17/12/2019 12:00,72791.679,36%,,,,,,,,,,
17/12/2019 13:00,55778.173,28%,,,,,,,,,,
17/12/2019 14:00,50306.5,25%,,,,,,,,,,
17/12/2019 15:00,57028.785,29%,,,,,,,,,,
17/12/2019 16:00,71528.038,36%,,,,,,,,,,
17/12/2019 17:00,82543.896,41%,,,,,,,,,,
17/12/2019 18:00,91333.135,46%,,,,,,,,,,
17/12/2019 19:00,99934.158,50%,,,,,,,,,,
17/12/2019 20:00,106429.677,53%,,,,,,,,,,
17/12/2019 21:00,110291.506,55%,,,,,,,,,,
17/12/2019 22:00,110483.136,55%,,,,,,,,,,
17/12/2019 23:00,105537.479,53%,,,,,,,,,,
18/12/2019 00:00,94087.39,47%,,,,,,,,,,
18/12/2019 01:00,81848.41,41%,,,,,,,,,,
18/12/2019 02:00,73267.037,37%,,,,,,,,,,
18/12/2019 03:00,65037.138,33%,,,,,,,,,,
18/12/2019 04:00,54964.051,27%,,,,,,,,,,
18/12/2019 05:00,43628.279,22%,,,,,,,,,,
18/12/2019 06:00,40171.313,20%,,,,,,,,,,
18/12/2019 07:00,44617.128,22%,,,,,,,,,,
18/12/2019 08:00,50196.215,25%,,,,,,,,,,
18/12/2019 09:00,54610.286,27%,,,,,,,,,,
18/12/2019 10:00,57459.539,29%,,,,,,,,,,
18/12/2019 11:00,59993.301,30%,,,,,,,,,,
18/12/2019 12:00,68949.853,34%,,,,,,,,,,
18/12/2019 13:00,87335.912,44%,,,,,,,,,,
18/12/2019 14:00,107806.653,54%,,,,,,,,,,
18/12/2019 15:00,123064.864,62%,,,,,,,,,,
18/12/2019 16:00,140899.843,70%,,,,,,,,,,
18/12/2019 17:00,153306.818,77%,,,,,,,,,,
18/12/2019 18:00,167644.698,84%,,,,,,,,,,
18/12/2019 19:00,179490.495,90%,,,,,,,,,,
18/12/2019 20:00,187914.47,94%,,,,,,,,,,
18/12/2019 21:00,194305.653,97%,,,,,,,,,,
18/12/2019 22:00,196581.986,98%,,,,,,,,,,
18/12/2019 23:00,197115.391,99%,,,,,,,,,,
19/12/2019 00:00,197333.54,99%,,,,,,,,,,
19/12/2019 01:00,196956.566,98%,,,,,,,,,,
19/12/2019 02:00,194048.609,97%,,,,,,,,,,
19/12/2019 03:00,189669.407,95%,,,,,,,,,,
19/12/2019 04:00,186771.011,93%,,,,,,,,,,
19/12/2019 05:00,183656.122,92%,,,,,,,,,,
19/12/2019 06:00,178295.515,89%,,,,,,,,,,
19/12/2019 07:00,166451.347,83%,,,,,,,,,,
19/12/2019 08:00,146104.657,73%,,,,,,,,,,
19/12/2019 09:00,130597.241,65%,,,,,,,,,,
19/12/2019 10:00,107429.456,54%,,,,,,,,,,
19/12/2019 11:00,87032.311,44%,,,,,,,,,,
19/12/2019 12:00,72707.157,36%,,,,,,,,,,
19/12/2019 13:00,58870.473,29%,,,,,,,,,,
19/12/2019 14:00,59996.147,30%,,,,,,,,,,
19/12/2019 15:00,69799.997,35%,,,,,,,,,,
19/12/2019 16:00,80128.732,40%,,,,,,,,,,
19/12/2019 17:00,83801.618,42%,,,,,,,,,,
19/12/2019 18:00,87345.673,44%,,,,,,,,,,
19/12/2019 19:00,107307.302,54%,,,,,,,,,,
19/12/2019 20:00,121227.931,61%,,,,,,,,,,
19/12/2019 21:00,128818.086,64%,,,,,,,,,,
19/12/2019 22:00,134864.589,67%,,,,,,,,,,
19/12/2019 23:00,147345.473,74%,,,,,,,,,,
20/12/2019 00:00,160041.5,80%,,,,,,,,,,
20/12/2019 01:00,176841.298,88%,,,,,,,,,,
20/12/2019 02:00,180936.962,90%,,,,,,,,,,
20/12/2019 03:00,179257.799,90%,,,,,,,,,,
20/12/2019 04:00,182222.998,91%,,,,,,,,,,
20/12/2019 05:00,183879.819,92%,,,,,,,,,,
20/12/2019 06:00,181487.927,91%,,,,,,,,,,
20/12/2019 07:00,172612.499,86%,,,,,,,,,,
20/12/2019 08:00,152695.697,76%,,,,,,,,,,
20/12/2019 09:00,125162.229,63%,,,,,,,,,,
20/12/2019 10:00,101470.788,51%,,,,,,,,,,
20/12/2019 11:00,70999.654,35%,,,,,,,,,,
20/12/2019 12:00,36457.448,18%,,,,,,,,,,
20/12/2019 13:00,23834.581,12%,,,,,,,,,,
20/12/2019 14:00,10534.349,5%,,,,,,,,,,
20/12/2019 15:00,5035.261,3%,,,,,,,,,,
20/12/2019 16:00,4536.908,2%,,,,,,,,,,
20/12/2019 17:00,7500.393,4%,,,,,,,,,,
20/12/2019 18:00,19586.216,10%,,,,,,,,,,
20/12/2019 19:00,37307.604,19%,,,,,,,,,,
20/12/2019 20:00,58969.804,29%,,,,,,,,,,
20/12/2019 21:00,82006.207,41%,,,,,,,,,,
20/12/2019 22:00,97670.173,49%,,,,,,,,,,
20/12/2019 23:00,118109.062,59%,,,,,,,,,,
21/12/2019 00:00,133959.947,67%,,,,,,,,,,
21/12/2019 01:00,142060.478,71%,,,,,,,,,,
21/12/2019 02:00,146826.246,73%,,,,,,,,,,
21/12/2019 03:00,146040.925,73%,,,,,,,,,,
21/12/2019 04:00,139546.224,70%,,,,,,,,,,
21/12/2019 05:00,135148.126,68%,,,,,,,,,,
21/12/2019 06:00,134344.063,67%,,,,,,,,,,
21/12/2019 07:00,134308.519,67%,,,,,,,,,,
21/12/2019 08:00,130552.653,65%,,,,,,,,,,
21/12/2019 09:00,119038.143,60%,,,,,,,,,,
21/12/2019 10:00,98884.381,49%,,,,,,,,,,
21/12/2019 11:00,79994.012,40%,,,,,,,,,,
21/12/2019 12:00,66878.525,33%,,,,,,,,,,
21/12/2019 13:00,58573.221,29%,,,,,,,,,,
21/12/2019 14:00,54218.579,27%,,,,,,,,,,
21/12/2019 15:00,50224.197,25%,,,,,,,,,,
21/12/2019 16:00,47189.613,24%,,,,,,,,,,
21/12/2019 17:00,45950.423,23%,,,,,,,,,,
21/12/2019 18:00,44608.227,22%,,,,,,,,,,
21/12/2019 19:00,43503.867,22%,,,,,,,,,,
21/12/2019 20:00,40605.313,20%,,,,,,,,,,
21/12/2019 21:00,34791.037,17%,,,,,,,,,,
21/12/2019 22:00,25524.44,13%,,,,,,,,,,
21/12/2019 23:00,17825.172,9%,,,,,,,,,,
22/12/2019 00:00,14639.825,7%,,,,,,,,,,
22/12/2019 01:00,14677.567,7%,,,,,,,,,,
22/12/2019 02:00,17148.726,9%,,,,,,,,,,
22/12/2019 03:00,19954.52,10%,,,,,,,,,,
22/12/2019 04:00,20971.508,10%,,,,,,,,,,
22/12/2019 05:00,21326.022,11%,,,,,,,,,,
22/12/2019 06:00,20798.001,10%,,,,,,,,,,
22/12/2019 07:00,19002.55,10%,,,,,,,,,,
22/12/2019 08:00,16832.756,8%,,,,,,,,,,
22/12/2019 09:00,16314.902,8%,,,,,,,,,,
22/12/2019 10:00,15684.494,8%,,,,,,,,,,
22/12/2019 11:00,13338.099,7%,,,,,,,,,,
22/12/2019 12:00,10464.54,5%,,,,,,,,,,
22/12/2019 13:00,8286.942,4%,,,,,,,,,,
22/12/2019 14:00,7038.52,4%,,,,,,,,,,
22/12/2019 15:00,6060.336,3%,,,,,,,,,,
22/12/2019 16:00,5988.534,3%,,,,,,,,,,
22/12/2019 17:00,6416.075,3%,,,,,,,,,,
22/12/2019 18:00,7675.479,4%,,,,,,,,,,
22/12/2019 19:00,11269.925,6%,,,,,,,,,,
22/12/2019 20:00,18555.609,9%,,,,,,,,,,
22/12/2019 21:00,26594.598,13%,,,,,,,,,,
22/12/2019 22:00,30425.905,15%,,,,,,,,,,
22/12/2019 23:00,29805.756,15%,,,,,,,,,,
23/12/2019 00:00,27222.612,14%,,,,,,,,,,
23/12/2019 01:00,24597.718,12%,,,,,,,,,,
23/12/2019 02:00,22896.298,11%,,,,,,,,,,
23/12/2019 03:00,20585.102,10%,,,,,,,,,,
23/12/2019 04:00,18673.219,9%,,,,,,,,,,
23/12/2019 05:00,20849.091,10%,,,,,,,,,,
23/12/2019 06:00,29101.673,15%,,,,,,,,,,
23/12/2019 07:00,41582.216,21%,,,,,,,,,,
23/12/2019 08:00,53788.486,27%,,,,,,,,,,
23/12/2019 09:00,59582.232,30%,,,,,,,,,,
23/12/2019 10:00,61999.886,31%,,,,,,,,,,
23/12/2019 11:00,65476.978,33%,,,,,,,,,,
23/12/2019 12:00,60510.18,30%,,,,,,,,,,
23/12/2019 13:00,50191.002,25%,,,,,,,,,,
23/12/2019 14:00,46139.025,23%,,,,,,,,,,
23/12/2019 15:00,54194.326,27%,,,,,,,,,,
23/12/2019 16:00,67494.854,34%,,,,,,,,,,
23/12/2019 17:00,71531.238,36%,,,,,,,,,,
23/12/2019 18:00,71529.359,36%,,,,,,,,,,
23/12/2019 19:00,71416.156,36%,,,,,,,,,,
23/12/2019 20:00,66794.8,33%,,,,,,,,,,
23/12/2019 21:00,63815.827,32%,,,,,,,,,,
23/12/2019 22:00,62919.141,31%,,,,,,,,,,
23/12/2019 23:00,59588.376,30%,,,,,,,,,,
24/12/2019 00:00,52918.924,26%,,,,,,,,,,
24/12/2019 01:00,44702.276,22%,,,,,,,,,,
24/12/2019 02:00,36843.879,18%,,,,,,,,,,
24/12/2019 03:00,27355.286,14%,,,,,,,,,,
24/12/2019 04:00,17250.719,9%,,,,,,,,,,
24/12/2019 05:00,10204.266,5%,,,,,,,,,,
24/12/2019 06:00,6254.666,3%,,,,,,,,,,
24/12/2019 07:00,3912.161,2%,,,,,,,,,,
24/12/2019 08:00,2610.652,1%,,,,,,,,,,
24/12/2019 09:00,2390.864,1%,,,,,,,,,,
24/12/2019 10:00,3397.149,2%,,,,,,,,,,
24/12/2019 11:00,6060.691,3%,,,,,,,,,,
24/12/2019 12:00,9797.527,5%,,,,,,,,,,
24/12/2019 13:00,15465.963,8%,,,,,,,,,,
24/12/2019 14:00,23431.92,12%,,,,,,,,,,
24/12/2019 15:00,30365.085,15%,,,,,,,,,,
24/12/2019 16:00,34709.949,17%,,,,,,,,,,
24/12/2019 17:00,38336.575,19%,,,,,,,,,,
24/12/2019 18:00,41711.255,21%,,,,,,,,,,
24/12/2019 19:00,45410.197,23%,,,,,,,,,,
24/12/2019 20:00,48153.867,24%,,,,,,,,,,
24/12/2019 21:00,49049.406,25%,,,,,,,,,,
24/12/2019 22:00,47290.024,24%,,,,,,,,,,
24/12/2019 23:00,46215.54,23%,,,,,,,,,,
25/12/2019 00:00,46151.839,23%,,,,,,,,,,
25/12/2019 01:00,45517.895,23%,,,,,,,,,,
25/12/2019 02:00,43565.991,22%,,,,,,,,,,
25/12/2019 03:00,40729.297,20%,,,,,,,,,,
25/12/2019 04:00,38343.013,19%,,,,,,,,,,
25/12/2019 05:00,36270.088,18%,,,,,,,,,,
25/12/2019 06:00,35336.139,18%,,,,,,,,,,
25/12/2019 07:00,35769.993,18%,,,,,,,,,,
25/12/2019 08:00,36050.105,18%,,,,,,,,,,
25/12/2019 09:00,38134.645,19%,,,,,,,,,,
25/12/2019 10:00,38678.804,19%,,,,,,,,,,
25/12/2019 11:00,40007.049,20%,,,,,,,,,,
25/12/2019 12:00,41690.506,21%,,,,,,,,,,
25/12/2019 13:00,43552.003,22%,,,,,,,,,,
25/12/2019 14:00,45982.252,23%,,,,,,,,,,
25/12/2019 15:00,42272.043,21%,,,,,,,,,,
25/12/2019 16:00,33480.497,17%,,,,,,,,,,
25/12/2019 17:00,24120.532,12%,,,,,,,,,,
25/12/2019 18:00,15803.883,8%,,,,,,,,,,
25/12/2019 19:00,9197.676,5%,,,,,,,,,,
25/12/2019 20:00,5130.504,3%,,,,,,,,,,
25/12/2019 21:00,2091.809,1%,,,,,,,,,,
25/12/2019 22:00,1351.956,1%,,,,,,,,,,
25/12/2019 23:00,2273.628,1%,,,,,,,,,,
26/12/2019 00:00,6519.58,3%,,,,,,,,,,
26/12/2019 01:00,16829.803,8%,,,,,,,,,,
26/12/2019 02:00,29872.223,15%,,,,,,,,,,
26/12/2019 03:00,45637.955,23%,,,,,,,,,,
26/12/2019 04:00,66318.954,33%,,,,,,,,,,
26/12/2019 05:00,86409.087,43%,,,,,,,,,,
26/12/2019 06:00,104729.703,52%,,,,,,,,,,
26/12/2019 07:00,119728.125,60%,,,,,,,,,,
26/12/2019 08:00,130211.113,65%,,,,,,,,,,
26/12/2019 09:00,134565.518,67%,,,,,,,,,,
26/12/2019 10:00,137492.993,69%,,,,,,,,,,
26/12/2019 11:00,139392.941,70%,,,,,,,,,,
26/12/2019 12:00,140532.408,70%,,,,,,,,,,
26/12/2019 13:00,139395.624,70%,,,,,,,,,,
26/12/2019 14:00,136524.286,68%,,,,,,,,,,
26/12/2019 15:00,132687.307,66%,,,,,,,,,,
26/12/2019 16:00,125288.402,63%,,,,,,,,,,
26/12/2019 17:00,119728.794,60%,,,,,,,,,,
26/12/2019 18:00,117939.879,59%,,,,,,,,,,
26/12/2019 19:00,117906.269,59%,,,,,,,,,,
26/12/2019 20:00,120247.395,60%,,,,,,,,,,
26/12/2019 21:00,127443.053,64%,,,,,,,,,,
26/12/2019 22:00,135060.939,68%,,,,,,,,,,
26/12/2019 23:00,138482.824,69%,,,,,,,,,,
27/12/2019 00:00,136444.365,68%,,,,,,,,,,
27/12/2019 01:00,138878.554,69%,,,,,,,,,,
27/12/2019 02:00,144429.889,72%,,,,,,,,,,
27/12/2019 03:00,153408.807,77%,,,,,,,,,,
27/12/2019 04:00,161861.931,81%,,,,,,,,,,
27/12/2019 05:00,167692.259,84%,,,,,,,,,,
27/12/2019 06:00,172470.537,86%,,,,,,,,,,
27/12/2019 07:00,177572.817,89%,,,,,,,,,,
27/12/2019 08:00,179350.005,90%,,,,,,,,,,
27/12/2019 09:00,181990.881,91%,,,,,,,,,,
27/12/2019 10:00,183881.277,92%,,,,,,,,,,
27/12/2019 11:00,185691.176,93%,,,,,,,,,,
27/12/2019 12:00,187255.321,94%,,,,,,,,,,
27/12/2019 13:00,184784.111,92%,,,,,,,,,,
27/12/2019 14:00,183554.012,92%,,,,,,,,,,
27/12/2019 15:00,180943.378,90%,,,,,,,,,,
27/12/2019 16:00,176415.833,88%,,,,,,,,,,
27/12/2019 17:00,167578.136,84%,,,,,,,,,,
27/12/2019 18:00,155174.81,78%,,,,,,,,,,
27/12/2019 19:00,141675.116,71%,,,,,,,,,,
27/12/2019 20:00,130007.744,65%,,,,,,,,,,
27/12/2019 21:00,122232.915,61%,,,,,,,,,,
27/12/2019 22:00,116713.927,58%,,,,,,,,,,
27/12/2019 23:00,113158.895,57%,,,,,,,,,,
28/12/2019 00:00,117906.252,59%,,,,,,,,,,
28/12/2019 01:00,123671.897,62%,,,,,,,,,,
28/12/2019 02:00,124092.869,62%,,,,,,,,,,
28/12/2019 03:00,132208.622,66%,,,,,,,,,,
28/12/2019 04:00,142049.931,71%,,,,,,,,,,
28/12/2019 05:00,150706.3,75%,,,,,,,,,,
28/12/2019 06:00,156850.555,78%,,,,,,,,,,
28/12/2019 07:00,159706.723,80%,,,,,,,,,,
28/12/2019 08:00,159760.717,80%,,,,,,,,,,
28/12/2019 09:00,163014.169,82%,,,,,,,,,,
28/12/2019 10:00,165702.226,83%,,,,,,,,,,
28/12/2019 11:00,165095.202,83%,,,,,,,,,,
28/12/2019 12:00,159992.53,80%,,,,,,,,,,
28/12/2019 13:00,165746.072,83%,,,,,,,,,,
28/12/2019 14:00,172979.665,86%,,,,,,,,,,
28/12/2019 15:00,164778.543,82%,,,,,,,,,,
28/12/2019 16:00,163771.116,82%,,,,,,,,,,
28/12/2019 17:00,169767.271,85%,,,,,,,,,,
28/12/2019 18:00,165423.297,83%,,,,,,,,,,
28/12/2019 19:00,162384.933,81%,,,,,,,,,,
28/12/2019 20:00,165739.52,83%,,,,,,,,,,
28/12/2019 21:00,169405.024,85%,,,,,,,,,,
28/12/2019 22:00,167110.783,84%,,,,,,,,,,
28/12/2019 23:00,166843.134,83%,,,,,,,,,,
29/12/2019 00:00,170977.151,85%,,,,,,,,,,
29/12/2019 01:00,175523.679,88%,,,,,,,,,,
29/12/2019 02:00,183042.013,92%,,,,,,,,,,
29/12/2019 03:00,188809.13,94%,,,,,,,,,,
29/12/2019 04:00,187252.337,94%,,,,,,,,,,
29/12/2019 05:00,186467.024,93%,,,,,,,,,,
29/12/2019 06:00,187114.689,94%,,,,,,,,,,
29/12/2019 07:00,186808.45,93%,,,,,,,,,,
29/12/2019 08:00,187950.245,94%,,,,,,,,,,
29/12/2019 09:00,190601.756,95%,,,,,,,,,,
29/12/2019 10:00,188616.108,94%,,,,,,,,,,
29/12/2019 11:00,186183.982,93%,,,,,,,,,,
29/12/2019 12:00,182509.36,91%,,,,,,,,,,
29/12/2019 13:00,178811.008,89%,,,,,,,,,,
29/12/2019 14:00,179416.399,90%,,,,,,,,,,
29/12/2019 15:00,182555.458,91%,,,,,,,,,,
29/12/2019 16:00,182119.067,91%,,,,,,,,,,
29/12/2019 17:00,181475.486,91%,,,,,,,,,,
29/12/2019 18:00,179197.492,90%,,,,,,,,,,
29/12/2019 19:00,176785.93,88%,,,,,,,,,,
29/12/2019 20:00,173745.771,87%,,,,,,,,,,
29/12/2019 21:00,169030.277,85%,,,,,,,,,,
29/12/2019 22:00,161964.31,81%,,,,,,,,,,
29/12/2019 23:00,156930.891,78%,,,,,,,,,,
30/12/2019 00:00,153076.887,77%,,,,,,,,,,
30/12/2019 01:00,147357.076,74%,,,,,,,,,,
30/12/2019 02:00,147355.608,74%,,,,,,,,,,
30/12/2019 03:00,142905.154,71%,,,,,,,,,,
30/12/2019 04:00,135427.032,68%,,,,,,,,,,
30/12/2019 05:00,129062.295,65%,,,,,,,,,,
30/12/2019 06:00,123574.18,62%,,,,,,,,,,
30/12/2019 07:00,113158.679,57%,,,,,,,,,,
30/12/2019 08:00,101209.014,51%,,,,,,,,,,
30/12/2019 09:00,99593.345,50%,,,,,,,,,,
30/12/2019 10:00,96842.277,48%,,,,,,,,,,
30/12/2019 11:00,101627.532,51%,,,,,,,,,,
30/12/2019 12:00,108198.676,54%,,,,,,,,,,
30/12/2019 13:00,118202.052,59%,,,,,,,,,,
30/12/2019 14:00,125911.796,63%,,,,,,,,,,
30/12/2019 15:00,131152.782,66%,,,,,,,,,,
30/12/2019 16:00,136127.895,68%,,,,,,,,,,
30/12/2019 17:00,145388.54,73%,,,,,,,,,,
30/12/2019 18:00,156691.684,78%,,,,,,,,,,
30/12/2019 19:00,155611.815,78%,,,,,,,,,,
30/12/2019 20:00,146749.105,73%,,,,,,,,,,
30/12/2019 21:00,131049.668,66%,,,,,,,,,,
30/12/2019 22:00,121420.406,61%,,,,,,,,,,
30/12/2019 23:00,116598.654,58%,,,,,,,,,,
31/12/2019 00:00,109777.292,55%,,,,,,,,,,
31/12/2019 01:00,95739.754,48%,,,,,,,,,,
31/12/2019 02:00,88927.32,44%,,,,,,,,,,
31/12/2019 03:00,82719.513,41%,,,,,,,,,,
31/12/2019 04:00,62462.43,31%,,,,,,,,,,
31/12/2019 05:00,46579.169,23%,,,,,,,,,,
31/12/2019 06:00,40054.862,20%,,,,,,,,,,
31/12/2019 07:00,44607.203,22%,,,,,,,,,,
31/12/2019 08:00,50569.926,25%,,,,,,,,,,
31/12/2019 09:00,53481.357,27%,,,,,,,,,,
31/12/2019 10:00,50651.264,25%,,,,,,,,,,
31/12/2019 11:00,45047.239,23%,,,,,,,,,,
31/12/2019 12:00,42283.363,21%,,,,,,,,,,
31/12/2019 13:00,47475.915,24%,,,,,,,,,,
31/12/2019 14:00,62319.543,31%,,,,,,,,,,
31/12/2019 15:00,84785.65,42%,,,,,,,,,,
31/12/2019 16:00,105069.922,53%,,,,,,,,,,
31/12/2019 17:00,118978.527,59%,,,,,,,,,,
31/12/2019 18:00,124916.516,62%,,,,,,,,,,
31/12/2019 19:00,125225.758,63%,,,,,,,,,,
31/12/2019 20:00,122556.256,61%,,,,,,,,,,
31/12/2019 21:00,117908.913,59%,,,,,,,,,,
31/12/2019 22:00,112576.102,56%,,,,,,,,,,
31/12/2019 23:00,109129.802,55%,,,,,,,,,,
